t_gps_s,r_x,r_y,r_z,v_x,v_y,v_z
1461951436.408,4314.293047797237,5658.07674092726,1736.7944957409345,-1.9518427034336128,-0.6911686964749606,7.084667372821286
1461951441.408,4304.479097855674,5654.549117884431,1772.1956260811803,-1.9737219506332622,-0.7198863793901182,7.075737539487363
1461951446.408,4294.555876918096,5650.877952070019,1807.5516570075906,-1.9955509433339103,-0.7485855879858718,7.066627706738473
1461951451.408,4284.523637659201,5647.063337695078,1842.8616891096606,-2.017329121570583,-0.7772655867247522,7.057338111400668
1461951456.408,4274.382635546272,5643.105372649829,1878.124824173589,-2.0390559283468974,-0.8059256393780743,7.0478689950141415
1461951461.408,4264.1331288324145,5639.004158501085,1913.3401652047417,-2.060730806590982,-0.8345650113951706,7.038220603808213
1461951466.408,4253.775378550708,5634.759800488463,1948.5068164513063,-2.082353200965372,-0.8631829685737102,7.028393188707014
1461951471.408,4243.30964850691,5630.372407521483,1983.6238834280111,-2.103922557857004,-0.8917787770751602,7.018387005311524
1461951476.408,4232.736205271642,5625.8420921770885,2018.6904729393202,-2.1254383249188322,-0.9203517038113205,7.008202313900256
1461951481.408,4222.05531817412,5621.168970695889,2053.7056931023103,-2.1468999512517257,-0.9489010163460989,6.997839379415382
1461951486.408,4211.267259293615,5616.3531629794215,2088.668653371211,-2.1683068870888746,-0.9774259831601739,6.987298471454324
1461951491.408,4200.3723034541545,5611.394792585735,2123.57846455913,-2.189658585421057,-1.0059258724668325,6.976579864267023
1461951496.408,4189.370728214971,5606.293986727022,2158.4342388626524,-2.210954498639694,-1.0343999547349085,6.965683836739572
1461951501.408,4178.262813864721,5601.050876265042,2193.2350898841546,-2.2321940825613638,-1.0628474997529338,6.954610672390572
1461951506.408,4167.048843412827,5595.6655957082585,2227.9801326549014,-2.2533767930863178,-1.0912677791175156,6.943360659356131
1461951511.408,4155.729102582179,5590.13828320739,2262.6684836591535,-2.27450208875689,-1.1196600643761485,6.931934090392133
1461951516.408,4144.303879801765,5584.469080551852,2297.299260855647,-2.29556942902218,-1.1480236283323393,6.920331262849686
1461951521.408,4132.773466198123,5578.658133165762,2331.871583702101,-2.3165782752148516,-1.1763577443780378,6.9085524786837595
1461951526.408,4121.138155589308,5572.705590102939,2366.3845731768993,-2.3375280896134427,-1.2046616871975857,6.896598044423172
1461951531.408,4109.398244474072,5566.611604044418,2400.83735180316,-2.3584183373450287,-1.2329347314007464,6.884468271181504
1461951536.408,4097.554032026593,5560.37633129251,2435.229043670547,-2.3792484834011702,-1.2611761537446,6.872163474629815
1461951541.408,4085.6058200864877,5553.999931767611,2469.5587744586483,-2.4000179959780326,-1.2893852307151974,6.859683974996642
1461951546.408,4073.5539131522696,5547.482569002517,2503.8256714597137,-2.4207263441167015,-1.3175612402974366,6.847030097055267
1461951551.408,4061.3986183722445,5540.8244101385435,2538.0288636011705,-2.441372998654515,-1.3457034612829375,6.834202170116441
1461951556.408,4049.1402455360867,5534.025625920928,2572.167481468276,-2.46195743194221,-1.3738111735447092,6.821200528011559
1461951561.408,4036.7791070669346,5527.086390693672,2606.2406573268495,-2.4824791183159505,-1.40188365767699,6.808025509084018
1461951566.408,4024.3155180128488,5520.006882394763,2640.2475251456763,-2.502937533964996,-1.4299201951662326,6.794677456191948
1461951571.408,4011.749796038049,5512.7872825512,2674.1872206193348,-2.523332155823482,-1.4579200691832739,6.781156716667738
1461951576.408,3999.0822614152753,5505.42777627363,2708.0588811899065,-2.5436624636599845,-1.4858825631399668,6.7674636423435
1461951581.408,3986.3132370156814,5497.928552251714,2741.861646070311,-2.5639279386532507,-1.513806961717819,6.753598589504691
1461951586.408,3973.4430483019637,5490.289802748051,2775.5946562656018,-2.5841280631011614,-1.5416925511344743,6.739561918906929
1461951591.408,3960.4720233171456,5482.5117235940015,2809.2570545963126,-2.6042623212229046,-1.5695386185543612,6.725353995751902
1461951596.408,3947.4004926790085,5474.594514182242,2842.8479857199018,-2.6243302000943913,-1.5973444514838775,6.7109751896782655
1461951601.408,3934.228789568154,5466.538377463486,2876.3665961526744,-2.6443311876432745,-1.6251093392293114,6.69642587475073
1461951606.408,3920.9572497200606,5458.34351993933,2909.8120342933407,-2.6642647734502134,-1.652832572337502,6.681706429438691
1461951611.408,3907.586211417418,5450.010151656504,2943.1834504430644,-2.6841304493709686,-1.6805134421983894,6.666817236622592
1461951616.408,3894.116015478875,5441.538486201757,2976.4799968289663,-2.70392770892704,-1.7081512414970348,6.651758683566641
1461951621.408,3880.547005251577,5432.928740695053,3009.7008276253073,-2.723656047483928,-1.7357452641235795,6.636531161915627
1461951626.408,3866.879526600599,5424.181135784359,3042.845098975536,-2.7433149617977506,-1.7632948054988447,6.621135067677642
1461951631.408,3853.113927900985,5415.295895638459,3075.9119690142556,-2.7629039523490064,-1.7907991609972669,6.6055708012172545
1461951636.408,3839.250560026846,5406.2732479419965,3108.900597888524,-2.7824225185536307,-1.8182576293120292,6.589838767230049
1461951641.408,3825.2897763431056,5397.113423888029,3141.8101477800487,-2.801870164041702,-1.8456695087834305,6.573939374752172
1461951646.408,3811.2319326956213,5387.8166581721525,3174.6397829262605,-2.82124639342328,-1.873034099711731,6.557873037124864
1461951651.408,3797.0773874029496,5378.383188984774,3207.3886696423046,-2.8405507133807077,-1.9003507035868097,6.541640171994459
1461951656.408,3782.8265012428096,5368.813258007332,3240.0559763424008,-2.859782632826409,-1.9276186230281382,6.525241201296922
1461951661.408,3768.4796374469397,5359.107110402511,3272.6408735609634,-2.878941661555018,-1.9548371627643064,6.508676551243298
1461951666.408,3754.03716168868,5349.264994809006,3305.1425339744965,-2.898027313000057,-1.982005627707622,6.4919466523138
1461951671.408,3739.499442074554,5339.287163334106,3337.5601324221216,-2.9170391005718557,-2.0091233255461702,6.475051939224159
1461951676.408,3724.8668491359667,5329.17387154884,3369.8928459216368,-2.935976541488799,-2.036189564102642,6.4579928509492674
1461951681.408,3710.139755808033,5318.925378473535,3402.1398537148007,-2.9548391545254162,-2.063203652962329,6.44076983065861
1461951686.408,3695.3185374388463,5308.541946581005,3434.300337250445,-2.973626459227944,-2.0901649039806216,6.4233833257490005
1461951691.408,3680.403571764423,5298.0238417833625,3466.373480231777,-2.9923379786864643,-2.1170726294194537,6.40583378780957
1461951696.408,3665.3952389043734,5287.3713334248505,3498.358468630345,-3.0109732372670805,-2.143926143563476,6.388121672612215
1461951701.408,3650.293921350543,5276.584694275284,3530.254490706957,-3.0295317610648453,-2.170724762390819,6.3702474400888605
1461951706.408,3635.100003956594,5265.664200522366,3562.0607370327675,-3.0480130800551706,-2.1974678021597356,6.3522115543364635
1461951711.408,3619.8138739275096,5254.610131764564,3593.7764005095164,-3.06641672340902,-2.2241545826354923,6.33401448357472
1461951716.408,3604.4359208107653,5243.42277100194,3625.4006763907023,-3.084742224785259,-2.25078442346512,6.315656700165164
1461951721.408,3588.966536484148,5232.102404629849,3656.9327623017793,-3.1029891184380176,-2.277356646915905,6.297138680567059
1461951726.408,3573.4061151467595,5220.64932242977,3688.371858260979,-3.121156941911977,-2.303870576006375,6.278460905345128
1461951731.408,3557.755053305556,5209.063817563632,3719.7171666993677,-3.1392452341201533,-2.3303255358887327,6.259623859134081
1461951736.408,3542.013749769139,5197.3461865624,3750.967892481611,-3.157253535666314,-2.3567208536387625,6.24062803064362
1461951741.408,3526.182605633438,5185.496729320517,3782.123242926167,-3.1751813906225834,-2.3830558570571156,6.2214739126343375
1461951746.408,3510.262024273572,5173.515749086174,3813.1824278251206,-3.193028344013328,-2.4093298764100837,6.202162001897705
1461951751.408,3494.2524113307145,5161.403552453952,3844.1446594651284,-3.210793943047065,-2.4355422436319714,6.182692799251527
1461951756.408,3478.154174703134,5149.160449355907,3875.0091526465358,-3.228477738706715,-2.46169229127554,6.163066809517659
1461951761.408,3461.9677245339212,5136.786753053265,3905.7751247042297,-3.2460792828373997,-2.487779354493796,6.143284541511093
1461951766.408,3445.693473200842,5124.282780127798,3936.4417955269555,-3.2635981283001456,-2.513802770931761,6.123346508018585
1461951771.408,3429.3318353064033,5111.648850472284,3967.0083875773103,-3.2810338331032654,-2.539761878048921,6.103253225792287
1461951776.408,3412.883227664178,5098.885287283298,3997.4741259117905,-3.298385954538844,-2.565656016991852,6.083005215518369
1461951781.408,3396.3480692898784,5085.992417051291,4027.8382381999227,-3.315654054461902,-2.591484529148147,6.0626030018270285
1461951786.408,3379.7267813886724,5072.970569552166,4058.099954744561,-3.332837695213584,-2.617246758873989,6.042047113247463
1461951791.408,3363.019787345831,5059.820077837601,4088.258508500623,-3.3499364429835623,-2.642942051244063,6.021338082216062
1461951796.408,3346.2275127134744,5046.5412782265,4118.3131350955355,-3.3669498641934297,-2.668569754530836,6.000476445042295
1461951801.408,3329.3503852006074,5033.134510295805,4148.263072847437,-3.3838775297062966,-2.694129217414229,5.979462741901443
1461951806.408,3312.388834661243,5019.600116871054,4178.107562785111,-3.4007190107849965,-2.7196197916709934,5.958297516829589
1461951811.408,3295.3432930826143,5005.93844401693,4207.845848667558,-3.4174738824203814,-2.74504083001284,5.936981317679965
1461951816.408,3278.214194574914,4992.149841027766,4237.4771770022835,-3.4341417211926455,-2.7703916875134382,5.915514696127502
1461951821.408,3261.0019753576785,4978.234660418851,4267.000797064902,-3.450722105850218,-2.7956717212555304,5.893898207647908
1461951826.408,3243.7070737511526,4964.19325791525,4296.415960917764,-3.4672146184525445,-2.8208802896015186,5.872132411502207
1461951831.408,3226.3299301614884,4950.02599244391,4325.721923429091,-3.4836188418344136,-2.846016753868753,5.850217870717643
1461951836.408,3208.8709870708935,4935.7332261227,4354.917942291832,-3.499934363144348,-2.871080476053976,5.82815515206039
1461951841.408,3191.330689026327,4921.315324250703,4384.003278041842,-3.5161607693594306,-2.8960708217837237,5.8059448260537465
1461951846.408,3173.709482626558,4906.772655298392,4412.977194077288,-3.5322976520583325,-2.920987157191121,5.783587466909012
1461951851.408,3156.0078165100613,4892.105590898624,4441.838956676247,-3.5483446044850098,-2.9458288509013073,5.761083652563684
1461951856.408,3138.2261413443894,4877.314505834694,4470.5878350163375,-3.564301221983442,-2.9705952737385815,5.738433964610522
1461951861.408,3120.364909813436,4862.399778031792,4499.22310119187,-3.5801671018821253,-2.995285798824625,5.715638988328465
1461951866.408,3102.424576606596,4847.361788545245,4527.744030233013,-3.595941845154357,-3.0198998005416797,5.692699312638979
1461951871.408,3084.4055984040533,4832.200921552445,4556.1499001234215,-3.611625053933949,-3.0444366561359857,5.669615530085139
1461951876.408,3066.3084338683097,4816.917564339745,4584.439991818738,-3.627216333737124,-3.0688957443308027,5.646388236837083
1461951881.408,3048.1335436292065,4801.512107293891,4612.613589264648,-3.6427152920959998,-3.093276446201344,5.6230180326538175
1461951886.408,3029.8813902726997,4785.984943891211,4640.669979414292,-3.658121538580417,-3.1175781452229785,5.599505520868661
1461951891.408,3011.5524383293678,4770.336470686185,4668.608452246635,-3.6734346861412632,-3.1418002263771996,5.575851308381061
1461951896.408,2993.1471542613835,4754.567087301333,4696.42830078403,-3.6886543487080417,-3.16594207774142,5.55205600563022
1461951901.408,2974.666006450321,4738.677196416492,4724.128821109819,-3.7037801452365784,-3.19000308793602,5.528120226593273
1461951906.408,2956.1094651843623,4722.667203757983,4751.709312386148,-3.7188116939159954,-3.2139826498023467,5.50404458873254
1461951911.408,2937.478002647175,4706.537518087181,4779.169076871175,-3.7337486182477733,-3.2378801566064794,5.479829713017352
1461951916.408,2918.7720929045217,4690.288551189888,4806.507419936702,-3.7485905419380288,-3.261695005226102,5.4554762238776675
1461951921.408,2899.9922118920667,4673.920717865296,4833.723650085291,-3.763337093201244,-3.285426593525699,5.430984749209529
1461951926.408,2881.1388374018075,4657.4344359153065,4860.817078967648,-3.7779879014210564,-3.309074322433844,5.406355920328679
1461951931.408,2862.212449072176,4640.830126131679,4887.787021399741,-3.7925425987764356,-3.3326375949636713,5.381590371978746
1461951936.408,2843.2135283721577,4624.108212287009,4914.632795379597,-3.807000820222129,-3.3561158162347056,5.356688742297592
1461951941.408,2824.142558591752,4607.269121121144,4941.353722104575,-3.8213622031175873,-3.379508393719334,5.331651672806402
1461951946.408,2805.000024826247,4590.313282331615,4967.949125988167,-3.8356263873615717,-3.402814737190056,5.306479808394215
1461951951.408,2785.78641396625,4573.241128560794,4994.418334676487,-3.849793015405794,-3.4260342587222112,5.281173797277916
1461951956.408,2766.5022146830343,4556.053095385044,5020.760679065288,-3.8638617323858853,-3.4491663726530533,5.255734291013141
1461951961.408,2747.147917416432,4538.749621302856,5046.975493316377,-3.877832185355146,-3.4722104960210345,5.230161944451538
1461951966.408,2727.7240143624485,4521.3311477229945,5073.062114873952,-3.891704025233139,-3.49516604746168,5.20445741574531
1461951971.408,2708.230999459403,4503.7981189529655,5099.019884481301,-3.905476903969884,-3.518032448885606,5.178621366304469
1461951976.408,2688.669368375866,4486.150982186806,5124.848146196946,-3.919150477653602,-3.5408091236713517,5.152654460798658
1461951981.408,2669.0396184964134,4468.390187494084,5150.546247410715,-3.9327244036694537,-3.563495498352495,5.126557367120768
1461951986.408,2649.342248910876,4450.516187806108,5176.113538860235,-3.9461983426708684,-3.586091001479872,5.1003307563760245
1461951991.408,2629.577760403169,4432.529438909591,5201.5493746411275,-3.959571957771459,-3.6085950641108866,5.0739753028856285
1461951996.408,2609.746655423589,4414.430399418354,5226.853112244156,-3.972844914968391,-3.631007119586684,5.0474916841058075
1461952001.408,2589.84943809795,4396.219530783796,5252.024112540302,-3.9860168820014223,-3.653326604200629,5.020880580674202
1461952006.408,2569.8866142007623,4377.897297267589,5277.0617398164295,-3.9990875303719804,-3.6755529560496143,4.994142676362571
1461952011.408,2549.8586911442017,4359.464165933528,5301.965361786154,-4.012056533469149,-3.6976856161454634,4.967278658057694
1461952016.408,2529.766177966281,4340.920606634745,5326.7343496050735,-4.024923568078066,-3.7197240275554577,4.940289215744997
1461952021.408,2509.6095853161496,4322.267092001383,5351.368077886755,-4.037688312516821,-3.741667636480088,4.913175042486728
1461952026.408,2489.3894254423462,4303.504097427646,5375.865924717703,-4.05035044827946,-3.7635158913553823,4.885936834404674
1461952031.408,2469.106212177442,4284.63210106064,5400.2272716724,-4.06290966072811,-3.785268242431812,4.858575290661975
1461952036.408,2448.7604609279306,4265.6515837853985,5424.451503828835,-4.075365635460457,-3.806924143897959,4.831091113441289
1461952041.408,2428.352688656971,4246.563029214075,5448.538009783756,-4.087718062965905,-3.8284830512502595,4.803485007930249
1461952046.408,2407.8834138736734,4227.366923672741,5472.486181666779,-4.099966635187684,-3.8499444232265887,4.775757682286894
1461952051.408,2387.3531566187216,4208.063756187859,5496.295415156163,-4.112111047615599,-3.8713077206730304,4.747909847645133
1461952056.408,2366.762438450686,4188.654018474109,5519.965109493087,-4.124150997239212,-3.892572407687112,4.719942218069264
1461952061.408,2346.111782433613,4169.138204920652,5543.4946674964185,-4.136086185070781,-3.9137379502481053,4.691855510554888
1461952066.408,2325.401713121553,4149.516812579339,5566.883495577154,-4.147916313885162,-3.9348038174575777,4.663650444993436
1461952071.408,2304.632756547082,4129.7903411502,5590.131003753068,-4.159641089652268,-3.955769480800882,4.635327744163078
1461952076.408,2283.8054402057824,4109.959292969517,5613.236605662953,-4.171260221053672,-3.9766344143754395,4.606888133706889
1461952081.408,2262.920293044133,4090.0241729955746,5636.199718580994,-4.182773418937359,-3.997398095269091,4.578332342104659
1461952086.408,2241.9778454449747,4069.985488795997,5659.019763430895,-4.194180398276785,-4.018060002456423,4.549661100665617
1461952091.408,2220.978629214245,4049.8437505341176,5681.696164799903,-4.205480874350542,-4.0386196189165275,4.520875143497506
1461952096.408,2199.923177566683,4029.5994709562656,5704.228350952582,-4.21667456877185,-4.059076428364733,4.491975207504765
1461952101.408,2178.812025112573,4009.2531653772294,5726.615753845203,-4.227761201649628,-4.079429919519043,4.462962032327596
1461952106.408,2157.645707843934,3988.805351667608,5748.857809138939,-4.238740499979485,-4.0996795815822225,4.433836360376517
1461952111.408,2136.424763120267,3968.2565502398047,5770.953956213993,-4.2496121898725505,-4.119824908432747,4.4045989367768925
1461952116.408,2115.149729655694,3947.607284034518,5792.903638182709,-4.2603760028296165,-4.139865395277411,4.375250509350735
1461952121.408,2093.8211475033763,3926.858078507257,5814.706301903538,-4.271031672543359,-4.15980054037891,4.345791828599431
1461952126.408,2072.439558043677,3906.009461614069,5836.3613979940055,-4.281578934612298,-4.179629845229556,4.316223647702827
1461952131.408,2051.0055039682807,3885.061963798874,5857.868380843918,-4.292017528077849,-4.199352813723181,4.286546722478306
1461952136.408,2029.5195292684355,3864.0161179775814,5879.226708629125,-4.302347194561889,-4.218968952650812,4.256761811345314
1461952141.408,2007.9821792180335,3842.872459526789,5900.435843323832,-4.312567678479127,-4.2384777715806194,4.2268696753562836
1461952146.408,1986.3940003629577,3821.6315262674752,5921.495250713993,-4.322678727820858,-4.257878782490934,4.196871078126605
1461952151.408,1964.7555405041282,3800.2938584525605,5942.404400410097,-4.332680091849397,-4.277171500952136,4.166766785831896
1461952156.408,1943.067348685227,3778.8599987522853,5963.162765859713,-4.342571524384539,-4.296355444462733,4.136557567190721
1461952161.408,1921.3299751782486,3757.330492239574,5983.7698243605655,-4.352352780437059,-4.315430134178769,4.1062441934409435
1461952166.408,1899.5439714696174,3735.7058863767265,6004.225057072499,-4.3620236187100545,-4.334395093654166,4.075827438326996
1461952171.408,1877.70989024418,3713.9867310010686,6024.527949030552,-4.371583801677389,-4.353249848810265,4.045308078056223
1461952176.408,1855.8282853741994,3692.173578309958,6044.677989156811,-4.381033092000507,-4.371993929774817,4.014686891310703
1461952181.408,1833.8997119028732,3670.2669828471853,6064.674670272861,-4.390371257816241,-4.390626868214895,3.9839646592017743
1461952186.408,1811.9247260307204,3648.2675014883694,6084.517489111919,-4.399598068317118,-4.40914819955924,3.953142165261852
1461952191.408,1789.9038851023633,3626.175693426112,6104.205946330811,-4.4087132972117615,-4.427557461322522,3.922220195412592
1461952196.408,1767.8377475900268,3603.9921201566644,6123.739546521876,-4.417716719384316,-4.44585419472287,3.8911995379594373
1461952201.408,1745.7268730822873,3581.717345463772,6143.1177982248855,-4.4266081136195226,-4.464037943394487,3.860080983556145
1461952206.408,1723.5718222663281,3559.3519354056543,6162.340213938829,-4.435387260933567,-4.482108254182549,3.828865325195693
1461952211.408,1701.373156917467,3536.896458299072,6181.406310133237,-4.444053946029044,-4.500064676478814,3.7975533581839045
1461952216.408,1679.1314398816016,3514.3514847057427,6200.315607259928,-4.4526079552456395,-4.517906763191149,3.7661458801139815
1461952221.408,1656.8472350627064,3491.717587416627,6219.06762976453,-4.461049078918904,-4.535634069651223,3.734643690860139
1461952226.408,1634.5211074074598,3468.9953414383344,6237.661906097329,-4.469377110230653,-4.553246154155659,3.7030475925394057
1461952231.408,1612.1536228921807,3446.185323976684,6256.097968725095,-4.477591844263998,-4.570742578446243,3.671358389503439
1461952236.408,1589.7453485064102,3423.288114423593,6274.375354141673,-4.485693079958764,-4.588122906765875,3.63957688831033
1461952241.408,1567.2968522408394,3400.304294340876,6292.493602879124,-4.493680617975997,-4.6053867068940235,3.607703897710053
1461952246.408,1544.8087030710217,3377.2344474457204,6310.452259518827,-4.501554263899834,-4.622533548674255,3.5757402286144497
1461952251.408,1522.2814709438617,3354.079159595897,6328.250872701915,-4.50931382378235,-4.639563006055596,3.5436866940935943
1461952256.408,1499.7157267631032,3330.839018774094,6345.888995140282,-4.5169591084084,-4.656474655178954,3.5115441093348636
1461952261.408,1477.1120423743296,3307.5146150738287,6363.366183626779,-4.52448993058897,-4.673268075598571,3.47931329162202
1461952266.408,1454.4709905512418,3284.106540683,6380.68199904614,-4.531906106513134,-4.689942849688123,3.4469950603443067
1461952271.408,1431.7931449800637,3260.615389869804,6397.836006385072,-4.539207454238749,-4.706498563316927,3.4145902369273244
1461952276.408,1409.0790802464787,3237.0417589670637,6414.8277747423535,-4.546393796140592,-4.722934804791294,3.3820996448612277
1461952281.408,1386.3293718198356,3213.3862463566584,6431.6568773394765,-4.553464956660491,-4.73925116584951,3.3495241096416066
1461952286.408,1363.5445960390693,3189.649452454791,6448.322891530242,-4.560420763244338,-4.755447241248021,3.3168644587776726
1461952291.408,1340.7253300981322,3165.831979696244,6464.825398810933,-4.5672610464418995,-4.771522628742787,3.284121521742236
1461952296.408,1317.8721520315983,3141.934432519176,6481.163984829984,-4.5739856398060965,-4.787476929147033,3.2512961299726157
1461952301.408,1294.9856406991735,3117.957417349527,6497.33823939802,-4.580594379452577,-4.803309746515424,3.2183891168415357
1461952306.408,1272.0663757727004,3093.9015425853872,6513.347756497144,-4.587087104424199,-4.819020687993998,3.185401317638025
1461952311.408,1249.1149377199004,3069.7674185818655,6529.192134290683,-4.593463657047096,-4.834609363701929,3.1523335695501373
1461952316.408,1226.1319077906687,3045.555657635308,6544.870975132445,-4.5997238826594185,-4.850075386837943,3.1191867116222056
1461952321.408,1203.1178680020319,3021.2668739675487,6560.383885576233,-4.605867628829856,-4.865418374012734,3.0859615847666646
1461952326.408,1180.0734011236539,2996.9016837105632,6575.7304763848315,-4.611894746591815,-4.880637944757382,3.052659031723124
1461952331.408,1156.9990906635453,2972.460704890563,6590.910362539163,-4.617805090167167,-4.895733721648867,3.0192798970338117
1461952336.408,1133.8955208521606,2947.9445574123506,6605.923163247443,-4.623598515862568,-4.910705330736164,2.985825027037208
1461952341.408,1110.7632766292338,2923.353863043318,6620.768501953916,-4.629274883769995,-4.925552400910419,2.9522952698307563
1461952346.408,1087.602943627755,2898.689245398335,6635.446006347538,-4.6348340565132276,-4.940274564381525,2.9186914752644952
1461952351.408,1064.4151081604257,2873.951329922855,6649.955308370951,-4.640275899656217,-4.954871456537148,2.8850144949083187
1461952356.408,1041.200357203808,2849.1407438778933,6664.2960442288095,-4.645600282115765,-4.969342715779021,2.851265182041061
1461952361.408,1017.9592783845194,2824.258116323897,6678.46785439623,-4.650807074632098,-4.983687984135031,2.817444391615936
1461952366.408,994.6924599635615,2799.304078104633,6692.470383627341,-4.655896152981654,-4.997906906050503,2.7835529802559904
1461952371.408,971.4004908225423,2774.2792618311014,6706.303280963419,-4.660867393491344,-5.011999130041204,2.7495918062068085
1461952376.408,948.0839604481648,2749.184301865958,6719.966199740964,-4.665720677200056,-5.025964307208596,2.7155617293556134
1461952381.408,924.7434589179448,2724.0198343069824,6733.458797599857,-4.670455886760351,-5.039802092334412,2.6814636111703294
1461952386.408,901.3795768850645,2698.7864969713705,6746.780736491183,-4.675072909423648,-5.053512142870659,2.647298314694126
1461952391.408,877.9929055636611,2673.4849293792327,6759.931682685194,-4.679571633918613,-5.067094119993271,2.6130667045363225
1461952396.408,854.5840367142077,2648.11577273775,6772.911306778873,-4.683951952484449,-5.080547687927265,2.5787696468250942
1461952401.408,831.1535626282932,2622.6796699246256,6785.719283703731,-4.688213760397616,-5.093872514130908,2.5444080092138393
1461952406.408,807.702076114772,2597.177265472386,6798.355292732992,-4.692356955892592,-5.107068269294814,2.509982660836613
1461952411.408,784.2301704833963,2571.609205551554,6810.8190174893925,-4.696381439878564,-5.120134627472908,2.4754944722944856
1461952416.408,760.7384395314992,2545.976137954573,6823.110145952206,-4.700287116668619,-5.13307126583959,2.4409443156464476
1461952421.408,737.2274775282596,2520.2787120796133,6835.228370464478,-4.704073893250666,-5.1458778649393935,2.406333064370301
1461952426.408,713.6978792002382,2494.5175789140976,6847.173387740105,-4.707741679654987,-5.158554108550106,2.3716615933526555
1461952431.408,690.1502397161116,2468.6933910180546,6858.944898870966,-4.711290388880457,-5.171099683754164,2.3369307788580045
1461952436.408,666.5851546726693,2442.8068025081384,6870.542609333481,-4.71471993675766,-5.1835142809441095,2.3021414985214506
1461952441.408,643.003220078868,2416.8584690410166,6881.966228995596,-4.718030242646478,-5.195797593667976,2.2672946313114153
1461952446.408,619.4050323418172,2390.8490477965775,6893.215472123416,-4.721221227972933,-5.207949319008549,2.232391057521454
1461952451.408,595.7911882517143,2364.7791974618667,6904.290057387632,-4.72429281790312,-5.219969157154992,2.1974316587375142
1461952456.408,572.1622849666708,2338.6495782142765,6915.189707870076,-4.727244940226683,-5.231856811708894,2.162417317827021
1461952461.408,548.5189199981144,2312.4608517049796,6925.914151070006,-4.7300775259120655,-5.24361198952829,2.1273489189134125
1461952466.408,524.8616911959715,2286.21368104251,6936.463118910274,-4.732790508373341,-5.255234400924564,2.0922273473497626
1461952471.408,501.19119673340015,2259.9087307756618,6946.836347743646,-4.7353838249212,-5.266723759330944,2.0570534897033212
1461952476.408,477.50803509253194,2233.5466668776185,6957.03357835847,-4.737857414864891,-5.278079781735414,2.0218282337418714
1461952481.408,453.81280504912877,2207.1281567283177,6967.054555984947,-4.740211221263166,-5.289302188290094,1.986552468380978
1461952486.408,430.1061056575894,2180.653869098536,6976.8990303006485,-4.742445189517298,-5.300390702637742,1.9512270837094547
1461952491.408,406.3885362367611,2154.124474132671,6986.566755436352,-4.744559268634077,-5.31134505163709,1.9158529709293362
1461952496.408,382.66069635391244,2127.5406433320727,6996.057489981602,-4.746553410220713,-5.322164965592037,1.8804310223540597
1461952501.408,358.923185811304,2100.9030495382945,7005.370996990154,-4.748427568742386,-5.33285017817434,1.844962131371176
1461952506.408,335.1766046299323,2074.212366916454,7014.5070439853025,-4.750181702009058,-5.343400426373137,1.8094471924450772
1461952511.408,311.42155303541807,2047.4692709377653,7023.465402965317,-4.751815770564406,-5.3538154505829425,1.7738871010742514
1461952516.408,287.6586314430211,2020.674438363508,7032.245850408345,-4.753329738046716,-5.364094994565221,1.7382827537840058
1461952521.408,263.8884404423381,1993.8285472273747,7040.848167277692,-4.754723570846409,-5.374238805487948,1.7026350480828114
1461952526.408,240.11158078328083,1966.9322768190036,7049.272139026605,-4.755997238675178,-5.384246633871726,1.666944882480493
1461952531.408,216.32865335993,1939.9863076667054,7057.517555603232,-4.757150713989631,-5.394118233652307,1.6312131564136507
1461952536.408,192.5402591969021,1912.9913215209378,7065.584211455187,-4.758183972447512,-5.403853362144673,1.5954407702829485
1461952541.408,168.7469994336246,1885.9480013368204,7073.471905534331,-4.759096992136506,-5.413451780113974,1.5596286253785365
1461952546.408,144.94947530996606,1858.8570312573238,7081.180441301213,-4.759889754780431,-5.42291325167389,1.523777623904607
1461952551.408,121.14828815080917,1831.719096596306,7088.709626729457,-4.760562244694512,-5.432237544386226,1.4878886689102728
1461952556.408,97.34403935180627,1804.5348838212597,7096.05927431012,-4.761114449283227,-5.441424429208382,1.4519626643168522
1461952561.408,73.53733036405103,1777.3050805364253,7103.229201055809,-4.761546359226969,-5.450473680522009,1.41600051486148
1461952566.408,49.72876267932221,1750.0303754654233,7110.219228504855,-4.761857967367973,-5.459385076157332,1.3800031260880132
1461952571.408,25.918937815059117,1722.7114584343676,7117.029182725221,-4.7620492704832635,-5.4681583973442685,1.34397140432975
1461952576.408,2.108457299988917,1695.3490203545668,7123.658894318394,-4.7621202674287915,-5.476793428760175,1.3079062566812354
1461952581.408,-21.702077341130526,1667.943753205297,7130.108198423197,-4.762070960822257,-5.4852899585196155,1.271808590980072
1461952586.408,-45.51206460256549,1640.496350016924,7136.376934719327,-4.761901355993992,-5.493647778181867,1.2356793157778156
1461952591.408,-69.32090301215578,1613.007504853143,7142.464947431073,-4.761611460829656,-5.501866682742957,1.1995193403345183
1461952596.408,-93.12799114611045,1585.4779127942243,7148.37208533061,-4.761201286701606,-5.509946470656587,1.1633295745950818
1461952601.408,-116.93272764372534,1557.90826991969,7154.098201741419,-4.760670847721357,-5.517886943822987,1.127110929131959
1461952606.408,-140.73451122303987,1530.2992732906482,7159.643154541495,-4.760020160794085,-5.525687907588463,1.090864315190629
1461952611.408,-164.53274069478385,1502.651620932874,7165.006806166502,-4.7592492465335,-5.53334917082293,1.0545906446022855
1461952616.408,-188.3268149775392,1474.966011819578,7170.189023612694,-4.75835812756489,-5.540870545771895,1.0182908298002076
1461952621.408,-212.1161331127811,1447.2431458534986,7175.189678439981,-4.757346829998198,-5.5482518482008345,0.9819657837952036
1461952626.408,-235.90009427910584,1419.4837238505252,7180.008646774539,-4.756215382943765,-5.55549289735518,0.9456164201346837
1461952631.408,-259.6780978077122,1391.6884475210843,7184.645809311728,-4.754963818071019,-5.562593515886874,0.9092436529035695
1461952636.408,-283.4495431969846,1363.8580194538722,7189.101051318477,-4.753592170764534,-5.569553530077883,0.8728483966988279
1461952641.408,-307.21383012713613,1335.9931430977238,7193.374262635915,-4.752100478463774,-5.576372769500722,0.8364315665903632
1461952646.408,-330.9703584749629,1308.0945227447812,7197.465337681633,-4.7504887822277055,-5.583051067362021,0.7999940781182886
1461952651.408,-354.7185283288013,1280.1628635125521,7201.374175452044,-4.748757125694283,-5.589588260258552,0.7635368472701884
1461952656.408,-378.4577400036728,1252.1988713264527,7205.100679524535,-4.7469055557508,-5.595984188366174,0.7270607904483768
1461952661.408,-402.1873940551837,1224.203252902976,7208.644758059441,-4.744934121948859,-5.602238695268625,0.6905668244635308
1461952666.408,-425.90689129513675,1196.1767157313134,7212.006323802117,-4.742842877109695,-5.608351628149876,0.6540558665001299
1461952671.408,-449.6156328055342,1168.1199680567254,7215.185294084664,-4.7406318766583695,-5.614322837573809,0.6175288340918996
1461952676.408,-473.3130199542113,1140.0337188622473,7218.181590827765,-4.738301179210509,-5.620152177692262,0.5809866451309063
1461952681.408,-496.99845440868137,1111.9186778518206,7220.995140542238,-4.735850846228402,-5.6258395061327064,0.544430217799345
1461952686.408,-520.6713381513472,1083.7755554324415,7223.6258743306025,-4.733280942182205,-5.631384684046907,0.5078604705904581
1461952691.408,-544.3310734942849,1055.605062696415,7226.0737278885,-4.73059153451311,-5.636787576130473,0.4712783222685175
1461952696.408,-567.9770630936016,1027.4079114042502,7228.338641505964,-4.727782693451786,-5.642048050507128,0.4346846918497249
1461952701.408,-591.6087099645239,999.1848139666578,7230.42056006867,-4.724854492260079,-5.647165978865701,0.3980804985603754
1461952706.408,-615.2254174957502,970.9364834273119,7232.319433058994,-4.7218070071672855,-5.652141236429202,0.36146666186323273
1461952711.408,-638.8265894642676,942.6636334450734,7234.035214557025,-4.718640317385166,-5.656973701986772,0.3248441013893171
1461952716.408,-662.4116300502881,914.3669782761025,7235.567863241458,-4.715354504816901,-5.661663257685859,0.2882137369515476
1461952721.408,-685.9799438512396,886.0472327569054,7236.917342390338,-4.711949654565046,-5.666209789378854,0.2515764884883538
1461952726.408,-709.5309358972099,857.7051122859498,7238.083619881775,-4.708425854526354,-5.67061318636172,0.21493327607004176
1461952731.408,-733.0640116649641,829.3413328065647,7239.066668194466,-4.704783195574123,-5.674873341500074,0.1782850198824235
1461952736.408,-756.5785770929224,800.9566107889158,7239.866464408184,-4.701021771431442,-5.678990151121525,0.14163264016315225
1461952741.408,-780.0740385955444,772.5516632126479,7240.482990204108,-4.697141678838875,-5.682963515189044,0.10497705724174011
1461952746.408,-803.5498030780064,744.1272075490475,7240.916231865088,-4.693143017341413,-5.686793337075642,0.0683191914604322
1461952751.408,-827.0052779509626,715.6839617431708,7241.166180275773,-4.6890258894901535,-5.69047952379276,0.031659963187848916
1461952756.408,-850.4398711446768,687.2226441966591,7241.232830922641,-4.684790400826955,-5.694021985986865,-0.004999707201022829
1461952761.408,-873.8529911242201,658.7439737492799,7241.116183893934,-4.680436659579186,-5.6974206375876975,-0.04165889936939493
1461952766.408,-897.2440469034525,630.2486696618638,7240.816243879487,-4.675964777044896,-5.700675396257225,-0.07831669303504896
1461952771.408,-920.6124480595797,601.7374515985849,7240.333020170415,-4.67137486735362,-5.703786183103489,-0.11497216797033616
1461952776.408,-943.9576047482637,573.2110396084692,7239.6665266587415,-4.666667047656347,-5.706752922968008,-0.15162440403400979
1461952781.408,-967.2789277174422,544.6701541084944,7238.8167818368875,-4.661841437848125,-5.709575544003542,-0.1882724812039669
1461952786.408,-990.5758283221307,516.1155158654601,7237.783808797096,-4.656898160819651,-5.712253978071772,-0.22491547958634328
1461952791.408,-1013.8477185388583,487.547845978304,7236.567635230663,-4.651837342297085,-5.714788160479827,-0.26155247944552684
1461952796.408,-1037.0940109800813,458.96786586039997,7235.168293427198,-4.646659110910832,-5.717178030104606,-0.29818256121598097
1461952801.408,-1060.3141189088024,430.3762972214347,7233.585820273619,-4.6413635982576125,-5.719423529568587,-0.33480480551952496
1461952806.408,-1083.507456252805,401.773862050104,7231.8202572531945,-4.635950938713449,-5.721524604803619,-0.37141829321535624
1461952811.408,-1106.673437618944,373.16128259630136,7229.871650444369,-4.6304212695599745,-5.723481205357871,-0.4080221053782225
1461952816.408,-1129.8114783079384,344.539281352884,7227.7400505195255,-4.6247747309748775,-5.725293284367467,-0.4446153233575387
1461952821.408,-1152.9209943284786,315.90858103827645,7225.425512743643,-4.619011466033044,-5.7269607986305004,-0.4811970287719305
1461952826.408,-1176.0014024116742,287.2699045785341,7222.928096972826,-4.613131620616514,-5.728483708266367,-0.5177663035474325
1461952831.408,-1199.0521200250257,258.6239750899756,7220.247867652835,-4.60713534354386,-5.7298619772319626,-0.5543222299411354
1461952836.408,-1222.072565387817,229.9715158600294,7217.384893817219,-4.601022786433532,-5.731095572764644,-0.5908638905375483
1461952841.408,-1245.0621574839533,201.31325033132353,7214.339249085805,-4.594794103824825,-5.7321844659472845,-0.6273903682995297
1461952846.408,-1268.0203160773979,172.64990208258,7211.1110116626105,-4.5884494530560005,-5.733128631137248,-0.6639007465655595
1461952851.408,-1290.946461726054,143.9821948110109,7207.700264333958,-4.581988994368885,-5.7339280465103,-0.700394109089757
1461952856.408,-1313.8400157958636,115.31085231475937,7204.107094466366,-4.57541289082701,-5.734582693701498,-0.7368695400537035
1461952861.408,-1336.7004004753226,86.63659847503915,7200.331594004366,-4.568721308338809,-5.7350925577863165,-0.7733261240809952
1461952866.408,-1359.5270387896308,57.96015723789657,7196.373859468166,-4.561914415670799,-5.735457627678791,-0.8097629462772602
1461952871.408,-1382.319354614701,29.282252597175194,7192.233991951288,-4.5549923844143905,-5.7356778955906975,-0.8461790922328873
1461952876.408,-1405.076772691512,0.6036085759142996,7187.912097118044,-4.547955388999753,-5.735753357406447,-0.8825736480603155
1461952881.408,-1427.7987186404503,-28.075050791160837,7183.408285200866,-4.540803606689906,-5.735684012703317,-0.9189457003922143
1461952886.408,-1450.4846189750062,-56.75300147531331,7178.722670997665,-4.533537217568664,-5.735469864381237,-0.9552943364251405
1461952891.408,-1473.1339011161308,-85.42951947182219,7173.855373868997,-4.526156404547692,-5.73511091906505,-0.991618643945003
1461952896.408,-1495.7459934067076,-114.10388081795246,7168.806517734972,-4.518661353358539,-5.73460718686583,-1.027917711307964
1461952901.408,-1518.3203251248267,-142.7753616103079,7163.576231072467,-4.51105225254355,-5.733958681542134,-1.0641906275041038
1461952906.408,-1540.8563264985078,-171.4432380231285,7158.164646911777,-4.503329293441993,-5.7331654204676,-1.1004364821710624
1461952911.408,-1563.353428719461,-200.10678632591657,7152.571902833457,-4.4954926702168905,-5.732227424402652,-1.1366543655958594
1461952916.408,-1585.8110639572512,-228.76528290123508,7146.798140964927,-4.487542579845012,-5.731144717670674,-1.1728433687530924
1461952921.408,-1608.228665373229,-257.4180042627124,7140.843507977007,-4.479479222055261,-5.729917328432748,-1.2090025833185791
1461952926.408,-1630.6056671343247,-286.06422707263073,7134.708155080406,-4.471302799418254,-5.728545288092619,-1.2451311016966429
1461952931.408,-1652.9415044273667,-314.7032281599555,7128.392238021971,-4.463013517261743,-5.727028631805695,-1.2812280170301165
1461952936.408,-1675.2356134726408,-343.3342845379522,7121.895917080951,-4.454611583709948,-5.7253673982392,-1.3172924232339938
1461952941.408,-1697.4874315380391,-371.9566734219551,7115.21935706513,-4.446097209661048,-5.7235616296277385,-1.353323415007253
1461952946.408,-1719.6963969529615,-400.5696722478675,7108.362727306741,-4.4374706088008224,-5.7216113717169605,-1.389320087865599
1461952951.408,-1741.8619491218374,-429.1725586886783,7101.326201658542,-4.428731997540808,-5.719516674012027,-1.425281538143281
1461952956.408,-1763.9835285385607,-457.7646106737209,7094.1099584894,-4.419881595135621,-5.717277589231628,-1.4612068630412978
1461952961.408,-1786.060576799586,-486.3451064053742,7086.7141806801965,-4.410919623491964,-5.7148941741054955,-1.4970951606092058
1461952966.408,-1808.0925366184906,-514.9133243773629,7079.139055619225,-4.401846307428286,-5.712366488311432,-1.5329455298115136
1461952971.408,-1830.0788518389627,-543.4685433923038,7071.384775197853,-4.392661874341684,-5.709694595750761,-1.5687570705140388
1461952976.408,-1852.0189674490955,-572.0100425801703,7063.451535805754,-4.3833665544771065,-5.7068785634743335,-1.6045288835275642
1461952981.408,-1873.912329595034,-600.5371014146523,7055.339538326255,-4.373960580762514,-5.703918462291881,-1.6402600706060184
1461952986.408,-1895.758385594289,-629.0489997326546,7047.048988131507,-4.364444188964626,-5.7008143662541215,-1.675949734495589
1461952991.408,-1917.5565839500305,-657.5450177509563,7038.580095077448,-4.354817617513618,-5.69756635317151,-1.7115969789265364
1461952996.408,-1939.3063743639268,-686.0244360841451,7029.933073498983,-4.345081107469696,-5.694174504683019,-1.747200908663217
1461953001.408,-1961.007207750551,-714.4865357624572,7021.108142204591,-4.335234902779803,-5.6906389054875035,-1.7827606294913494
1461953006.408,-1982.6585362505537,-742.9305982497955,7012.105524471179,-4.32527925001591,-5.686959644104945,-1.8182752482762226
1461953011.408,-2004.259813244061,-771.3559054609276,7002.925448038811,-4.31521439847279,-5.683136812548014,-1.8537438729517817
1461953016.408,-2025.8104933648824,-799.7617397799436,6993.568145104994,-4.305040600151415,-5.679170506379364,-1.8891656125670124
1461953021.408,-2047.3100325130924,-828.1473840769222,6984.033852319478,-4.2947581098005685,-5.67506082457885,-1.924539577278665
1461953026.408,-2068.757887869357,-856.5121217268538,6974.322810778215,-4.284367184645362,-5.6708078702110924,-1.9598648784040051
1461953031.408,-2090.1535179077387,-884.855236626688,6964.435266017842,-4.273868084959759,-5.666411748989958,-1.9951406284253608
1461953036.408,-2111.4963824095544,-913.1760132128808,6954.371468009691,-4.263261073429476,-5.661872570815831,-2.030365940997399
1461953041.408,-2132.7859424766248,-941.4737364796126,6944.131671153766,-4.2525464155528425,-5.657190448832466,-2.065539930995328
1461953046.408,-2154.021660544756,-969.7476919956663,6933.716134272776,-4.241724379329753,-5.652365500077394,-2.100661714526723
1461953051.408,-2175.203000396568,-997.9971659236562,6923.125120605813,-4.2307952355877205,-5.64739784476285,-2.135730408933341
1461953056.408,-2196.329427175668,-1026.2214450354165,6912.358897802138,-4.219759257730857,-5.642287606807599,-2.17074513283751
1461953061.408,-2217.400407399035,-1054.4198167320137,6901.417737914747,-4.208616721842645,-5.637034913609341,-2.205705006162134
1461953066.408,-2238.415408971078,-1082.5915690592415,6890.301917393854,-4.197367906807813,-5.631639895760827,-2.2406091501115952
1461953071.408,-2259.3739011961234,-1110.7359907269154,6879.011717080326,-4.186013093856673,-5.6261026880195,-2.2754566872663418
1461953076.408,-2280.275354792359,-1138.852371125855,6867.547422198781,-4.174552566922102,-5.620423428475533,-2.3102467415228602
1461953081.408,-2301.1192419040763,-1166.940000344978,6855.90932235116,-4.1629866128414506,-5.614602258221339,-2.344978438170074
1461953086.408,-2321.905036115821,-1194.9981691898195,6844.097711509314,-4.151315520713069,-5.608639322579165,-2.3796509038993463
1461953091.408,-2342.632212464781,-1223.0261691993883,6832.112888008331,-4.139539582512043,-5.602534769858721,-2.4142632667990256
1461953096.408,-2363.3002474539676,-1251.023292664195,6819.955154539264,-4.127659092765043,-5.596288752013152,-2.448814656416289
1461953101.408,-2383.908619065582,-1278.9888326433586,6807.624818141915,-4.115674348389803,-5.589901424906657,-2.4833042037353152
1461953106.408,-2404.456806773345,-1306.922082982836,6795.1221901975205,-4.103585649251727,-5.583372947232419,-2.5177310412327643
1461953111.408,-2424.9442915566215,-1334.8223383318063,6782.4475864211845,-4.091393297485411,-5.576703481799996,-2.552094302891419
1461953116.408,-2445.370555911976,-1362.6888941614916,6769.60132685451,-4.07909759818358,-5.569893194230872,-2.5863931241929095
1461953121.408,-2465.735083867169,-1390.5210467816125,6756.583735857808,-4.066698858367545,-5.562942254824293,-2.620626642174102
1461953126.408,-2486.03736099334,-1418.3180933590145,6743.395142102314,-4.05419738843284,-5.555850835901538,-2.6547939954361937
1461953131.408,-2506.2768744182677,-1446.0793319330717,6730.035878562634,-4.04159350097143,-5.548619113974155,-2.6888943241601737
1461953136.408,-2526.453112839171,-1473.804061435623,6716.506282508223,-4.028887510831737,-5.541247269541373,-2.7229267701250137
1461953141.408,-2546.5655665349955,-1501.4915817064757,6702.806695495937,-4.016079736034499,-5.533735485507805,-2.756890476742228
1461953146.408,-2566.6137273799573,-1529.141193512032,6688.937463361291,-4.003170496566327,-5.5260839492759715,-2.790784589060422
1461953151.408,-2586.597088855237,-1556.7521985619624,6674.8989362106995,-3.990160115362414,-5.518292850987109,-2.8246082537971233
1461953156.408,-2606.5151460626175,-1584.323899526846,6660.691468412698,-3.9770489174620707,-5.510362384998189,-2.8583606193578817
1461953161.408,-2626.3673957367705,-1611.855600055288,6646.315418589624,-3.96383723095596,-5.502292748246418,-2.8920408358553686
1461953166.408,-2646.1533362575447,-1639.3466047916418,6631.771149609098,-3.9505253861402707,-5.494084141641906,-2.9256480551266577
1461953171.408,-2665.8724676627394,-1666.7962193935261,6617.059028575153,-3.937113715772284,-5.48573676964952,-2.959181430755052
1461953176.408,-2685.524291661193,-1694.2037505477413,6602.179426819615,-3.923602555206344,-5.477250840033548,-2.992640118099189
1461953181.408,-2705.1083116438144,-1721.5685059899533,6587.132719893134,-3.909992242476619,-5.468626563701491,-3.026023274303043
1461953186.408,-2724.624032698042,-1748.8897945189801,6571.9192875562085,-3.8962831176231703,-5.459864155777041,-3.059330058317755
1461953191.408,-2744.0709616184276,-1776.166926016845,6556.539513770006,-3.88247552361463,-5.450963834148752,-3.0925596309307366
1461953196.408,-2763.448606920285,-1803.3992114639298,6540.993786687286,-3.868569805779316,-5.441925820285178,-3.125711154773853
1461953201.408,-2782.7564788511027,-1830.5859629574184,6525.282498643067,-3.854566311769304,-5.432750339332642,-3.158783794356168
1461953206.408,-2801.9940894036527,-1857.7264937280822,6509.406046145021,-3.840465391951966,-5.423437619476999,-3.191776716077584
1461953211.408,-2821.160952327778,-1884.8201181568932,6493.3648298643275,-3.8262673987187554,-5.413987892962723,-3.2246890882433945
1461953216.408,-2840.2565831427064,-1911.866151793056,6477.159254625742,-3.8119726876552704,-5.404401394339629,-3.2575200811052127
1461953221.408,-2859.280499149319,-1938.8639113705829,6460.78972939802,-3.7975816156999826,-5.394678363183402,-3.2902688668546034
1461953226.408,-2878.232219442253,-1965.8127148256474,6444.256667284037,-3.7830945431433065,-5.384819041120409,-3.3229346196649203
1461953231.408,-2897.111264921989,-1992.7118813131065,6427.560485511031,-3.7685118321928712,-5.374823673904302,-3.355516515700401
1461953236.408,-2915.9171583071466,-2019.5607312243246,6410.701605420277,-3.7538338479816957,-5.364692509961969,-3.3880137331307196
1461953241.408,-2934.6494241462374,-2046.3585862031541,6393.680452457354,-3.7390609573658367,-5.354425802107016,-3.420425452184645
1461953246.408,-2953.3075888294993,-2073.10476916465,6376.4974561614945,-3.72419353004625,-5.344023805886081,-3.4527508551227584
1461953251.408,-2971.8911806014885,-2099.7986043096544,6359.153050155726,-3.709231937936238,-5.3334867804887836,-3.484989126288383
1461953256.408,-2990.3997295724084,-2126.4394171443787,6341.6476721358085,-3.694176555569811,-5.322814988146092,-3.5171394521294133
1461953261.408,-3008.8327677303228,-2153.0265344942577,6323.981763860598,-3.679027759429573,-5.312008695062559,-3.5492010211946763
1461953266.408,-3027.1898289527007,-2179.559284524195,6306.155771140413,-3.6637859288453,-5.301068170137569,-3.5811730241794066
1461953271.408,-3045.4704490185636,-2206.0369967524607,6288.170143827138,-3.6484514450135066,-5.289993686326852,-3.613054653935251
1461953276.408,-3063.6741656197164,-2232.4590020695878,6270.025335802919,-3.633024691899209,-5.278785519337816,-3.6448451054830002
1461953281.408,-3081.8005183730506,-2258.8246327542747,6251.7218049692565,-3.6175060555633536,-5.267443948588607,-3.6765435760462424
1461953286.408,-3099.849048831689,-2285.133222489941,6233.260013236292,-3.6018959243906465,-5.255969256847038,-3.7081492650650034
1461953291.408,-3117.8193004972995,-2311.3841063817317,6214.640426511282,-3.5861946894801804,-5.244361729698085,-3.739661374223033
1461953296.408,-3135.7108188306593,-2337.576620973979,6195.863514687527,-3.570402743316663,-5.23262165730921,-3.771079107442347
1461953301.408,-3153.523151263996,-2363.710104265673,6176.929751633138,-3.554520481810414,-5.220749331665957,-3.8024016709359785
1461953306.408,-3171.2558472121823,-2389.7838957278027,6157.8396151794395,-3.5385483023046618,-5.20874504925041,-3.8336282732216205
1461953311.408,-3188.9084580841436,-2415.7973363199217,6138.593587109536,-3.5224866051671597,-5.196609108872053,-3.8647581251161682
1461953316.408,-3206.4805372947267,-2441.7497685064923,6119.192153146487,-3.5063357919507325,-5.184341814109757,-3.89579043978938
1461953321.408,-3223.9716402749846,-2467.6405362739843,6099.635802941913,-3.4900962677693315,-5.171943470120368,-3.926724432750234
1461953326.408,-3241.3813244848093,-2493.4689851466414,6079.925030063831,-3.4737684392507617,-5.159414386370827,-3.9575593219115035
1461953331.408,-3258.7091494231045,-2519.234462203734,6060.060331984917,-3.457352715194247,-5.146754875723673,-3.9882943275542857
1461953336.408,-3275.9546766399144,-2544.9363160953794,6040.042210070321,-3.4408495070538265,-5.133965253763108,-4.018928672400762
1461953341.408,-3293.1174697465894,-2570.5738970598895,6019.871169565635,-3.424259228241681,-5.121045839752696,-4.0494615815878205
1461953346.408,-3310.1970944279797,-2596.146556938762,5999.547719584738,-3.407582294599706,-5.107996955925046,-4.079892282732544
1461953351.408,-3327.1931184524606,-2621.653649195108,5979.0723730971185,-3.3908191235245795,-5.094818928656878,-4.1102200059076495
1461953356.408,-3344.105111684407,-2647.0945289270385,5958.445646915954,-3.3739701357944796,-5.081512086064777,-4.140443983697878
1461953361.408,-3360.9326460931175,-2672.4685528874684,5937.668061685173,-3.3570357534172217,-5.068076760753229,-4.170563451187263
1461953366.408,-3377.6752957659146,-2697.775079497636,5916.740141866858,-3.34001640080578,-5.054513288301223,-4.20057764601097
1461953371.408,-3394.332636917533,-2723.013468864396,5895.662415728869,-3.3229125046213994,-5.040822007434599,-4.230485808353478
1461953376.408,-3410.9042479013506,-2748.1830827970293,5874.43541533155,-3.3057244939127486,-5.027003259814137,-4.260287180971318
1461953381.408,-3427.3897092210664,-2773.28328482174,5853.0596765150485,-3.2884527995202006,-5.013057390829545,-4.289981009215808
1461953386.408,-3443.7886035396837,-2798.313440199638,5831.53573888644,-3.271097854396885,-4.998984749087867,-4.31956654106034
1461953391.408,-3460.10051569202,-2823.2729159412493,5809.864145806325,-3.253660093967028,-4.984785686017403,-4.349043027094922
1461953396.408,-3476.3250326939415,-2848.161080824131,5788.045444375694,-3.2361399556848482,-4.970460556353373,-4.378409720578929
1461953401.408,-3492.4617437541215,-2872.977305407359,5766.080185422664,-3.218537879055475,-4.956009718127461,-4.407665877437466
1461953406.408,-3508.510240283502,-2897.7209620487433,5743.968923489072,-3.200854305435314,-4.941433532865631,-4.436810756285922
1461953411.408,-3524.47011590712,-2922.391424919414,5721.712216816927,-3.183089678849683,-4.9267323645754,-4.46584361845089
1461953416.408,-3540.3409664725723,-2946.9880700219123,5699.310627334818,-3.165244444662221,-4.9119065813451925,-4.494763727992904
1461953421.408,-3556.122390062879,-2971.5102752029957,5676.764720644348,-3.1473190513188456,-4.8969565532297565,-4.523570351713715
1461953426.408,-3571.813987004237,-2995.957420173068,5654.075066005985,-3.129313947974424,-4.881882655048685,-4.552262759198129
1461953431.408,-3587.4153598790695,-3020.328886518098,5631.2422363255655,-3.1112295874522715,-4.8666852628575725,-4.580840222801271
1461953436.408,-3602.9261135338165,-3044.6240577187928,5608.266808139952,-3.093066423253731,-4.851364757477313,-4.609302017696791
1461953441.408,-3618.3458550901164,-3068.8423191643433,5585.149361603438,-3.074824911434007,-4.83592152226629,-4.6376474218841395
1461953446.408,-3633.674193955632,-3092.9830581682054,5561.890480473005,-3.056505510052375,-4.82035594369745,-4.665875716207665
1461953451.408,-3648.910741832546,-3117.0456639852887,5538.490752094242,-3.038108679455945,-4.804668411052717,-4.693986184364803
1461953456.408,-3664.0551127299204,-3141.029527823954,5514.9507673874505,-3.0196348813783516,-4.788859317467995,-4.721978112950637
1461953461.408,-3679.1069229704312,-3164.934042866907,5491.271120832283,-3.001084580150291,-4.772929058432965,-4.749850791451536
1461953466.408,-3694.0657912038255,-3188.7586042812377,5467.452410453958,-2.9824582417427337,-4.756878032960685,-4.777603512284259
1461953471.408,-3708.93133841351,-3212.5026092383177,5443.495237808231,-2.9637563340743327,-4.740706643147405,-4.805235570802324
1461953476.408,-3723.7031879297097,-3236.1654569252814,5419.400207966689,-2.944979327220608,-4.724415293952006,-4.832746265315109
1461953481.408,-3738.3809654355173,-3259.7465485642992,5395.167929502107,-2.9261276931911198,-4.708004393402916,-4.860134897101489
1461953486.408,-3752.9642989805047,-3283.2452874239584,5370.799014473215,-2.907201905939928,-4.691474352584464,-4.887400770451677
1461953491.408,-3767.452818986723,-3306.6610788381786,5346.294078409943,-2.888202440701207,-4.674825586382212,-4.914543192662677
1461953496.408,-3781.8461582609107,-3329.993330218929,5321.65374029808,-2.869129775908732,-4.658058511218769,-4.941561474061018
1461953501.408,-3796.1439520028403,-3353.2414510725903,5296.878622564092,-2.8499843903136934,-4.641173548380266,-4.96845492803368
1461953506.408,-3810.3458378150754,-3376.4048530142477,5271.969351060193,-2.830766766548095,-4.6241711198949815,-4.995222871032638
1461953511.408,-3824.451455712845,-3399.4829497834694,5246.926555048187,-2.811477386932893,-4.607051653306371,-5.021864622589419
1461953516.408,-3838.4604481317333,-3422.475157259818,5221.750867184855,-2.7921167368872375,-4.589815577748141,-5.04837950536421
1461953521.408,-3852.3724599396614,-3445.3808934758035,5196.442923505776,-2.7726853039880552,-4.5724633250129045,-5.074766845114937
1461953526.408,-3866.187138443445,-3468.19957863464,5171.003363409787,-2.753183576693118,-4.554995330979182,-5.101025970764567
1461953531.408,-3879.9041334004983,-3490.9306351222426,5145.432829643272,-2.7336120460563507,-4.537412033602777,-5.12715621438565
1461953536.408,-3893.5230970252014,-3513.5734875251105,5119.731968284329,-2.7139712047819557,-4.519713874050922,-5.153156911239421
1461953541.408,-3907.0436840009493,-3536.127562641842,5093.901428726833,-2.6942615467614814,-4.501901297075165,-5.179027399779443
1461953546.408,-3920.465551486357,-3558.5922895011818,5067.941863664236,-2.6744835686031365,-4.483974749400659,-5.204767021666157
1461953551.408,-3933.788359127046,-3580.967099373081,5041.8539290738645,-2.654637768187058,-4.465934681228646,-5.230375121806901
1461953556.408,-3947.0117690616066,-3603.251425787397,5015.638284200057,-2.6347246454793094,-4.4477815453465155,-5.2558510483559076
1461953561.408,-3960.135445932658,-3625.4447045454444,4989.295591538308,-2.6147447013931924,-4.4295157983560784,-5.281194152736134
1461953566.408,-3973.159056894982,-3647.5463737351174,4962.826516819011,-2.5946984396005064,-4.411137898639936,-5.306403789659271
1461953571.408,-3986.082271623442,-3669.5558737469137,4936.23172899042,-2.574586365534742,-4.392648307460604,-5.331479317137564
1461953576.408,-3998.9047623232805,-3691.472647285941,4909.511900202598,-2.5544089851023273,-4.374047490332487,-5.356420096505644
1461953581.408,-4011.626203737039,-3713.2961393883543,4882.667705790595,-2.5341668077940085,-4.355335913583531,-5.381225492444173
1461953586.408,-4024.246273154248,-3735.025797434447,4855.699824257647,-2.513860342398857,-4.336514049034122,-5.4058948729880285
1461953591.408,-4036.764650418557,-3756.661071164478,4828.608937258328,-2.493490102026499,-4.317582368485546,-5.430427609544495
1461953596.408,-4049.181017938813,-3778.201412689993,4801.395729581586,-2.4730565993436358,-4.2985413488822815,-5.454823076919638
1461953601.408,-4061.495060693926,-3799.64627651126,4774.0608891341435,-2.4525603499605495,-4.279391468599897,-5.479080653316487
1461953606.408,-4073.7064662441408,-3820.995119529023,4746.605106922748,-2.4320018707112467,-4.260133209306332,-5.50319972037596
1461953611.408,-4085.814924736947,-3842.2474010602655,4719.029077037562,-2.4113816797453183,-4.2407670558104655,-5.527179663179595
1461953616.408,-4097.820128917653,-3863.4025828499985,4691.333496634645,-2.3907002975956857,-4.221293494902966,-5.551019870265918
1461953621.408,-4109.721774134547,-3884.460129088367,4663.51906591855,-2.369958245538328,-4.201713017087059,-5.57471973365864
1461953626.408,-4121.519558350093,-3905.4195064211053,4635.586488124939,-2.3491560473330537,-4.182026114710425,-5.598278648879386
1461953631.408,-4133.213182146409,-3926.2801839657645,4607.536469503296,-2.328294227548213,-4.162233283686419,-5.621696014944973
1461953636.408,-4144.80234873443,-3947.041633324625,4579.369719298882,-2.3073733127666856,-4.14233502221532,-5.644971234411969
1461953641.408,-4156.286763961343,-3967.7033285982698,4551.08694973555,-2.28639383081736,-4.122331831584688,-5.668103713386699
1461953646.408,-4167.666136318348,-3988.264746399842,4522.68887599746,-2.2653563120693434,-4.102224214727357,-5.69109286152343
1461953651.408,-4178.9401769491815,-4008.725365867181,4494.17621621177,-2.24426128640971,-4.082012679445597,-5.7139380920789336
1461953656.408,-4190.1085996561515,-4029.084668678617,4465.549691430153,-2.2231092877409537,-4.061697733609435,-5.736638821869747
1461953661.408,-4201.171120909176,-4049.342139064536,4436.810025611133,-2.201900849424419,-4.041279889919679,-5.7591944713594785
1461953666.408,-4212.127459852522,-4069.497263821645,4407.9579456019665,-2.1806365072270637,-4.020759662802448,-5.781604464610609
1461953671.408,-4222.977338312966,-4089.549532325631,4378.99418112035,-2.1593167986420667,-4.000137569108574,-5.803868229359068
1461953676.408,-4233.720480805993,-4109.4984365458995,4349.919464736032,-2.1379422616855663,-3.979414129287761,-5.825985196974216
1461953681.408,-4244.3566145446475,-4129.343471056669,4320.734531852882,-2.116513437383219,-3.9585898648902003,-5.847954802510685
1461953686.408,-4254.885469445053,-4149.084133052241,4291.440120690245,-2.0950308660603696,-3.9376653022272876,-5.869776484720205
1461953691.408,-4265.306778135704,-4168.7199223582875,4262.036972264043,-2.073495091598488,-3.9166409680601646,-5.8914496860597865
1461953696.408,-4275.620275961607,-4188.250341447178,4232.525830368908,-2.051906657777181,-3.8955173933454716,-5.91297385271082
1461953701.408,-4285.825700995398,-4207.674895447222,4202.907441559116,-2.0302661108135,-3.8742951105023167,-5.934348434592721
1461953706.408,-4295.922794040582,-4226.993092159612,4173.182555129636,-2.0085739975193064,-3.8529746553931545,-5.9555728853838446
1461953711.408,-4305.911298639832,-4246.204442068995,4143.3519230981365,-1.9868308665318182,-3.831556565954088,-5.976646662529674
1461953716.408,-4315.790961082353,-4265.308458356904,4113.416300184911,-1.9650372677388077,-3.8100413827878583,-5.997569227265558
1461953721.408,-4325.561530410177,-4284.304656913922,4083.3764437949194,-1.9431937523750094,-3.7884296490228735,-6.018340044627621
1461953726.408,-4335.222758425157,-4303.192556352458,4053.233113998332,-1.9213008727710985,-3.7667219105778713,-6.038958583467775
1461953731.408,-4344.774399694324,-4321.971678020857,4022.987073511137,-1.8993591835369443,-3.7449187148749843,-6.059424316475088
1461953736.408,-4354.2162115585925,-4340.641546013205,3992.639087676484,-1.8773692391459917,-3.7230206133117463,-6.079736720181245
1461953741.408,-4363.547954137309,-4359.201687184122,3962.1899244450187,-1.8553315962017223,-3.7010281589209626,-6.099895274983737
1461953746.408,-4372.769390336701,-4377.6516311589,3931.6403543557226,-1.8332468127136963,-3.67894190705465,-6.119899465159051
1461953751.408,-4381.880285852823,-4395.990910349392,3900.9911505163304,-1.8111154475946023,-3.656762415906087,-6.139748778871763
1461953756.408,-4390.880409182733,-4414.219059961144,3870.2430885839944,-1.7889380612386958,-3.6344902458522483,-6.159442708194547
1461953761.408,-4399.769531625646,-4432.335618010753,3839.396946745627,-1.7667152147896559,-3.612125960204139,-6.178980749132734
1461953766.408,-4408.547427292744,-4450.340125334454,3808.4535056980385,-1.7444474714839089,-3.589670123808901,-6.198362401608392
1461953771.408,-4417.213873111951,-4468.232125600909,3777.4135486288124,-1.7221353947516036,-3.56712330490609,-6.217587169512626
1461953776.408,-4425.768648833513,-4486.011165324246,3746.2778611957765,-1.6997795503793895,-3.5444860730012806,-6.236654560693751
1461953781.408,-4434.211537036147,-4503.6767938752455,3715.047231507644,-1.677380503763743,-3.521759001456303,-6.255564086981849
1461953786.408,-4442.54232313329,-4521.228563492841,3683.7224501040205,-1.654938823282464,-3.4989426642569015,-6.274315264202869
1461953791.408,-4450.760795378867,-4538.666029296189,3652.304309935014,-1.6324550770468704,-3.476037639103197,-6.292907612186809
1461953796.408,-4458.866744872839,-4555.9887492960115,3620.793606341713,-1.6099298348153752,-3.453044505519756,-6.311340654788637
1461953801.408,-4466.859965566178,-4573.19628440723,3589.1911370356056,-1.5873636679752963,-3.429963844818303,-6.329613919895564
1461953806.408,-4474.7402542673935,-4590.288198459295,3557.4977020786578,-1.5647571477393285,-3.4067962419085234,-6.347726939448876
1461953811.408,-4482.507410648176,-4607.264058207595,3525.7141038628843,-1.5421108478240058,-3.383542282568669,-6.365679249456662
1461953816.408,-4490.161237246898,-4624.12343334683,3493.8411470898204,-1.5194253417230357,-3.3602025561203845,-6.38347038999018
1461953821.408,-4497.701539477096,-4640.8658965188715,3461.879638750628,-1.4967012054294173,-3.336777652739329,-6.401099905227511
1461953826.408,-4505.128125629509,-4657.491023327694,3429.830388104817,-1.4739390146687583,-3.313268166099988,-6.418567343440827
1461953831.408,-4512.44080687967,-4673.998392347479,3397.6942066607307,-1.4511393468619644,-3.289674691489381,-6.435872257020037
1461953836.408,-4519.639397291681,-4690.387585135779,3365.47190815376,-1.4283027801675416,-3.265997826642888,-6.4530142024891575
1461953841.408,-4526.723713823446,-4706.658186243691,3333.164308526653,-1.4054298942883179,-3.2422381709793626,-6.4699927405154085
1461953846.408,-4533.693576332786,-4722.809783225916,3300.7722259083034,-1.3825212691099296,-3.218396326866241,-6.486807435912851
1461953851.408,-4540.548807580252,-4738.841966653854,3268.2964805927286,-1.3595774861569225,-3.194472898191634,-6.503457857679223
1461953856.408,-4547.289233235565,-4754.754330124399,3235.737895018707,-1.336599126962028,-3.17046849189137,-6.51994357898775
1461953861.408,-4553.914681882147,-4770.546470271066,3203.0972937484967,-1.31358677589742,-3.1463837152296037,-6.536264177198063
1461953866.408,-4560.424985021104,-4786.217986775238,3170.375503446925,-1.2905410159455641,-3.122219179777858,-6.552419233888486
1461953871.408,-4566.819977076354,-4801.768482376213,3137.573352860196,-1.2674624326427875,-3.097975497675179,-6.5684083348510285
1461953876.408,-4573.099495399075,-4817.197562881514,3104.6916727951752,-1.2443516120101776,-3.0736532834998798,-6.584231070107762
1461953881.408,-4579.263380271589,-4832.504837178199,3071.731296097532,-1.2212091399778728,-3.049253154841608,-6.599887033932646
1461953886.408,-4585.311474913215,-4847.689917241345,3038.693057631136,-1.1980356051326453,-3.0247757296401687,-6.615375824842431
1461953891.408,-4591.2436254816,-4862.752418147264,3005.5777942564264,-1.1748315952563644,-3.0002216294351456,-6.630697045629859
1461953896.408,-4597.059681081633,-4877.691958079292,2972.3863448088723,-1.1515977001990905,-2.975591476610134,-6.645850303367752
1461953901.408,-4602.759493764364,-4892.508158342469,2939.1195500780786,-1.1283345096726407,-2.9508858964773026,-6.660835209414927
1461953906.408,-4608.342918534456,-4907.200643370565,2905.7782527858462,-1.1050426147348844,-2.9261055158112868,-6.675651379437113
1461953911.408,-4613.809813352839,-4921.769040737089,2872.363297564839,-1.0817226069539174,-2.9012509636258983,-6.690298433412863
1461953916.408,-4619.160039141091,-4936.212981164781,2838.8755309368453,-1.0583750792275168,-2.8763228703537607,-6.704775995646742
1461953921.408,-4624.39345978579,-4950.532098534875,2805.315801290974,-1.035000624233362,-2.8513218693124145,-6.719083694778419
1461953926.408,-4629.50994213962,-4964.726029898808,2771.68495886273,-1.0115998364990446,-2.826248594660683,-6.733221163793132
1461953931.408,-4634.5093560291325,-4978.794415484599,2737.9838557110916,-0.9881733101592545,-2.8011036835396226,-6.747188040041692
1461953936.408,-4639.391574254665,-4992.736898709228,2704.213345697639,-0.9647216410467081,-2.775887774057992,-6.760983965237301
1461953941.408,-4644.156472595597,-5006.553126186697,2670.374284464152,-0.9412454252433236,-2.7506015065855536,-6.7746085854746525
1461953946.408,-4648.803929813597,-5020.242747737364,2636.4675294110107,-0.9177452591038673,-2.7252455237503455,-6.788061551246301
1461953951.408,-4653.333827656266,-5033.805416397018,2602.4939396749082,-0.8942217407675344,-2.699820468960752,-6.801342517437206
1461953956.408,-4657.746050858997,-5047.24078842738,2568.454376106856,-0.8706754671757153,-2.674326989174915,-6.8144511433483785
1461953961.408,-4662.040487150057,-5060.548523323123,2534.3497012505377,-0.8471070381629033,-2.6487657310390205,-6.827387092698245
1461953966.408,-4666.217027251791,-5073.728283822944,2500.180779319684,-0.8235170526277216,-2.6231373444406927,-6.840150033646751
1461953971.408,-4670.275564886044,-5086.779735916187,2465.9484761758717,-0.7999061107620946,-2.5974424803835063,-6.852739638783987
1461953976.408,-4674.215996774499,-5099.7025488539075,2431.653659306723,-0.7762748123413985,-2.5716817925522264,-6.865155585162029
1461953981.408,-4678.038222642541,-5112.496395156814,2397.2971978032483,-0.7526237588499498,-2.545855935310101,-6.8773975542853805
1461953986.408,-4681.742145222935,-5125.160950623056,2362.8799623377136,-0.7289535521904327,-2.5199655648730186,-6.889465232132352
1461953991.408,-4685.327670257643,-5137.695894337656,2328.4028251410145,-0.7052647940654424,-2.4940113398288304,-6.901358309165516
1461953996.408,-4688.794706500592,-5150.100908680799,2293.866659980416,-0.6815580871252678,-2.4679939200468652,-6.913076480336258
1461954001.408,-4692.143165719285,-5162.375679336882,2259.272342137473,-0.657834034813277,-2.441913966809807,-6.924619445092048
1461954006.408,-4695.372962699692,-5174.519895301012,2224.6207483845906,-0.6340932410548703,-2.415772143040158,-6.935986907385541
1461954011.408,-4698.484015245633,-5186.533248889581,2189.9127569633274,-0.6103363087913749,-2.389569114636288,-6.947178575696398
1461954016.408,-4701.476244184001,-5198.415435745863,2155.1492475613663,-0.5865638433042477,-2.363305547371965,-6.958194163021744
1461954021.408,-4704.349573364525,-5210.1661548503,2120.3311012899326,-0.5627764503196886,-2.3369821086262164,-6.969033386886622
1461954026.408,-4707.103929663193,-5221.78510852725,2085.459200661113,-0.5389747340768736,-2.3105994690986336,-6.979695969378099
1461954031.408,-4709.739242983865,-5233.27200245322,2050.5344295651803,-0.5151593006730764,-2.284158299700721,-6.990181637122305
1461954036.408,-4712.255446260696,-5244.626545664266,2015.5576732477498,-0.49133075660211034,-2.257659272902856,-7.000490121300118
1461954041.408,-4714.652475459866,-5255.848450563799,1980.5298182869287,-0.4674897082904863,-2.23110306309718,-7.01062115766922
1461954046.408,-4716.930269580355,-5266.937432931089,1945.451752570589,-0.4436367629468805,-2.2044903457899636,-7.020574486559099
1461954051.408,-4719.0887706575995,-5277.893211927052,1910.3243652733506,-0.41977252694323397,-2.177821799044068,-7.030349852883774
1461954056.408,-4721.127923763493,-5288.715510103149,1875.1485468336373,-0.39589760889066383,-2.1510981006558723,-7.039947006146122
1461954061.408,-4723.047677008842,-5299.40405340784,1839.9251889308516,-0.37201261593418167,-2.124319931489481,-7.049365700451062
1461954066.408,-4724.847981543938,-5309.958571194677,1804.6551844621606,-0.34811815654211387,-2.0974879728973974,-7.05860569450374
1461954071.408,-4726.528791561489,-5320.378796228066,1769.3394275196476,-0.32421483960388287,-2.070602907531793,-7.067666751628849
1461954076.408,-4728.090064296375,-5330.664464691666,1733.9788133670797,-0.3003032729138795,-2.04366542063417,-7.076548639768816
1461954081.408,-4729.5317600276885,-5340.815316194669,1698.574238416862,-0.2763840664520103,-2.016676197097695,-7.085251131492214
1461954086.408,-4730.853842079382,-5350.831093779089,1663.1266002067814,-0.2524578277289038,-1.989635925593575,-7.093774004006718
1461954091.408,-4732.05627682288,-5360.711543925117,1627.6367973770643,-0.22852516791226662,-1.9625452930349638,-7.102117039152745
1461954096.408,-4733.139033674873,-5370.456416560736,1592.105729646739,-0.20458669578692934,-1.9354049899620804,-7.110280023427094
1461954101.408,-4734.102085101691,-5380.065465065068,1556.534297790939,-0.1806430209426253,-1.9082157076873045,-7.118262747975223
1461954106.408,-4734.945406618324,-5389.538446276619,1520.9234036170474,-0.15669475308459369,-1.8809781387981275,-7.12606500860511
1461954111.408,-4735.668976788992,-5398.875120499713,1485.2739499418128,-0.13274250300673884,-1.853692976345883,-7.13368660578999
1461954116.408,-4736.272777229015,-5408.075251509768,1449.5868405677822,-0.10878688037610118,-1.8263609157238534,-7.141127344675851
1461954121.408,-4736.756792603553,-5417.138606561118,1413.8629802599216,-0.08482849529173109,-1.7989826532821098,-7.1483870350857615
1461954126.408,-4737.121010630398,-5426.0649563910765,1378.1032747223612,-0.06086795808914758,-1.7715588864530218,-7.155465491535097
1461954131.408,-4737.3654220780445,-5434.854075228043,1342.3086305747395,-0.03690587963683356,-1.744090313450215,-7.16236253321199
1461954136.408,-4737.490020767588,-5443.505740795965,1306.4799553291602,-0.012942869771904952,-1.7165776346137136,-7.169077984019168
1461954141.408,-4737.494803572784,-5452.019734320497,1270.6181573660085,0.011020460532563447,-1.6890215505054584,-7.1756116725430275
1461954146.408,-4737.37977041944,-5460.395840535193,1234.7241459112663,0.03498350075187773,-1.661422763210794,-7.181963432087741
1461954151.408,-4737.144924286096,-5468.633847686815,1198.798831012127,0.05894564066784369,-1.6337819762284198,-7.18813310065957
1461954156.408,-4736.790271203706,-5476.733547540987,1162.843123514166,0.0829062697594054,-1.6060998938628472,-7.194120520987326
1461954161.408,-4736.315820256013,-5484.694735387333,1126.8579350373527,0.10686477722174459,-1.578377221257142,-7.19992554051214
1461954166.408,-4735.721583579212,-5492.517210044976,1090.8441779524187,0.13082055260929337,-1.550614664861314,-7.205548011405881
1461954171.408,-4735.007576360593,-5500.200773868623,1054.8027653577012,0.15477298584846721,-1.5228129324523252,-7.210987790564559
1461954176.408,-4734.173816840232,-5507.745232752216,1018.7346110545142,0.17872146677109413,-1.494972732689348,-7.216244739623676
1461954181.408,-4733.220326308678,-5515.150396135306,982.6406295247475,0.20266538422947633,-1.4670947743006764,-7.2213187249476505
1461954186.408,-4732.147129108017,-5522.416077006961,946.5217359061021,0.22660412906043348,-1.4391797686093923,-7.226209617650966
1461954191.408,-4730.954252629528,-5529.542091911991,910.3788459686734,0.2505370911230784,-1.411228426958587,-7.23091729358714
1461954196.408,-4729.641727314632,-5536.528260954291,874.2128760919989,0.274463660109177,-1.3832414613807487,-7.23544163336021
1461954201.408,-4728.209586653249,-5543.374407802458,838.0247432396603,0.29838322681916907,-1.3552195856282196,-7.239782522325868
1461954206.408,-4726.657867183059,-5550.080359694085,801.8153649373575,0.32229518175608973,-1.3271635139617501,-7.243939850598167
1461954211.408,-4724.986608489117,-5556.645947439911,765.5856592477593,0.34619891513739276,-1.2990739611441313,-7.247913513046342
1461954216.408,-4723.195853201953,-5563.071005428922,729.3365447473798,0.3700938183465041,-1.2709516435816113,-7.251703409304241
1461954221.408,-4721.285646997077,-5569.355371632139,693.0689405025992,0.3939792823575772,-1.2427972780242271,-7.255309443769988
1461954226.408,-4719.256038593481,-5575.498887607109,656.7837660455576,0.41785469871501846,-1.2146115822870343,-7.258731525606095
1461954231.408,-4717.107079752894,-5581.50139850149,620.481941351041,0.4417194587249469,-1.1863952746325594,-7.261969568751169
1461954236.408,-4714.838825278054,-5587.362753057458,584.1643868117418,0.46557295447200886,-1.1581490744674738,-7.265023491910938
1461954241.408,-4712.45133301104,-5593.082803615791,547.832023215054,0.489414578002652,-1.1298737017414169,-7.2678932185694975
1461954246.408,-4709.94466383216,-5598.6614061192995,511.4857717187183,0.5132437223128363,-1.1015698776845966,-7.270578676986418
1461954251.408,-4707.318881658408,-5604.098420116513,475.1265538272886,0.5370597799346797,-1.0732383235581437,-7.27307980020197
1461954256.408,-4704.574053440997,-5609.393708765928,438.7552913683715,0.5608621434112138,-1.0448797611052214,-7.275396526034115
1461954261.408,-4701.710249165128,-5614.5471388382775,402.3729064679027,0.584650207741106,-1.016494914480063,-7.277528797089985
1461954266.408,-4698.72754184665,-5619.558580721132,365.9803215273782,0.6084233655674325,-0.9880845062361914,-7.279476560752244
1461954271.408,-4695.626007530813,-5624.427908421704,329.57845919870067,0.632181012008914,-0.9596492613191003,-7.281239769197327
1461954276.408,-4692.405725290228,-5629.154999570021,293.1682423614962,0.655922540832762,-0.9311899038448246,-7.282818379380672
1461954281.408,-4689.066777222518,-5633.739735422309,256.75059409823115,0.6796473489703203,-0.9027071608024926,-7.284212353057143
1461954286.408,-4685.609248448808,-5638.182000863397,220.32643767051107,0.7033548300860275,-0.8742017566992217,-7.285421656756313
1461954291.408,-4682.033227110555,-5642.481684410423,183.89669649564337,0.7270443810421057,-0.8456744188952143,-7.28644626180872
1461954296.408,-4678.338804367606,-5646.638678215314,147.46229412182092,0.7507153986971389,-0.8171258748980108,-7.287286144330494
1461954301.408,-4674.526074396353,-5650.652878067006,111.02415420506847,0.774367279602302,-0.7885568520796369,-7.287941285228385
1461954306.408,-4670.595134385678,-5654.524183395347,74.58320048439052,0.7979994216057094,-0.7599680789944614,-7.288411670201896
1461954311.408,-4666.546084537352,-5658.252497271156,38.14035675861998,0.8216112221380172,-0.7313602838930819,-7.288697289741762
1461954316.408,-4662.379028059136,-5661.837726412111,1.6965468620010018,0.8452020807617373,-0.7027341968168912,-7.288798139129459
1461954321.408,-4658.0940711652565,-5665.279781182418,-34.747305359693904,0.8687713959952816,-0.6740905469550853,-7.288714218440102
1461954326.408,-4653.691323072782,-5668.578575595661,-71.19027607293665,0.8923185674202614,-0.6454300642990347,-7.288445532534482
1461954331.408,-4649.1708959981925,-5671.734027317349,-107.63144148070033,0.9158429963308663,-0.616753480202533,-7.287992091071928
1461954336.408,-4644.532905155211,-5674.746057666252,-144.06987784623416,0.9393440828471284,-0.5880615249488983,-7.2873539084944525
1461954341.408,-4639.7774687507945,-5677.614591617074,-180.5046615166775,0.9628212280622392,-0.5593549294635523,-7.286531004035368
1461954346.408,-4634.904707982513,-5680.339557801829,-216.9348689479145,0.9862738354522662,-0.5306344264590734,-7.285523401722116
1461954351.408,-4629.9147470352655,-5682.920888511594,-253.35957672747534,1.0097013072390837,-0.5019007474284081,-7.284331130360357
1461954356.408,-4624.807713077564,-5685.358519698429,-289.7778615990881,1.033103046946053,-0.4731546246839571,-7.282954223552167
1461954361.408,-4619.583736259285,-5687.652390975968,-326.18880048640455,1.056478458316633,-0.444396790436258,-7.281392719671771
1461954366.408,-4614.242949707024,-5689.802445621764,-362.5914705171036,1.0798269473907567,-0.4156279784911021,-7.279646661892457
1461954371.408,-4608.785489519902,-5691.808630579106,-398.9849490466712,1.1031479186922297,-0.38684892106630286,-7.277716098154599
1461954376.408,-4603.211494769045,-5693.670896455724,-435.36831368188746,1.126440779240511,-0.3580603520595105,-7.275601081188199
1461954381.408,-4597.521107488554,-5695.389197529153,-471.7406423056807,1.1497049360259552,-0.3292630049136278,-7.2733016684999825
1461954386.408,-4591.714472678471,-5696.963491742329,-508.10101309998805,1.1729397969429556,-0.3004576134026138,-7.270817922368678
1461954391.408,-4585.791738294255,-5698.393740709762,-544.4485045706248,1.1961447710064022,-0.2716449117360753,-7.268149909850422
1461954396.408,-4579.7530552473845,-5699.6799097147805,-580.782195570016,1.2193192669119526,-0.24282563336055318,-7.2652977027712495
1461954401.408,-4573.59857739934,-5700.82196771172,-617.1011653220194,1.2424626952833933,-0.21400051277032617,-7.262261377725167
1461954406.408,-4567.328461557743,-5701.8198873263955,-653.4044934453019,1.2655744679241252,-0.18517028482710884,-7.2590410160786405
1461954411.408,-4560.94286747274,-5702.673644856077,-689.6912599773093,1.2886539961764356,-0.15633568345401727,-7.255636703952177
1461954416.408,-4554.441957831619,-5703.383220270824,-725.9605453979899,1.3117006927423063,-0.12749744300981547,-7.25204853223147
1461954421.408,-4547.825898255749,-5703.948597212745,-762.2114306533869,1.3347139725028683,-0.09865629898195039,-7.2482765965619365
1461954426.408,-4541.094857294583,-5704.369762997395,-798.4429971799894,1.3576932486366786,-0.06981298478967801,-7.24432099733815
1461954431.408,-4534.249006423171,-5704.646708612306,-834.6543269279512,1.3806379375137112,-0.04096823568397667,-7.240181839708043
1461954436.408,-4527.288520035292,-5704.77942871883,-870.8445023848011,1.4035474551264997,-0.012122785879910225,-7.23585923356552
1461954441.408,-4520.213575441044,-5704.767921650098,-907.0126065999315,1.4264212200478141,0.0167226291669067,-7.23135329354966
1461954446.408,-4513.024352858758,-5704.612189413682,-943.1577232071312,1.4492586493606723,0.04556727594263066,-7.22666413903346
1461954451.408,-4505.7210354147255,-5704.3122376874135,-979.2789364496626,1.472059162608275,0.07441041988658981,-7.2217918941332755
1461954456.408,-4498.303809134572,-5703.868075822245,-1015.3753312022418,1.494822181109157,0.10325132585057872,-7.216736687691878
1461954461.408,-4490.772862939888,-5703.279716840186,-1051.4459929961959,1.5175471251059207,0.13208926048264402,-7.211498653276067
1461954466.408,-4483.128388642172,-5702.5471774346315,-1087.4900080423963,1.5402334179507307,0.16092348888287233,-7.206077929183039
1461954471.408,-4475.370580939467,-5701.670477968263,-1123.5064632547362,1.5628804816269621,0.18975327821954124,-7.200474658417534
1461954476.408,-4467.499637408405,-5700.649642474274,-1159.49444627432,1.5854877427100291,0.2185778930215747,-7.19468898871196
1461954481.408,-4459.515758502166,-5699.4846986531165,-1195.453045492246,1.6080546248267638,0.247396601197579,-7.188721072487397
1461954486.408,-4451.419147542058,-5698.175677873738,-1231.3813500734689,1.630580555738561,0.27620866843517433,-7.182571066887476
1461954491.408,-4443.210010714122,-5696.722615170893,-1267.278449980647,1.6530649628666652,0.3050133617962274,-7.176239133738818
1461954496.408,-4434.888557062406,-5695.125549244935,-1303.1434359970094,1.6755072752248452,0.33380994821800414,-7.169725439568992
1461954501.408,-4426.454998483925,-5693.384522460048,-1338.9753997501448,1.6979069223198167,0.3625976954026555,-7.163030155589922
1461954506.408,-4417.909549722811,-5691.499580842976,-1374.7734337354505,1.7202633360893742,0.3913758703311032,-7.156153457695609
1461954511.408,-4409.252428364345,-5689.470774081637,-1410.5366313395448,1.7425759477046086,0.4201437418014393,-7.149095526453721
1461954516.408,-4400.483854830032,-5687.298155522965,-1446.2640868632675,1.764844191924567,0.4489005770656149,-7.141856547107409
1461954521.408,-4391.604052369853,-5684.981782172584,-1481.9548955451612,1.7870675021176794,0.47764564570479706,-7.134436709553711
1461954526.408,-4382.613247058405,-5682.521714691227,-1517.6081535853202,1.8092453152939925,0.5063782158085814,-7.126836208356281
1461954531.408,-4373.511667787246,-5679.918017394314,-1553.222958167842,1.8313770680615562,0.5350975570991068,-7.119055242726972
1461954536.408,-4364.299546259412,-5677.170758249266,-1588.798407484654,1.8534621979424628,0.563802939944253,-7.111094016519019
1461954541.408,-4354.977116982941,-5674.280008873739,-1624.333600758407,1.8755001466197427,0.5924936329147386,-7.102952738232489
1461954546.408,-4345.544617265382,-5671.245844532787,-1659.8276382657218,1.8974903525268019,0.6211689084893806,-7.09463162098541
1461954551.408,-4336.002287205626,-5668.068344137977,-1695.2796213603203,1.9194322598868894,0.6498280361383877,-7.086130882534917
1461954556.408,-4326.350369689533,-5664.747590243366,-1730.6886524963418,1.9413253103548413,0.6784702888071479,-7.07745074524405
1461954561.408,-4316.589110382386,-5661.283669043977,-1766.0538352509468,1.9631689497991829,0.7070949376902718,-7.06859143609131
1461954566.408,-4306.718757722147,-5657.676670373121,-1801.3742743478788,1.9849626239665668,0.7357012556503832,-7.05955318665724
1461954571.408,-4296.739562912739,-5653.926687699933,-1836.6490756801597,2.006705780580887,0.7642885155728436,-7.050336233118742
1461954576.408,-4286.651779917704,-5650.0338181263705,-1871.8773463327498,2.028397867609783,0.7928559917772873,-7.040940816239072
1461954581.408,-4276.455665454759,-5645.998162383051,-1907.0581946062462,2.0500383359722036,0.8214029579439739,-7.03136718136102
1461954586.408,-4266.151478984929,-5641.819824829533,-1942.1907300391633,2.071626636396104,0.8499286895666955,-7.021615578401679
1461954591.408,-4255.739482710052,-5637.498913447835,-1977.2740634308504,2.0931622225880346,0.8784324615453443,-7.011686261843124
1461954596.408,-4245.219941562683,-5633.035539841598,-2012.307306864392,2.1146445485610457,0.9069135502768404,-7.001579490721042
1461954601.408,-4234.593123201505,-5628.429819230861,-2047.2895737295146,2.13607307023085,0.9353712324482331,-6.99129552862064
1461954606.408,-4223.859298000764,-5623.68187045143,-2082.219978744867,2.1574472446209256,0.963804785670618,-6.9808346436652755
1461954611.408,-4213.018739046733,-5618.791815948498,-2117.0976379811923,2.1787665297542844,0.9922134886019194,-6.9701971085041805
1461954616.408,-4202.071722128101,-5613.759781774939,-2151.921668883571,2.200030387353763,1.0205966189605533,-6.95938320032792
1461954621.408,-4191.018525728679,-5608.585897587529,-2186.691190294261,2.221238277256816,1.0489534576927326,-6.948393200812461
1461954626.408,-4179.859431021293,-5603.270296642289,-2221.4053224750273,2.2423896636928475,1.0772832843595097,-6.937227396163962
1461954631.408,-4168.5947218591955,-5597.813115791333,-2256.0631871299574,2.263484010964021,1.105585380382763,-6.925886077068753
1461954636.408,-4157.224684768603,-5592.214495479001,-2290.663907427512,2.2845207853479224,1.1338590275909155,-6.914369538706978
1461954641.408,-4145.74960894065,-5586.474579738049,-2325.2066080231566,2.305499454399069,1.1621035088992357,-6.902678080728492
1461954646.408,-4134.169786224858,-5580.593516184559,-2359.6904150818973,2.3264194868515915,1.1903181082570882,-6.890812007257864
1461954651.408,-4122.485511120536,-5574.571456014515,-2394.114456300149,2.3472803544691487,1.2185021094219337,-6.878771626875277
1461954656.408,-4110.697080768805,-5568.408553999464,-2428.4778609282953,2.3680815290017563,1.2466547982012344,-6.866557252606526
1461954661.408,-4098.804794944141,-5562.104968482427,-2462.77975979311,2.3888224844267825,1.2747754608008108,-6.854169201919831
1461954666.408,-4086.8089560488,-5555.660861371892,-2497.019285319161,2.4095026966492696,1.3028633841304327,-6.841607796710832
1461954671.408,-4074.709869101107,-5549.07639813952,-2531.195571551973,2.4301216428766566,1.3309178562349189,-6.828873363290768
1461954676.408,-4062.507841730753,-5542.3517478132935,-2565.307754179205,2.4506788014759877,1.3589381664623943,-6.815966232381925
1461954681.408,-4050.2031841676016,-5535.487082974734,-2599.354970553122,2.471173653569622,1.3869236043037745,-6.80288673910627
1461954686.408,-4037.79620923656,-5528.482579751749,-2633.3363597125717,2.491605680525481,1.414873461290881,-6.789635222970901
1461954691.408,-4025.287232346431,-5521.338417815946,-2667.2510624043475,2.511974367273524,1.442787028557177,-6.776212027855308
1461954696.408,-4012.676571481833,-5514.054780376973,-2701.098221105936,2.5322791982339368,1.470663599882755,-6.762617502014109
1461954701.408,-3999.9645471979493,-5506.631854175305,-2734.8769800466193,2.55251966140122,1.4985024686820907,-6.7488519980515775
1461954706.408,-3987.151482607154,-5499.0698294804,-2768.586485229586,2.5726952450968383,1.5263029304796873,-6.734915872917554
1461954711.408,-3974.237703374479,-5491.368900082593,-2802.22588445325,2.592805440592201,1.554064280946477,-6.7208094878942575
1461954716.408,-3961.223537705753,-5483.5292632897,-2835.794327333388,2.6128497398271975,1.5817858176606023,-6.7065332085931
1461954721.408,-3948.1093163422197,-5475.551119919394,-2869.2909653242245,2.6328276369563355,1.6094668389523576,-6.6920874049214945
1461954726.408,-3934.895372548068,-5467.4346742959315,-2902.7149517405032,2.6527386282132284,1.6371066440651703,-6.677472451106041
1461954731.408,-3921.582042104939,-5459.180134242372,-2936.0654417783558,2.6725822109779074,1.6647045338340831,-6.662688725639782
1461954736.408,-3908.1696633000515,-5450.787711076715,-2969.3415925370714,2.6923578852206447,1.6922598097180526,-6.647736611312666
1461954741.408,-3894.6585769204407,-5442.25761960365,-3002.5425630405402,2.712065151599745,1.719771775126901,-6.632616495166985
1461954746.408,-3881.0491262398737,-5433.5900781117225,-3035.66751425819,2.731703514169567,1.747239733553215,-6.617328768498282
1461954751.408,-3867.3416570140866,-5424.78530836393,-3068.715609126488,2.751272476469694,1.7746629913854122,-6.601873826846713
1461954756.408,-3853.5365174683084,-5415.84353559413,-3101.686012569993,2.770771546530341,1.8020408543679878,-6.586252069983402
1461954761.408,-3839.634058289567,-5406.764988499444,-3134.5778915226974,2.7902002322070985,1.8293726309320846,-6.5704639018886155
1461954766.408,-3825.6346326165094,-5397.549899234861,-3167.390414948712,2.8095580446233726,1.856657629798974,-6.554509730747213
1461954771.408,-3811.5385960313756,-5388.198503405798,-3200.122753863359,2.828844495692465,1.8838951617353814,-6.5383899689436475
1461954776.408,-3797.3463065496358,-5378.7110400620395,-3232.7740813544547,2.848059099846978,1.911084538396608,-6.5221050330392245
1461954781.408,-3783.0581246098227,-5369.087751691943,-3265.343572602682,2.8672013731088555,1.9382250729686348,-6.50565534375346
1461954786.408,-3768.674413065864,-5359.328884214288,-3297.830404902645,2.8862708338656375,1.9653160796633529,-6.489041325970902
1461954791.408,-3754.195537175626,-5349.434686972794,-3330.233757683645,2.905267002137407,1.9923568742742646,-6.472263408708841
1461954796.408,-3739.621864590065,-5339.405412726323,-3362.552812536333,2.924189399424904,2.0193467742928988,-6.455322025114128
1461954801.408,-3724.953765352909,-5329.241317651151,-3394.786753208178,2.9430375500764967,2.0462850979520226,-6.438217612455446
1461954806.408,-3710.191611876173,-5318.942661319843,-3426.934765662959,2.9618109798116166,2.07317116534432,-6.420950612094202
1461954811.408,-3695.335778939327,-5308.509706704734,-3458.9960380741995,2.98050921677941,2.100004297677515,-6.403521469485895
1461954816.408,-3680.3866436781964,-5297.9427201667595,-3490.969760853273,2.999131789587409,2.1267838186331574,-6.385930634156011
1461954821.408,-3665.3445855744335,-5287.24197144923,-3522.8551266687373,3.017678232169146,2.1535090510878945,-6.368178559700482
1461954826.408,-3650.2099864458783,-5276.407733669696,-3554.6513304673786,3.0361480760980157,2.180179322402182,-6.350265703749756
1461954831.408,-3634.983230435844,-5265.4402833132835,-3586.3575694939286,3.0545408593284264,2.206793958444905,-6.332192527983807
1461954836.408,-3619.6647040034914,-5254.339900224456,-3617.973043311665,3.0728561177820666,2.2333522893686677,-6.313959498089844
1461954841.408,-3604.254795913087,-5243.106867600246,-3649.4969538218556,3.0910933925861173,2.2598536447094375,-6.295567083769583
1461954846.408,-3588.753897224508,-5231.741471981628,-3680.928505284341,3.1092522255607946,2.286297356486102,-6.277015758719244
1461954851.408,-3573.162401283839,-5220.244003245284,-3712.2669043371775,3.1273321602998294,2.3126827584765124,-6.258306000602261
1461954856.408,-3557.480703708844,-5208.614754598617,-3743.5113600165246,3.1453327433646336,2.339009185435316,-6.23943829106247
1461954861.408,-3541.709202384859,-5196.854022567307,-3774.6610837766075,3.1632535228045526,2.3652759741244154,-6.220413115680458
1461954866.408,-3525.848297447964,-5184.962106991864,-3805.7152895091567,3.1810940487630432,2.391482462915519,-6.20123096397856
1461954871.408,-3509.898391280546,-5172.939311015374,-3836.6731935630214,3.19885387395243,2.417627991527297,-6.1818923293994885
1461954876.408,-3493.8598884947523,-5160.785941079009,-3867.5340147641864,3.216532552589797,2.443711901714778,-6.162397709295419
1461954881.408,-3477.7331959276053,-5148.502306910299,-3898.296974434715,3.2341296417703234,2.469733536415333,-6.142747604905253
1461954886.408,-3461.5187226248468,-5136.08872151794,-3928.961296412816,3.2516447001430606,2.4956922406345257,-6.1229425213509785
1461954891.408,-3445.216879834324,-5123.545501181218,-3959.5262070714152,3.2690772880623626,2.5215873613760778,-6.1029829676117515
1461954896.408,-3428.828080994651,-5110.872965441471,-3989.9909353378403,3.2864269695014627,2.547418246381312,-6.082869456519347
1461954901.408,-3412.3527417220016,-5098.071437094807,-4020.354712713463,3.3036933084331395,2.573184246578421,-6.062602504734059
1461954906.408,-3395.79127980154,-5085.141242182656,-4050.6167732917543,3.3208758743394355,2.5988847124099266,-6.04218263274106
1461954911.408,-3379.14411517523,-5072.082709982854,-4080.776353778585,3.3379742348411128,2.6245189988039783,-6.021610364815842
1461954916.408,-3362.411669932266,-5058.896173000853,-4110.832693509941,3.354987962933592,2.6500864603285663,-6.000886229031494
1461954921.408,-3345.594368295807,-5045.581966961338,-4140.785034471978,3.371916632398552,2.675586454317454,-5.980010757230048
1461954926.408,-3328.692636614378,-5032.140430798234,-4170.632621319069,3.3887598195105966,2.7010183397278524,-5.958984485007932
1461954931.408,-3311.706903348891,-5018.571906646666,-4200.374701392692,3.4055171026398057,2.7263814774314596,-5.93780795170278
1461954936.408,-3294.637599062793,-5004.876739832553,-4230.010524740557,3.422188062685109,2.751675229948887,-5.916481700387521
1461954941.408,-3277.485156408888,-4991.05527886533,-4259.5393441344,3.438772282930131,2.7768989615715327,-5.895006277823995
1461954946.408,-3260.250010121281,-4977.107875425817,-4288.960415089266,3.45526934835425,2.802052038849979,-5.8733822344865985
1461954951.408,-3242.9325969998795,-4963.0348843598895,-4318.272995881574,3.4716788462178556,2.8271338301892683,-5.851610124519539
1461954956.408,-3225.5333559036303,-4948.836663666299,-4347.4763475671025,3.488000366608503,2.8521437055669594,-5.829690505728649
1461954961.408,-3208.0527277346764,-4934.5135744891095,-4376.569734000265,3.5042335022030784,2.877081036661366,-5.8076239395732046
1461954966.408,-3190.4911554302266,-4920.065981106882,-4405.552421851209,3.5203778461341244,2.9019451983067484,-5.785410991134086
1461954971.408,-3172.8490839494953,-4905.494250923323,-4434.423680624621,3.536432996372241,2.9267355656156724,-5.763052229111054
1461954976.408,-3155.1269602620914,-4890.798754457703,-4463.182782677605,3.5523985506924873,2.9514515173259497,-5.7405482257991025
1461954981.408,-3137.3252333370006,-4875.9798653348425,-4491.829003237366,3.5682741121204344,2.9760924322354185,-5.717899557070268
1461954986.408,-3119.444354130359,-4861.0379602751145,-4520.361620419536,3.5840592825329622,3.0006576933983524,-5.695106802378177
1461954991.408,-3101.484775574878,-4845.973419084376,-4548.7799152452935,3.5997536690842935,3.025146683989078,-5.672170544704386
1461954996.408,-3083.446952565819,-4830.786624644401,-4577.083171660045,3.6153568798758897,3.049558790111405,-5.649091370571114
1461955001.408,-3065.3313419524798,-4815.4779629016175,-4605.270676550012,3.6308685253834483,3.073893399878216,-5.6258698700321474
1461955006.408,-3047.138402523104,-4800.047822858216,-4633.341719760557,3.6462882192809047,3.0981499029603583,-5.602506636600992
1461955011.408,-3028.868594995023,-4784.496596561093,-4661.295594113079,3.661615576791519,3.1223276916043687,-5.579002267318174
1461955016.408,-3010.5223820015926,-4768.824679091928,-4689.131595422679,3.676850216071216,3.1464261597902805,-5.555357362662107
1461955021.408,-2992.1002280821854,-4753.032468555398,-4716.849022515548,3.6919917567283846,3.170444704201145,-5.531572526560012
1461955026.408,-2973.6025996677918,-4737.120366070639,-4744.447177245716,3.707039821998478,3.1943827228551527,-5.507648366387912
1461955031.408,-2955.029965069631,-4721.088775759597,-4771.925364512802,3.7219940368495372,3.2182396163416342,-5.483585492916973
1461955036.408,-2936.3827944682234,-4704.938104736184,-4799.282892278494,3.736854029073129,3.242014787095286,-5.4593845203271485
1461955041.408,-2917.6615599003735,-4688.668763095975,-4826.519071583669,3.751619427956939,3.265707640337496,-5.435046066178984
1461955046.408,-2898.8667352465636,-4672.2811639054335,-4853.633216565454,3.7662898664293607,3.2893175826629886,-5.410570751389969
1461955051.408,-2879.9987962199066,-4655.775723190677,-4880.624644473676,3.7808649793309996,3.312844023208527,-5.3859592002263526
1461955056.408,-2861.0582203528866,-4639.152859926836,-4907.492675687873,3.795344403427407,3.336286373612893,-5.361212040281316
1461955061.408,-2842.0454869849655,-4622.412996027346,-4934.236633733639,3.8097277792694513,3.3596440469209483,-5.336329902466787
1461955066.408,-2822.961077252033,-4605.5565563316995,-4960.855845299256,3.8240147484279987,3.382916459306216,-5.311313420984334
1461955071.408,-2803.8054740714565,-4588.58396859596,-4987.349640252016,3.8382049561355416,3.406103028414691,-5.286163233309708
1461955076.408,-2784.57916213166,-4571.4956634801465,-5013.717351654764,3.8522980489269685,3.4292031748827867,-5.26087998017465
1461955081.408,-2765.282627878304,-4554.2920745379315,-5039.958315782015,3.866293677273461,3.4522163207411722,-5.2354643055623455
1461955086.408,-2745.9163595031546,-4536.973638204502,-5066.071872136075,3.880191492839913,3.4751418910818757,-5.209916856664677
1461955091.408,-2726.4808469306977,-4519.540793785594,-5092.057363463197,3.8939911505754026,3.4979793128013625,-5.184238283904051
1461955096.408,-2706.976581805461,-4501.993983446075,-5117.9141357695935,3.907692307058369,3.5207280156619163,-5.158429240857004
1461955101.408,-2687.4040574797586,-4484.333652198322,-5143.64153833719,3.921294623299218,3.5433874305736026,-5.1324903843024
1461955106.408,-2667.763769001427,-4466.560247890197,-5169.23892373964,3.93479776041022,3.5659569922345327,-5.1064223741432215
1461955111.408,-2648.0562130958097,-4448.674221190802,-5194.705647862933,3.948201383587275,3.5884361367770907,-5.080225873432937
1461955116.408,-2628.2818881707444,-4430.676025591176,-5220.041069901321,3.9615051601645064,3.610824302889341,-5.053901548358226
1461955121.408,-2608.441294278876,-4412.566117374061,-5245.24455240155,3.9747087599284896,3.633120931729536,-5.0274500681680365
1461955126.408,-2588.534933121045,-4394.344955613074,-5270.315461260362,3.9878118557089692,3.6553254665295754,-5.0008721052117835
1461955131.408,-2568.563308029554,-4376.013002159311,-5295.253165743274,4.000814122031443,3.6774373534308324,-4.9741683349002415
1461955136.408,-2548.5269239548297,-4357.5707216288965,-5320.057038500406,4.013715236992084,3.6994560403827563,-4.947339435685535
1461955141.408,-2528.4262874536707,-4339.018581390095,-5344.726455581844,4.026514880271407,3.7213809783524994,-4.920386089047497
1461955146.408,-2508.261906674696,-4320.35705155248,-5369.260796452429,4.039212734881403,3.743211620292641,-4.893308979468202
1461955151.408,-2488.0342913472014,-4301.586604953624,-5393.659444006801,4.051808486179652,3.764947421746001,-4.8661087944256
1461955156.408,-2467.74395276675,-4282.707717147586,-5417.921784584427,4.064301822726975,3.7865878403536044,-4.838786224366231
1461955161.408,-2447.391403782869,-4263.720866392517,-5442.047207984094,4.076692433748121,3.8081323373489795,-4.8113419626834
1461955166.408,-2426.9771587859977,-4244.626533637739,-5466.035107479145,4.088980013508262,3.8295803750552295,-4.783776705711716
1461955171.408,-2406.5017336941096,-4225.425202512144,-5489.884879831546,4.101164257073833,3.8509314193124737,-4.756091152695262
1461955176.408,-2385.965645939511,-4206.117359311063,-5513.595925306942,4.1132448638250025,3.8721849375087913,-4.728286005787595
1461955181.408,-2365.3694144567103,-4186.703492983956,-5537.167647688548,4.125221533729473,3.893340400712077,-4.700361969993537
1461955186.408,-2344.713559667326,-4167.184095121969,-5560.599454292123,4.1370939709509,3.9143972816282258,-4.6723197532073755
1461955191.408,-2323.9986034691397,-4147.559659945073,-5583.890755979463,4.148861882054916,3.9353550556352275,-4.6441600661473785
1461955196.408,-2303.2250692214434,-4127.830684289081,-5607.040967173366,4.160524975659428,3.9562132010123605,-4.6158836223594335
1461955201.408,-2282.393481731692,-4107.997667593656,-5630.049505871089,4.1720829634041365,3.976971198371757,-4.587491138189762
1461955206.408,-2261.5043672432544,-4088.061111888703,-5652.915793658543,4.183535559806387,3.997628530792099,-4.558983332772186
1461955211.408,-2240.5582534205273,-4068.021521781901,-5675.639255724417,4.194882481825061,4.018184684059634,-4.530360928002665
1461955216.408,-2219.555669337968,-4047.8794044452447,-5698.219320873423,4.206123448752351,4.038639146750484,-4.501624648520192
1461955221.408,-2198.497145463974,-4027.6352696030667,-5720.655421540339,4.217258183120521,4.058991409721784,-4.472775221706797
1461955226.408,-2177.3832136495025,-4007.2896295176056,-5742.946993803751,4.228286410155306,4.079240966458656,-4.443813377641163
1461955231.408,-2156.21440711375,-3986.8429989771103,-5765.093477399065,4.239207857416204,4.0993873132679255,-4.414739849092257
1461955236.408,-2134.991260430661,-3966.2958952819354,-5787.094315732403,4.250022254713258,4.1194299493263316,-4.385555371504779
1461955241.408,-2113.7143095160914,-3945.648838231611,-5808.948955893505,4.260729335802353,4.139368375796494,-4.356260682964603
1461955246.408,-2092.3840916137838,-3924.9023501112333,-5830.656848669332,4.271328836347038,4.159202096936951,-4.326856524214236
1461955251.408,-2071.0011452813314,-3904.056955678797,-5852.217448556907,4.281820494722979,4.178930619671519,-4.29734363857915
1461955256.408,-2049.5660103777427,-3883.113182151067,-5873.6302137764205,4.292204051912222,4.198553453664317,-4.267722772001434
1461955261.408,-2028.0792280498224,-3862.071559190289,-5894.894606284107,4.302479252169633,4.218070110981444,-4.237994672993409
1461955266.408,-2006.5413407167102,-3840.93261889135,-5916.010091785234,4.312645842149777,4.237480106578005,-4.208160092617618
1461955271.408,-1984.9528920586886,-3819.6968957673275,-5936.97613974662,4.322703571004922,4.256782958225358,-4.178219784474095
1461955276.408,-1963.3144270016,-3798.364926736446,-5957.7922234095395,4.33265219074633,4.27597818637787,-4.148174504688541
1461955281.408,-1941.626491704956,-3776.9372511080946,-5978.457819801884,4.342491456660127,4.295065313930081,-4.118025011878672
1461955286.408,-1919.889633546004,-3755.4144105695127,-5998.972409751102,4.35222112622796,4.3140438668147,-4.087772067144215
1461955291.408,-1898.1044011085835,-3733.7969491715094,-6019.335477896001,4.36184095948488,4.332913373825249,-4.057416434037805
1461955296.408,-1876.2713441670287,-3712.0854133150924,-6039.546512699526,4.371350720057762,4.3516733660931095,-4.026958878561345
1461955301.408,-1854.391013673759,-3690.2803517375132,-6059.60500646049,4.380750173374963,4.370323378001558,-3.9964001691341764
1461955306.408,-1832.46396174474,-3668.3823154983957,-6079.51045532586,4.390039087960076,4.388862946572772,-3.9657410765657914
1461955311.408,-1810.4907416468939,-3646.391857965163,-6099.262359302728,4.39921723551015,4.407291611392338,-3.9349823740712964
1461955316.408,-1788.4719077826346,-3624.3095348002057,-6118.860222269927,4.408284390081235,4.425608915089015,-3.9041248372013797
1461955321.408,-1766.4080156767918,-3602.1359039457393,-6138.3035519902305,4.417240328502203,4.44381440308689,-3.8731692438695973
1461955326.408,-1744.2996219631766,-3579.871525610321,-6157.591860121499,4.426084830588479,4.461907623544448,-3.842116374304169
1461955331.408,-1722.1472843690367,-3557.516962254564,-6176.724662228816,4.434817679139314,4.479888127355935,-3.8109670110370644
1461955336.408,-1699.9515617038087,-3535.072778576606,-6195.701477795372,4.443438658830928,4.497755468708419,-3.7797219388849044
1461955341.408,-1677.713013842752,-3512.539541498303,-6214.521830234275,4.451947558043457,4.51550920418822,-3.748381944938046
1461955346.408,-1655.4322017138747,-3489.917820150766,-6233.18524689967,4.460344167744779,4.533148893360249,-3.7169478185023763
1461955351.408,-1633.109687283813,-3467.2081858600327,-6251.691259097954,4.46862828160306,4.550674098706168,-3.6854203511511514
1461955356.408,-1610.7460335443604,-3444.411212132621,-6270.039402098704,4.476799695893533,4.568084385680777,-3.653800336624954
1461955361.408,-1588.3418044980585,-3421.5274746408977,-6288.22921514593,4.484858210091943,4.58537932244235,-3.6220885708753485
1461955366.408,-1565.8975651438525,-3398.5575512092546,-6306.260241468611,4.492803625701754,4.602558480412426,-3.5902858520021255
1461955371.408,-1543.4138814631515,-3375.5020217988754,-6324.132028291883,4.500635748987634,4.61962143304072,-3.5583929802687635
1461955376.408,-1520.8913204064477,-3352.3614684934296,-6341.844126847377,4.508354386122846,4.636567758008823,-3.5264107580551354
1461955381.408,-1498.3304498778036,-3329.1364754847145,-6359.396092384012,4.51595934860984,4.653397034790487,-3.4943399898365897
1461955386.408,-1475.731838722726,-3305.8276290573585,-6376.787484178352,4.523450449434222,4.670108846406947,-3.4621814822039596
1461955391.408,-1453.0960567119723,-3282.4355175749524,-6394.0178655450445,4.530827504790295,4.686702778648396,-3.429936043786256
1461955396.408,-1430.4236745286987,-3258.960731464522,-6411.086803847199,4.538090333887567,4.703178420166751,-3.397604485275224
1461955401.408,-1407.7152637541055,-3235.403863202386,-6427.993870506304,4.545238758310461,4.719535362797615,-3.3651876193926
1461955406.408,-1384.9713968527042,-3211.765507298751,-6444.738641012717,4.552272603304118,4.735773200982749,-3.3326862608510055
1461955411.408,-1362.1926471590123,-3188.046260283209,-6461.32069493528,4.559191695761683,4.751891532650461,-3.3001012263730445
1461955416.408,-1339.3795888624645,-3164.2467206897327,-6477.739615931449,4.5659958663407,4.767889958323394,-3.267433334625821
1461955421.408,-1316.5327969935245,-3140.3674890415105,-6493.994991757091,4.57268494835057,4.783768081604194,-3.234683406239128
1461955426.408,-1293.6528474099862,-3116.4091678366503,-6510.086414275747,4.579258778044277,4.799525509067735,-3.201852263764522
1461955431.408,-1270.740316781579,-3092.3723615320882,-6526.01347946895,4.5857171935510905,4.815161850694494,-3.1689407316735014
1461955436.408,-1247.7957825767999,-3068.257676529255,-6541.775787445138,4.592060037705778,4.83067671872459,-3.1359496363029393
1461955441.408,-1224.819823048281,-3044.065721158739,-6557.372942449234,4.598287154188938,4.84606972925485,-3.102879805873272
1461955446.408,-1201.8130172177716,-3019.797105665226,-6572.804552871992,4.604398391276618,4.861340500706319,-3.0697320704503
1461955451.408,-1178.7759448631377,-2995.452442191931,-6588.07023125916,4.610393598642759,4.876488655137109,-3.0365072619251805
1461955456.408,-1155.7091865029292,-2971.0323447661763,-6603.169594320364,4.616272630192498,4.8915138171119,-3.003206214002603
1461955461.408,-1132.6133233826827,-2946.5374292829288,-6618.10226293854,4.622035341428273,4.90641561475195,-2.9698297621662277
1461955466.408,-1109.4889374603124,-2921.96831349056,-6632.867862178393,4.627681591482997,4.921193678951568,-2.936378743667774
1461955471.408,-1086.3366113917655,-2897.3256169748884,-6647.4660212954195,4.633211242525022,4.935847643621855,-2.902853997521561
1461955476.408,-1063.1569285167932,-2872.6099611440613,-6661.896373744509,4.638624158930725,4.950377146000392,-2.8692563644481197
1461955481.408,-1039.9504728443076,-2847.8219692129564,-6676.158557188599,4.643920208450936,4.964781826235594,-2.835586686890565
1461955486.408,-1016.7178290383429,-2822.962266187858,-6690.252213507069,4.649099261226297,4.979061327746422,-2.8018458089709384
1461955491.408,-993.4595824037847,-2798.0314788506553,-6704.176988804253,4.654161191167418,4.993215296728067,-2.768034576485661
1461955496.408,-970.1763188708896,-2773.0302357439664,-6717.932533417558,4.659105873944213,5.007243382911383,-2.7341538368727925
1461955501.408,-946.8686249819968,-2747.9591671547255,-6731.518501925897,4.6639331889876985,5.021145238813006,-2.700204439195659
1461955506.408,-923.5370878769115,-2722.818905099185,-6744.934553157506,4.6686430183750645,5.0349205201632685,-2.6661872341301205
1461955511.408,-900.1822952782018,-2697.610083306877,-6758.18035019813,4.67323524645667,5.048568886043995,-2.6321030739381968
1461955516.408,-876.8048354765823,-2672.3333372052907,-6771.255560398815,4.677709761782921,5.062089998231841,-2.597952812443509
1461955521.408,-853.4052973167271,-2646.989303904006,-6784.159855383671,4.682066454414439,5.075483522101877,-2.563737305020368
1461955526.408,-829.9842701830175,-2621.5786221787534,-6796.892911057634,4.686305218295502,5.088749125873619,-2.5294574085683053
1461955531.408,-806.5423439848597,-2596.101932455968,-6809.454407613947,4.690425949593077,5.101886481122619,-2.495113981486611
1461955536.408,-783.0801091417833,-2570.559876796586,-6821.844029541802,4.694428547889515,5.114895262444406,-2.4607078836706933
1461955541.408,-759.5981565694759,-2544.95309888057,-6834.061465633565,4.698312915296015,5.127775147713692,-2.4262399764738802
1461955546.408,-736.0970776656264,-2519.282243991006,-6846.106408991994,4.702078957188178,5.1405258178751865,-2.391711122700144
1461955551.408,-712.5774642938142,-2493.5479589976126,-6857.97855703779,4.705726581412819,5.153146957194167,-2.357122186574088
1461955556.408,-689.0399087715076,-2467.750892341688,-6869.677611516116,4.709255699004643,5.165638253037287,-2.322474033730032
1461955561.408,-665.4850038528397,-2441.8916940194017,-6881.2032785040965,4.712666223762312,5.177999396010364,-2.2877675311765415
1461955566.408,-641.9133427165294,-2415.971015566053,-6892.555268417337,4.715958072738317,5.190230079838784,-2.253003547294611
1461955571.408,-618.3255189492737,-2389.9895100402414,-6903.733296016857,4.7191311653336925,5.202330001599876,-2.2181829518094673
1461955576.408,-594.7221265325502,-2363.947832007348,-6914.7370804157335,4.722185424072222,5.214298861530551,-2.183306615778747
1461955581.408,-571.1037598277499,-2337.8466375236762,-6925.56634508567,4.7251207746569435,5.226136363028218,-2.148375411534289
1461955586.408,-547.4710135614237,-2311.686584120444,-6936.22081786344,4.727937145424676,5.237842212784926,-2.1133902127266992
1461955591.408,-523.824482810854,-2285.468330787374,-6946.700230957257,4.73063446763183,5.249416120725982,-2.078351894248044
1461955596.408,-500.1647629894568,-2259.1925379565837,-6957.004320953096,4.733212675575544,5.260857799993573,-2.0432613322291218
1461955601.408,-476.4924498322466,-2232.8598674864334,-6967.132828820789,4.735671706587937,5.272166966945861,-2.008119404048557
1461955606.408,-452.8081393815666,-2206.4709826453154,-6977.085499920057,4.738011500345692,5.28334334131705,-1.972926988254585
1461955611.408,-429.11242797160236,-2180.0265480948974,-6986.862084006691,4.7402320000102804,5.294386645981831,-1.9376849646059782
1461955616.408,-405.40591221522175,-2153.5272298747523,-6996.462335238015,4.742333151531454,5.305296607105902,-1.9023942140047438
1461955621.408,-381.68918898794493,-2126.9736953848924,-7005.8860121790985,4.744314903768554,5.3160729541268665,-1.8670556185006717
1461955626.408,-357.9628554141104,-2100.366613370371,-7015.132877808059,4.746177208076745,5.326715419831999,-1.8316700612622299
1461955631.408,-334.22750885281226,-2073.706653904477,-7024.202699521705,4.7479200195739395,5.337223740143145,-1.7962384265538276
1461955636.408,-310.483746881909,-2046.9944883719006,-7033.095249141199,4.749543295451701,5.34759765441072,-1.7607615997349058
1461955641.408,-286.73216728460665,-2020.2307894532064,-7041.810302917084,4.751046996357843,5.357836905186559,-1.7252404672035482
1461955646.408,-262.9733680345048,-1993.416231107663,-7050.347641534723,4.752431085568617,5.367941238371259,-1.6896759164164905
1461955651.408,-239.2079472808909,-1966.5514885569746,-7058.707050119424,4.753695529389489,5.37791040313823,-1.6540688358418265
1461955656.408,-215.43650333427908,-1939.6372382685604,-7066.8883182414875,4.754840297159916,5.3877441519671265,-1.6184201149417277
1461955661.408,-191.65963465177498,-1912.6741579394484,-7074.891239921079,4.755865360859701,5.397442240672262,-1.5827306441615292
1461955666.408,-167.87793982265976,-1885.6629264793505,-7082.7156136331205,4.7567706958786005,5.4070044283485,-1.5470013149024453
1461955671.408,-144.09201755333885,-1858.6042239939572,-7090.361242312086,4.757556279766618,5.416430477464019,-1.5112330195097456
1461955676.408,-120.30246665300581,-1831.4987317686582,-7097.827933356543,4.758222093853249,5.425720153762995,-1.4754266512345566
1461955681.408,-96.509886019111,-1804.3471322515834,-7105.115498633758,4.758768121540427,5.434873226367927,-1.4395831042356804
1461955686.408,-72.71487462325544,-1777.1501090372155,-7112.223754484045,4.759194349982948,5.443889467694817,-1.403703273537758
1461955691.408,-48.918031495070295,-1749.9083468495717,-7119.152521725175,4.759500768483008,5.452768653538897,-1.3677880550330883
1461955696.408,-25.119955709291837,-1722.622531525119,-7125.90162565663,4.75968736987182,5.461510563015054,-1.3318383454361538
1461955701.408,-1.3212463702571284,-1695.2933499968815,-7132.470896063588,4.759754149498914,5.47011497859944,-1.2958550422927146
1461955706.408,22.477497402445984,-1667.9214902766885,-7138.860167221126,4.75970110583069,5.478581686126745,-1.2598390439279683
1461955711.408,46.275676488600595,-1640.5076414391947,-7145.0692778979965,4.759528240295886,5.48691047478269,-1.223791249442911
1461955716.408,70.07269178225941,-1613.0524936044249,-7151.098071360573,4.7592355568672815,5.495101137119718,-1.1877125587052433
1461955721.408,93.86794420541652,-1585.5567379215008,-7156.946395376449,4.758823063087419,5.503153469070412,-1.1516038723111706
1461955726.408,117.660834723651,-1558.0210665515835,-7162.6141022180855,4.758290768678492,5.511067269910882,-1.115466091558119
1461955731.408,141.4507643603436,-1530.4461726505222,-7168.101048666461,4.757638686919279,5.518842342332846,-1.0793001184483728
1461955736.408,165.23713421083434,-1502.832750352846,-7173.407096014265,4.756866833595041,5.526478492376555,-1.0431068556581522
1461955741.408,189.0193454577123,-1475.1814947540338,-7178.532110069385,4.755975227672735,5.533975529494683,-1.0068872064975949
1461955746.408,212.79679938489005,-1447.4931018942611,-7183.47596115798,4.754963890773439,5.541333266502761,-0.9706420749325844
1461955751.408,236.5688973922033,-1419.7682687408767,-7188.238524127687,4.753832847608635,5.548551519622151,-0.9343723655238136
1461955756.408,260.3350410104083,-1392.0076931716844,-7192.819678350594,4.752582125637673,5.555630108451169,-0.8980789834213283
1461955761.408,284.09463191503266,-1364.21207395797,-7197.219307726126,4.751211755708312,5.562568856078542,-0.861762834359979
1461955766.408,307.847071942066,-1336.3821107472418,-7201.437300683853,4.749721770829694,5.569367588847399,-0.8254248246057614
1461955771.408,331.59176310095523,-1308.5185040467265,-7205.473550186157,4.748112207552822,5.57602613664244,-0.7890658609676393
1461955776.408,355.3281075907598,-1280.6219552055893,-7209.327953730902,4.746383105020982,5.582544332687803,-0.7526868507547988
1461955781.408,379.0555078132832,-1252.6931663986015,-7213.000413353821,4.7445345052644825,5.588922013613683,-0.7162887017739195
1461955786.408,402.77336638881013,-1224.7328406084994,-7216.490835630992,4.742566453609413,5.595159019585026,-0.6798723222791523
1461955791.408,426.4810861699699,-1196.7416816090033,-7219.799131681075,4.740478997652588,5.601255193990255,-0.643438620996676
1461955796.408,450.1780702563163,-1168.7203939479994,-7222.925217167518,4.7382721885607,5.60721038386896,-0.6069885070637611
1461955801.408,473.86372200904566,-1140.6696829299083,-7225.86901230065,4.735946079789983,5.613024439460105,-0.5705228900287693
1461955806.408,497.5374450654813,-1112.5902545988774,-7228.63044183961,4.73350072826895,5.6186972146601875,-0.534042679828417
1461955811.408,521.1986433533226,-1084.4828157217141,-7231.20943509426,4.7309361934325125,5.624228566644888,-0.4975487867532138
1461955816.408,544.8467211057019,-1056.3480737700852,-7233.605925926978,4.728252537836852,5.62961835612532,-0.4610421214438247
1461955821.408,568.4810828751457,-1028.1867369040892,-7235.819852754265,4.725449826755039,5.634866447164541,-0.42452359488015645
1461955826.408,592.1011335483025,-999.9995139543313,-7237.851158548402,4.722528128480803,5.639972707334323,-0.38799411832133046
1461955831.408,615.7062783604082,-971.7871144052885,-7239.699790838816,4.719487514116736,5.64493700760022,-0.3514546033302395
1461955836.408,639.2959229097694,-943.5502483776755,-7241.365701713532,4.716328057936948,5.649759222567923,-0.31490596170897334
1461955841.408,662.8694731724402,-915.2896266111147,-7242.848847820378,4.71304983658672,5.654439229941204,-0.2783491055315608
1461955846.408,686.4263355159637,-887.005960447449,-7244.149190368151,4.709652930094421,5.658976911222567,-0.24178494706848142
1461955851.408,709.9659167148934,-858.6999618125167,-7245.266695127707,4.706137421086282,5.6633721511591375,-0.20521439879848913
1461955856.408,733.487623964309,-830.372343199719,-7246.201332432869,4.702503395253871,5.6676248381013465,-0.1686383733904222
1461955861.408,756.9908648949512,-802.0238176519707,-7246.9530771813015,4.6987509410979555,5.67173486380841,-0.13205778365136212
1461955866.408,780.4750475868937,-773.6550987452218,-7247.5219088352505,4.694880149895312,5.675702123394444,-0.09547354255937535
1461955871.408,803.9395805848745,-745.2669005700554,-7247.907811422188,4.690891116114813,5.679526515755583,-0.05888656318165886
1461955876.408,827.3838729119028,-716.8599377152211,-7248.110773535347,4.686783936735424,5.683207942880699,-0.022297758696367964
1461955881.408,850.8073340840518,-688.4349252498724,-7248.130788334195,4.682558711851129,5.686746310480544,0.014291957640125474
1461955886.408,874.2093741249942,-659.9925787059396,-7247.967853544702,4.678215544387626,5.690141527703645,0.05088167251506093
1461955891.408,897.5894035797955,-631.5336140614927,-7247.621971459645,4.6737545401448415,5.693393507180531,0.08747047258111706
1461955896.408,920.9468335300152,-603.0587477223683,-7247.093148938696,4.669175807682109,5.696502164869685,0.12405744447369216
1461955901.408,944.2810756075338,-574.5686965055255,-7246.381397408447,4.6644794586324,5.699467420501492,0.16064167483364145
1461955906.408,967.5915420091026,-546.0641776211951,-7245.486732862366,4.659665607271677,5.7022891969386365,0.1972222503300145
1461955911.408,990.8776455106726,-517.5459086556011,-7244.409175860589,4.654734370971596,5.7049674209250725,0.23379825767005968
1461955916.408,1014.1387994816191,-489.0146075535482,-7243.148751529641,4.649685869791938,5.707502022386052,0.27036878362741845
1461955921.408,1037.3744178993159,-460.47099260069217,-7241.70548956207,4.6445202267307195,5.7098929348820775,0.3069329150703197
1461955926.408,1060.583915363072,-431.91578240638074,-7240.07942421595,4.639237567654618,5.712140095500786,0.3434897389761318
1461955931.408,1083.7667071085725,-403.3496958862491,-7238.270594314267,4.6338380211657295,5.714243444518786,0.3800383424422762
1461955936.408,1106.9222090225562,-374.7734522439218,-7236.279043244258,4.62832171897162,5.716202926359642,0.4165778127135127
1461955941.408,1130.0498376561425,-346.1877709548835,-7234.104818956605,4.622688795326894,5.718018488140785,0.45310723721377144
1461955946.408,1153.1490102401403,-317.5933717475799,-7231.74797396452,4.616939387600269,5.719690081237616,0.48962570355161006
1461955951.408,1176.2191446986246,-288.9909745867646,-7229.208565342758,4.611073635794355,5.721217659849231,0.5261322995456794
1461955956.408,1199.2596596631415,-260.3812996560636,-7226.48665472651,4.605091682935608,5.722601182345784,0.5626261132447326
1461955961.408,1222.2699744873885,-231.7650673394363,-7223.582308310179,4.598993674749181,5.723840610032369,0.599106232950362
1461955966.408,1245.2495092609993,-203.14299820487955,-7220.495596846077,4.592779759874475,5.724935908055414,0.6355717472433753
1461955971.408,1268.19768482387,-174.5158129860497,-7217.22659564301,4.58645008975418,5.725887044909399,0.6720217449928896
1461955976.408,1291.1139227802287,-145.88423256524877,-7213.7753845647685,4.580004818679072,5.726693992693583,0.7084553153727029
1461955981.408,1313.9976455130563,-117.2489779551538,-7210.142048028465,4.573444103764132,5.727356726990806,0.7448715479049497
1461955986.408,1336.8482761978125,-88.61077028219253,-7206.326675002865,4.566768104949688,5.7278752268974955,0.7812695324628294
1461955991.408,1359.6652388169416,-59.97033076811906,-7202.329359006519,4.559976984997093,5.7282494750176625,0.8176483592915247
1461955996.408,1382.4479581737414,-31.328380713025854,-7198.150198105829,4.553070909489179,5.728479457439608,0.854007119038215
1461956001.408,1405.1958599065788,-2.6856414773266244,-7193.789294913029,4.546050046827304,5.728565163921992,0.8903449027602619
1461956006.408,1427.9083705028568,25.957165535344195,-7189.2467565840525,4.538914568221571,5.72850658742259,0.9266608019606792
1461956011.408,1450.584917313165,54.599318896298485,-7184.522694816264,4.531664647690377,5.728303724904123,0.9629539085954093
1461956016.408,1473.2249285652651,83.24009716893694,-7179.617225846128,4.52430046206905,5.727956576231833,0.9992233151033361
1461956021.408,1495.827833378176,111.87877892641409,-7174.530470446768,4.5168221909791555,5.727465145412012,1.035468114426294
1461956026.408,1518.3930617761391,140.51464276964825,-7169.262553925368,4.509230016866923,5.726829439428798,1.0716874000127063
1461956031.408,1540.9200447026142,169.1469673442295,-7163.813606120582,4.501524124929347,5.726049469386595,1.1078802658621498
1461956036.408,1563.4082140342016,197.77503135873522,-7158.1837613997395,4.4937047032181,5.725125249218934,1.144045806539907
1461956041.408,1585.8570025946085,226.39811360161912,-7152.373158655983,4.485771942530846,5.724056796851755,1.1801831171887898
1461956046.408,1608.2658441688054,255.01549295970824,-7146.381941305282,4.477726036468084,5.722844133569424,1.2162912935573331
1461956051.408,1630.634173516526,283.62644843480757,-7140.210257283437,4.469567181387674,5.721487284357238,1.2523694320107097
1461956056.408,1652.9614263866456,312.23025916232973,-7133.858259042761,4.4612955764607705,5.7199862774504595,1.2884166295707473
1461956061.408,1675.2470395306536,340.8262044280857,-7127.326103548959,4.452911423632941,5.718341144690612,1.3244319839195668
1461956066.408,1697.4904507166682,369.41356368660433,-7120.61395227766,4.444414927550042,5.716551921742678,1.3604145934214102
1461956071.408,1719.6910987434978,397.991616577855,-7113.721971210926,4.4358062957205675,5.714618647353063,1.3963635571599298
1461956076.408,1741.8484234539578,426.5596429458925,-7106.650330833743,4.427085738348069,5.712541364091464,1.4322779749245456
1461956081.408,1763.9618657492106,455.1169228556112,-7099.399206130211,4.41825346846781,5.710320117750655,1.4681569472741103
1461956086.408,1786.0308676021496,483.6627366112563,-7091.968776579835,4.409309701718712,5.707954958251548,1.5039995755314521
1461956091.408,1808.0548720714962,512.1963647731815,-7084.359226153581,4.400254656724201,5.705445938123773,1.5398049618033838
1461956096.408,1830.033323315303,540.7170881757934,-7076.570743309886,4.39108855461086,5.702793114344672,1.575572209015263
1461956101.408,1851.965666604427,569.2241879452405,-7068.603520990647,4.381811619414748,5.699996546797479,1.61130042091645
1461956106.408,1873.8513483371933,597.7169455172716,-7060.457756616717,4.372424077823325,5.697056299195765,1.6469887021139584
1461956111.408,1895.6898160517244,626.1946426542679,-7052.133652083986,4.362926159335075,5.693972438518699,1.682636158088826
1461956116.408,1917.4805184407714,654.6565614632669,-7043.631413758646,4.35331809607942,5.690745035584882,1.7182418952070293
1461956121.408,1939.2229053646884,683.101984413639,-7034.951252472803,4.343600122955422,5.687374164571793,1.753805020762229
1461956126.408,1960.9164278652215,711.5301943542182,-7026.093383519854,4.3337724776456525,5.683859903020107,1.7893246429766805
1461956131.408,1982.5605381791452,739.9404745316114,-7017.0580266497045,4.32383540040928,5.680202332372119,1.824799871022151
1461956136.408,2004.1546897516316,768.332108606899,-7007.845406064023,4.313789134424496,5.67640153703212,1.8602298150590286
1461956141.408,2025.698337250203,796.7043806744284,-6998.45575041114,4.303633925205304,5.672457605894692,1.8956135862435985
1461956146.408,2047.190936577776,825.0565752780285,-6988.889292781203,4.293370021520332,5.66837062992829,1.9309502967444132
1461956151.408,2068.6319448865243,853.3879774299451,-6979.146270700834,4.282997674250964,5.664140705136219,1.966239059768668
1461956156.408,2090.020820590936,881.6978726274639,-6969.226926128093,4.272517137454088,5.659767929801319,2.001478989594034
1461956161.408,2111.357023381743,909.9855468705614,-6959.131505446968,4.261928667441225,5.65525240679392,2.0366692015686567
1461956166.408,2132.6400142390908,938.2502866806317,-6948.86025946186,4.251232523679846,5.650594241358931,2.0718088121511755
1461956171.408,2153.869255446006,966.4913791157938,-6938.413443392278,4.240428967856587,5.6457935433359125,2.1068969389143604
1461956176.408,2175.0442106015503,994.7081117913322,-6927.791316866871,4.229518264612125,5.640850425424219,2.1419327005787636
1461956181.408,2196.1643446345684,1022.8997728944792,-6916.994143917891,4.218500681262412,5.635765003811343,2.176915217023634
1461956186.408,2217.229123816561,1051.0656512042328,-6906.022192975166,4.207376487532656,5.630537398772958,2.211843609323296
1461956191.408,2238.238015775499,1079.205036107086,-6894.875736860208,4.196145956081182,5.62516773345078,2.246716999756245
1461956196.408,2259.190489508378,1107.31721761606,-6883.555052780133,4.1848093621138105,5.619656134759225,2.281534511806967
1461956201.408,2280.0860153954663,1135.401486386977,-6872.060422321342,4.173366983447977,5.6140027331703095,2.3162952702405164
1461956206.408,2300.9240652122185,1163.4571337369962,-6860.392131443497,4.161819100471348,5.608207662800851,2.3509984010715925
1461956211.408,2321.7041121437032,1191.4834516617534,-6848.550470472799,4.150165996529267,5.6022710606082455,2.3856430315945545
1461956216.408,2342.4256307972382,1219.479732852238,-6836.535734095738,4.138407957112577,5.596193068044386,2.4202282904334425
1461956221.408,2363.088097215115,1247.4452707134265,-6824.348221352436,4.12654527097402,5.589973828780785,2.4547533075337924
1461956226.408,2383.690988888667,1275.3793593809305,-6811.988235629778,4.114578228505252,5.583613491885899,2.4892172141871924
1461956231.408,2404.2337847702797,1303.2812937389465,-6799.456084654885,4.102507123850955,5.577112207751497,2.523619143064934
1461956236.408,2424.715965287347,1331.1503694371347,-6786.752080487969,4.0903322530402875,5.57047013161241,2.5579582282343836
1461956241.408,2445.1370123546135,1358.9858829091288,-6773.87653951537,4.07805391492775,5.5636874217891545,2.592233605166257
1461956246.408,2465.496409387665,1386.787131388278,-6760.829782442574,4.065672410811658,5.556764240372559,2.626444410766453
1461956251.408,2485.793641315577,1414.553412927314,-6747.612134286672,4.0531880448397715,5.549700752440458,2.6605897834106145
1461956256.408,2506.0281945940255,1442.2840264135737,-6734.223924369389,4.040601123484066,5.542497127052684,2.6946688629323035
1461956261.408,2526.1995572178093,1469.978271588131,-6720.665486309469,4.027911955939999,5.535153536469352,2.7286807906803006
1461956266.408,2546.307218734519,1497.6354490618733,-6706.937158015061,4.01512085393415,5.527670156489648,2.7626247094967766
1461956271.408,2566.350670256554,1525.2548603338114,-6693.039281676236,4.002228131814718,5.520047166325185,2.796499763792781
1461956276.408,2586.3294044742593,1552.835807808131,-6678.972203757174,3.989234106344611,5.512284748875345,2.830305099508223
1461956281.408,2606.2429156686435,1580.3775948116079,-6664.736274988301,3.976139096929728,5.504383090368265,2.864039864188271
1461956286.408,2626.090699724328,1607.879525610686,-6650.331850358343,3.9629434256153218,5.496342380347869,2.8977032069597044
1461956291.408,2645.8722541422226,1635.3409054288697,-6635.759289106284,3.949647416850894,5.4881628120404,2.931294278596397
1461956296.408,2665.587078051922,1662.7610404646273,-6621.018954713104,3.9362513977534945,5.479844581914676,2.9648122314793
1461956301.408,2685.234672224493,1690.1392379079034,-6606.11121489375,3.9227556975515654,5.471387890587721,2.9982562196782965
1461956306.408,2704.81453908508,1717.4748059576702,-6591.036441588626,3.9091606487454555,5.462792940897998,3.0316253989421966
1461956311.408,2724.3261827258843,1744.767053839754,-6575.795010954852,3.8954665856826978,5.454059940215075,3.064918926721475
1461956316.408,2743.7691089179693,1772.0152918231868,-6560.387303358226,3.8816738455084305,5.445189098899618,3.0981359621910087
1461956321.408,2763.1428251245025,1799.2188312378655,-6544.813703364117,3.867782767812969,5.436180630830904,3.131275666275542
1461956326.408,2782.446840512701,1826.376984491903,-6529.074599728888,3.8537936947427625,5.427034753250382,3.1643372016715148
1461956331.408,2801.680665966554,1853.4890650886548,-6513.170385390927,3.8397069707680203,5.417751687084547,3.1973197328488823
1461956336.408,2820.8438140992057,1880.5543876441072,-6497.101457461605,3.8255229429391875,5.4083316565247515,3.230222426095679
1461956341.408,2839.935799265335,1907.572267903324,-6480.868217216426,3.811241960890584,5.398774889044944,3.2630444495298434
1461956346.408,2858.956137573352,1934.5420227590716,-6464.471070085412,3.7968643766712376,5.389081615622445,3.295784973118316
1461956351.408,2877.904346897866,1961.462970266982,-6447.91042564433,3.782390544462487,5.379252071139945,3.3284431686861353
1461956356.408,2896.779946892149,1988.3344296646887,-6431.186697604615,3.7678208213205835,5.369286493259324,3.3610182099764643
1461956361.408,2915.58245899971,2015.1557213873264,-6414.300303804613,3.753155566710575,5.359185123132875,3.393509272621486
1461956366.408,2934.311406467262,2041.9261670852102,-6397.251666199451,3.738395142186164,5.348948205823717,3.4259155341915175
1461956371.408,2952.966314356474,2068.6450896412803,-6380.041210851373,3.7235399120713737,5.338575989309447,3.4582361742104695
1461956376.408,2971.5467095560875,2095.3118131874758,-6362.6693679201535,3.70859024311585,5.328068724954392,3.490470374182223
1461956381.408,2990.052120794048,2121.9256631222866,-6345.13657165295,3.693546504194728,5.31742666796481,3.522617317595177
1461956386.408,3008.4820786499295,2148.4859661267633,-6327.4432603744535,3.678409066813856,5.306650076591723,3.554676189964084
1461956391.408,3026.836115566235,2174.9920501831857,-6309.589876476508,3.6631783048323996,5.295739212567696,3.5866461788291417
1461956396.408,3045.113765860831,2201.4432445901,-6291.576866408308,3.647854594546061,5.284694340918577,3.618526473791462
1461956401.408,3063.3145657387972,2227.8388799810164,-6273.404680665508,3.632438314400133,5.2735157304073255,3.650316266522168
1461956406.408,3081.4380533045296,2254.178288339688,-6255.073773780239,3.616929845650702,5.262203652556764,3.6820147508178707
1461956411.408,3099.4837685730167,2280.4608030180757,-6236.58460431045,3.601329571342376,5.25075838306384,3.7136211225506486
1461956416.408,3117.4512534824507,2306.685758752935,-6217.937634828994,3.5856378777907594,5.239180199743714,3.745134579754449
1461956421.408,3135.3400519054003,2332.8524916820897,-6199.133331913378,3.5698551522896196,5.227469385638869,3.7765543226341833
1461956426.408,3153.149709660541,2358.9603393623734,-6180.172166134493,3.5539817857911657,5.2156262253733985,3.807879553548446
1461956431.408,3170.879774524726,2385.0086407854496,-6161.054612045816,3.538018170850137,5.203651007910594,3.839109477075908
1461956436.408,3188.529796244508,2410.9967363947376,-6141.7811481723775,3.5219647026924576,5.191544025101848,3.870243300002585
1461956441.408,3206.0993265476786,2436.9239681020163,-6122.352256999691,3.5058217786531714,5.17930557242471,3.90128023136549
1461956446.408,3223.5879191546883,2462.78967930506,-6102.7684249622,3.489589798447014,5.166935948589071,3.9322194824571852
1461956451.408,3240.995129790479,2488.5932149032237,-6083.030142432169,3.4732691640233497,5.15443545573271,3.963060266853063
1461956456.408,3258.3205161958454,2514.333921314276,-6063.137903708253,3.456860279899047,5.141804398958811,3.9938018004331752
1461956461.408,3275.5636381390477,2540.0111464910287,-6043.092207003822,3.4403635524604397,5.129043087234095,4.024443301403153
1461956466.408,3292.7240574264492,2565.624239939056,-6022.893554435203,3.4237793907236664,5.116151832382911,4.0549839902987515
1461956471.408,3309.80133791519,2591.172552731127,-6002.542452010152,3.4071082057494095,5.103130949811202,4.085423090035874
1461956476.408,3326.79504552322,2616.6554375259175,-5982.039409615714,3.3903504107188382,5.089980758430556,4.115759825903297
1461956481.408,3343.7047482413805,2642.0722485826414,-5961.384941006604,3.3735064217171384,5.07670157958546,4.145993425600864
1461956486.408,3360.5300161444948,2667.4223417787452,-5940.579563792711,3.3565766564129262,5.063293738769971,4.176123119238582
1461956491.408,3377.2704214021655,2692.705074626,-5919.6237994272715,3.3395615349286345,5.049757564478114,4.206148139393008
1461956496.408,3393.9255382901624,2717.919806286649,-5898.518173194564,3.3224614793730325,5.036093388770496,4.236067721090876
1461956501.408,3410.4949432017506,2743.0658975903634,-5877.263214197154,3.3052769146829633,5.022301546204744,4.265881101843661
1461956506.408,3426.9782146582243,2768.1427110502345,-5855.859455343858,3.288008267390069,5.008382375390738,4.295587521678499
1461956511.408,3443.374933320581,2793.1496108781744,-5834.307433337204,3.2706559666066823,4.994336217697764,4.325186223132732
1461956516.408,3459.6846819997577,2818.085963003575,-5812.607688660048,3.2532204433914558,4.980163418048505,4.354676451303021
1461956521.408,3475.9070456678696,2842.95113508678,-5790.760765563939,3.2357021312354846,4.965864324311042,4.384057453848072
1461956526.408,3492.041611469127,2867.744496537622,-5768.767212055054,3.218101465130985,4.951439288390702,4.4133284810022815
1461956531.408,3508.0879687303122,2892.4654185299546,-5746.62757988225,3.2004188832106593,4.93688866423372,4.44248878561848
1461956536.408,3524.0457089726515,2917.1132740183702,-5724.342424523028,3.182654825176087,4.922212809700341,4.471537623171571
1461956541.408,3539.914425920512,2941.687437754821,-5701.912305171322,3.164809732802496,4.907412085984106,4.500474251779451
1461956546.408,3555.6937155142077,2966.187286303936,-5679.337784723276,3.146884050317567,4.8924868570748,4.529297932224836
1461956551.408,3571.383175919106,2990.612198059414,-5656.6194297646725,3.1288782235474173,4.877437490785269,4.558007927981635
1461956556.408,3586.9824075366805,3014.961553260146,-5633.757810557017,3.110792701382252,4.86226435700155,4.586603505228595
1461956561.408,3602.491013015815,3039.234734005487,-5610.753501023879,3.09262793360449,4.846967830224912,4.615083932858397
1461956566.408,3617.9085972616135,3063.4311242723843,-5587.60707873764,3.0743843730338085,4.831548287016176,4.643448482524036
1461956571.408,3633.234767447263,3087.5501099301996,-5564.319124905334,3.0560624738704973,4.816006107937028,4.671696428635187
1461956576.408,3648.4691330235482,3111.591078757405,-5540.890224354879,3.037662693441689,4.800341675470918,4.699827048385487
1461956581.408,3663.611305730431,3135.5534204557166,-5517.320965521235,3.0191854897179837,4.7845553769202525,4.727839621775274
1461956586.408,3678.660899605229,3159.4365266686673,-5493.611940432104,3.000631323878679,4.768647601388693,4.755733431632507
1461956591.408,3693.61753099431,3183.239790995073,-5469.763744694093,2.9820006585091505,4.752618741848437,4.783507763624584
1461956596.408,3708.4808185634633,3206.9626090052584,-5445.776977478005,2.963293958217946,4.736469194418532,4.8111619062801765
1461956601.408,3723.2503833070987,3230.604378257022,-5421.652241504879,2.9445116901874826,4.720199357703677,4.838695151007414
1461956606.408,3737.925848558326,3254.1644983115334,-5397.390143031391,2.925654322858918,4.703809634282607,4.866106792130267
1461956611.408,3752.506840000178,3277.6423707478484,-5372.991291835057,2.9067223275146716,4.687300428876824,4.893396126881271
1461956616.408,3766.9929856743734,3301.037399179288,-5348.4563011999,2.8877161762079595,4.670672150715745,4.92056245544245
1461956621.408,3781.383915991106,3324.3489892690377,-5323.785787901703,2.8686363446445284,4.65392521017111,4.947605080947142
1461956626.408,3795.6792637396775,3347.576548745063,-5298.980372192952,2.849483308811159,4.637060022654623,4.974523309520009
1461956631.408,3809.878664098028,3370.7194874158863,-5274.040677787792,2.8302575477750906,4.62007700535105,5.001316450278864
1461956636.408,3823.981754642705,3393.7772171849706,-5248.967331847496,2.8109595420669393,4.6029765790631245,5.027983815357402
1461956641.408,3837.988175357158,3416.749152068297,-5223.760964964845,2.791589774061322,4.585759167745891,5.054524719931578
1461956646.408,3851.897568643599,3439.634708207204,-5198.42221114883,2.772148728720822,4.56842519765587,5.080938482231431
1461956651.408,3865.709579330581,3462.43330388485,-5172.951707809983,2.752636892147166,4.550975098962226,5.107224423557454
1461956656.408,3879.42385468409,3485.1443595410524,-5147.350095744044,2.733054752524822,4.533409304637189,5.133381868322431
1461956661.408,3893.04004441539,3507.767297788035,-5121.618019117169,2.713402800226504,4.515728250362372,5.159410144033245
1461956666.408,3906.557800692018,3530.301543424019,-5095.75612545017,2.693681527101944,4.497932375258642,5.185308581339996
1461956671.408,3919.9767781459523,3552.7465234504803,-5069.765065602208,2.673891426955379,4.480022121354523,5.211076514048727
1461956676.408,3933.2966338832903,3575.1016670852987,-5043.64549375586,2.6540329961567295,4.461997932879967,5.236713279125979
1461956681.408,3946.5170274940892,3597.366405777866,-5017.398067400761,2.6341067314924658,4.443860258625136,5.262218216730616
1461956686.408,3959.6376210604485,3619.5401732252685,-4991.0234473174705,2.6141131334206875,4.425609548328339,5.287590670225654
1461956691.408,3972.658079166276,3641.622405385704,-4964.522297561906,2.5940527019552064,4.407246257171664,5.312829986221004
1461956696.408,3985.5780689060334,3663.6125404947434,-4937.895285448368,2.573925940859681,4.388770841151654,5.337935514542551
1461956701.408,3998.3972598940663,3685.510019078373,-4911.143081534258,2.55373335498507,4.370183760006512,5.3629066083058206
1461956706.408,4011.1153242738546,3707.3142839684865,-4884.266359602816,2.533475450746664,4.3514854766185636,5.387742623894155
1461956711.408,4023.7319367257574,3729.024780318256,-4857.2657966471115,2.513152736747088,4.332676456359877,5.412442920992362
1461956716.408,4036.246774476049,3750.6409556162375,-4830.142072853645,2.492765723034154,4.313757167850326,5.43700686261127
1461956721.408,4048.659517307476,3772.1622596995844,-4802.895871585236,2.4723149215042213,4.294728082494203,5.461433815100463
1461956726.408,4060.969847565143,3793.5881447711085,-4775.527879364656,2.4518008457816904,4.2755896746029975,5.485723148162833
1461956731.408,4073.1774501677314,3814.918065411339,-4748.038785857486,2.4312240114400083,4.2563424211339225,5.509874234860945
1461956736.408,4085.282012614429,3836.151478593967,-4720.429283855767,2.410584935098541,4.236986802608044,5.533886451676153
1461956741.408,4097.283224993593,3857.2878437010713,-4692.700069260132,2.3898841358322898,4.217523301595065,5.557759178485867
1461956746.408,4109.180779992297,3878.3266225350358,-4664.85184106369,2.369122133642122,4.197952404348143,5.581491798599018
1461956751.408,4120.974372902658,3899.2672793359357,-4636.885301334021,2.3482994511805373,4.178274598886219,5.605083698766066
1461956756.408,4132.663701633278,3920.1092807919304,-4608.801155196319,2.3274166121036615,4.158490376780264,5.628534269202646
1461956761.408,4144.248466714075,3940.8520960569413,-4580.60011081608,2.3064741417210826,4.13860023239522,5.651842903615943
1461956766.408,4155.728371306742,3961.4951967628285,-4552.282879381162,2.285472566838507,4.118604663045971,5.67500899920924
1461956771.408,4167.103121212331,3982.0380570333245,-4523.85017508487,2.2644124163398374,4.098504168351155,5.698031956695559
1461956776.408,4178.3724248789595,4002.480153498606,-4495.302715108069,2.243294220500502,4.078299250963482,5.720911180330404
1461956781.408,4189.5359934099015,4022.8209653093836,-4466.641219601214,2.222118511300323,4.057990416184566,5.743646077920857
1461956786.408,4200.593540571851,4043.0599741500055,-4437.866411666897,2.2008858222943672,4.037578172065878,5.766236060847405
1461956791.408,4211.54478280288,4063.19666425236,-4408.979017341753,2.179596687926278,4.017063030135887,5.788680544066665
1461956796.408,4222.389439219594,4083.2305224100855,-4379.979765578616,2.158251645337259,3.9964455034660205,5.810978946157775
1461956801.408,4233.127231625269,4103.161037991942,-4350.869388228385,2.136851232167828,3.9757261089234817,5.833130689311474
1461956806.408,4243.7578845178405,4122.9877029552945,-4321.648620021662,2.115395988646924,3.954905365009836,5.855135199357392
1461956811.408,4254.281125097155,4142.710011859357,-4292.3181985510855,2.0938864551035294,3.933983794380765,5.8769919057822335
1461956816.408,4264.696683271988,4162.327461880042,-4262.878864252268,2.0723231748979742,3.912961920806083,5.898700241749793
1461956821.408,4275.004291668675,4181.839552821442,-4233.331360386079,2.0507066919335557,3.8918402716790297,5.920259644110956
1461956826.408,4285.2036856379145,4201.245787130456,-4203.676433019512,2.029037551960755,3.8706193767320656,5.941669553431893
1461956831.408,4295.294603261944,4220.545669909731,-4173.914831007627,2.007316301927858,3.8492997685589216,5.962929413985876
1461956836.408,4305.276785361594,4239.738708931251,-4144.047305974727,1.985543490002783,3.8278819826591644,5.984038673813302
1461956841.408,4315.149975504823,4258.8244146484485,-4114.074612295318,1.963719666756333,3.806366556183093,6.004996784684408
1461956846.408,4324.913920011816,4277.802300210734,-4083.997507075975,1.941845383315922,3.784754029715259,6.025803202150655
1461956851.408,4334.568367964272,4296.671881475115,-4053.816750135508,1.919921192478796,3.7630449462403703,6.046457385572012
1461956856.408,4344.113071210175,4315.432677020578,-4023.5331039868615,1.8979476485455962,3.74123985118149,6.066958798092401
1461956861.408,4353.547784372678,4334.0842081597675,-3993.1473338172805,1.8759253068374164,3.7193392929093534,6.087306906695176
1461956866.408,4362.872264856045,4352.625998952186,-3962.6602074697444,1.8538547242606,3.697343822120274,6.107501182191754
1461956871.408,4372.086272851779,4371.0575762178905,-3932.072495423426,1.8317364594795436,3.675253991673344,6.127541099252994
1461956876.408,4381.189571346774,4389.3784695486065,-3901.3849707745767,1.8095710716042959,3.6530703578464454,6.147426136422837
1461956881.408,4390.181926129039,4407.588211321484,-3870.59840921694,1.7873591223051335,3.6307934781762015,6.167155776126947
1461956886.408,4399.063105794944,4425.68633671115,-3839.7135890220466,1.7651011725811259,3.60842391470851,6.186729504703635
1461956891.408,4407.832881754014,4443.672383703316,-3808.7312910203927,1.7427977870956965,3.585962229629331,6.206146812399766
1461956896.408,4416.49102823778,4461.545893105247,-3777.6522985812912,1.7204495304158627,3.5634089889563256,6.22540719340077
1461956901.408,4425.03732230492,4479.306408559492,-3746.4773975929843,1.698056968109995,3.5407647614329107,6.244510145842469
1461956906.408,4433.471543847052,4496.953476556258,-3715.2073764433744,1.6756206682775883,3.5180301170003077,6.263455171826536
1461956911.408,4441.79347559553,4514.486646445389,-3683.843025999732,1.6531411989644766,3.4952056292986526,6.2822417774323185
1461956916.408,4450.002903128142,4531.905470447625,-3652.385139589196,1.6306191300936916,3.472291873762515,6.300869472743216
1461956921.408,4458.099614874028,4549.209503668282,-3620.8345129782233,1.6080550326614684,3.44928942835395,6.319337771837581
1461956926.408,4466.083402120651,4566.398304108079,-3589.191944352771,1.5854494788500233,3.4261988734469924,6.337646192836928
1461956931.408,4473.954059019251,4583.471432675343,-3557.458234298379,1.5628030421594303,3.4030207916530344,6.355794257895013
1461956936.408,4481.711382590741,4600.428453198346,-3525.634185779272,1.5401162968546487,3.37975576835197,6.37378149322285
1461956941.408,4489.355172731151,4617.268932436823,-3493.7206041188556,1.517389818742231,3.3564043908791064,6.391607429100986
1461956946.408,4496.885232217738,4633.992440093767,-3461.7182969786895,1.4946241846237172,3.3329672490372104,6.409271599899057
1461956951.408,4504.301366715754,4650.598548825812,-3429.628074338255,1.4718199722947247,3.309444935089232,6.426773544082607
1461956956.408,4511.603384781198,4667.086834257445,-3397.4507484745636,1.448977761322567,3.28583804295522,6.444112804233555
1461956961.408,4518.791097868745,4683.456874990377,-3365.1871339411705,1.42609813101717,3.2621471701422706,6.461288927062014
1461956966.408,4525.864320336258,4699.708252615516,-3332.8380475479626,1.4031816628357774,3.238372915405307,6.478301463421758
1461956971.408,4532.82286944966,4715.840551725034,-3300.404308340061,1.3802289396944616,3.214515879366445,6.495149968316127
1461956976.408,4539.666565389604,4731.853359922103,-3267.886737577214,1.357240543813532,3.1905766665940973,6.511834000931685
1461956981.408,4546.395231254655,4747.746267834082,-3235.2861587128027,1.3342170604364583,3.1665558819331636,6.528353124632758
1461956986.408,4553.008693068428,4763.518869121772,-3202.6033973727917,1.3111590743665147,3.1424541338637937,6.544706906980991
1461956991.408,4559.506779783076,4779.170760491751,-3169.8392813349838,1.288067172193223,3.118272032314053,6.560894919750808
1461956996.408,4565.889323284699,4794.701541707137,-3136.994640507526,1.2649419406770903,3.09401019017605,6.576916738947602
1461957001.408,4572.156158399088,4810.110815597397,-3104.070306908172,1.2417839689069297,3.069669221188633,6.592771944808646
1461957006.408,4578.30712289506,4825.398188070633,-3071.0671146429127,1.2185938455522773,3.045249742570377,6.608460121828102
1461957011.408,4584.3420574894535,4840.563268124196,-3037.985899884423,1.1953721611889705,3.020752372761308,6.623980858763844
1461957016.408,4590.260805853509,4855.605667853478,-3004.827500851122,1.172119505914452,2.9961777336257,6.639333748658828
1461957021.408,4596.063214614294,4870.5250024656525,-2971.592757785332,1.1488364730885223,2.9715264469277827,6.654518388836095
1461957026.408,4601.74913336327,4885.320890286074,-2938.2825129321895,1.1255236548886387,2.9467991384608467,6.669534380931509
1461957031.408,4607.318414655684,4899.9929527738295,-2904.897610517514,1.102181644346274,2.9219964361218445,6.684381330901033
1461957036.408,4612.7709140196675,4914.540814526864,-2871.4388967272366,1.0788110371750008,2.897118968151517,6.699058849018456
1461957041.408,4618.10648995723,4928.964103296062,-2837.907219684522,1.055412428235286,2.872167366405847,6.713566549912684
1461957046.408,4623.3250039501045,4943.262449993415,-2804.3034294287154,1.0319864142120423,2.84714226385222,6.72790405256228
1461957051.408,4628.426320463021,4957.4354887029995,-2770.628377893322,1.008533591599189,2.822044296387503,6.742070980309109
1461957056.408,4633.410306948416,4971.482856690276,-2736.8829188842665,0.9850545588169553,2.796874100853529,6.7560669608824355
1461957061.408,4638.276833849456,4985.404194412776,-2703.067908058018,0.9615499140763859,2.771632316979776,6.769891626399385
1461957066.408,4643.025774604283,4999.199145529927,-2669.184202899097,0.9380202567590459,2.746319586077334,6.783544613376762
1461957071.408,4647.657005650593,5012.8673569114835,-2635.2326626989234,0.9144661872905999,2.720936551129853,6.797025562747876
1461957076.408,4652.1704064274745,5026.40847864939,-2601.2141485329867,0.8908883069634612,2.6954838569163257,6.810334119874369
1461957081.408,4656.5658593816715,5039.822164064804,-2567.129523238772,0.8672872156312224,2.6699621521074732,6.823469934560762
1461957086.408,4660.84324996689,5053.108069721256,-2532.979651394022,0.8436635174230105,2.644372083956114,6.836432661045819
1461957091.408,4665.002466653107,5066.265855429095,-2498.765399293688,0.8200178142833465,2.618714304250716,6.849221958046655
1461957096.408,4669.043400923717,5079.295184260012,-2464.487634928519,0.7963507103968368,2.592989465176288,6.861837488738729
1461957101.408,4672.965947284303,5092.195722551785,-2430.147227961723,0.7726628097407229,2.567198221549006,6.874278920787674
1461957106.408,4676.770003260915,5104.967139921411,-2395.745049707517,0.7489547167624551,2.5413412301495555,6.886545926352483
1461957111.408,4680.455469407945,5117.609109270356,-2361.2819731075992,0.7252270376875458,2.5154191484971307,6.89863818208778
1461957116.408,4684.022249306419,5130.121306797488,-2326.7588727094003,0.70148037832314,2.489432636838501,6.910555369175199
1461957121.408,4687.470249571472,5142.503412003945,-2292.1766246432503,0.6777153453476785,2.4633823569238302,6.922297173315201
1461957126.408,4690.799379851305,5154.755107705643,-2257.536106599482,0.6539325463018031,2.4372689719812115,6.933863284743893
1461957131.408,4694.009552832868,5166.87608003923,-2222.838197806026,0.6301325883878235,2.411093147802603,6.945253398243949
1461957136.408,4697.100684242763,5178.866018472306,-2188.0837790057035,0.6063160800686092,2.3848555511940503,6.956467213153701
1461957141.408,4700.072692850253,5190.724615811929,-2153.273732432835,0.5824836304800556,2.3585568505623087,6.967504433381237
1461957146.408,4702.925500471419,5202.451568211064,-2118.4089417915097,0.5586358486561949,2.3321977165123826,6.9783647674025815
1461957151.408,4705.65903196836,5214.046575180532,-2083.4902922312663,0.5347733453063483,2.305778820255,6.9890479282858
1461957156.408,4708.273215255144,5225.509339593542,-2048.5186703253207,0.5108967287806081,2.279300837187293,6.999553633691221
1461957161.408,4710.767981296142,5236.839567697669,-2013.494964047087,0.48700661158,2.252764440988358,7.009881605879173
1461957166.408,4713.143264112945,5248.036969118626,-1978.4200627472223,0.46310360442930687,2.226170308951623,7.020031571727941
1461957171.408,4715.399000781919,5259.101256872571,-1943.294857130189,0.4391883184407561,2.1995191199775945,7.030003262740593
1461957176.408,4717.535131440198,5270.032147370174,-1908.1202392317377,0.4152613660444331,2.172811553730753,7.03979641504543
1461957181.408,4719.551599283482,5280.829360428368,-1872.89710239525,0.39132335927934037,2.1460482920920185,7.049410769413726
1461957186.408,4721.448350572524,5291.492619273838,-1837.6263412488483,0.3673749116178442,2.119230017557129,7.058846071263588
1461957191.408,4723.225334630123,5302.021650555045,-1802.3088516817609,0.343416634613277,2.092357416145205,7.06810207067474
1461957196.408,4724.88250384715,5312.416184345805,-1766.9455308213685,0.3194491433150688,2.0654311725566004,7.077178522387385
1461957201.408,4726.419813681476,5322.675954155239,-1731.537277009504,0.2954730505171028,2.038451975256976,7.0860751858181175
1461957206.408,4727.837222659899,5332.800696934549,-1696.084989779789,0.2714889703647714,2.0114205132422285,7.094791825066068
1461957211.408,4729.1346923807105,5342.790153083718,-1660.5895698329236,0.24749751668787212,1.984337477488225,7.103328208921312
1461957216.408,4730.312187513155,5352.644066459872,-1625.051919014616,0.22349930493874126,1.957203559174559,7.111684110862825
1461957221.408,4731.369675801019,5362.362184382628,-1589.472940291211,0.19949494913362287,1.9300194523866594,7.119859309085996
1461957226.408,4732.307128061393,5371.944257643213,-1553.8535377262103,0.175485064750319,1.9027858515064509,7.127853586493529
1461957231.408,4733.124518188302,5381.390040508884,-1518.1946164572191,0.15147026669092156,1.8755034529585828,7.135666730708863
1461957236.408,4733.821823150421,5390.699290732974,-1482.4970826714978,0.12745117084432422,1.8481729538580112,7.14329853407844
1461957241.408,4734.399022996533,5399.871769557249,-1446.7618435832424,0.10342839249278768,1.8207950533142139,7.150748793690354
1461957246.408,4734.856100851519,5408.907241723073,-1410.9898074091552,0.07940254692493909,1.7933704518782179,7.1580173113702585
1461957251.408,4735.193042920907,5417.805475474438,-1375.1818833450243,0.055374250960994686,1.7658998501956376,7.165103893691139
1461957256.408,4735.409838488969,5426.56624256668,-1339.3389815420205,0.03134411984956387,1.7383839516596709,7.172008351979002
1461957261.408,4735.5064799206375,5435.189318271609,-1303.4620130827338,0.007312770487260423,1.7108234595607428,7.178730502327198
1461957266.408,4735.482962662369,5443.674481383441,-1267.5518899575545,-0.016719182143788203,1.6832190801987963,7.185270165588008
1461957271.408,4735.339285241423,5452.021514225876,-1231.6095250406597,-0.04075111989550351,1.6555715183712891,7.191627167389015
1461957276.408,4735.075449266691,5460.23020265775,-1195.6358320660977,-0.0647824284296803,1.6278814834495279,7.197801338144018
1461957281.408,4734.691459428602,5468.300336079139,-1159.6317256043071,-0.0888124899702234,1.600149683023119,7.2037925130416625
1461957286.408,4734.187323500057,5476.231707436697,-1123.5981210373411,-0.11284068903387379,1.5723768278467105,7.2096005320704535
1461957291.408,4733.563052335726,5484.02411322989,-1087.5359345357506,-0.13686640812557016,1.544563628074684,7.215225240004656
1461957296.408,4732.818659872945,5491.677353515917,-1051.4460830340363,-0.16088903208947158,1.5167107969818971,7.220666486430673
1461957301.408,4731.954163129934,5499.191231916666,-1015.3294842071341,-0.1849079434568921,1.4888190469346227,7.225924125736697
1461957306.408,4730.969582207897,5506.565555622253,-979.1870564456475,-0.2089225265353889,1.46088909286118,7.230998017121237
1461957311.408,4729.864940287956,5513.800135398654,-943.0197188324928,-0.23293216474939982,1.4329216499299946,7.235888024602218
1461957316.408,4728.640263634709,5520.894785589639,-906.8283911184795,-0.25693624254654424,1.4049174351566762,7.2405940170201575
1461957321.408,4727.295581590749,5527.849324126275,-870.6139936980182,-0.28093414276008843,1.376877165103906,7.245115868035782
1461957326.408,4725.830926580818,5534.663572527848,-834.3774475852501,-0.30492525020235917,1.3488015589327915,7.249453456147307
1461957331.408,4724.2463341076245,5541.337355909905,-798.1196743900168,-0.3289089495247026,1.3206913365293076,7.253606664684298
1461957336.408,4722.541842754209,5547.870502986489,-761.8415962931954,-0.3528846237823018,1.2925472172510126,7.25757538181449
1461957341.408,4720.717494180365,5554.262846077207,-725.5441360229783,-0.3768516584214012,1.2643699232739891,7.261359500550043
1461957346.408,4718.773333123932,5560.514221110072,-689.2282168302313,-0.40080943700559146,1.2361601759521363,7.264958918744583
1461957351.408,4716.709407398124,5566.624467627465,-652.8947624646726,-0.4247573463107983,1.207918700085429,7.2683735391130995
1461957356.408,4714.52576789121,5572.593428789966,-616.5446971500631,-0.4486947696987045,1.1796462182655887,7.271603269212392
1461957361.408,4712.222468566216,5578.420951379915,-580.1789455607608,-0.47262109329585655,1.1513434560893074,7.2746480214607345
1461957366.408,4709.799566458074,5584.106885807135,-543.7984327964955,-0.49653570269219927,1.1230111393197149,7.277507713139812
1461957371.408,4707.257121673916,5589.651086111636,-507.4040843586587,-0.52043798327486,1.0946499941364891,7.280182266387612
1461957376.408,4704.595197389755,5595.0534099692595,-470.9968261259178,-0.5443273218379545,1.0662607484482578,7.282671608215082
1461957381.408,4701.813859851205,5600.313718693816,-434.57758432953193,-0.5682031041997107,1.0378441298753387,7.284975670495157
1461957386.408,4698.913178370044,5605.431877242418,-398.14728552954284,-0.5920647177763385,1.0094008678706814,7.287094389978392
1461957391.408,4695.89322532409,5610.407754217971,-361.70685658987225,-0.6159115492155252,0.9809316916807802,7.289027708281594
1461957396.408,4692.754076153414,5615.241221874492,-325.25722465429544,-0.6397429858388932,0.9524373315252888,7.290775571904419
1461957401.408,4689.495809361539,5619.932156118088,-288.7993171220631,-0.663558416313208,0.9239185191318029,7.292337932219596
1461957406.408,4686.118506510138,5624.4804365132295,-252.33406162319665,-0.6873572285558112,0.8953759859705315,7.2937147454793205
1461957411.408,4682.622252219294,5628.885946284152,-215.86238599450192,-0.7111388105959122,0.8668104638918521,7.29490597281881
1461957416.408,4679.007134165218,5633.148572318279,-179.38521825468155,-0.7349025521516523,0.8382226864559925,7.295911580254511
1461957421.408,4675.273243076511,5637.268205170596,-142.90348658044658,-0.7586478421289939,0.8096133867566095,7.296731538688306
1461957426.408,4671.420672734253,5641.244739064718,-106.41811928167381,-0.7823740719595662,0.7809833002111191,7.297365823909416
1461957431.408,4667.449519967134,5645.078071897875,-69.93004477739025,-0.8060806306684754,0.7523331604334089,7.297814416587002
1461957436.408,4663.359884651365,5648.768105241854,-33.44019157056993,-0.8297669095554738,0.7236637030273414,7.298077302283282
1461957441.408,4659.151869706296,5652.31474434712,3.0505117753461324,-0.8534323005724218,0.6949756642788998,7.298154471447223
1461957446.408,4654.825581093334,5655.717898144237,39.54113666159143,-0.8770761954237969,0.6662697803067203,7.298045919414285
1461957451.408,4650.381127811279,5658.977479247988,76.0307544779628,-0.90069798618606,0.6375467875886898,7.297751646410106
1461957456.408,4645.818621896447,5662.0934039573385,112.51843662793212,-0.9242970667892223,0.6088074241424692,7.297271657550866
1461957461.408,4641.138178416222,5665.065592260712,149.00325455252448,-0.9478728307776692,0.5800524276219221,7.2966059628429605
1461957466.408,4636.339915469914,5667.893967835029,185.48427975509696,-0.9714246719750008,0.5512825358528062,7.295754577174733
1461957471.408,4631.423954182205,5670.578458050685,221.96058382543237,-0.9949519859519569,0.522498487996927,7.294717520335041
1461957476.408,4626.390418702387,5673.118993971562,258.4312384647984,-1.0184541676162553,0.49370102253669756,7.293494816990261
1461957481.408,4621.239436200104,5675.515510357842,294.895315509787,-1.0419306139783657,0.4648908795097668,7.292086496702382
1461957486.408,4615.971136862844,5677.7679456670685,331.3518869568371,-1.0653807206272177,0.43606879757498973,7.290492593914564
1461957491.408,4610.585653891706,5679.876242056513,367.80002498699196,-1.0888038865714407,0.4072355179741862,7.2887131479647
1461957496.408,4605.0831234978305,5681.840345384876,404.2388019901166,-1.1121995095772945,0.37839178065496526,7.286748203067532
1461957501.408,4599.463684900429,5683.660205212419,440.6672905893719,-1.1355669878212211,0.3495383255858542,7.284597808324804
1461957506.408,4593.72748032028,5685.335774804663,477.0845636655827,-1.1589057221417534,0.3206758945752881,7.282262017723724
1461957511.408,4587.874654980861,5686.867011129749,513.4896943814724,-1.1822151121969,0.2918052281011114,7.279740890128437
1461957516.408,4581.905357097506,5688.253874865189,549.8817562068207,-1.2054945598611084,0.2629270680281479,7.277034489284574
1461957521.408,4575.819737880957,5689.496330393018,586.2598229417093,-1.228743466506785,0.23404215538175777,7.274142883817717
1461957526.408,4569.617951527101,5690.594345805712,622.6229687418938,-1.251961235757335,0.20515123254062928,7.271066147224587
1461957531.408,4563.300155218054,5691.547892902966,658.9702681423862,-1.2751472699692386,0.1762550403336718,7.267804357877253
1461957536.408,4556.866509114316,5692.3569471953015,695.3007960827464,-1.2983009753797887,0.14735432220641087,7.264357599021082
1461957541.408,4550.3171763523105,5693.021487903387,731.6136279305773,-1.321421755384108,0.11844981873218785,7.2607259587651924
1461957546.408,4543.652323039722,5693.541497958802,767.9078395060855,-1.3445090182822241,0.08954227382582758,7.256909530088365
1461957551.408,4536.872118251,5693.916964004494,804.1825071069844,-1.36756216905178,0.06063242808340874,7.252908410830969
1461957556.408,4529.9767340225935,5694.147876395411,840.4367075317022,-1.3905806172851953,0.031721025156002725,7.248722703693829
1461957561.408,4522.966345350332,5694.234229197113,876.6695181047627,-1.4135637706067428,0.0028088063872928615,7.244352516234699
1461957566.408,4515.841130181639,5694.17602018839,912.8800167003859,-1.4365110396547607,-0.026103485191924847,7.239797960862688
1461957571.408,4508.601269412109,5693.973250860265,949.0672817669414,-1.459421835385001,-0.055015107078361325,7.2350591548421335
1461957576.408,4501.246946882845,5693.625926414061,985.230392351578,-1.4822955690706294,-0.08392531730532937,7.230136220277359
1461957581.408,4493.778349371775,5693.134055764432,1021.3684281235006,-1.5051316537810635,-0.11283337333043164,7.225029284120637
1461957586.408,4486.195666592623,5692.497651535697,1057.4804693993042,-1.5279295029404238,-0.14173853318425245,7.2197384781616165
1461957591.408,4478.49909118555,5691.716730065007,1093.5655971661467,-1.5506885309960126,-0.17064005499833002,7.214263939019929
1461957596.408,4470.688818716906,5690.791311397874,1129.6228931065991,-1.5734081550272094,-0.19953719574095885,7.208605808152015
1461957601.408,4462.765047669022,5689.72141929147,1165.6514396225878,-1.5960877909228657,-0.22842921430219576,7.202764231840092
1461957606.408,4454.727979438828,5688.507081210882,1201.6503198595074,-1.6187268565918203,-0.2573153689590981,7.196739361181017
1461957611.408,4446.577818331176,5687.148328329256,1237.6186177302413,-1.6413247712007433,-0.28619491805147845,7.1905313520915115
1461957616.408,4438.314771552408,5685.645195527642,1273.5554179392966,-1.6638809542046147,-0.315067120734966,7.184140365301118
1461957621.408,4429.939049205993,5683.997721393066,1309.4598060067285,-1.6863948289064865,-0.3439312342488847,7.177566566352198
1461957626.408,4421.4508642863075,5682.205948217732,1345.3308682925526,-1.7088658149150433,-0.3727865198479776,7.170810125571279
1461957631.408,4412.8504326737775,5680.26992199733,1381.167692020054,-1.7312933378198068,-0.4016322352763382,7.163871218101349
1461957636.408,4404.137973127858,5678.189692430355,1416.9693653007557,-1.7536768209874936,-0.430467641181167,7.156750023857512
1461957641.408,4395.313707282318,5675.965312916101,1452.7349771570723,-1.7760156908980207,-0.4592919970418734,7.149446727553823
1461957646.408,4386.377859637826,5673.596840553911,1488.463617547642,-1.7983093744196594,-0.48810456325645646,7.141961518673725
1461957651.408,4377.330657559004,5671.0843361394545,1524.1543773897881,-1.8205572999586366,-0.5169046003175026,7.134294591480057
1461957656.408,4368.172331263071,5668.427864166757,1559.8063485845098,-1.842758896498708,-0.5456913695952608,7.126446144997544
1461957661.408,4358.903113820403,5665.627492821274,1595.4186240397596,-1.86491359523734,-0.5744641320843584,7.118416383016438
1461957666.408,4349.52324114152,5662.683293983126,1630.9902976942046,-1.8870208278212885,-0.6032221498080617,7.110205514076142
1461957671.408,4340.032951976281,5659.5953432206525,1666.520464541414,-1.9090800278263487,-0.6319646847350668,7.10181375146658
1461957676.408,4330.432487903965,5656.363719791143,1702.0082206527945,-1.9310906297832844,-0.6606909995061869,7.0932413132170495
1461957681.408,4320.722093327826,5652.988506637473,1737.4526632022603,-1.9530520690459525,-0.689400357608065,7.084488422091226
1461957686.408,4310.9020154699,5649.469790384965,1772.852890488888,-1.9749637832619555,-0.7180920222735949,7.0755553055766995
1461957691.408,4300.972504361567,5645.8076613407675,1808.2080019614207,-1.9968252109329114,-0.7467652576224282,7.066442195889067
1461957696.408,4290.933812839256,5642.002213489632,1843.5170982411976,-2.018635791426277,-0.77541932864915,7.057149329945105
1461957701.408,4280.786196536214,5638.053544492124,1878.7792811461559,-2.040394966594249,-0.8040535000627642,7.047676949372317
1461957706.408,4270.529913877335,5633.96175568066,1913.993653714028,-2.0621021787337668,-0.8326670378664858,7.038025300494837
1461957711.408,4260.165226069597,5629.726952058538,1949.1593202259728,-2.083756871348669,-0.861259208759293,7.028194634324109
1461957716.408,4249.692397097377,5625.349242295279,1984.2753862296731,-2.1053584906530887,-0.8898292791036511,7.018185206555472
1461957721.408,4239.111693714188,5620.8287387241835,2019.3409585633501,-2.126906483172206,-0.9183765167181264,7.007997277554296
1461957726.408,4228.423385436002,5616.165557338934,2054.355145378511,-2.1484002971865266,-0.9469001898442002,6.997631112353702
1461957731.408,4217.627744532753,5611.359817791143,2089.3170561637253,-2.169839382596365,-0.9753995672717792,6.987086980640925
1461957736.408,4206.725046024,5606.411643384766,2124.2258017673744,-2.1912231899814287,-1.0038739190695196,6.976365156751854
1461957741.408,4195.715567668063,5601.321161075123,2159.080494421318,-2.2125511731655934,-1.0323225147121775,6.965465919662165
1461957746.408,4184.599589955957,5596.08850146417,2193.8802477640834,-2.2338227852360433,-1.0607446260801225,6.954389552980501
1461957751.408,4173.377396104248,5590.713798796829,2228.6241768632644,-2.255037482712396,-1.0891395243615989,6.943136344928462
1461957756.408,4162.04927204769,5585.197190956495,2263.311398239683,-2.276194722217042,-1.1175064825920344,6.9317065883451505
1461957761.408,4150.615506430205,5579.5388194624675,2297.9410298896614,-2.2972939630417386,-1.1458447737759343,6.920100580679446
1461957766.408,4139.076390597626,5573.738829465405,2332.5121913083176,-2.3183346655432615,-1.1741536720719523,6.908318623966352
1461957771.408,4127.432218590345,5567.797369742884,2367.0240035125435,-2.3393162911943364,-1.2024324528356374,6.896361024819726
1461957776.408,4115.683287135287,5561.714592695318,2401.475589063594,-2.3602383041697976,-1.2306803914334523,6.884228094439095
1461957781.408,4103.829895638001,5555.490654341528,2435.866072090277,-2.38110016929204,-1.2588967648262042,6.8719201485832855
1461957786.408,4091.8723461729523,5549.12571431566,2470.194578311448,-2.4019013528441064,-1.2870808509560447,6.8594375075626886
1461957791.408,4079.8109434782696,5542.619935860189,2504.4602350595,-2.422641324014876,-1.3152319277742208,6.846780496239717
1461957796.408,4067.6459949448727,5535.973485823932,2538.662171301689,-2.4433195526962663,-1.3433492748399658,6.833949444006066
1461957801.408,4055.377810609887,5529.186534655435,2572.79951766423,-2.46393551012261,-1.3714321728921277,6.820944684775895
1461957806.408,4043.0067031481576,5522.2592563987055,2606.8714064539804,-2.484488670306291,-1.399479902843268,6.8077665569803685
1461957811.408,4030.5329878627776,5515.1918286889595,2640.876971681163,-2.5049785075398177,-1.4274917476141127,6.794415403550829
1461957816.408,4017.956982676969,5507.984432747217,2674.8153490822683,-2.525404499706383,-1.4554669897834174,6.7808915719156175
1461957821.408,4005.2790081262697,5500.637253375019,2708.68567614165,-2.5457661242030554,-1.4834049145347308,6.767195413975969
1461957826.408,3992.4993873493754,5493.150478949151,2742.487092114904,-2.566062861895716,-1.5113048068451462,6.753327286111471
1461957831.408,3979.618446079705,5485.524301416505,2776.2187380505034,-2.586294194603397,-1.539165953338852,6.739287549148685
1461957836.408,3966.636512635463,5477.75891628946,2809.879756812237,-2.6064596059200085,-1.566987641725973,6.725076568376153
1461957841.408,3953.5539179128173,5469.8545226389,2843.4692931015043,-2.6265585819801345,-1.5947691602568739,6.710694713510293
1461957846.408,3940.370995375317,5461.811323089924,2876.986493479297,-2.646590609150735,-1.6225097994156386,6.6961423586944875
1461957851.408,3927.088081045759,5453.62952381543,2910.4305063885668,-2.6665551773162406,-1.6502088496208671,6.68141988248226
1461957856.408,3913.705513496504,5445.3093345309935,2943.800482175977,-2.6864517769304257,-1.6778656033284278,6.666527667824994
1461957861.408,3900.2236338410207,5436.850968488374,2977.095573114067,-2.7062799007421745,-1.705479353854571,6.651466102075574
1461957866.408,3886.6427857249564,5428.254642469488,3010.314933423039,-2.726039043649507,-1.733049395490525,6.636235576951549
1461957871.408,3872.963315315287,5419.5205767814505,3043.457719292724,-2.7457287020956755,-1.7605750239627014,6.620836488541954
1461957876.408,3859.185571292897,5410.648995249094,3076.52308890431,-2.765348374088262,-1.7880555364708925,6.605269237280936
1461957881.408,3845.3099048429613,5401.640125209011,3109.5102024518787,-2.784897559971796,-1.8154902311280239,6.589534227952299
1461957886.408,3831.3366696435464,5392.4941975042475,3142.4182221647493,-2.804375761833853,-1.8428784074476425,6.573631869658129
1461957891.408,3817.266221858321,5383.211446476788,3175.2463123282146,-2.8237824838265624,-1.8702193661220008,6.557562575821976
1461957896.408,3803.098920126304,5373.792109961231,3207.9936393055477,-2.8431172312480157,-1.8975124096841682,6.541326764162022
1461957901.408,3788.835125552219,5364.236429278144,3240.6593715595754,-2.8623795127118683,-1.9247568410573876,6.52492485669336
1461957906.408,3774.475201695975,5354.544649228088,3273.2426796738255,-2.8815688377076185,-1.9519519652476447,6.508357279702068
1461957911.408,3760.019514564264,5344.717018083823,3305.7427363739343,-2.9006847181390185,-1.9790970883241243,6.4916244637352065
1461957916.408,3745.4684325999256,5334.7537875839,3338.1587165490023,-2.919726667424129,-2.0061915180458527,6.474726843591725
1461957921.408,3730.822326674936,5324.655212927488,3370.4897972668728,-2.9386942012665713,-2.0332345633823934,6.457664858311546
1461957926.408,3716.0815700691405,5314.421552759874,3402.735157819495,-2.957586837825147,-2.0602255343983416,6.440438951140095
1461957931.408,3701.2465384786155,5304.0530691758595,3434.8939797067887,-2.976404096208171,-2.087163743356541,6.423049569551949
1461957936.408,3686.317609990942,5293.550027706825,3466.965446683075,-2.9951454987499346,-2.114048503126469,6.405497165199449
1461957941.408,3671.295165081731,5282.912697312937,3498.948744771275,-3.0138105686055496,-2.140879128881352,6.387782193928615
1461957946.408,3656.1795866014504,5272.141350377411,3530.8430622843475,-3.03239883234437,-2.167654936388317,6.36990511574686
1461957951.408,3640.97125976758,5261.2362626977165,3562.647589845418,-3.0509098167740376,-2.1943752441402467,6.351866394812532
1461957956.408,3625.6705721522485,5250.1977134790595,3594.3615204090515,-3.069343052735803,-2.221039370841936,6.333666499424908
1461957961.408,3610.277913672505,5239.025985326473,3625.984049281504,-3.0876980720877327,-2.24764663746555,6.3153059020100955
1461957966.408,3594.7936765808636,5227.721364236043,3657.514374141698,-3.1059744087979198,-2.2741963665466756,6.296785079099664
1461957971.408,3579.2182554532915,5216.284139588456,3688.951695061267,-3.1241715989244767,-2.300687882209786,6.278104511316997
1461957976.408,3563.5520471807304,5204.714604139172,3720.295214525523,-3.1422891806537336,-2.327120510185523,6.259264683379115
1461957981.408,3547.7954509549318,5193.013054013206,3751.544137453264,-3.160326695036929,-2.3534935773086545,6.240266084055747
1461957986.408,3531.9488682619635,5181.179788693745,3782.6976712175874,-3.178283684518192,-2.379806412578546,6.221109206172969
1461957991.408,3516.0127028687057,5169.215111016069,3813.7550256657405,-3.196159693553909,-2.406058346736245,6.201794546594556
1461957996.408,3499.9873608128723,5157.119327158557,3844.7154131394445,-3.2139542693480507,-2.4322487117988203,6.182322606199705
1461958001.408,3483.873250392479,5144.892746634072,3875.578048494886,-3.2316669605479547,-2.45837684198068,6.162693889878938
1461958006.408,3467.670782154613,5132.535682281644,3906.342149122844,-3.249297318567642,-2.4844420727904435,6.142908906506364
1461958011.408,3451.3803688843077,5120.048450258181,3937.0069349683095,-3.2668448976037325,-2.5104437410864193,6.122968168942862
1461958016.408,3435.002425593906,5107.431370029418,3967.5716285505014,-3.284309252594994,-2.5363811864490344,6.1028721939974275
1461958021.408,3418.5373695114017,5094.68476436136,3998.0354549828835,-3.3016899414378713,-2.5622537497201847,6.08262150242399
1461958026.408,3401.9856200707786,5081.808959310882,4028.3976419923333,-3.3189865242479755,-2.588060773525285,6.062216618913226
1461958031.408,3385.347598898887,5068.804284217804,4058.657419939088,-3.3361985635319797,-2.6138016021750445,6.041658072058908
1461958036.408,3368.623729805393,5055.671071695119,4088.8140218362546,-3.353325623902947,-2.6394755819055717,6.020946394355633
1461958041.408,3351.8144387716525,5042.409657620024,4118.8666833689695,-3.3703672726564946,-2.665082060479108,6.000082122179265
1461958046.408,3334.9201539377154,5029.020381125509,4148.814642914181,-3.387323078364716,-2.6906203881790134,5.97906579577193
1461958051.408,3317.9413055940495,5015.503584589398,4178.657141559488,-3.4041926123081794,-2.716089916857527,5.957897959213369
1461958056.408,3300.8783261668937,5001.859613626627,4208.393423122924,-3.4209754483540564,-2.7414900000530906,5.936579160430483
1461958061.408,3283.731650208733,4988.088817079085,4238.0227341714335,-3.437671163090272,-2.76681999291759,5.91510995115641
1461958066.408,3266.5017143856167,4974.19154700666,4267.544324040129,-3.454279334561761,-2.792079253074917,5.893490886928703
1461958071.408,3249.1889574663414,4960.168158676811,4296.957444851644,-3.470799543150406,-2.8172671400807303,5.8717225270584095
1461958076.408,3231.7938203116078,4946.01901055493,4326.261351534312,-3.487231371697817,-2.842383015323321,5.8498054346318895
1461958081.408,3214.3167458596845,4931.744464295768,4355.455301841663,-3.503574405553536,-2.8674262420672676,5.827740176485349
1461958086.408,3196.7581791167318,4917.344884732792,4384.5385563704585,-3.5198282333853967,-2.8923961849077386,5.805527323185743
1461958091.408,3179.118567144993,4902.82063986765,4413.510378580045,-3.5359924441186195,-2.9172922117995768,5.783167449010762
1461958096.408,3161.398359050107,4888.172100861548,4442.370034809988,-3.552066630884383,-2.9421136915252646,5.760661131938832
1461958101.408,3143.5980059700933,4873.399642023853,4471.116794299352,-3.5680503882094854,-2.966859995518462,5.73800895363911
1461958106.408,3125.7179610620697,4858.503640803084,4499.749929204758,-3.5839433130208818,-2.9915304972528247,5.715211499429643
1461958111.408,3107.758679491907,4843.484477776001,4528.268714618298,-3.599745005339173,-3.016124571798173,5.692269358295562
1461958116.408,3089.720618420985,4828.342536637317,4556.67242858649,-3.6154550666233263,-3.0406415969155205,5.669183122832692
1461958121.408,3071.604236994559,4813.078204189701,4584.960352127733,-3.631073102686969,-3.065080951231721,5.645953389263013
1461958126.408,3053.409996330003,4797.691870332792,4613.1317692505445,-3.646598718615678,-3.0894420174790866,5.622580757396463
1461958131.408,3035.138359503792,4782.183928053213,4641.1859669715905,-3.662031524944723,-3.1137241785781953,5.599065830621839
1461958136.408,3016.7897915398144,4766.554773413759,4669.122235333295,-3.6773711327455203,-3.137926820803841,5.575409215895888
1461958141.408,2998.3647593971305,4750.804805542357,4696.939867422003,-3.692617156913002,-3.1620493317159344,5.551611523706924
1461958146.408,2979.863731957734,4734.934426621756,4724.638159385075,-3.707769213308893,-3.186091101965758,5.52767336807392
1461958151.408,2961.287180013685,4718.944041878458,4752.216410449099,-3.7228269215002,-3.21005152361613,5.5035953665201305
1461958156.408,2942.6355762547505,4702.834059572235,4779.673922936883,-3.7377899035213886,-3.2339299909272086,5.4793781400630905
1461958161.408,2923.909395257097,4686.604890984313,4807.010002284957,-3.7526577827020446,-3.2577259011140995,5.455022313178233
1461958166.408,2905.109113469244,4670.256950406987,4834.223957061201,-3.7674301860811283,-3.2814386528598334,5.430528513811623
1461958171.408,2886.235209200651,4653.790655132429,4861.315098981445,-3.7821067431932534,-3.3050676470811595,5.40589737333994
1461958176.408,2867.2881626084163,4637.206425441068,4888.282742927418,-3.796687084777659,-3.3286122877743765,5.381129526539553
1461958181.408,2848.268455685226,4620.504684590791,4915.126206962997,-3.811170845814104,-3.3520719801172163,5.356225611601076
1461958186.408,2829.1765722464615,4603.685858805386,4941.844812351481,-3.825557662763458,-3.3754461322405405,5.3311862700957136
1461958191.408,2810.0129979170865,4586.750377262949,4968.437883572853,-3.8398471750210774,-3.3987341542997456,5.306012146953435
1461958196.408,2790.7782201199366,4569.698672084718,4994.904748339649,-3.854039024152371,-3.4219354590222792,5.280703890441146
1461958201.408,2771.472728062059,4552.5311783231,5021.2447376144655,-3.868132854399846,-3.445049461341114,5.255262152157229
1461958206.408,2752.0970127220476,4535.248333950588,5047.4571856260145,-3.8821283133652287,-3.468075578089156,5.229687587009721
1461958211.408,2732.6515668372463,4517.850579847695,5073.541429885824,-3.896025050171829,-3.4910132290378897,5.203980853179928
1461958216.408,2713.13688489129,4500.338359791002,5099.496811204581,-3.9098227168083213,-3.5138618362043417,5.178142612136071
1461958221.408,2693.553463100412,4482.712120441799,5125.322673708414,-3.923520967965942,-3.5366208238619947,5.152173528577805
1461958226.408,2673.9017994009537,4464.97231133363,5151.018364855288,-3.937119461070779,-3.5592896186244616,5.126074270445315
1461958231.408,2654.182393436072,4447.11938486104,5176.583235450636,-3.950617856530698,-3.5818676492772283,5.099845508899307
1461958236.408,2634.395746547339,4429.15379627057,5202.0166396584145,-3.964015815716266,-3.6043543479891014,5.073487918283718
1461958241.408,2614.5423617445326,4411.076003634076,5227.31793503818,-3.977313004786083,-3.6267491481121397,5.047002176102978
1461958246.408,2594.622743717741,4392.886467858474,5252.486482529267,-3.990509090869182,-3.6490514863762655,5.0203889630474805
1461958251.408,2574.637398806923,4374.58565265897,5277.521646487787,-4.003603744747579,-3.6712608014004218,4.993648962917177
1461958256.408,2554.5868349940233,4356.1740245507735,5302.422794696108,-4.016596639212821,-3.6933765346302607,4.9667828626388655
1461958261.408,2534.4715618883765,4337.652052835887,5327.18929837975,-4.029487450454781,-3.7153981295741687,4.939791352246175
1461958266.408,2514.2920907150205,4319.020209591507,5351.820532221354,-4.042275856205833,-3.7373250328555514,4.912675124832276
1461958271.408,2494.048934300279,4300.278969656899,5376.315874377035,-4.054961537730378,-3.759156693134173,4.885434876559884
1461958276.408,2473.7426070581905,4281.428810621125,5400.674706491549,-4.06754417846787,-3.780892561852852,4.8580713066312455
1461958281.408,2453.3736249785516,4262.470212810251,5424.896413712837,-4.080023465513932,-3.802532092447109,4.830585117271767
1461958286.408,2432.9425056113755,4243.403659274859,5448.980384707916,-4.0923990874284755,-3.8240747415911756,4.8029770136890875
1461958291.408,2412.449768055996,4224.229635776899,5472.926011676973,-4.104670735227501,-3.84551996864775,4.775247704099456
1461958296.408,2391.8959329452264,4204.948630777381,5496.732690368876,-4.11683810479326,-3.866867234325582,4.747397899660427
1461958301.408,2371.281522433413,4185.561135422931,5520.399820095655,-4.128900892181264,-3.8881160033470223,4.719428314477227
1461958306.408,2350.6070601825286,4166.067643533397,5543.926803746913,-4.1408587978403375,-3.9092657420878822,4.69133966557456
1461958311.408,2329.8730713479486,4146.4686515880385,5567.3130478052435,-4.152711523744983,-3.9303159201981543,4.663132672888423
1461958316.408,2309.0800825658043,4126.764658713518,5590.5579623595,-4.164458776006086,-3.9512660091522775,4.6348080592206315
1461958321.408,2288.2286219389025,4106.956166669618,5613.660961120216,-4.17610026182183,-3.9721154839890005,4.6063665502533695
1461958326.408,2267.319219022907,4087.04367983697,5636.6214614332075,-4.187635692523145,-3.992863821597439,4.577808874500988
1461958331.408,2246.352404812839,4067.0277052034226,5659.438884293953,-4.199064781144898,-4.013510502119516,4.549135763299091
1461958336.408,2225.3287117296722,4046.908752350507,5682.112654361691,-4.210387244383583,-4.034055007844927,4.520347950799078
1461958341.408,2204.2486736057663,4026.6873334406732,5704.642199973269,-4.2216028008906505,-4.054496824191574,4.49144617391994
1461958346.408,2183.112825672229,4006.3639632026925,5727.026953157366,-4.232711172408017,-4.074835439083472,4.462431172348261
1461958351.408,2161.921704543812,3985.939158920021,5749.266349647476,-4.243712083909941,-4.095070342899817,4.433303688523665
1461958356.408,2140.6758482064038,3965.413440415078,5771.359828896566,-4.254605261997767,-4.115201029344917,4.404064467591525
1461958361.408,2119.3757960014354,3944.787330037733,5793.306834089839,-4.265390437069527,-4.1352269943126885,4.374714257406595
1461958366.408,2098.02208861468,3924.0613526498137,5815.106812158444,-4.276067342074839,-4.155147736545132,4.345253808515736
1461958371.408,2076.6152680592036,3903.236035612583,5836.759213793193,-4.286635712742736,-4.17496275755002,4.315683874113347
1461958376.408,2055.15587766384,3882.3119087726022,5858.263493457154,-4.2970952869350185,-4.1946715619360475,4.286005210041367
1461958381.408,2033.6444620578332,3861.2895044477214,5879.619109399455,-4.307445806195574,-4.214273656619753,4.256218574759259
1461958386.408,2012.081567157817,3840.1693574133114,5900.825523667881,-4.317687014532794,-4.233768551473531,4.226324729344924
1461958391.408,1990.4677401530066,3818.9520048885333,5921.882202122002,-4.327818659201512,-4.253155758946377,4.196324437427393
1461958396.408,1968.8035294915733,3797.637986522099,5942.7886144460135,-4.337840488632082,-4.272434795132085,4.166218465219572
1461958401.408,1947.0894848662804,3776.227844378247,5963.544234161565,-4.347752256783224,-4.291605177522342,4.136007581465492
1461958406.408,1925.3261572009703,3754.722122922563,5984.148538640283,-4.357553717842848,-4.310666427812066,4.105692557429393
1461958411.408,1903.5140986357355,3733.121369008246,6004.60100911627,-4.367244630325331,-4.329618069717981,4.075274166879353
1461958416.408,1881.653862513318,3711.4261318611484,6024.901130698842,-4.376824754838253,-4.348459630203706,4.044753186047274
1461958421.408,1859.746003364684,3689.6369630662107,6045.048392384512,-4.386293855344775,-4.367190638822194,4.014130393644336
1461958426.408,1837.7910768945903,3667.754416553053,6065.0422870693765,-4.395651698752999,-4.385810627940373,3.9834065707982518
1461958431.408,1815.789639968381,3645.779048581033,6084.8823115612895,-4.404898053872785,-4.404319133275749,3.952582501060533
1461958436.408,1793.7422505960592,3623.7114177257968,6104.567966591822,-4.414032693508034,-4.422715692860493,3.921658970387398
1461958441.408,1771.6494679204334,3601.5520848633205,6124.0987568283435,-4.42305539238555,-4.440999848091451,3.89063676709884
1461958446.408,1749.511852200064,3579.301613157411,6143.47419088552,-4.431965928904901,-4.45917114285885,3.859516681874993
1461958451.408,1727.3299647970566,3556.9605680435166,6162.693781337333,-4.440764083413114,-4.4772291244353255,3.8282995077288433
1461958456.408,1705.1043681621748,3534.5295172144706,6181.757044728678,-4.449449640339935,-4.495173342414091,3.7969860399862227
1461958461.408,1682.8356258197534,3512.0090306065786,6200.663501586642,-4.45802238565966,-4.513003349976316,3.765577076261252
1461958466.408,1660.5243023547825,3489.399680383641,6219.412676432244,-4.466482108838818,-4.530718702946615,3.7340734164445166
1461958471.408,1638.1709633971498,3466.702040923642,6238.004097791304,-4.474828602510797,-4.548318959966309,3.702475862683059
1461958476.408,1615.7761756084856,3443.9166888023647,6256.437298206175,-4.483061662186174,-4.56580368265486,3.670785219337631
1461958481.408,1593.3405066661428,3421.044202780152,6274.711814246396,-4.491181085268863,-4.583172436064615,3.6390022929863335
1461958486.408,1570.864525250426,3398.0851637857404,6292.827186519927,-4.4991866728516925,-4.600424787854536,3.6071278924082435
1461958491.408,1548.3488010291055,3375.040154902008,6310.782959683927,-4.507078229387844,-4.617560308468455,3.57516282852157
1461958496.408,1525.7939046441982,3351.909761350535,6328.578682455471,-4.514855560880278,-4.634578571971815,3.543107914412758
1461958501.408,1503.200407694909,3328.694570477048,6346.213907622603,-4.5225184776682,-4.651479154776553,3.510963965285555
1461958506.408,1480.568882726724,3305.3951717357804,6363.688192054328,-4.530066791937315,-4.6682616368061645,3.4787317984537367
1461958511.408,1457.8999032133281,3282.012156675156,6381.001096711512,-4.537500319444689,-4.684925600706265,3.4464122333056366
1461958516.408,1435.194043545001,3258.546118921456,6398.152186657166,-4.544818878010801,-4.701470632538985,3.4140060912986883
1461958521.408,1412.4518790120326,3234.997654164683,6415.1410310666,-4.5520222894861035,-4.717896320918044,3.3815141959275934
1461958526.408,1389.673985791542,3211.3673601426635,6431.967203237596,-4.559110377708066,-4.7342022579232435,3.3489373727052225
1461958531.408,1366.860940931691,3187.65583662612,6448.630280600571,-4.566082970345633,-4.7503880383028445,3.3162764491453345
1461958536.408,1344.0133223379908,3163.8636854031715,6465.129844728324,-4.572939896887647,-4.766453260344861,3.2835322547534815
1461958541.408,1321.1317087587947,3139.9915102636464,6481.465481346085,-4.5796809903079065,-4.782397525187662,3.2507056209706207
1461958546.408,1298.2166797697464,3116.039916984157,6497.636780341131,-4.5863060869382934,-4.7982204368686325,3.2177973811894844
1461958551.408,1275.2688157601012,3092.0095133123014,6513.643335772423,-4.5928150254108004,-4.813921602793926,3.184808370699102
1461958556.408,1252.2886979169725,3067.900908951639,6529.484745880063,-4.5992076470352,-4.829500633576572,3.151739426702079
1461958561.408,1229.2769082126008,3043.714715545002,6545.160613094916,-4.605483797104853,-4.844957142509429,3.1185913882645764
1461958566.408,1206.234029387389,3019.4515466604053,6560.670544047626,-4.611643322882173,-4.860290746408282,3.0853650963063046
1461958571.408,1183.1606449371338,2995.1120177742982,6576.0141495780135,-4.617686075093161,-4.875501065005665,3.0520613935705114
1461958576.408,1160.05733909663,2970.696746256445,6591.191044744179,-4.62361190688739,-4.8905877213724125,3.018681124623072
1461958581.408,1136.9246968268078,2946.2063513536978,6606.200848831436,-4.629420675043548,-4.905550341457456,2.9852251357942805
1461958586.408,1113.7633037981232,2921.6414541748404,6621.043185361254,-4.635112239185219,-4.920388554412511,2.9516942752125033
1461958591.408,1090.5737463773742,2897.0026776745704,6635.717682099847,-4.640686460723828,-4.935101992979526,2.9180893927223224
1461958596.408,1067.356611612108,2872.2906466376453,6650.223971067054,-4.646143206174884,-4.9496902922687696,2.8844113399118214
1461958601.408,1044.1124872162525,2847.505987662821,6664.561688544896,-4.651482342611871,-4.964153091447315,2.850660970055287
1461958606.408,1020.8419615551022,2822.649329147376,6678.730475085898,-4.656703741949059,-4.978490032177433,2.816839138128671
1461958611.408,997.5456236305359,2797.7213012708203,6692.729975521588,-4.661807277914818,-4.992700759726176,2.7829467007495623
1461958616.408,974.2240630667457,2772.722535979006,6706.559838970674,-4.666792827838208,-5.006784922326915,2.748984516184464
1461958621.408,950.877870094486,2747.6536669683273,6720.2197188471855,-4.6716602717641535,-5.020742171506299,2.7149534443224184
1461958626.408,927.5076355375784,2722.5153296694903,6733.70927286843,-4.676409492546441,-5.03457216205652,2.680854346632259
1461958631.408,904.1139507967179,2697.308161231406,6747.028163063123,-4.6810403761516,-5.048274551925715,2.6466880861689788
1461958636.408,880.6974078360856,2672.032800504954,6760.1760557790785,-4.685552811820685,-5.061849002202052,2.612455527550992
