t_gps,r_x,r_y,r_z,v_x,v_y,v_z
1462018815.353031,4108572.661867,-2213768.487380,4332967.079369,161.440185,298.788667,-0.424604
1462018905.353031,4123013.935437,-2186830.022692,4332929.088329,159.475808,299.841745,-0.419589
1462018995.353031,4137278.105298,-2159797.361825,4332891.549499,157.504562,300.881908,-0.414555
1462019085.353031,4151364.557069,-2132671.669116,4332854.464496,155.526531,301.909112,-0.409504
1462019175.353031,4165272.684025,-2105454.112911,4332817.834918,153.541802,302.923312,-0.404435
1462019265.353031,4179001.887122,-2078145.865512,4332781.662343,151.550460,303.924465,-0.399348
1462019355.353031,4192551.575022,-2050748.103127,4332745.948328,149.552590,304.912527,-0.394244
1462019445.353031,4205921.164118,-2023262.005822,4332710.694412,147.548278,305.887456,-0.389124
1462019535.353031,4219110.078561,-1995688.757465,4332675.902114,145.537612,306.849210,-0.383986
1462019625.353031,4232117.750286,-1968029.545678,4332641.572932,143.520677,307.797747,-0.378832
1462019715.353031,4244943.619032,-1940285.561786,4332607.708345,141.497560,308.733028,-0.373662
1462019805.353031,4257587.132367,-1912458.000766,4332574.309813,139.468349,309.655010,-0.368475
1462019895.353031,4270047.745718,-1884548.061194,4332541.378773,137.433131,310.563655,-0.363273
1462019985.353031,4282324.922386,-1856556.945194,4332508.916645,135.391993,311.458924,-0.358055
1462020075.353031,4294418.133574,-1828485.858388,4332476.924826,133.345024,312.340778,-0.352822
1462020165.353031,4306326.858409,-1800336.009840,4332445.404696,131.292311,313.209179,-0.347573
1462020255.353031,4318050.583963,-1772108.612008,4332414.357611,129.233943,314.064089,-0.342310
1462020345.353031,4329588.805278,-1743804.880689,4332383.784908,127.170009,314.905473,-0.337031
1462020435.353031,4340941.025385,-1715426.034970,4332353.687906,125.100598,315.733292,-0.331738
1462020525.353031,4352106.755327,-1686973.297172,4332324.067901,123.025798,316.547513,-0.326431
1462020615.353031,4363085.514177,-1658447.892797,4332294.926168,120.945700,317.348099,-0.321110
1462020705.353031,4373876.829064,-1629851.050479,4332266.263963,118.860392,318.135017,-0.315775
1462020795.353031,4384480.235190,-1601184.001929,4332238.082521,116.769964,318.908232,-0.310427
1462020885.353031,4394895.275849,-1572447.981880,4332210.383055,114.674508,319.667711,-0.305065
1462020975.353031,4405121.502449,-1543644.228038,4332183.166759,112.574112,320.413422,-0.299689
1462021065.353031,4415158.474531,-1514773.981025,4332156.434806,110.468867,321.145332,-0.294301
1462021155.353031,4425005.759788,-1485838.484327,4332130.188346,108.358864,321.863410,-0.288901
1462021245.353031,4434662.934082,-1456838.984241,4332104.428511,106.244194,322.567625,-0.283488
1462021335.353031,4444129.581462,-1427776.729821,4332079.156410,104.124948,323.257946,-0.278062
1462021425.353031,4453405.294187,-1398652.972822,4332054.373132,102.001217,323.934344,-0.272625
1462021515.353031,4462489.672736,-1369468.967651,4332030.079745,99.873092,324.596789,-0.267176
1462021605.353031,4471382.325832,-1340225.971307,4332006.277294,97.740666,325.245254,-0.261715
1462021695.353031,4480082.870455,-1310925.243331,4331982.966807,95.604030,325.879710,-0.256243
1462021785.353031,4488590.931858,-1281568.045752,4331960.149286,93.463277,326.500129,-0.250760
1462021875.353031,4496906.143586,-1252155.643029,4331937.825714,91.318498,327.106486,-0.245267
1462021965.353031,4505028.147491,-1222689.302001,4331915.997054,89.169785,327.698754,-0.239762
1462022055.353031,4512956.593745,-1193170.291828,4331894.664246,87.017232,328.276907,-0.234248
1462022145.353031,4520691.140857,-1163599.883939,4331873.828209,84.860931,328.840921,-0.228723
1462022235.353031,4528231.455689,-1133979.351978,4331853.489840,82.700974,329.390772,-0.223189
1462022325.353031,4535577.213469,-1104309.971748,4331833.650015,80.537456,329.926435,-0.217644
1462022415.353031,4542728.097802,-1074593.021154,4331814.309590,78.370469,330.447887,-0.212091
1462022505.353031,4549683.800690,-1044829.780152,4331795.469398,76.200106,330.955107,-0.206528
1462022595.353031,4556444.022539,-1015021.530690,4331777.130250,74.026461,331.448071,-0.200957
1462022685.353031,4563008.472176,-985169.556656,4331759.292936,71.849628,331.926760,-0.195376
1462022775.353031,4569376.866861,-955275.143822,4331741.958224,69.669700,332.391153,-0.189788
1462022865.353031,4575548.932296,-925339.579784,4331725.126863,67.486772,332.841228,-0.184191
1462022955.353031,4581524.402642,-895364.153915,4331708.799576,65.300936,333.276968,-0.178586
1462023045.353031,4587303.020526,-865350.157303,4331692.977067,63.112288,333.698353,-0.172974
1462023135.353031,4592884.537054,-835298.882697,4331677.660018,60.920922,334.105365,-0.167354
1462023225.353031,4598268.711821,-805211.624453,4331662.849089,58.726932,334.497986,-0.161727
1462023315.353031,4603455.312924,-775089.678474,4331648.544917,56.530412,334.876200,-0.156092
1462023405.353031,4608444.116966,-744934.342160,4331634.748120,54.331457,335.239991,-0.150452
1462023495.353031,4613234.909072,-714746.914347,4331621.459291,52.130162,335.589342,-0.144804
1462023585.353031,4617827.482896,-684528.695257,4331608.679004,49.926622,335.924239,-0.139151
1462023675.353031,4622221.640629,-654280.986433,4331596.407808,47.720932,336.244667,-0.133491
1462023765.353031,4626417.193007,-624005.090691,4331584.646233,45.513186,336.550613,-0.127826
1462023855.353031,4630413.959322,-593702.312061,4331573.394785,43.303479,336.842063,-0.122155
1462023945.353031,4634211.767427,-563373.955732,4331562.653949,41.091908,337.119004,-0.116479
1462024035.353031,4637810.453744,-533021.327992,4331552.424188,38.878567,337.381425,-0.110798
1462024125.353031,4641209.863273,-502645.736175,4331542.705943,36.663551,337.629315,-0.105112
1462024215.353031,4644409.849595,-472248.488607,4331533.499633,34.446956,337.862663,-0.099422
1462024305.353031,4647410.274883,-441830.894543,4331524.805653,32.228877,338.081458,-0.093727
1462024395.353031,4650211.009903,-411394.264116,4331516.624379,30.009410,338.285691,-0.088028
1462024485.353031,4652811.934024,-380939.908279,4331508.956164,27.788651,338.475354,-0.082326
1462024575.353031,4655212.935220,-350469.138748,4331501.801337,25.566694,338.650439,-0.076620
1462024665.353031,4657413.910076,-319983.267948,4331495.160208,23.343637,338.810937,-0.070911
1462024755.353031,4659414.763793,-289483.608951,4331489.033062,21.119574,338.956842,-0.065198
1462024845.353031,4661215.410191,-258971.475424,4331483.420164,18.894601,339.088148,-0.059483
1462024935.353031,4662815.771714,-228448.181574,4331478.321755,16.668815,339.204848,-0.053765
1462025025.353031,4664215.779431,-197915.042085,4331473.738056,14.442311,339.306939,-0.048045
1462025115.353031,4665415.373043,-167373.372068,4331469.669263,12.215184,339.394415,-0.042323
1462025205.353031,4666414.500880,-136824.486998,4331466.115552,9.987532,339.467273,-0.036599
1462025295.353031,4667213.119910,-106269.702665,4331463.077077,7.759449,339.525509,-0.030873
1462025385.353031,4667811.195733,-75710.335110,4331460.553969,5.531032,339.569122,-0.025146
1462025475.353031,4668208.702591,-45147.700572,4331458.546336,3.302377,339.598109,-0.019418
1462025565.353031,4668405.623363,-14583.115431,4331457.054265,1.073579,339.612468,-0.013690
1462025655.353031,4668401.949566,15982.103848,4331456.077821,-1.155264,339.612201,-0.007960
1462025745.353031,4668197.681359,46546.640774,4331455.617046,-3.384058,339.597305,-0.002230
1462025835.353031,4667792.827540,77109.178886,4331455.671959,-5.612706,339.567783,0.003499
1462025925.353031,4667187.405547,107668.401807,4331456.242559,-7.841113,339.523634,0.009229
1462026015.353031,4666381.441457,138222.993304,4331457.328821,-10.069181,339.464862,0.014959
1462026105.353031,4665374.969983,168771.637344,4331458.930699,-12.296816,339.391469,0.020687
1462026195.353031,4664168.034476,199313.018149,4331461.048123,-14.523922,339.303458,0.026415
1462026285.353031,4662760.686922,229845.820254,4331463.681004,-16.750402,339.200832,0.032142
1462026375.353031,4661152.987935,260368.728565,4331466.829227,-18.976160,339.083596,0.037867
1462026465.353031,4659345.006764,290880.428412,4331470.492657,-21.201101,338.951756,0.043591
1462026555.353031,4657336.821280,321379.605610,4331474.671136,-23.425129,338.805316,0.049312
1462026645.353031,4655128.517979,351864.946511,4331479.364486,-25.648147,338.644284,0.055032
1462026735.353031,4652720.191976,382335.138064,4331484.572503,-27.870062,338.468665,0.060749
1462026825.353031,4650111.947001,412788.867871,4331490.294963,-30.090775,338.278469,0.066464
1462026915.353031,4647303.895397,443224.824244,4331496.531621,-32.310193,338.073702,0.072176
1462027005.353031,4644296.158110,473641.696257,4331503.282208,-34.528219,337.854373,0.077884
1462027095.353031,4641088.864687,504038.173809,4331510.546433,-36.744758,337.620493,0.083590
1462027185.353031,4637682.153274,534412.947677,4331518.323984,-38.959714,337.372071,0.089291
1462027275.353031,4634076.170600,564764.709572,4331526.614525,-41.172992,337.109118,0.094989
1462027365.353031,4630271.071983,595092.152197,4331535.417701,-43.384497,336.831645,0.100683
1462027455.353031,4626267.021314,625393.969301,4331544.733131,-45.594133,336.539664,0.106373
1462027545.353031,4622064.191052,655668.855739,4331554.560415,-47.801805,336.233187,0.112058
1462027635.353031,4617662.762222,685915.507524,4331564.899129,-50.007419,335.912229,0.117738
1462027725.353031,4613062.924399,716132.621886,4331575.748830,-52.210878,335.576803,0.123413
1462027815.353031,4608264.875706,746318.897327,4331587.109048,-54.412089,335.226922,0.129082
1462027905.353031,4603268.822802,776473.033678,4331598.979296,-56.610956,334.862603,0.134746
1462027995.353031,4598074.980874,806593.732152,4331611.359062,-58.807385,334.483861,0.140405
1462028085.353031,4592683.573631,836679.695405,4331624.247814,-61.001281,334.090712,0.146057
1462028175.353031,4587094.833287,866729.627588,4331637.644995,-63.192549,333.683173,0.151703
1462028265.353031,4581309.000560,896742.234403,4331651.550030,-65.381096,333.261262,0.157342
1462028355.353031,4575326.324653,926716.223162,4331665.962319,-67.566826,332.824997,0.162975
1462028445.353031,4569147.063250,956650.302837,4331680.881242,-69.749647,332.374397,0.168601
1462028535.353031,4562771.482502,986543.184122,4331696.306157,-71.929463,331.909481,0.174219
1462028625.353031,4556199.857014,1016393.579485,4331712.236399,-74.106181,331.430269,0.179830
1462028715.353031,4549432.469838,1046200.203221,4331728.671283,-76.279707,330.936782,0.185433
1462028805.353031,4542469.612454,1075961.771513,4331745.610100,-78.449947,330.429040,0.191028
1462028895.353031,4535311.584764,1105677.002486,4331763.052122,-80.616809,329.907067,0.196615
1462028985.353031,4527958.695075,1135344.616258,4331780.996596,-82.780199,329.370884,0.202194
1462029075.353031,4520411.260089,1164963.334998,4331799.442751,-84.940022,328.820515,0.207764
1462029165.353031,4512669.604884,1194531.882982,4331818.389792,-87.096188,328.255982,0.213325
1462029255.353031,4504734.062906,1224048.986647,4331837.836904,-89.248602,327.677312,0.218876
1462029345.353031,4496604.975950,1253513.374647,4331857.783248,-91.397172,327.084527,0.224418
1462029435.353031,4488282.694151,1282923.777904,4331878.227966,-93.541805,326.477655,0.229951
1462029525.353031,4479767.575960,1312278.929665,4331899.170177,-95.682410,325.856721,0.235474
1462029615.353031,4471059.988138,1341577.565561,4331920.608979,-97.818893,325.221751,0.240986
1462029705.353031,4462160.305734,1370818.423652,4331942.543450,-99.951163,324.572774,0.246488
1462029795.353031,4453068.912071,1400000.244489,4331964.972645,-102.079128,323.909817,0.251980
1462029885.353031,4443786.198730,1429121.771168,4331987.895597,-104.202696,323.232909,0.257460
1462029975.353031,4434312.565531,1458181.749377,4332011.311320,-106.321776,322.542078,0.262930
1462030065.353031,4424648.420519,1487178.927459,4332035.218805,-108.436277,321.837355,0.268388
1462030155.353031,4414794.179943,1516112.056461,4332059.617023,-110.546107,321.118770,0.273835
1462030245.353031,4404750.268242,1544979.890187,4332084.504922,-112.651175,320.386354,0.279270
1462030335.353031,4394517.118021,1573781.185256,4332109.881432,-114.751392,319.640139,0.284693
1462030425.353031,4384095.170039,1602514.701150,4332135.745459,-116.846666,318.880156,0.290103
1462030515.353031,4373484.873185,1631179.200274,4332162.095889,-118.936908,318.106438,0.295502
1462030605.353031,4362686.684462,1659773.448001,4332188.931588,-121.022026,317.319019,0.300887
1462030695.353031,4351701.068963,1688296.212735,4332216.251400,-123.101932,316.517933,0.306259
1462030785.353031,4340528.499857,1716746.265955,4332244.054148,-125.176536,315.703214,0.311619
1462030875.353031,4329169.458364,1745122.382273,4332272.338636,-127.245748,314.874897,0.316964
1462030965.353031,4317624.433734,1773423.339486,4332301.103644,-129.309480,314.033017,0.322297
1462031055.353031,4305893.923231,1801647.918628,4332330.347934,-131.367642,313.177612,0.327615
1462031145.353031,4293978.432106,1829794.904022,4332360.070247,-133.420145,312.308718,0.332919
1462031235.353031,4281878.473577,1857863.083335,4332390.269302,-135.466902,311.426372,0.338209
1462031325.353031,4269594.568809,1885851.247626,4332420.943799,-137.507825,310.530613,0.343484
1462031415.353031,4257127.246888,1913758.191401,4332452.092418,-139.542825,309.621478,0.348745
1462031505.353031,4244477.044801,1941582.712666,4332483.713816,-141.571814,308.699008,0.353990
1462031595.353031,4231644.507413,1969323.612974,4332515.806631,-143.594706,307.763242,0.359220
1462031685.353031,4218630.187440,1996979.697483,4332548.369482,-145.611412,306.814219,0.364435
1462031775.353031,4205434.645430,2024549.775002,4332581.400966,-147.621848,305.851982,0.369634
1462031865.353031,4192058.449735,2052032.658045,4332614.899661,-149.625924,304.876571,0.374817
1462031955.353031,4178502.176489,2079427.162882,4332648.864124,-151.623557,303.888029,0.379984
1462032045.353031,4164766.409581,2106732.109588,4332683.292891,-153.614658,302.886398,0.385135
1462032135.353031,4150851.740633,2133946.322098,4332718.184482,-155.599143,301.871721,0.390269
1462032225.353031,4136758.768970,2161068.628253,4332753.537391,-157.576926,300.844042,0.395386
1462032315.353031,4122488.101600,2188097.859853,4332789.350098,-159.547923,299.803405,0.400487
1462032405.353031,4108040.353181,2215032.852708,4332825.621060,-161.512047,298.749855,0.405570
1462032495.353031,4093416.146001,2241872.446685,4332862.348714,-163.469214,297.683437,0.410635
1462032585.353031,4078616.109947,2268615.485762,4332899.531479,-165.419341,296.604198,0.415683
1462032675.353031,4063640.882480,2295260.818074,4332937.167753,-167.362343,295.512184,0.420713
1462032765.353031,4048491.108606,2321807.295966,4332975.255916,-169.298136,294.407441,0.425725
1462032855.353031,4033167.440850,2348253.776040,4333013.794327,-171.226637,293.290018,0.430718
1462032945.353031,4017670.539225,2374599.119204,4333052.781327,-173.147764,292.159962,0.435693
1462033035.353031,4002001.071207,2400842.190725,4333092.215235,-175.061432,291.017323,0.440649
1462033125.353031,3986159.711706,2426981.860272,4333132.094355,-176.967561,289.862149,0.445586
1462033215.353031,3970147.143031,2453017.001969,4333172.416968,-178.866067,288.694490,0.450504
1462033305.353031,3953964.054871,2478946.494443,4333213.181338,-180.756869,287.514397,0.455403
1462033395.353031,3937611.144255,2504769.220870,4333254.385709,-182.639886,286.321920,0.460282
1462033485.353031,3921089.115529,2530484.069024,4333296.028307,-184.515036,285.117110,0.465141
1462033575.353031,3904398.680323,2556089.931328,4333338.107337,-186.382239,283.900021,0.469980
1462033665.353031,3887540.557519,2581585.704898,4333380.620989,-188.241414,282.670703,0.474799
1462033755.353031,3870515.473223,2606970.291590,4333423.567430,-190.092481,281.429210,0.479597
1462033845.353031,3853324.160731,2632242.598052,4333466.944811,-191.935360,280.175595,0.484375
1462033935.353031,3835967.360501,2657401.535766,4333510.751264,-193.769973,278.909913,0.489132
1462034025.353031,3818445.820117,2682446.021098,4333554.984902,-195.596239,277.632218,0.493868
1462034115.353031,3800760.294258,2707374.975342,4333599.643821,-197.414081,276.342565,0.498582
1462034205.353031,3782911.544669,2732187.324771,4333644.726096,-199.223420,275.041010,0.503276
1462034295.353031,3764900.340121,2756882.000677,4333690.229786,-201.024179,273.727607,0.507947
1462034385.353031,3746727.456386,2781457.939423,4333736.152932,-202.816278,272.402415,0.512596
1462034475.353031,3728393.676198,2805914.082485,4333782.493555,-204.599643,271.065491,0.517224
1462034565.353031,3709899.789222,2830249.376498,4333829.249660,-206.374194,269.716891,0.521829
1462034655.353031,3691246.592018,2854462.773306,4333876.419232,-208.139857,268.356674,0.526412
1462034745.353031,3672434.888008,2878553.229997,4333924.000241,-209.896555,266.984898,0.530972
1462034835.353031,3653465.487441,2902519.708960,4333971.990637,-211.644212,265.601623,0.535509
1462034925.353031,3634339.207359,2926361.177921,4334020.388352,-213.382754,264.206908,0.540023
1462035015.353031,3615056.871561,2950076.609990,4334069.191304,-215.112105,262.800813,0.544514
1462035105.353031,3595619.310567,2973664.983708,4334118.397389,-216.832190,261.383399,0.548981
1462035195.353031,3576027.361583,2997125.283087,4334168.004489,-218.542937,259.954727,0.553425
1462035285.353031,3556281.868464,3020456.497655,4334218.010467,-220.244270,258.514858,0.557845
1462035375.353031,3536383.681680,3043657.622500,4334268.413169,-221.936117,257.063854,0.562241
1462035465.353031,3516333.658276,3066727.658315,4334319.210424,-223.618405,255.601779,0.566613
1462035555.353031,3496132.661838,3089665.611436,4334370.400045,-225.291061,254.128694,0.570960
1462035645.353031,3475781.562454,3112470.493891,4334421.979827,-226.954014,252.644663,0.575283
1462035735.353031,3455281.236678,3135141.323438,4334473.947548,-228.607192,251.149751,0.579580
1462035825.353031,3434632.567491,3157677.123610,4334526.300971,-230.250523,249.644021,0.583853
1462035915.353031,3413836.444263,3180076.923754,4334579.037839,-231.883936,248.127539,0.588101
1462036005.353031,3392893.762715,3202339.759076,4334632.155883,-233.507362,246.600370,0.592324
1462036095.353031,3371805.424881,3224464.670682,4334685.652814,-235.120731,245.062579,0.596521
1462036185.353031,3350572.339069,3246450.705617,4334739.526328,-236.723973,243.514232,0.600692
1462036275.353031,3329195.419821,3268296.916909,4334793.774105,-238.317018,241.955398,0.604837
1462036365.353031,3307675.587873,3290002.363607,4334848.393808,-239.899799,240.386142,0.608957
1462036455.353031,3286013.770118,3311566.110824,4334903.383085,-241.472247,238.806532,0.613050
1462036545.353031,3264210.899565,3332987.229777,4334958.739567,-243.034294,237.216636,0.617116
1462036635.353031,3242267.915297,3354264.797824,4335014.460871,-244.585874,235.616523,0.621157
1462036725.353031,3220185.762433,3375397.898507,4335070.544596,-246.126919,234.006262,0.625170
1462036815.353031,3197965.392084,3396385.621592,4335126.988327,-247.657363,232.385921,0.629156
1462036905.353031,3175607.761317,3417227.063104,4335183.789633,-249.177139,230.755572,0.633116
1462036995.353031,3153113.833110,3437921.325370,4335240.946067,-250.686184,229.115283,0.637048
1462037085.353031,3130484.576311,3458467.517057,4335298.455169,-252.184431,227.465126,0.640952
1462037175.353031,3107720.965598,3478864.753207,4335356.314459,-253.671815,225.805172,0.644830
1462037265.353031,3084823.981434,3499112.155281,4335414.521448,-255.148274,224.135492,0.648679
1462037355.353031,3061794.610028,3519208.851190,4335473.073628,-256.613744,222.456158,0.652500
1462037445.353031,3038633.843291,3539153.975341,4335531.968476,-258.068160,220.767243,0.656293
1462037535.353031,3015342.678794,3558946.668664,4335591.203457,-259.511461,219.068819,0.660058
1462037625.353031,2991922.119722,3578586.078659,4335650.776019,-260.943585,217.360959,0.663795
1462037715.353031,2968373.174836,3598071.359424,4335710.683596,-262.364469,215.643737,0.667503
1462037805.353031,2944696.858425,3617401.671700,4335770.923609,-263.774053,213.917227,0.671182
1462037895.353031,2920894.190266,3636576.182899,4335831.493462,-265.172276,212.181503,0.674832
1462037985.353031,2896966.195575,3655594.067145,4335892.390546,-266.559077,210.436640,0.678453
1462038075.353031,2872913.904969,3674454.505309,4335953.612240,-267.934397,208.682714,0.682045
1462038165.353031,2848738.354417,3693156.685043,4336015.155905,-269.298177,206.919799,0.685608
1462038255.353031,2824440.585198,3711699.800814,4336077.018893,-270.650358,205.147972,0.689141
1462038345.353031,2800021.643855,3730083.053942,4336139.198537,-271.990881,203.367309,0.692645
1462038435.353031,2775482.582149,3748305.652631,4336201.692159,-273.319690,201.577886,0.696118
1462038525.353031,2750824.457015,3766366.812007,4336264.497069,-274.636726,199.779781,0.699562
1462038615.353031,2726048.330518,3784265.754146,4336327.610562,-275.941933,197.973071,0.702975
1462038705.353031,2701155.269804,3802001.708114,4336391.029918,-277.235255,196.157835,0.706358
1462038795.353031,2676146.347055,3819573.909996,4336454.752406,-278.516635,194.334149,0.709711
1462038885.353031,2651022.639445,3836981.602929,4336518.775282,-279.786020,192.502093,0.713033
1462038975.353031,2625785.229091,3854224.037138,4336583.095789,-281.043354,190.661746,0.716325
1462039065.353031,2600435.203007,3871300.469963,4336647.711156,-282.288583,188.813187,0.719586
1462039155.353031,2574973.653057,3888210.165898,4336712.618599,-283.521653,186.956495,0.722815
1462039245.353031,2549401.675912,3904952.396613,4336777.815324,-284.742512,185.091751,0.726014
1462039335.353031,2523720.372995,3921526.440997,4336843.298522,-285.951106,183.219035,0.729181
1462039425.353031,2497930.850440,3937931.585179,4336909.065373,-287.147384,181.338427,0.732317
1462039515.353031,2472034.219042,3954167.122564,4336975.113045,-288.331294,179.450008,0.735421
1462039605.353031,2446031.594209,3970232.353862,4337041.438691,-289.502785,177.553861,0.738494
1462039695.353031,2419924.095914,3986126.587118,4337108.039457,-290.661807,175.650065,0.741534
1462039785.353031,2393712.848648,4001849.137745,4337174.912474,-291.808310,173.738705,0.744543
1462039875.353031,2367398.981371,4017399.328547,4337242.054860,-292.942244,171.819861,0.747520
1462039965.353031,2340983.627460,4032776.489752,4337309.463724,-294.063560,169.893616,0.750465
1462040055.353031,2314467.924666,4047979.959044,4337377.136164,-295.172211,167.960054,0.753377
1462040145.353031,2287853.015063,4063009.081584,4337445.069263,-296.268148,166.019258,0.756257
1462040235.353031,2261140.044995,4077863.210046,4337513.260097,-297.351324,164.071311,0.759104
1462040325.353031,2234330.165032,4092541.704639,4337581.705728,-298.421693,162.116297,0.761919
1462040415.353031,2207424.529916,4107043.933137,4337650.403208,-299.479209,160.154301,0.764700
1462040505.353031,2180424.298515,4121369.270907,4337719.349579,-300.523826,158.185406,0.767449
1462040595.353031,2153330.633771,4135517.100935,4337788.541870,-301.555498,156.209698,0.770165
1462040685.353031,2126144.702651,4149486.813851,4337857.977102,-302.574182,154.227262,0.772848
1462040775.353031,2098867.676094,4163277.807959,4337927.652284,-303.579834,152.238184,0.775497
1462040865.353031,2071500.728965,4176889.489258,4337997.564415,-304.572410,150.242548,0.778113
1462040955.353031,2044045.040000,4190321.271473,4338067.710483,-305.551868,148.240440,0.780695
1462041045.353031,2016501.791758,4203572.576076,4338138.087468,-306.518165,146.231948,0.783244
1462041135.353031,1988872.170570,4216642.832313,4338208.692339,-307.471259,144.217158,0.785759
1462041225.353031,1961157.366487,4229531.477227,4338279.522053,-308.411111,142.196156,0.788240
1462041315.353031,1933358.573228,4242237.955684,4338350.573562,-309.337679,140.169029,0.790687
1462041405.353031,1905476.988130,4254761.720397,4338421.843804,-310.250923,138.135865,0.793101
1462041495.353031,1877513.812097,4267102.231948,4338493.329709,-311.150804,136.096751,0.795480
1462041585.353031,1849470.249546,4279258.958812,4338565.028199,-312.037284,134.051775,0.797824
1462041675.353031,1821347.508357,4291231.377380,4338636.936186,-312.910323,132.001026,0.800135
1462041765.353031,1793146.799820,4303018.971981,4338709.050572,-313.769885,129.944591,0.802411
1462041855.353031,1764869.338583,4314621.234905,4338781.368251,-314.615933,127.882559,0.804652
1462041945.353031,1736516.342600,4326037.666424,4338853.886109,-315.448429,125.815019,0.806859
1462042035.353031,1708089.033080,4337267.774816,4338926.601022,-316.267339,123.742060,0.809031
1462042125.353031,1679588.634429,4348311.076382,4338999.509859,-317.072626,121.663771,0.811168
1462042215.353031,1651016.374205,4359167.095470,4339072.609478,-317.864257,119.580242,0.813270
1462042305.353031,1622373.483060,4369835.364494,4339145.896732,-318.642197,117.491562,0.815337
1462042395.353031,1593661.194687,4380315.423956,4339219.368464,-319.406412,115.397822,0.817369
1462042485.353031,1564880.745768,4390606.822463,4339293.021509,-320.156870,113.299112,0.819366
1462042575.353031,1536033.375923,4400709.116748,4339366.852695,-320.893538,111.195521,0.821328
1462042665.353031,1507120.327653,4410621.871690,4339440.858842,-321.616385,109.087141,0.823254
1462042755.353031,1478142.846287,4420344.660332,4339515.036763,-322.325380,106.974063,0.825144
1462042845.353031,1449102.179931,4429877.063898,4339589.383262,-323.020491,104.856377,0.827000
1462042935.353031,1419999.579411,4439218.671811,4339663.895137,-323.701690,102.734175,0.828819
1462043025.353031,1390836.298221,4448369.081716,4339738.569180,-324.368946,100.607548,0.830603
1462043115.353031,1361613.592469,4457327.899489,4339813.402174,-325.022231,98.476587,0.832351
1462043205.353031,1332332.720823,4466094.739260,4339888.390894,-325.661516,96.341385,0.834063
1462043295.353031,1302994.944454,4474669.223429,4339963.532113,-326.286776,94.202033,0.835740
1462043385.353031,1273601.526987,4483050.982677,4340038.822593,-326.897981,92.058624,0.837380
1462043475.353031,1244153.734442,4491239.655991,4340114.259092,-327.495106,89.911250,0.838984
1462043565.353031,1214652.835181,4499234.890672,4340189.838359,-328.078126,87.760004,0.840552
1462043655.353031,1185100.099853,4507036.342351,4340265.557141,-328.647015,85.604977,0.842084
1462043745.353031,1155496.801341,4514643.675009,4340341.412175,-329.201748,83.446263,0.843580
1462043835.353031,1125844.214704,4522056.560985,4340417.400195,-329.742302,81.283955,0.845039
1462043925.353031,1096143.617126,4529274.680996,4340493.517927,-330.268654,79.118146,0.846462
1462044015.353031,1066396.287857,4536297.724146,4340569.762093,-330.780781,76.948929,0.847848
1462044105.353031,1036603.508162,4543125.387941,4340646.129409,-331.278660,74.776398,0.849198
1462044195.353031,1006766.561260,4549757.378304,4340722.616586,-331.762271,72.600646,0.850512
1462044285.353031,976886.732277,4556193.409584,4340799.220330,-332.231592,70.421767,0.851788
1462044375.353031,946965.308181,4562433.204571,4340875.937340,-332.686603,68.239855,0.853028
1462044465.353031,917003.577737,4568476.494507,4340952.764313,-333.127285,66.055004,0.854231
1462044555.353031,887002.831442,4574323.019100,4341029.697940,-333.553619,63.867308,0.855398
1462044645.353031,856964.361475,4579972.526529,4341106.734906,-333.965586,61.676861,0.856528
1462044735.353031,826889.461638,4585424.773462,4341183.871895,-334.363169,59.483757,0.857620
1462044825.353031,796779.427305,4590679.525062,4341261.105582,-334.746350,57.288091,0.858676
1462044915.353031,766635.555363,4595736.554999,4341338.432643,-335.115113,55.089958,0.859695
1462045005.353031,736459.144153,4600595.645459,4341415.849746,-335.469442,52.889452,0.860677
1462045095.353031,706251.493421,4605256.587153,4341493.353556,-335.809322,50.686668,0.861621
1462045185.353031,676013.904258,4609719.179327,4341570.940736,-336.134738,48.481701,0.862529
1462045275.353031,645747.679043,4613983.229770,4341648.607944,-336.445676,46.274645,0.863400
1462045365.353031,615454.121390,4618048.554823,4341726.351834,-336.742123,44.065597,0.864233
1462045455.353031,585134.536089,4621914.979386,4341804.169058,-337.024067,41.854650,0.865029
1462045545.353031,554790.229052,4625582.336927,4341882.056264,-337.291493,39.641901,0.865788
1462045635.353031,524422.507254,4629050.469486,4341960.010097,-337.544393,37.427444,0.866509
1462045725.353031,494032.678682,4632319.227685,4342038.027201,-337.782753,35.211376,0.867193
1462045815.353031,463622.052272,4635388.470735,4342116.104213,-338.006565,32.993790,0.867840
1462045905.353031,433191.937858,4638258.066438,4342194.237773,-338.215819,30.774784,0.868450
1462045995.353031,402743.646110,4640927.891196,4342272.424513,-338.410504,28.554452,0.869022
1462046085.353031,372278.488485,4643397.830015,4342350.661067,-338.590614,26.332890,0.869556
1462046175.353031,341797.777165,4645667.776512,4342428.944065,-338.756141,24.110194,0.870053
1462046265.353031,311302.824999,4647737.632916,4342507.270134,-338.907077,21.886459,0.870513
1462046355.353031,280794.945455,4649607.310076,4342585.635902,-339.043415,19.661782,0.870935
1462046445.353031,250275.452553,4651276.727461,4342664.037993,-339.165150,17.436258,0.871320
1462046535.353031,219745.660816,4652745.813167,4342742.473030,-339.272277,15.209983,0.871667
1462046625.353031,189206.885208,4654014.503918,4342820.937635,-339.364791,12.983053,0.871977
1462046715.353031,158660.441082,4655082.745070,4342899.428427,-339.442688,10.755564,0.872249
1462046805.353031,128107.644122,4655950.490612,4342977.942027,-339.505965,8.527611,0.872483
1462046895.353031,97549.810283,4656617.703169,4343056.475052,-339.554618,6.299291,0.872680
1462046985.353031,66988.255739,4657084.354002,4343135.024121,-339.588647,4.070700,0.872839
1462047075.353031,36424.296823,4657350.423014,4343213.585849,-339.608049,1.841933,0.872961
1462047165.353031,5859.249973,4657415.898742,4343292.156853,-339.612823,-0.386913,0.873045
1462047255.353031,-24705.568327,4657280.778368,4343370.733748,-339.602970,-2.615742,0.873092
1462047345.353031,-55268.841604,4656945.067711,4343449.313151,-339.578489,-4.844459,0.873101
1462047435.353031,-85829.253450,4656408.781231,4343527.891677,-339.539383,-7.072967,0.873072
1462047525.353031,-116385.487579,4655671.942026,4343606.465940,-339.485651,-9.301170,0.873006
1462047615.353031,-146936.227889,4654734.581833,4343685.032558,-339.417298,-11.528973,0.872902
1462047705.353031,-177480.158510,4653596.741026,4343763.588145,-339.334326,-13.756279,0.872760
1462047795.353031,-208015.963869,4652258.468613,4343842.129318,-339.236737,-15.982992,0.872581
1462047885.353031,-238542.328741,4650719.822236,4343920.652694,-339.124538,-18.209018,0.872364
1462047975.353031,-269057.938308,4648980.868166,4343999.154892,-338.997731,-20.434258,0.872110
1462048065.353031,-299561.478215,4647041.681304,4344077.632529,-338.856324,-22.658619,0.871818
1462048155.353031,-330051.634628,4644902.345172,4344156.082226,-338.700322,-24.882004,0.871489
1462048245.353031,-360527.094288,4642562.951915,4344234.500603,-338.529731,-27.104317,0.871122
1462048335.353031,-390986.544570,4640023.602295,4344312.884284,-338.344559,-29.325463,0.870718
1462048425.353031,-421428.673538,4637284.405686,4344391.229891,-338.144814,-31.545345,0.870276
1462048515.353031,-451852.170002,4634345.480067,4344469.534050,-337.930505,-33.763869,0.869796
1462048605.353031,-482255.723575,4631206.952025,4344547.793389,-337.701640,-35.980939,0.869279
1462048695.353031,-512638.024729,4627868.956739,4344626.004537,-337.458230,-38.196459,0.868725
1462048785.353031,-542997.764851,4624331.637983,4344704.164124,-337.200286,-40.410333,0.868133
1462048875.353031,-573333.636299,4620595.148115,4344782.268785,-336.927817,-42.622468,0.867504
1462048965.353031,-603644.332462,4616659.648070,4344860.315155,-336.640837,-44.832766,0.866838
1462049055.353031,-633928.547809,4612525.307357,4344938.299874,-336.339357,-47.041133,0.866134
1462049145.353031,-664184.977953,4608192.304048,4345016.219580,-336.023390,-49.247474,0.865393
1462049235.353031,-694412.319703,4603660.824773,4345094.070919,-335.692950,-51.451695,0.864614
1462049325.353031,-724609.271119,4598931.064709,4345171.850538,-335.348052,-53.653698,0.863799
1462049415.353031,-754774.531572,4594003.227574,4345249.555086,-334.988709,-55.853391,0.862946
1462049505.353031,-784906.801799,4588877.525618,4345327.181215,-334.614938,-58.050679,0.862056
1462049595.353031,-815004.783954,4583554.179613,4345404.725584,-334.226755,-60.245466,0.861128
1462049685.353031,-845067.181672,4578033.418844,4345482.184851,-333.824176,-62.437658,0.860164
1462049775.353031,-875092.700117,4572315.481098,4345559.555680,-333.407219,-64.627161,0.859163
1462049865.353031,-905080.046046,4566400.612655,4345636.834739,-332.975901,-66.813880,0.858125
1462049955.353031,-935027.927854,4560289.068278,4345714.018699,-332.530241,-68.997721,0.857049
1462050045.353031,-964935.055642,4553981.111202,4345791.104236,-332.070259,-71.178591,0.855937
1462050135.353031,-994800.141263,4547477.013118,4345868.088029,-331.595974,-73.356395,0.854788
1462050225.353031,-1024621.898380,4540777.054170,4345944.966763,-331.107407,-75.531039,0.853602
1462050315.353031,-1054399.042526,4533881.522934,4346021.737125,-330.604578,-77.702430,0.852380
1462050405.353031,-1084130.291151,4526790.716412,4346098.395810,-330.087510,-79.870474,0.851120
1462050495.353031,-1113814.363685,4519504.940015,4346174.939516,-329.556225,-82.035078,0.849824
1462050585.353031,-1143449.981589,4512024.507554,4346251.364945,-329.010745,-84.196149,0.848492
1462050675.353031,-1173035.868411,4504349.741222,4346327.668806,-328.451093,-86.353593,0.847122
1462050765.353031,-1202570.749840,4496480.971583,4346403.847812,-327.877295,-88.507318,0.845717
1462050855.353031,-1232053.353763,4488418.537557,4346479.898681,-327.289375,-90.657231,0.844275
1462050945.353031,-1261482.410320,4480162.786406,4346555.818139,-326.687358,-92.803239,0.842796
1462051035.353031,-1290856.651954,4471714.073718,4346631.602916,-326.071270,-94.945250,0.841281
1462051125.353031,-1320174.813471,4463072.763392,4346707.249746,-325.441138,-97.083171,0.839730
1462051215.353031,-1349435.632094,4454239.227622,4346782.755371,-324.796988,-99.216911,0.838143
1462051305.353031,-1378637.847512,4445213.846883,4346858.116540,-324.138849,-101.346377,0.836520
1462051395.353031,-1407780.201942,4435997.009912,4346933.330006,-323.466749,-103.471478,0.834861
1462051485.353031,-1436861.440176,4426589.113691,4347008.392530,-322.780716,-105.592123,0.833165
1462051575.353031,-1465880.309641,4416990.563435,4347083.300879,-322.080781,-107.708220,0.831434
1462051665.353031,-1494835.560449,4407201.772567,4347158.051825,-321.366973,-109.819677,0.829667
1462051755.353031,-1523725.945452,4397223.162705,4347232.642150,-320.639324,-111.926404,0.827865
1462051845.353031,-1552550.220297,4387055.163644,4347307.068640,-319.897864,-114.028311,0.826026
1462051935.353031,-1581307.143477,4376698.213335,4347381.328090,-319.142626,-116.125306,0.824152
1462052025.353031,-1609995.476387,4366152.757868,4347455.417301,-318.373641,-118.217299,0.822243
1462052115.353031,-1638613.983376,4355419.251452,4347529.333082,-317.590944,-120.304201,0.820298
1462052205.353031,-1667161.431800,4344498.156397,4347603.072249,-316.794568,-122.385921,0.818318
1462052295.353031,-1695636.592077,4333389.943089,4347676.631626,-315.984547,-124.462369,0.816303
1462052385.353031,-1724038.237737,4322095.089978,4347750.008045,-315.160915,-126.533457,0.814252
1462052475.353031,-1752365.145477,4310614.083550,4347823.198344,-314.323710,-128.599095,0.812166
1462052565.353031,-1780616.095213,4298947.418310,4347896.199373,-313.472966,-130.659194,0.810046
1462052655.353031,-1808789.870133,4287095.596759,4347969.007985,-312.608720,-132.713665,0.807890
1462052745.353031,-1836885.256749,4275059.129374,4348041.621045,-311.731010,-134.762420,0.805700
1462052835.353031,-1864901.044949,4262838.534583,4348114.035426,-310.839873,-136.805370,0.803475
1462052925.353031,-1892836.028049,4250434.338747,4348186.248008,-309.935347,-138.842428,0.801215
1462053015.353031,-1920689.002847,4237847.076133,4348258.255681,-309.017473,-140.873506,0.798921
1462053105.353031,-1948458.769670,4225077.288895,4348330.055343,-308.086288,-142.898517,0.796592
1462053195.353031,-1976144.132433,4212125.527047,4348401.643902,-307.141834,-144.917372,0.794230
1462053285.353031,-2003743.898684,4198992.348442,4348473.018274,-306.184150,-146.929986,0.791833
1462053375.353031,-2031256.879659,4185678.318745,4348544.175385,-305.213279,-148.936271,0.789401
1462053465.353031,-2058681.890329,4172184.011413,4348615.112170,-304.229261,-150.936141,0.786936
1462053555.353031,-2086017.749457,4158510.007666,4348685.825573,-303.232141,-152.929510,0.784437
1462053645.353031,-2113263.279647,4144656.896465,4348756.312548,-302.221959,-154.916292,0.781904
1462053735.353031,-2140417.307389,4130625.274485,4348826.570060,-301.198760,-156.896402,0.779338
1462053825.353031,-2167478.663119,4116415.746089,4348896.595082,-300.162588,-158.869754,0.776738
1462053915.353031,-2194446.181261,4102028.923304,4348966.384599,-299.113488,-160.836263,0.774104
1462054005.353031,-2221318.700283,4087465.425793,4349035.935603,-298.051504,-162.795845,0.771437
1462054095.353031,-2248095.062744,4072725.880828,4349105.245099,-296.976683,-164.748415,0.768737
1462054185.353031,-2274774.115343,4057810.923264,4349174.310102,-295.889071,-166.693889,0.766004
1462054275.353031,-2301354.708973,4042721.195511,4349243.127637,-294.788714,-168.632183,0.763237
1462054365.353031,-2327835.698767,4027457.347507,4349311.694740,-293.675660,-170.563214,0.760438
1462054455.353031,-2354215.944146,4012020.036691,4349380.008457,-292.549957,-172.486898,0.757606
1462054545.353031,-2380494.308874,3996409.927970,4349448.065846,-291.411654,-174.403153,0.754742
1462054635.353031,-2406669.661099,3980627.693696,4349515.863975,-290.260799,-176.311897,0.751845
1462054725.353031,-2432740.873409,3964674.013635,4349583.399925,-289.097442,-178.213046,0.748915
1462054815.353031,-2458706.822877,3948549.574936,4349650.670785,-287.921633,-180.106520,0.745954
1462054905.353031,-2484566.391107,3932255.072104,4349717.673659,-286.733423,-181.992235,0.742960
1462054995.353031,-2510318.464290,3915791.206968,4349784.405660,-285.532862,-183.870113,0.739934
1462055085.353031,-2535961.933243,3899158.688652,4349850.863914,-284.320004,-185.740070,0.736876
1462055175.353031,-2561495.693461,3882358.233545,4349917.045559,-283.094899,-187.602028,0.733787
1462055265.353031,-2586918.645167,3865390.565269,4349982.947744,-281.857601,-189.455905,0.730666
1462055355.353031,-2612229.693354,3848256.414647,4350048.567630,-280.608163,-191.301623,0.727514
1462055445.353031,-2637427.747835,3830956.519673,4350113.902390,-279.346639,-193.139100,0.724330
1462055535.353031,-2662511.723293,3813491.625481,4350178.949211,-278.073083,-194.968259,0.721115
1462055625.353031,-2687480.539321,3795862.484311,4350243.705290,-276.787550,-196.789020,0.717869
1462055715.353031,-2712333.120472,3778069.855477,4350308.167839,-275.490095,-198.601305,0.714592
1462055805.353031,-2737068.396309,3760114.505335,4350372.334081,-274.180774,-200.405036,0.711284
1462055895.353031,-2761685.301444,3741997.207251,4350436.201252,-272.859644,-202.200135,0.707945
1462055985.353031,-2786182.775589,3723718.741563,4350499.766600,-271.526762,-203.986525,0.704576
1462056075.353031,-2810559.763600,3705279.895555,4350563.027388,-270.182184,-205.764129,0.701177
1462056165.353031,-2834815.215521,3686681.463415,4350625.980892,-268.825970,-207.532871,0.697748
1462056255.353031,-2858948.086633,3667924.246207,4350688.624398,-267.458176,-209.292674,0.694288
1462056345.353031,-2882957.337496,3649009.051833,4350750.955210,-266.078863,-211.043462,0.690799
1462056435.353031,-2906841.933995,3629936.695000,4350812.970642,-264.688089,-212.785160,0.687280
1462056525.353031,-2930600.847381,3610707.997184,4350874.668023,-263.285915,-214.517694,0.683731
1462056615.353031,-2954233.054322,3591323.786595,4350936.044696,-261.872401,-216.240987,0.680153
1462056705.353031,-2977737.536943,3571784.898140,4350997.098016,-260.447607,-217.954967,0.676545
1462056795.353031,-3001113.282868,3552092.173390,4351057.825355,-259.011595,-219.659560,0.672908
1462056885.353031,-3024359.285268,3532246.460542,4351118.224095,-257.564428,-221.354691,0.669243
1462056975.353031,-3047474.542901,3512248.614379,4351178.291636,-256.106167,-223.040288,0.665548
1462057065.353031,-3070458.060158,3492099.496242,4351238.025390,-254.636874,-224.716278,0.661825
1462057155.353031,-3093308.847102,3471799.973983,4351297.422785,-253.156615,-226.382590,0.658073
1462057245.353031,-3116025.919515,3451350.921935,4351356.481261,-251.665451,-228.039150,0.654293
1462057335.353031,-3138608.298938,3430753.220869,4351415.198275,-250.163448,-229.685889,0.650485
1462057425.353031,-3161055.012711,3410007.757961,4351473.571298,-248.650670,-231.322735,0.646649
1462057515.353031,-3183365.094020,3389115.426750,4351531.597815,-247.127182,-232.949618,0.642785
1462057605.353031,-3205537.581936,3368077.127101,4351589.275327,-245.593050,-234.566467,0.638893
1462057695.353031,-3227571.521454,3346893.765165,4351646.601350,-244.048339,-236.173212,0.634974
1462057785.353031,-3249465.963540,3325566.253344,4351703.573414,-242.493118,-237.769786,0.631027
1462057875.353031,-3271219.965164,3304095.510246,4351760.189065,-240.927452,-239.356118,0.627053
1462057965.353031,-3292832.589349,3282482.460650,4351816.445864,-239.351408,-240.932141,0.623053
1462058055.353031,-3314302.905205,3260728.035462,4351872.341389,-237.765056,-242.497787,0.619025
1462058145.353031,-3335629.987972,3238833.171680,4351927.873231,-236.168462,-244.052988,0.614971
1462058235.353031,-3356812.919061,3216798.812350,4351983.038999,-234.561696,-245.597677,0.610890
1462058325.353031,-3377850.786088,3194625.906525,4352037.836317,-232.944828,-247.131788,0.606783
1462058415.353031,-3398742.682921,3172315.409226,4352092.262823,-231.317926,-248.655254,0.602649
1462058505.353031,-3419487.709712,3149868.281402,4352146.316174,-229.681061,-250.168011,0.598490
1462058595.353031,-3440084.972942,3127285.489885,4352199.994042,-228.034303,-251.669992,0.594305
1462058685.353031,-3460533.585455,3104568.007350,4352253.294114,-226.377723,-253.161134,0.590095
1462058775.353031,-3480832.666496,3081716.812276,4352306.214094,-224.711393,-254.641371,0.585859
1462058865.353031,-3500981.341752,3058732.888898,4352358.751703,-223.035385,-256.110641,0.581597
1462058955.353031,-3520978.743390,3035617.227169,4352410.904677,-221.349769,-257.568879,0.577311
1462059045.353031,-3540824.010090,3012370.822717,4352462.670771,-219.654620,-259.016024,0.573000
1462059135.353031,-3560516.287085,2988994.676801,4352514.047755,-217.950010,-260.452013,0.568664
1462059225.353031,-3580054.726199,2965489.796267,4352565.033415,-216.236013,-261.876783,0.564304
1462059315.353031,-3599438.485880,2941857.193506,4352615.625555,-214.512702,-263.290274,0.559919
1462059405.353031,-3618666.731240,2918097.886413,4352665.821996,-212.780152,-264.692425,0.555510
1462059495.353031,-3637738.634089,2894212.898336,4352715.620576,-211.038437,-266.083175,0.551077
1462059585.353031,-3656653.372969,2870203.258040,4352765.019150,-209.287632,-267.462464,0.546621
1462059675.353031,-3675410.133194,2846069.999656,4352814.015590,-207.527812,-268.830234,0.542141
1462059765.353031,-3694008.106882,2821814.162642,4352862.607785,-205.759055,-270.186424,0.537638
1462059855.353031,-3712446.492987,2797436.791733,4352910.793643,-203.981434,-271.530977,0.533111
1462059945.353031,-3730724.497341,2772938.936902,4352958.571087,-202.195028,-272.863835,0.528562
1462060035.353031,-3748841.332681,2748321.653309,4353005.938060,-200.399914,-274.184940,0.523989
1462060125.353031,-3766796.218687,2723586.001257,4353052.892521,-198.596167,-275.494236,0.519395
1462060215.353031,-3784588.382015,2698733.046151,4353099.432448,-196.783867,-276.791666,0.514778
1462060305.353031,-3802217.056327,2673763.858444,4353145.555836,-194.963091,-278.077173,0.510138
1462060395.353031,-3819681.482330,2648679.513600,4353191.260699,-193.133918,-279.350704,0.505477
1462060485.353031,-3836980.907804,2623481.092039,4353236.545067,-191.296426,-280.612202,0.500794
1462060575.353031,-3854114.587636,2598169.679096,4353281.406990,-189.450694,-281.861614,0.496089
1462060665.353031,-3871081.783851,2572746.364974,4353325.844535,-187.596803,-283.098886,0.491363
1462060755.353031,-3887881.765645,2547212.244694,4353369.855789,-185.734832,-284.323965,0.486616
1462060845.353031,-3904513.809418,2521568.418050,4353413.438855,-183.864860,-285.536797,0.481848
1462060935.353031,-3920977.198800,2495815.989564,4353456.591856,-181.986970,-286.737330,0.477059
1462061025.353031,-3937271.224689,2469956.068430,4353499.312933,-180.101241,-287.925514,0.472249
1462061115.353031,-3953395.185276,2443989.768475,4353541.600246,-178.207754,-289.101296,0.467419
1462061205.353031,-3969348.386076,2417918.208108,4353583.451974,-176.306592,-290.264626,0.462570
1462061295.353031,-3985130.139961,2391742.510271,4353624.866313,-174.397837,-291.415453,0.457700
1462061385.353031,-4000739.767186,2365463.802393,4353665.841480,-172.481569,-292.553729,0.452810
1462061475.353031,-4016176.595419,2339083.216337,4353706.375710,-170.557873,-293.679405,0.447901
1462061565.353031,-4031439.959774,2312601.888356,4353746.467257,-168.626830,-294.792431,0.442973
1462061655.353031,-4046529.202832,2286020.959043,4353786.114394,-166.688525,-295.892760,0.438025
1462061745.353031,-4061443.674677,2259341.573279,4353825.315412,-164.743039,-296.980344,0.433059
1462061835.353031,-4076182.732919,2232564.880187,4353864.068624,-162.790459,-298.055137,0.428074
1462061925.353031,-4090745.742724,2205692.033080,4353902.372359,-160.830866,-299.117092,0.423070
1462062015.353031,-4105132.076841,2178724.189413,4353940.224969,-158.864346,-300.166164,0.418049
1462062105.353031,-4119341.115628,2151662.510733,4353977.624822,-156.890984,-301.202307,0.413009
1462062195.353031,-4133372.247079,2124508.162629,4354014.570307,-154.910864,-302.225477,0.407952
1462062285.353031,-4147224.866851,2097262.314681,4354051.059833,-152.924072,-303.235630,0.402877
1462062375.353031,-4160898.378292,2069926.140408,4354087.091829,-150.930693,-304.232722,0.397784
1462062465.353031,-4174392.192460,2042500.817224,4354122.664741,-148.930814,-305.216710,0.392675
1462062555.353031,-4187705.728158,2014987.526378,4354157.777038,-146.924519,-306.187552,0.387548
1462062645.353031,-4200838.411950,1987387.452911,4354192.427207,-144.911897,-307.145206,0.382405
1462062735.353031,-4213789.678191,1959701.785601,4354226.613755,-142.893033,-308.089630,0.377246
1462062825.353031,-4226558.969049,1931931.716912,4354260.335210,-140.868014,-309.020785,0.372070
1462062915.353031,-4239145.734533,1904078.442944,4354293.590119,-138.836928,-309.938630,0.366878
1462063005.353031,-4251549.432509,1876143.163381,4354326.377050,-136.799862,-310.843125,0.361670
1462063095.353031,-4263769.528732,1848127.081439,4354358.694591,-134.756903,-311.734232,0.356447
1462063185.353031,-4275805.496862,1820031.403814,4354390.541348,-132.708141,-312.611912,0.351208
1462063275.353031,-4287656.818493,1791857.340629,4354421.915951,-130.653663,-313.476127,0.345954
1462063365.353031,-4299322.983168,1763606.105386,4354452.817047,-128.593557,-314.326840,0.340686
1462063455.353031,-4310803.488409,1735278.914909,4354483.243306,-126.527912,-315.164015,0.335402
1462063545.353031,-4322097.839732,1706876.989294,4354513.193417,-124.456818,-315.987615,0.330105
1462063635.353031,-4333205.550672,1678401.551856,4354542.666090,-122.380363,-316.797605,0.324793
1462063725.353031,-4344126.142802,1649853.829076,4354571.660055,-120.298637,-317.593950,0.319467
1462063815.353031,-4354859.145755,1621235.050549,4354600.174063,-118.211730,-318.376616,0.314127
1462063905.353031,-4365404.097244,1592546.448930,4354628.206886,-116.119731,-319.145569,0.308774
1462063995.353031,-4375760.543083,1563789.259881,4354655.757316,-114.022730,-319.900776,0.303407
1462064085.353031,-4385928.037201,1534964.722019,4354682.824167,-111.920819,-320.642204,0.298027
1462064175.353031,-4395906.141671,1506074.076862,4354709.406272,-109.814086,-321.369822,0.292635
1462064265.353031,-4405694.426718,1477118.568774,4354735.502486,-107.702624,-322.083597,0.287230
1462064355.353031,-4415292.470747,1448099.444914,4354761.111685,-105.586523,-322.783500,0.281812
1462064445.353031,-4424699.860355,1419017.955181,4354786.232767,-103.465875,-323.469501,0.276383
1462064535.353031,-4433916.190351,1389875.352159,4354810.864648,-101.340769,-324.141569,0.270941
1462064625.353031,-4442941.063772,1360672.891065,4354835.006267,-99.211299,-324.799675,0.265488
1462064715.353031,-4451774.091905,1331411.829696,4354858.656585,-97.077556,-325.443792,0.260024
1462064805.353031,-4460414.894296,1302093.428369,4354881.814583,-94.939632,-326.073892,0.254548
1462064895.353031,-4468863.098772,1272718.949874,4354904.479263,-92.797618,-326.689947,0.249061
1462064985.353031,-4477118.341457,1243289.659415,4354926.649649,-90.651607,-327.291931,0.243563
1462065075.353031,-4485180.266784,1213806.824557,4354948.324786,-88.501692,-327.879818,0.238055
1462065165.353031,-4493048.527513,1184271.715172,4354969.503739,-86.347965,-328.453583,0.232537
1462065255.353031,-4500722.784747,1154685.603383,4354990.185597,-84.190519,-329.013201,0.227009
1462065345.353031,-4508202.707942,1125049.763509,4355010.369468,-82.029446,-329.558648,0.221471
1462065435.353031,-4515487.974927,1095365.472011,4355030.054484,-79.864841,-330.089900,0.215923
1462065525.353031,-4522578.271915,1065634.007439,4355049.239795,-77.696795,-330.606935,0.210366
1462065615.353031,-4529473.293514,1035856.650372,4355067.924576,-75.525403,-331.109729,0.204800
1462065705.353031,-4536172.742746,1006034.683368,4355086.108021,-73.350758,-331.598263,0.199225
1462065795.353031,-4542676.331054,976169.390904,4355103.789347,-71.172954,-332.072514,0.193642
1462065885.353031,-4548983.778320,946262.059325,4355120.967793,-68.992084,-332.532462,0.188050
1462065975.353031,-4555094.812871,916313.976786,4355137.642617,-66.808242,-332.978088,0.182451
1462066065.353031,-4561009.171496,886326.433198,4355153.813103,-64.621523,-333.409371,0.176843
1462066155.353031,-4566726.599454,856300.720170,4355169.478553,-62.432021,-333.826294,0.171228
1462066245.353031,-4572246.850487,826238.130956,4355184.638292,-60.239830,-334.228839,0.165605
1462066335.353031,-4577569.686828,796139.960399,4355199.291667,-58.045044,-334.616988,0.159975
1462066425.353031,-4582694.879214,766007.504873,4355213.438047,-55.847758,-334.990725,0.154338
1462066515.353031,-4587622.206897,735842.062231,4355227.076822,-53.648066,-335.350032,0.148695
1462066605.353031,-4592351.457647,705644.931743,4355240.207405,-51.446064,-335.694896,0.143045
1462066695.353031,-4596882.427769,675417.414048,4355252.829230,-49.241846,-336.025301,0.137389
1462066785.353031,-4601214.922106,645160.811092,4355264.941753,-47.035507,-336.341233,0.131727
1462066875.353031,-4605348.754052,614876.426073,4355276.544452,-44.827142,-336.642678,0.126060
1462066965.353031,-4609283.745556,584565.563386,4355287.636828,-42.616846,-336.929624,0.120387
1462067055.353031,-4613019.727131,554229.528568,4355298.218401,-40.404715,-337.202057,0.114709
1462067145.353031,-4616556.537863,523869.628239,4355308.288717,-38.190843,-337.459967,0.109026
1462067235.353031,-4619894.025415,493487.170046,4355317.847342,-35.975327,-337.703341,0.103338
1462067325.353031,-4623032.046038,463083.462608,4355326.893863,-33.758261,-337.932170,0.097646
1462067415.353031,-4625970.464571,432659.815462,4355335.427891,-31.539741,-338.146444,0.091949
1462067505.353031,-4628709.154452,402217.539000,4355343.449058,-29.319862,-338.346154,0.086249
1462067595.353031,-4631247.997722,371757.944418,4355350.957019,-27.098721,-338.531290,0.080545
1462067685.353031,-4633586.885028,341282.343658,4355357.951449,-24.876412,-338.701845,0.074837
1462067775.353031,-4635725.715631,310792.049352,4355364.432047,-22.653032,-338.857812,0.069126
1462067865.353031,-4637664.397408,280288.374763,4355370.398534,-20.428676,-338.999184,0.063413
1462067955.353031,-4639402.846857,249772.633733,4355375.850653,-18.203441,-339.125954,0.057696
1462068045.353031,-4640940.989100,219246.140621,4355380.788169,-15.977421,-339.238118,0.051977
1462068135.353031,-4642278.757887,188710.210252,4355385.210869,-13.750713,-339.335670,0.046256
1462068225.353031,-4643416.095598,158166.157853,4355389.118563,-11.523413,-339.418607,0.040532
1462068315.353031,-4644352.953246,127615.299007,4355392.511081,-9.295617,-339.486924,0.034807
1462068405.353031,-4645089.290479,97058.949584,4355395.388277,-7.067420,-339.540619,0.029081
1462068495.353031,-4645625.075582,66498.425695,4355397.750028,-4.838919,-339.579690,0.023353
1462068585.353031,-4645960.285477,35935.043628,4355399.596232,-2.610209,-339.604134,0.017624
1462068675.353031,-4646094.905726,5370.119796,4355400.926808,-0.381387,-339.613951,0.011895
1462068765.353031,-4646028.930532,-25195.029323,4355401.741700,1.847451,-339.609140,0.006165
1462068855.353031,-4645762.362736,-55759.087239,4355402.040871,4.076210,-339.589702,0.000435
1462068945.353031,-4645295.213818,-86320.737513,4355401.824310,6.304794,-339.555637,-0.005296
1462069035.353031,-4644627.503900,-116878.663807,4355401.092024,8.533105,-339.506947,-0.011026
1462069125.353031,-4643759.261741,-147431.549942,4355399.844047,10.761050,-339.443634,-0.016756
1462069215.353031,-4642690.524738,-177978.079960,4355398.080430,12.988530,-339.365701,-0.022484
1462069305.353031,-4641421.338922,-208516.938173,4355395.801250,15.215452,-339.273150,-0.028212
1462069395.353031,-4639951.758959,-239046.809226,4355393.006604,17.441718,-339.165987,-0.033939
1462069485.353031,-4638281.848146,-269566.378150,4355389.696614,19.667232,-339.044215,-0.039664
1462069575.353031,-4636411.678410,-300074.330419,4355385.871421,21.891900,-338.907840,-0.045388
1462069665.353031,-4634341.330300,-330569.352010,4355381.531190,24.115625,-338.756868,-0.051110
1462069755.353031,-4632070.892990,-361050.129454,4355376.676108,26.338311,-338.591305,-0.056829
1462069845.353031,-4629600.464270,-391515.349897,4355371.306383,28.559862,-338.411158,-0.062546
1462069935.353031,-4626930.150547,-421963.701154,4355365.422248,30.780184,-338.216435,-0.068260
1462070025.353031,-4624060.066835,-452393.871769,4355359.023954,32.999180,-338.007145,-0.073972
1462070115.353031,-4620990.336751,-482804.551066,4355352.111778,35.216754,-337.783296,-0.079680
1462070205.353031,-4617721.092516,-513194.429210,4355344.686016,37.432811,-337.544899,-0.085384
1462070295.353031,-4614252.474938,-543562.197263,4355336.746990,39.647257,-337.291963,-0.091085
1462070385.353031,-4610584.633419,-573906.547237,4355328.295039,41.859994,-337.024499,-0.096783
1462070475.353031,-4606717.725936,-604226.172154,4355319.330529,44.070929,-336.742519,-0.102476
1462070565.353031,-4602651.919043,-634519.766102,4355309.853845,46.279965,-336.446035,-0.108164
1462070655.353031,-4598387.387861,-664786.024287,4355299.865396,48.487008,-336.135060,-0.113848
1462070745.353031,-4593924.316071,-695023.643096,4355289.365610,50.691963,-335.809607,-0.119527
1462070835.353031,-4589262.895902,-725231.320148,4355278.354941,52.894734,-335.469690,-0.125201
1462070925.353031,-4584403.328130,-755407.754350,4355266.833862,55.095227,-335.115324,-0.130869
1462071015.353031,-4579345.822064,-785551.645957,4355254.802870,57.293347,-334.746524,-0.136532
1462071105.353031,-4574090.595538,-815661.696626,4355242.262482,59.489000,-334.363306,-0.142189
1462071195.353031,-4568637.874903,-845736.609469,4355229.213239,61.682090,-333.965686,-0.147840
1462071285.353031,-4562987.895016,-875775.089113,4355215.655702,63.872523,-333.553682,-0.153484
1462071375.353031,-4557140.899230,-905775.841755,4355201.590455,66.060205,-333.127311,-0.159122
1462071465.353031,-4551097.139385,-935737.575216,4355187.018104,68.245042,-332.686592,-0.164753
1462071555.353031,-4544856.875793,-965658.998998,4355171.939276,70.426939,-332.231544,-0.170377
1462071645.353031,-4538420.377234,-995538.824337,4355156.354620,72.605803,-331.762186,-0.175994
1462071735.353031,-4531787.920937,-1025375.764265,4355140.264808,74.781540,-331.278538,-0.181603
1462071825.353031,-4524959.792572,-1055168.533657,4355123.670532,76.954056,-330.780622,-0.187204
1462071915.353031,-4517936.286237,-1084915.849294,4355106.572508,79.123257,-330.268458,-0.192797
1462072005.353031,-4510717.704445,-1114616.429911,4355088.971470,81.289050,-329.742069,-0.198382
1462072095.353031,-4503304.358112,-1144268.996260,4355070.868178,83.451342,-329.201478,-0.203958
1462072185.353031,-4495696.566541,-1173872.271158,4355052.263411,85.610040,-328.646708,-0.209525
1462072275.353031,-4487894.657413,-1203424.979546,4355033.157969,87.765050,-328.077782,-0.215084
1462072365.353031,-4479898.966767,-1232925.848544,4355013.552677,89.916281,-327.494725,-0.220633
1462072455.353031,-4471709.838990,-1262373.607502,4354993.448377,92.063638,-326.897563,-0.226173
1462072545.353031,-4463327.626801,-1291766.988061,4354972.845935,94.207030,-326.286321,-0.231703
1462072635.353031,-4454752.691234,-1321104.724202,4354951.746240,96.346364,-325.661025,-0.237223
1462072725.353031,-4445985.401624,-1350385.552304,4354930.150199,98.481549,-325.021702,-0.242732
1462072815.353031,-4437026.135594,-1379608.211195,4354908.058743,100.612492,-324.368381,-0.248232
1462072905.353031,-4427875.279031,-1408771.442211,4354885.472823,102.739101,-323.701088,-0.253720
1462072995.353031,-4418533.226077,-1437873.989247,4354862.393411,104.861285,-323.019852,-0.259198
1462073085.353031,-4409000.379110,-1466914.598809,4354838.821502,106.978953,-322.324704,-0.264665
1462073175.353031,-4399277.148722,-1495892.020075,4354814.758110,109.092013,-321.615673,-0.270120
1462073265.353031,-4389363.953710,-1524805.004941,4354790.204272,111.200374,-320.892789,-0.275563
1462073355.353031,-4379261.221049,-1553652.308081,4354765.161045,113.303945,-320.156084,-0.280995
1462073445.353031,-4368969.385880,-1582432.686997,4354739.629508,115.402637,-319.405590,-0.286414
1462073535.353031,-4358488.891488,-1611144.902074,4354713.610760,117.496357,-318.641338,-0.291822
1462073625.353031,-4347820.189284,-1639787.716631,4354687.105922,119.585017,-317.863362,-0.297216
1462073715.353031,-4336963.738785,-1668359.896978,4354660.116136,121.668527,-317.071694,-0.302598
1462073805.353031,-4325920.007596,-1696860.212467,4354632.642562,123.746796,-316.266371,-0.307967
1462073895.353031,-4314689.471387,-1725287.435547,4354604.686386,125.819734,-315.447425,-0.313322
1462073985.353031,-4303272.613874,-1753640.341810,4354576.248810,127.887254,-314.614892,-0.318664
1462074075.353031,-4291669.926800,-1781917.710056,4354547.331059,129.949265,-313.768808,-0.323993
1462074165.353031,-4279881.909909,-1810118.322332,4354517.934380,132.005680,-312.909210,-0.329307
1462074255.353031,-4267909.070931,-1838240.963996,4354488.060037,134.056408,-312.036134,-0.334607
1462074345.353031,-4255751.925552,-1866284.423761,4354457.709317,136.101363,-311.149618,-0.339893
1462074435.353031,-4243410.997402,-1894247.493753,4354426.883528,138.140455,-310.249701,-0.345164
1462074525.353031,-4230886.818021,-1922128.969558,4354395.583996,140.173598,-309.336421,-0.350420
1462074615.353031,-4218179.926847,-1949927.650278,4354363.812071,142.200703,-308.409817,-0.355662
1462074705.353031,-4205290.871184,-1977642.338582,4354331.569120,144.221683,-307.469929,-0.360887
1462074795.353031,-4192220.206184,-2005271.840753,4354298.856531,146.236451,-306.516798,-0.366098
1462074885.353031,-4178968.494821,-2032814.966748,4354265.675715,148.244921,-305.550465,-0.371292
1462074975.353031,-4165536.307866,-2060270.530240,4354232.028099,150.247006,-304.570972,-0.376471
1462075065.353031,-4151924.223864,-2087637.348677,4354197.915133,152.242619,-303.578360,-0.381633
1462075155.353031,-4138132.829109,-2114914.243326,4354163.338286,154.231675,-302.572673,-0.386779
1462075245.353031,-4124162.717618,-2142100.039331,4354128.299046,156.214088,-301.553953,-0.391908
1462075335.353031,-4110014.491104,-2169193.565756,4354092.798924,158.189772,-300.522245,-0.397021
1462075425.353031,-4095688.758954,-2196193.655641,4354056.839449,160.158643,-299.477593,-0.402116
1462075515.353031,-4081186.138199,-2223099.146051,4354020.422167,162.120616,-298.420042,-0.407194
1462075605.353031,-4066507.253489,-2249908.878124,4353983.548649,164.075606,-297.349638,-0.412254
1462075695.353031,-4051652.737067,-2276621.697124,4353946.220482,166.023529,-296.266426,-0.417297
1462075785.353031,-4036623.228739,-2303236.452488,4353908.439274,167.964301,-295.170454,-0.422322
1462075875.353031,-4021419.375850,-2329751.997878,4353870.206651,169.897838,-294.061768,-0.427328
1462075965.353031,-4006041.833253,-2356167.191228,4353831.524262,171.824058,-292.940416,-0.432316
1462076055.353031,-3990491.263282,-2382480.894795,4353792.393770,173.742877,-291.806447,-0.437286
1462076145.353031,-3974768.335725,-2408691.975206,4353752.816863,175.654213,-290.659910,-0.442236
1462076235.353031,-3958873.727793,-2434799.303510,4353712.795243,177.557983,-289.500853,-0.447168
1462076325.353031,-3942808.124090,-2460801.755224,4353672.330636,179.454106,-288.329327,-0.452080
1462076415.353031,-3926572.216587,-2486698.210381,4353631.424783,181.342499,-287.145383,-0.456973
1462076505.353031,-3910166.704589,-2512487.553583,4353590.079447,183.223081,-285.949070,-0.461846
1462076595.353031,-3893592.294708,-2538168.674040,4353548.296408,185.095771,-284.740441,-0.466700
1462076685.353031,-3876849.700829,-2563740.465629,4353506.077465,186.960490,-283.519549,-0.471533
1462076775.353031,-3859939.644081,-2589201.826932,4353463.424437,188.817155,-282.286444,-0.476346
1462076865.353031,-3842862.852806,-2614551.661289,4353420.339161,190.665688,-281.041181,-0.481138
1462076955.353031,-3825620.062528,-2639788.876843,4353376.823493,192.506009,-279.783813,-0.485910
1462077045.353031,-3808212.015921,-2664912.386588,4353332.879306,194.338038,-278.514394,-0.490661
1462077135.353031,-3790639.462777,-2689921.108416,4353288.508494,196.161696,-277.232979,-0.495390
1462077225.353031,-3772903.159971,-2714813.965163,4353243.712966,197.976906,-275.939624,-0.500098
1462077315.353031,-3755003.871435,-2739589.884654,4353198.494654,199.783588,-274.634383,-0.504785
1462077405.353031,-3736942.368118,-2764247.799753,4353152.855503,201.581666,-273.317313,-0.509450
1462077495.353031,-3718719.427957,-2788786.648404,4353106.797480,203.371061,-271.988472,-0.514093
1462077585.353031,-3700335.835842,-2813205.373682,4353060.322568,205.151697,-270.647915,-0.518714
1462077675.353031,-3681792.383583,-2837502.923834,4353013.432769,206.923496,-269.295701,-0.523313
1462077765.353031,-3663089.869875,-2861678.252328,4352966.130102,208.686383,-267.931888,-0.527889
1462077855.353031,-3644229.100264,-2885730.317893,4352918.416606,210.440281,-266.556534,-0.532442
1462077945.353031,-3625210.887113,-2909658.084571,4352870.294333,212.185115,-265.169700,-0.536972
1462078035.353031,-3606036.049566,-2933460.521756,4352821.765358,213.920811,-263.771444,-0.541479
1462078125.353031,-3586705.413512,-2957136.604239,4352772.831771,215.647292,-262.361828,-0.545963
1462078215.353031,-3567219.811552,-2980685.312255,4352723.495678,217.364485,-260.940911,-0.550424
1462078305.353031,-3547580.082960,-3004105.631525,4352673.759205,219.072316,-259.508755,-0.554860
1462078395.353031,-3527787.073650,-3027396.553300,4352623.624493,220.770711,-258.065421,-0.559273
1462078485.353031,-3507841.636139,-3050557.074403,4352573.093703,222.459597,-256.610973,-0.563662
1462078575.353031,-3487744.629505,-3073586.197275,4352522.169010,224.138902,-255.145471,-0.568026
1462078665.353031,-3467496.919360,-3096482.930015,4352470.852608,225.808552,-253.668980,-0.572366
1462078755.353031,-3447099.377802,-3119246.286427,4352419.146706,227.468477,-252.181563,-0.576682
1462078845.353031,-3426552.883385,-3141875.286057,4352367.053533,229.118604,-250.683285,-0.580972
1462078935.353031,-3405858.321079,-3164368.954239,4352314.575330,230.758862,-249.174209,-0.585238
1462079025.353031,-3385016.582231,-3186726.322135,4352261.714359,232.389182,-247.654400,-0.589478
1462079115.353031,-3364028.564526,-3208946.426780,4352208.472897,234.009492,-246.123925,-0.593693
1462079205.353031,-3342895.171950,-3231028.311119,4352154.853236,235.619723,-244.582849,-0.597882
1462079295.353031,-3321617.314752,-3252971.024051,4352100.857685,237.219806,-243.031238,-0.602046
1462079385.353031,-3300195.909402,-3274773.620470,4352046.488571,238.809671,-241.469160,-0.606183
1462079475.353031,-3278631.878553,-3296435.161304,4351991.748235,240.389250,-239.896681,-0.610295
1462079565.353031,-3256926.151001,-3317954.713556,4351936.639034,241.958475,-238.313869,-0.614380
1462079655.353031,-3235079.661644,-3339331.350347,4351881.163342,243.517279,-236.720793,-0.618439
1462079745.353031,-3213093.351446,-3360564.150951,4351825.323549,245.065594,-235.117521,-0.622471
1462079835.353031,-3190968.167391,-3381652.200839,4351769.122059,246.603353,-233.504122,-0.626476
1462079925.353031,-3168705.062444,-3402594.591715,4351712.561293,248.130491,-231.880666,-0.630454
1462080015.353031,-3146304.995511,-3423390.421560,4351655.643687,249.646942,-230.247222,-0.634405
1462080105.353031,-3123768.931399,-3444038.794664,4351598.371693,251.152640,-228.603861,-0.638329
1462080195.353031,-3101097.840771,-3464538.821669,4351540.747777,252.647520,-226.950654,-0.642226
1462080285.353031,-3078292.700104,-3484889.619608,4351482.774421,254.131519,-225.287672,-0.646094
1462080375.353031,-3055354.491653,-3505090.311940,4351424.454121,255.604572,-223.614986,-0.649935
1462080465.353031,-3032284.203401,-3525140.028591,4351365.789391,257.066615,-221.932669,-0.653748
1462080555.353031,-3009082.829020,-3545037.905987,4351306.782756,258.517586,-220.240792,-0.657533
1462080645.353031,-2985751.367831,-3564783.087097,4351247.436757,259.957423,-218.539430,-0.661289
1462080735.353031,-2962290.824755,-3584374.721465,4351187.753952,261.386062,-216.828655,-0.665017
1462080825.353031,-2938702.210274,-3603811.965249,4351127.736910,262.803444,-215.108540,-0.668716
1462080915.353031,-2914986.540386,-3623093.981257,4351067.388216,264.209506,-213.379161,-0.672387
1462081005.353031,-2891144.836562,-3642219.938982,4351006.710470,265.604188,-211.640591,-0.676028
1462081095.353031,-2867178.125700,-3661189.014639,4350945.706284,266.987430,-209.892905,-0.679641
1462081185.353031,-2843087.440085,-3680000.391203,4350884.378288,268.359173,-208.136179,-0.683224
1462081275.353031,-2818873.817338,-3698653.258436,4350822.729120,269.719356,-206.370488,-0.686778
1462081365.353031,-2794538.300379,-3717146.812932,4350760.761438,271.067923,-204.595909,-0.690302
1462081455.353031,-2770081.937375,-3735480.258144,4350698.477910,272.404814,-202.812517,-0.693796
1462081545.353031,-2745505.781700,-3753652.804422,4350635.881219,273.729973,-201.020390,-0.697261
1462081635.353031,-2720810.891888,-3771663.669048,4350572.974060,275.043341,-199.219604,-0.700695
1462081725.353031,-2695998.331584,-3789512.076264,4350509.759143,276.344863,-197.410238,-0.704099
1462081815.353031,-2671069.169504,-3807197.257312,4350446.239190,277.634483,-195.592369,-0.707473
1462081905.353031,-2646024.479387,-3824718.450465,4350382.416939,278.912144,-193.766076,-0.710817
1462081995.353031,-2620865.339944,-3842074.901056,4350318.295136,280.177792,-191.931437,-0.714130
1462082085.353031,-2595592.834821,-3859265.861518,4350253.876545,281.431372,-190.088531,-0.717412
1462082175.353031,-2570208.052541,-3876290.591409,4350189.163939,282.672831,-188.237437,-0.720663
1462082265.353031,-2544712.086468,-3893148.357447,4350124.160106,283.902114,-186.378236,-0.723883
1462082355.353031,-2519106.034751,-3909838.433542,4350058.867845,285.119170,-184.511007,-0.727072
1462082445.353031,-2493391.000284,-3926360.100827,4349993.289970,286.323944,-182.635832,-0.730230
1462082535.353031,-2467568.090652,-3942712.647688,4349927.429303,287.516387,-180.752789,-0.733356
1462082625.353031,-2441638.418087,-3958895.369795,4349861.288682,288.696446,-178.861962,-0.736451
1462082715.353031,-2415603.099422,-3974907.570134,4349794.870956,289.864070,-176.963430,-0.739514
1462082805.353031,-2389463.256038,-3990748.559035,4349728.178985,291.019209,-175.057277,-0.742545
1462082895.353031,-2363220.013817,-4006417.654200,4349661.215641,292.161813,-173.143583,-0.745544
1462082985.353031,-2336874.503097,-4021914.180739,4349593.983810,293.291834,-171.222432,-0.748511
1462083075.353031,-2310427.858620,-4037237.471191,4349526.486385,294.409222,-169.293906,-0.751446
1462083165.353031,-2283881.219484,-4052386.865559,4349458.726276,295.513930,-167.358089,-0.754348
1462083255.353031,-2257235.729093,-4067361.711336,4349390.706399,296.605909,-165.415063,-0.757218
1462083345.353031,-2230492.535110,-4082161.363530,4349322.429685,297.685113,-163.464912,-0.760055
1462083435.353031,-2203652.789406,-4096785.184699,4349253.899074,298.751495,-161.507720,-0.762860
1462083525.353031,-2176717.648010,-4111232.544972,4349185.117519,299.805009,-159.543573,-0.765632
1462083615.353031,-2149688.271061,-4125502.822078,4349116.087981,300.845611,-157.572553,-0.768370
1462083705.353031,-2122565.822754,-4139595.401374,4349046.813434,301.873254,-155.594747,-0.771076
1462083795.353031,-2095351.471297,-4153509.675872,4348977.296861,302.887896,-153.610238,-0.773748
1462083885.353031,-2068046.388852,-4167245.046262,4348907.541257,303.889491,-151.619114,-0.776387
1462083975.353031,-2040651.751494,-4180800.920940,4348837.549626,304.877998,-149.621459,-0.778993
1462084065.353031,-2013168.739149,-4194176.716034,4348767.324982,305.853373,-147.617360,-0.781565
1462084155.353031,-1985598.535556,-4207371.855428,4348696.870350,306.815574,-145.606902,-0.784104
1462084245.353031,-1957942.328204,-4220385.770786,4348626.188766,307.764560,-143.590174,-0.786608
1462084335.353031,-1930201.308290,-4233217.901579,4348555.283272,308.700291,-141.567260,-0.789079
1462084425.353031,-1902376.670662,-4245867.695107,4348484.156923,309.622725,-139.538249,-0.791516
1462084515.353031,-1874469.613771,-4258334.606525,4348412.812782,310.531824,-137.503228,-0.793919
1462084605.353031,-1846481.339616,-4270618.098862,4348341.253923,311.427547,-135.462284,-0.796287
1462084695.353031,-1818413.053695,-4282717.643050,4348269.483427,312.309856,-133.415506,-0.798621
1462084785.353031,-1790265.964954,-4294632.717943,4348197.504386,313.178714,-131.362981,-0.800921
1462084875.353031,-1762041.285730,-4306362.810340,4348125.319900,314.034083,-129.304798,-0.803186
1462084965.353031,-1733740.231705,-4317907.415007,4348052.933077,314.875926,-127.241046,-0.805417
1462085055.353031,-1705364.021848,-4329266.034702,4347980.347036,315.704207,-125.171814,-0.807613
1462085145.353031,-1676913.878367,-4340438.180189,4347907.564903,316.518890,-123.097190,-0.809774
1462085235.353031,-1648391.026653,-4351423.370269,4347834.589813,317.319939,-121.017264,-0.811901
1462085325.353031,-1619796.695230,-4362221.131791,4347761.424908,318.107322,-118.932126,-0.813992
1462085415.353031,-1591132.115700,-4372830.999680,4347688.073341,318.881003,-116.841865,-0.816048
1462085505.353031,-1562398.522691,-4383252.516952,4347614.538270,319.640949,-114.746572,-0.818070
1462085595.353031,-1533597.153802,-4393485.234735,4347540.822863,320.387128,-112.646336,-0.820056
1462085685.353031,-1504729.249553,-4403528.712292,4347466.930294,321.119508,-110.541248,-0.822006
1462085775.353031,-1475796.053331,-4413382.517034,4347392.863747,321.838056,-108.431400,-0.823922
1462085865.353031,-1446798.811331,-4423046.224542,4347318.626412,322.542742,-106.316880,-0.825801
1462085955.353031,-1417738.772511,-4432519.418585,4347244.221485,323.233536,-104.197782,-0.827645
1462086045.353031,-1388617.188530,-4441801.691138,4347169.652172,323.910407,-102.074196,-0.829454
1462086135.353031,-1359435.313702,-4450892.642401,4347094.921684,324.573327,-99.946213,-0.831227
1462086225.353031,-1330194.404933,-4459791.880810,4347020.033240,325.222268,-97.813926,-0.832964
1462086315.353031,-1300895.721676,-4468499.023062,4346944.990067,325.857200,-95.677425,-0.834665
1462086405.353031,-1271540.525869,-4477013.694127,4346869.795395,326.478098,-93.536803,-0.836330
1462086495.353031,-1242130.081887,-4485335.527266,4346794.452463,327.084933,-91.392153,-0.837959
1462086585.353031,-1212665.656483,-4493464.164043,4346718.964517,327.677681,-89.243566,-0.839552
1462086675.353031,-1183148.518735,-4501399.254346,4346643.334809,328.256314,-87.091136,-0.841109
1462086765.353031,-1153579.939993,-4509140.456398,4346567.566594,328.820810,-84.934954,-0.842630
1462086855.353031,-1123961.193819,-4516687.436773,4346491.663138,329.371142,-82.775114,-0.844114
1462086945.353031,-1094293.555941,-4524039.870412,4346415.627709,329.907288,-80.611709,-0.845562
1462087035.353031,-1064578.304188,-4531197.440634,4346339.463582,330.429225,-78.444831,-0.846974
1462087125.353031,-1034816.718442,-4538159.839151,4346263.174038,330.936929,-76.274575,-0.848349
1462087215.353031,-1005010.080582,-4544926.766081,4346186.762362,331.430379,-74.101034,-0.849688
1462087305.353031,-975159.674424,-4551497.929964,4346110.231846,331.909554,-71.924301,-0.850990
1462087395.353031,-945266.785673,-4557873.047768,4346033.585786,332.374433,-69.744470,-0.852255
1462087485.353031,-915332.701861,-4564051.844907,4345956.827483,332.824997,-67.561635,-0.853484
1462087575.353031,-885358.712295,-4570034.055252,4345879.960243,333.261225,-65.375890,-0.854675
1462087665.353031,-855346.108002,-4575819.421139,4345802.987378,333.683099,-63.187330,-0.855830
1462087755.353031,-825296.181670,-4581407.693383,4345725.912202,334.090600,-60.996047,-0.856949
1462087845.353031,-795210.227598,-4586798.631288,4345648.738034,334.483712,-58.802138,-0.858030
1462087935.353031,-765089.541632,-4591992.002660,4345571.468200,334.862417,-56.605696,-0.859074
1462088025.353031,-734935.421118,-4596987.583811,4345494.106028,335.226699,-54.406815,-0.860082
1462088115.353031,-704749.164840,-4601785.159574,4345416.654848,335.576543,-52.205592,-0.861052
1462088205.353031,-674532.072967,-4606384.523309,4345339.117998,335.911932,-50.002120,-0.861985
1462088295.353031,-644285.446996,-4610785.476916,4345261.498817,336.232854,-47.796494,-0.862881
1462088385.353031,-614010.589696,-4614987.830837,4345183.800647,336.539293,-45.588809,-0.863740
1462088475.353031,-583708.805052,-4618991.404073,4345106.026837,336.831237,-43.379161,-0.864562
1462088565.353031,-553381.398209,-4622796.024181,4345028.180735,337.108673,-41.167644,-0.865346
1462088655.353031,-523029.675414,-4626401.527292,4344950.265694,337.371590,-38.954355,-0.866093
1462088745.353031,-492654.943963,-4629807.758110,4344872.285071,337.619975,-36.739387,-0.866803
1462088835.353031,-462258.512144,-4633014.569925,4344794.242224,337.853818,-34.522837,-0.867476
1462088925.353031,-431841.689177,-4636021.824613,4344716.140514,338.073110,-32.304800,-0.868111
1462089015.353031,-401405.785162,-4638829.392648,4344637.983306,338.277840,-30.085372,-0.868709
1462089105.353031,-370952.111021,-4641437.153104,4344559.773966,338.468000,-27.864648,-0.869269
1462089195.353031,-340481.978440,-4643844.993660,4344481.515862,338.643582,-25.642723,-0.869792
1462089285.353031,-309996.699815,-4646052.810606,4344403.212365,338.804578,-23.419695,-0.870278
1462089375.353031,-279497.588195,-4648060.508849,4344324.866848,338.950981,-21.195657,-0.870726
1462089465.353031,-248985.957222,-4649868.001914,4344246.482686,339.082785,-18.970707,-0.871136
1462089555.353031,-218463.121081,-4651475.211949,4344168.063254,339.199984,-16.744939,-0.871509
1462089645.353031,-187930.394437,-4652882.069730,4344089.611930,339.302573,-14.518450,-0.871845
1462089735.353031,-157389.092381,-4654088.514661,4344011.132093,339.390548,-12.291336,-0.872142
1462089825.353031,-126840.530375,-4655094.494778,4343932.627123,339.463904,-10.063693,-0.872403
1462089915.353031,-96286.024193,-4655899.966752,4343854.100403,339.522640,-7.835616,-0.872625
1462090005.353031,-65726.889865,-4656504.895891,4343775.555313,339.566752,-5.607201,-0.872811
1462090095.353031,-35164.443619,-4656909.256139,4343696.995237,339.596238,-3.378545,-0.872958
1462090185.353031,-4600.001828,-4657113.030080,4343618.423559,339.611097,-1.149744,-0.873068
1462090275.353031,25965.119051,-4657116.208937,4343539.843664,339.611329,1.079107,-0.873140
1462090365.353031,56529.602531,-4656918.792573,4343461.258935,339.596933,3.307912,-0.873175
1462090455.353031,87092.132152,-4656520.789491,4343382.672757,339.567910,5.536574,-0.873172
1462090545.353031,117651.391538,-4655922.216833,4343304.088515,339.524261,7.764998,-0.873132
1462090635.353031,148206.064456,-4655123.100382,4343225.509595,339.465989,9.993087,-0.873054
1462090725.353031,178754.834868,-4654123.474556,4343146.939380,339.393095,12.220745,-0.872938
1462090815.353031,209296.386991,-4652923.382411,4343068.381255,339.305583,14.447878,-0.872785
1462090905.353031,239829.405354,-4651522.875636,4342989.838603,339.203456,16.674388,-0.872594
1462090995.353031,270352.574851,-4649922.014554,4342911.314808,339.086720,18.900180,-0.872365
1462091085.353031,300864.580804,-4648120.868116,4342832.813251,338.955378,21.125158,-0.872099
1462091175.353031,331364.109013,-4646119.513901,4342754.337314,338.809438,23.349225,-0.871796
1462091265.353031,361849.845815,-4643918.038109,4342675.890376,338.648904,25.572288,-0.871455
1462091355.353031,392320.478143,-4641516.535562,4342597.475818,338.473784,27.794249,-0.871076
1462091445.353031,422774.693581,-4638915.109696,4342519.097015,338.284085,30.015012,-0.870660
1462091535.353031,453211.180416,-4636113.872559,4342440.757345,338.079816,32.234483,-0.870206
1462091625.353031,483628.627704,-4633112.944805,4342362.460181,337.860986,34.452566,-0.869715
1462091715.353031,514025.725318,-4629912.455687,4342284.208896,337.627603,36.669164,-0.869186
1462091805.353031,544401.164007,-4626512.543056,4342206.006861,337.379678,38.884183,-0.868620
1462091895.353031,574753.635454,-4622913.353352,4342127.857442,337.117222,41.097528,-0.868017
1462091985.353031,605081.832332,-4619115.041597,4342049.764008,336.840245,43.309102,-0.867376
1462092075.353031,635384.448358,-4615117.771390,4341971.729921,336.548760,45.518811,-0.866698
1462092165.353031,665660.178352,-4610921.714900,4341893.758542,336.242780,47.726559,-0.865982
1462092255.353031,695907.718291,-4606527.052858,4341815.853229,335.922317,49.932252,-0.865229
1462092345.353031,726125.765367,-4601933.974549,4341738.017340,335.587385,52.135793,-0.864439
1462092435.353031,756313.018042,-4597142.677802,4341660.254224,335.237999,54.337090,-0.863612
1462092525.353031,786468.176104,-4592153.368989,4341582.567234,334.874174,56.536046,-0.862747
1462092615.353031,816589.940724,-4586966.263004,4341504.959713,334.495926,58.732567,-0.861845
1462092705.353031,846677.014510,-4581581.583266,4341427.435006,334.103270,60.926558,-0.860906
1462092795.353031,876728.101567,-4575999.561700,4341349.996451,333.696223,63.117925,-0.859931
1462092885.353031,906741.907547,-4570220.438733,4341272.647384,333.274804,65.306573,-0.858918
1462092975.353031,936717.139709,-4564244.463281,4341195.391137,332.839030,67.492409,-0.857868
1462093065.353031,966652.506975,-4558071.892738,4341118.231036,332.388921,69.675337,-0.856781
1462093155.353031,996546.719979,-4551702.992967,4341041.170406,331.924495,71.855265,-0.855657
1462093245.353031,1026398.491135,-4545138.038286,4340964.212565,331.445772,74.032098,-0.854496
1462093335.353031,1056206.534678,-4538377.311457,4340887.360829,330.952773,76.205742,-0.853299
1462093425.353031,1085969.566731,-4531421.103676,4340810.618507,330.445520,78.376103,-0.852064
1462093515.353031,1115686.305354,-4524269.714557,4340733.988905,329.924034,80.543089,-0.850794
1462093605.353031,1145355.470600,-4516923.452122,4340657.475324,329.388338,82.706606,-0.849486
1462093695.353031,1174975.784574,-4509382.632785,4340581.081059,328.838454,84.866560,-0.848142
1462093785.353031,1204545.971482,-4501647.581342,4340504.809401,328.274407,87.022859,-0.846761
1462093875.353031,1234064.757691,-4493718.630952,4340428.663635,327.696221,89.175410,-0.845344
1462093965.353031,1263530.871780,-4485596.123129,4340352.647040,327.103920,91.324120,-0.843890
1462094055.353031,1292943.044600,-4477280.407722,4340276.762892,326.497530,93.468897,-0.842400
1462094145.353031,1322300.009322,-4468771.842900,4340201.014458,325.877077,95.609647,-0.840874
1462094235.353031,1351600.501495,-4460070.795141,4340125.405001,325.242589,97.746280,-0.839312
1462094325.353031,1380843.259103,-4451177.639213,4340049.937777,324.594092,99.878702,-0.837713
1462094415.353031,1410027.022616,-4442092.758158,4339974.616039,323.931614,102.006823,-0.836078
1462094505.353031,1439150.535042,-4432816.543275,4339899.443028,323.255184,104.130550,-0.834408
1462094595.353031,1468212.541988,-4423349.394106,4339824.421985,322.564830,106.249792,-0.832701
1462094685.353031,1497211.791707,-4413691.718415,4339749.556139,321.860584,108.364457,-0.830959
1462094775.353031,1526147.035157,-4403843.932174,4339674.848716,321.142474,110.474456,-0.829180
1462094865.353031,1555017.026053,-4393806.459542,4339600.302933,320.410532,112.579695,-0.827366
1462094955.353031,1583820.520920,-4383579.732848,4339525.922002,319.664790,114.680086,-0.825517
1462095045.353031,1612556.279145,-4373164.192573,4339451.709126,318.905279,116.775538,-0.823632
1462095135.353031,1641223.063037,-4362560.287331,4339377.667501,318.132032,118.865959,-0.821711
1462095225.353031,1669819.637872,-4351768.473848,4339303.800317,317.345083,120.951261,-0.819755
1462095315.353031,1698344.771950,-4340789.216945,4339230.110755,316.544465,123.031354,-0.817763
1462095405.353031,1726797.236652,-4329622.989515,4339156.601990,315.730214,125.106147,-0.815737
1462095495.353031,1755175.806485,-4318270.272506,4339083.277188,314.902363,127.175552,-0.813675
1462095585.353031,1783479.259140,-4306731.554895,4339010.139506,314.060949,129.239479,-0.811578
1462095675.353031,1811706.375543,-4295007.333673,4338937.192096,313.206008,131.297840,-0.809447
1462095765.353031,1839855.939910,-4283098.113822,4338864.438099,312.337577,133.350545,-0.807280
1462095855.353031,1867926.739795,-4271004.408289,4338791.880649,311.455693,135.397507,-0.805079
1462095945.353031,1895917.566145,-4258726.737969,4338719.522871,310.560393,137.438637,-0.802843
1462096035.353031,1923827.213352,-4246265.631680,4338647.367882,309.651718,139.473847,-0.800572
1462096125.353031,1951654.479304,-4233621.626142,4338575.418789,308.729705,141.503050,-0.798267
1462096215.353031,1979398.165438,-4220795.265951,4338503.678693,307.794395,143.526158,-0.795927
1462096305.353031,2007057.076790,-4207787.103559,4338432.150682,306.845828,145.543084,-0.793554
1462096395.353031,2034630.022049,-4194597.699247,4338360.837838,305.884045,147.553742,-0.791146
1462096485.353031,2062115.813605,-4181227.621104,4338289.743233,304.909086,149.558044,-0.788704
1462096575.353031,2089513.267603,-4167677.444999,4338218.869928,303.920995,151.555904,-0.786228
1462096665.353031,2116821.203991,-4153947.754560,4338148.220977,302.919813,153.547237,-0.783718
1462096755.353031,2144038.446575,-4140039.141146,4338077.799422,301.905584,155.531956,-0.781174
1462096845.353031,2171163.823066,-4125952.203821,4338007.608297,300.878352,157.509976,-0.778597
1462096935.353031,2198196.165132,-4111687.549333,4337937.650625,299.838160,159.481212,-0.775986
1462097025.353031,2225134.308448,-4097245.792082,4337867.929419,298.785054,161.445579,-0.773342
1462097115.353031,2251977.092747,-4082627.554097,4337798.447682,297.719078,163.402992,-0.770664
1462097205.353031,2278723.361869,-4067833.465008,4337729.208408,296.640280,165.353367,-0.767954
1462097295.353031,2305371.963810,-4052864.162020,4337660.214579,295.548704,167.296620,-0.765210
1462097385.353031,2331921.750775,-4037720.289883,4337591.469166,294.444399,169.232668,-0.762433
1462097475.353031,2358371.579221,-4022402.500868,4337522.975130,293.327412,171.161426,-0.759623
1462097565.353031,2384720.309916,-4006911.454735,4337454.735422,292.197791,173.082812,-0.756781
1462097655.353031,2410966.807977,-3991247.818708,4337386.752981,291.055584,174.996743,-0.753906
1462097745.353031,2437109.942928,-3975412.267445,4337319.030735,289.900841,176.903137,-0.750999
1462097835.353031,2463148.588744,-3959405.483006,4337251.571601,288.733611,178.801911,-0.748059
1462097925.353031,2489081.623899,-3943228.154829,4337184.378485,287.553946,180.692984,-0.745087
1462098015.353031,2514907.931419,-3926880.979696,4337117.454282,286.361895,182.576274,-0.742083
1462098105.353031,2540626.398923,-3910364.661706,4337050.801873,285.157509,184.451701,-0.739047
1462098195.353031,2566235.918678,-3893679.912241,4336984.424129,283.940842,186.319183,-0.735979
1462098285.353031,2591735.387642,-3876827.449941,4336918.323911,282.711945,188.178639,-0.732879
1462098375.353031,2617123.707514,-3859808.000666,4336852.504064,281.470871,190.029991,-0.729748
1462098465.353031,2642399.784779,-3842622.297471,4336786.967425,280.217674,191.873158,-0.726586
1462098555.353031,2667562.530757,-3825271.080571,4336721.716815,278.952407,193.708060,-0.723392
1462098645.353031,2692610.861651,-3807755.097308,4336656.755046,277.675126,195.534619,-0.720167
1462098735.353031,2717543.698590,-3790075.102125,4336592.084915,276.385884,197.352756,-0.716911
1462098825.353031,2742359.967678,-3772231.856526,4336527.709209,275.084738,199.162393,-0.713624
1462098915.353031,2767058.600040,-3754226.129046,4336463.630699,273.771744,200.963452,-0.710306
1462099005.353031,2791638.531868,-3736058.695221,4336399.852147,272.446958,202.755855,-0.706958
1462099095.353031,2816098.704466,-3717730.337550,4336336.376298,271.110437,204.539525,-0.703579
1462099185.353031,2840438.064297,-3699241.845464,4336273.205889,269.762239,206.314384,-0.700170
1462099275.353031,2864655.563026,-3680594.015291,4336210.343638,268.402423,208.080358,-0.696731
1462099365.353031,2888750.157569,-3661787.650221,4336147.792255,267.031045,209.837370,-0.693262
1462099455.353031,2912720.810135,-3642823.560275,4336085.554433,265.648166,211.585343,-0.689763
1462099545.353031,2936566.488270,-3623702.562264,4336023.632853,264.253846,213.324203,-0.686234
1462099635.353031,2960286.164903,-3604425.479760,4335962.030182,262.848143,215.053875,-0.682676
1462099725.353031,2983878.818393,-3584993.143057,4335900.749075,261.431119,216.774284,-0.679088
1462099815.353031,3007343.432566,-3565406.389136,4335839.792169,260.002835,218.485356,-0.675471
1462099905.353031,3030678.996766,-3545666.061627,4335779.162092,258.563352,220.187018,-0.671825
1462099995.353031,3053884.505894,-3525773.010779,4335718.861454,257.112733,221.879196,-0.668150
1462100085.353031,3076958.960452,-3505728.093415,4335658.892853,255.651039,223.561817,-0.664446
1462100175.353031,3099901.366589,-3485532.172901,4335599.258873,254.178334,225.234809,-0.660714
1462100265.353031,3122710.736139,-3465186.119107,4335539.962081,252.694681,226.898100,-0.656953
1462100355.353031,3145386.086667,-3444690.808368,4335481.005031,251.200144,228.551619,-0.653164
1462100445.353031,3167926.441512,-3424047.123451,4335422.390265,249.694788,230.195293,-0.649346
1462100535.353031,3190330.829825,-3403255.953508,4335364.120305,248.178676,231.829052,-0.645501
1462100625.353031,3212598.286614,-3382318.194050,4335306.197662,246.651876,233.452826,-0.641628
1462100715.353031,3234727.852786,-3361234.746898,4335248.624831,245.114452,235.066544,-0.637727
1462100805.353031,3256718.575187,-3340006.520148,4335191.404292,243.566470,236.670138,-0.633799
1462100895.353031,3278569.506641,-3318634.428133,4335134.538510,242.007997,238.263539,-0.629844
1462100985.353031,3300279.705996,-3297119.391382,4335078.029933,240.439101,239.846677,-0.625861
1462101075.353031,3321848.238159,-3275462.336582,4335021.880997,238.859849,241.419484,-0.621852
1462101165.353031,3343274.174141,-3253664.196534,4334966.094119,237.270308,242.981893,-0.617815
1462101255.353031,3364556.591093,-3231725.910119,4334910.671703,235.670548,244.533837,-0.613752
1462101345.353031,3385694.572349,-3209648.422254,4334855.616135,234.060638,246.075248,-0.609663
1462101435.353031,3406687.207463,-3187432.683848,4334800.929788,232.440646,247.606060,-0.605547
1462101525.353031,3427533.592250,-3165079.651769,4334746.615017,230.810642,249.126207,-0.601405
1462101615.353031,3448232.828825,-3142590.288796,4334692.674161,229.170697,250.635624,-0.597238
1462101705.353031,3468784.025638,-3119965.563581,4334639.109544,227.520881,252.134246,-0.593044
1462101795.353031,3489186.297518,-3097206.450607,4334585.923474,225.861266,253.622008,-0.588825
1462101885.353031,3509438.765709,-3074313.930142,4334533.118240,224.191923,255.098846,-0.584581
1462101975.353031,3529540.557903,-3051288.988205,4334480.696118,222.512923,256.564697,-0.580312
1462102065.353031,3549490.808288,-3028132.616514,4334428.659366,220.824339,258.019497,-0.576017
1462102155.353031,3569288.657573,-3004845.812450,4334377.010225,219.126244,259.463184,-0.571698
1462102245.353031,3588933.253036,-2981429.579013,4334325.750919,217.418711,260.895695,-0.567354
1462102335.353031,3608423.748554,-2957884.924775,4334274.883658,215.701813,262.316969,-0.562986
1462102425.353031,3627759.304640,-2934212.863841,4334224.410632,213.975624,263.726945,-0.558593
1462102515.353031,3646939.088482,-2910414.415804,4334174.334014,212.240220,265.125561,-0.554177
1462102605.353031,3665962.273977,-2886490.605700,4334124.655963,210.495674,266.512759,-0.549736
1462102695.353031,3684828.041768,-2862442.463964,4334075.378618,208.742061,267.888477,-0.545272
1462102785.353031,3703535.579276,-2838271.026388,4334026.504101,206.979458,269.252656,-0.540784
1462102875.353031,3722084.080740,-2813977.334071,4333978.034518,205.207939,270.605239,-0.536273
1462102965.353031,3740472.747246,-2789562.433382,4333929.971956,203.427583,271.946166,-0.531739
1462103055.353031,3758700.786766,-2765027.375908,4333882.318487,201.638464,273.275380,-0.527182
1462103145.353031,3776767.414190,-2740373.218412,4333835.076162,199.840660,274.592824,-0.522602
1462103235.353031,3794671.851361,-2715601.022786,4333788.247016,198.034249,275.898440,-0.518000
1462103325.353031,3812413.327107,-2690711.856008,4333741.833067,196.219308,277.192173,-0.513376
1462103415.353031,3829991.077276,-2665706.790092,4333695.836315,194.395916,278.473967,-0.508729
1462103505.353031,3847404.344766,-2640586.902045,4333650.258739,192.564150,279.743767,-0.504061
1462103595.353031,3864652.379561,-2615353.273821,4333605.102304,190.724091,281.001518,-0.499370
1462103685.353031,3881734.438762,-2590006.992270,4333560.368954,188.875817,282.247165,-0.494658
1462103775.353031,3898649.786617,-2564549.149096,4333516.060617,187.019408,283.480656,-0.489925
1462103865.353031,3915397.694558,-2538980.840807,4333472.179201,185.154944,284.701937,-0.485171
1462103955.353031,3931977.441225,-2513303.168671,4333428.726596,183.282504,285.910955,-0.480396
1462104045.353031,3948388.312503,-2487517.238665,4333385.704675,181.402171,287.107659,-0.475600
1462104135.353031,3964629.601551,-2461624.161428,4333343.115289,179.514024,288.291996,-0.470784
1462104225.353031,3980700.608831,-2435625.052216,4333300.960274,177.618145,289.463916,-0.465948
1462104315.353031,3996600.642141,-2409521.030850,4333259.241446,175.714616,290.623369,-0.461091
1462104405.353031,4012329.016640,-2383313.221671,4333217.960602,173.803518,291.770304,-0.456215
1462104495.353031,4027885.054885,-2357002.753490,4333177.119519,171.884935,292.904672,-0.451318
1462104585.353031,4043268.086851,-2330590.759540,4333136.719957,169.958948,294.026424,-0.446403
1462104675.353031,4058477.449969,-2304078.377425,4333096.763657,168.025641,295.135512,-0.441468
1462104765.353031,4073512.489148,-2277466.749077,4333057.252339,166.085097,296.231888,-0.436514
1462104855.353031,4088372.556805,-2250757.020698,4333018.187706,164.137399,297.315505,-0.431542
1462104945.353031,4103057.012894,-2223950.342718,4332979.571440,162.182632,298.386316,-0.426550
1462105035.353031,4117565.224933,-2197047.869742,4332941.405204,160.220879,299.444275,-0.421541
1462105125.353031,4131896.568031,-2170050.760502,4332903.690643,158.252225,300.489336,-0.416513
1462105215.353031,4146050.424914,-2142960.177804,4332866.429381,156.276755,301.521455,-0.411467
1462105305.353031,4160026.185955,-2115777.288482,4332829.623024,154.294554,302.540587,-0.406404
1462105395.353031,4173823.249196,-2088503.263346,4332793.273156,152.305707,303.546688,-0.401323
1462105485.353031,4187441.020376,-2061139.277130,4332757.381344,150.310300,304.539715,-0.396225
1462105575.353031,4200878.912956,-2033686.508442,4332721.949134,148.308419,305.519625,-0.391110
1462105665.353031,4214136.348147,-2006146.139717,4332686.978051,146.300150,306.486376,-0.385978
1462105755.353031,4227212.754928,-1978519.357160,4332652.469603,144.285580,307.439925,-0.380829
1462105845.353031,4240107.570081,-1950807.350701,4332618.425276,142.264795,308.380233,-0.375664
1462105935.353031,4252820.238204,-1923011.313938,4332584.846536,140.237883,309.307259,-0.370482
1462106025.353031,4265350.211745,-1895132.444089,4332551.734830,138.204930,310.220962,-0.365285
1462106115.353031,4277696.951016,-1867171.941940,4332519.091584,136.166024,311.121303,-0.360072
1462106205.353031,4289859.924226,-1839131.011795,4332486.918205,134.121254,312.008244,-0.354844
1462106295.353031,4301838.607497,-1811010.861419,4332455.216078,132.070707,312.881747,-0.349600
1462106385.353031,4313632.484887,-1782812.701990,4332423.986568,130.014472,313.741773,-0.344341
1462106475.353031,4325241.048417,-1754537.748047,4332393.231022,127.952636,314.588285,-0.339067
1462106565.353031,4336663.798088,-1726187.217436,4332362.950764,125.885290,315.421248,-0.333779
1462106655.353031,4347900.241905,-1697762.331259,4332333.147099,123.812521,316.240625,-0.328476
1462106745.353031,4358949.895895,-1669264.313819,4332303.821309,121.734419,317.046381,-0.323159
1462106835.353031,4369812.284135,-1640694.392569,4332274.974660,119.651075,317.838482,-0.317829
1462106925.353031,4380486.938763,-1612053.798062,4332246.608392,117.562576,318.616893,-0.312484
1462107015.353031,4390973.400007,-1583343.763891,4332218.723729,115.469015,319.381580,-0.307126
1462107105.353031,4401271.216198,-1554565.526642,4332191.321871,113.370479,320.132511,-0.301755
1462107195.353031,4411379.943793,-1525720.325839,4332164.403998,111.267061,320.869654,-0.296371
1462107285.353031,4421299.147393,-1496809.403889,4332137.971272,109.158850,321.592976,-0.290974
1462107375.353031,4431028.399765,-1467834.006030,4332112.024829,107.045938,322.302447,-0.285565
1462107465.353031,4440567.281852,-1438795.380278,4332086.565788,104.928414,322.998035,-0.280143
1462107555.353031,4449915.382803,-1409694.777370,4332061.595245,102.806372,323.679712,-0.274709
1462107645.353031,4459072.299978,-1380533.450716,4332037.114277,100.679901,324.347447,-0.269263
1462107735.353031,4468037.638976,-1351312.656339,4332013.123937,98.549094,325.001212,-0.263806
1462107825.353031,4476811.013645,-1322033.652823,4331989.625260,96.414043,325.640979,-0.258338
1462107915.353031,4485392.046103,-1292697.701261,4331966.619257,94.274838,326.266719,-0.252858
1462108005.353031,4493780.366752,-1263306.065197,4331944.106920,92.131573,326.878408,-0.247367
1462108095.353031,4501975.614294,-1233860.010575,4331922.089218,89.984340,327.476016,-0.241866
1462108185.353031,4509977.435746,-1204360.805683,4331900.567100,87.833231,328.059520,-0.236354
1462108275.353031,4517785.486458,-1174809.721095,4331879.541494,85.678339,328.628894,-0.230832
1462108365.353031,4525399.430126,-1145208.029625,4331859.013304,83.519757,329.184114,-0.225300
1462108455.353031,4532818.938805,-1115557.006261,4331838.983416,81.357577,329.725155,-0.219759
1462108545.353031,4540043.692925,-1085857.928121,4331819.452691,79.191893,330.251994,-0.214208
1462108635.353031,4547073.381305,-1056112.074388,4331800.421973,77.022799,330.764609,-0.208648
1462108725.353031,4553907.701166,-1026320.726264,4331781.892080,74.850386,331.262977,-0.203078
1462108815.353031,4560546.358143,-996485.166907,4331763.863810,72.674750,331.747077,-0.197501
1462108905.353031,4566989.066298,-966606.681382,4331746.337941,70.495984,332.216888,-0.191914
1462108995.353031,4573235.548135,-936686.556600,4331729.315227,68.314181,332.672390,-0.186319
1462109085.353031,4579285.534609,-906726.081269,4331712.796402,66.129436,333.113564,-0.180717
1462109175.353031,4585138.765135,-876726.545832,4331696.782178,63.941842,333.540390,-0.175106
1462109265.353031,4590794.987608,-846689.242416,4331681.273244,61.751495,333.952849,-0.169488
1462109355.353031,4596253.958405,-816615.464774,4331666.270269,59.558487,334.350925,-0.163862
1462109445.353031,4601515.442399,-786506.508231,4331651.773898,57.362915,334.734600,-0.158230
1462109535.353031,4606579.212971,-756363.669624,4331637.784758,55.164872,335.103857,-0.152591
1462109625.353031,4611445.052016,-726188.247255,4331624.303449,52.964452,335.458681,-0.146945
1462109715.353031,4616112.749955,-695981.540824,4331611.330553,50.761752,335.799056,-0.141293
1462109805.353031,4620582.105743,-665744.851381,4331598.866630,48.556865,336.124968,-0.135634
1462109895.353031,4624852.926879,-635479.481267,4331586.912215,46.349886,336.436402,-0.129970
1462109985.353031,4628925.029410,-605186.734059,4331575.467825,44.140912,336.733345,-0.124300
1462110075.353031,4632798.237946,-574867.914513,4331564.533952,41.930036,337.015785,-0.118625
1462110165.353031,4636472.385662,-544524.328506,4331554.111067,39.717354,337.283709,-0.112945
1462110255.353031,4639947.314306,-514157.282985,4331544.199620,37.502961,337.537106,-0.107260
1462110345.353031,4643222.874209,-483768.085904,4331534.800037,35.286953,337.775964,-0.101570
1462110435.353031,4646298.924286,-453358.046173,4331525.912724,33.069425,338.000274,-0.095876
1462110525.353031,4649175.332047,-422928.473601,4331517.538063,30.850473,338.210026,-0.090178
1462110615.353031,4651851.973602,-392480.678836,4331509.676416,28.630192,338.405210,-0.084476
1462110705.353031,4654328.733663,-362015.973312,4331502.328120,26.408678,338.585819,-0.078770
1462110795.353031,4656605.505552,-331535.669190,4331495.493494,24.186027,338.751844,-0.073061
1462110885.353031,4658682.191206,-301041.079305,4331489.172831,21.962333,338.903279,-0.067349
1462110975.353031,4660558.701178,-270533.517106,4331483.366404,19.737694,339.040117,-0.061634
1462111065.353031,4662234.954645,-240014.296601,4331478.074464,17.512205,339.162352,-0.055916
1462111155.353031,4663710.879407,-209484.732299,4331473.297237,15.285961,339.269978,-0.050196
1462111245.353031,4664986.411895,-178946.139158,4331469.034931,13.059059,339.362992,-0.044473
1462111335.353031,4666061.497169,-148399.832521,4331465.287728,10.831594,339.441389,-0.038749
1462111425.353031,4666936.088923,-117847.128064,4331462.055791,8.603663,339.505165,-0.033023
1462111515.353031,4667610.149488,-87289.341741,4331459.339259,6.375362,339.554319,-0.027296
1462111605.353031,4668083.649832,-56727.789723,4331457.138249,4.146786,339.588847,-0.021567
1462111695.353031,4668356.569559,-26163.788342,4331455.452857,1.918031,339.608749,-0.015838
1462111785.353031,4668428.896915,4401.345962,4331454.283154,-0.310807,339.614023,-0.010107
1462111875.353031,4668300.628784,34966.296701,4331453.629191,-2.539631,339.604670,-0.004377
1462111965.353031,4667971.770692,65529.747396,4331453.490997,-4.768345,339.580689,0.001354
1462112055.353031,4667442.336803,96090.381632,4331453.868578,-6.996855,339.542082,0.007085
1462112145.353031,4666712.349920,126646.883114,4331454.761918,-9.225063,339.488850,0.012815
1462112235.353031,4665781.841486,157197.935727,4331456.170978,-11.452873,339.420996,0.018545
1462112325.353031,4664650.851579,187742.223590,4331458.095699,-13.680190,339.338523,0.024274
1462112415.353031,4663319.428912,218278.431112,4331460.535996,-15.906918,339.241434,0.030002
1462112505.353031,4661787.630831,248805.243053,4331463.491766,-18.132961,339.129733,0.035729
1462112595.353031,4660055.523315,279321.344574,4331466.962881,-20.358223,339.003425,0.041454
1462112685.353031,4658123.180967,309825.421301,4331470.949192,-22.582608,338.862516,0.047178
1462112775.353031,4655990.687017,340316.159375,4331475.450527,-24.806021,338.707012,0.052899
1462112865.353031,4653658.133315,370792.245513,4331480.466693,-27.028365,338.536919,0.058618
1462112955.353031,4651125.620327,401252.367062,4331485.997474,-29.249544,338.352244,0.064335
1462113045.353031,4648393.257132,431695.212059,4331492.042631,-31.469464,338.152997,0.070049
1462113135.353031,4645461.161419,462119.469282,4331498.601905,-33.688029,337.939184,0.075760
1462113225.353031,4642329.459476,492523.828312,4331505.675013,-35.905142,337.710816,0.081467
1462113315.353031,4638998.286191,522906.979586,4331513.261651,-38.120710,337.467903,0.087172
1462113405.353031,4635467.785044,553267.614454,4331521.361492,-40.334635,337.210453,0.092872
1462113495.353031,4631738.108098,583604.425237,4331529.974188,-42.546823,336.938480,0.098568
1462113585.353031,4627809.415996,613916.105281,4331539.099366,-44.757178,336.651995,0.104260
1462113675.353031,4623681.877954,644201.349015,4331548.736636,-46.965605,336.351009,0.109948
1462113765.353031,4619355.671750,674458.852008,4331558.885582,-49.172010,336.035536,0.115631
1462113855.353031,4614830.983722,704687.311021,4331569.545766,-51.376297,335.705589,0.121309
1462113945.353031,4610108.008755,734885.424067,4331580.716731,-53.578371,335.361184,0.126981
1462114035.353031,4605186.950274,765051.890469,4331592.397994,-55.778137,335.002333,0.132649
1462114125.353031,4600068.020238,795185.410907,4331604.589053,-57.975500,334.629054,0.138310
1462114215.353031,4594751.439127,825284.687487,4331617.289384,-60.170367,334.241361,0.143966
1462114305.353031,4589237.435933,855348.423784,4331630.498438,-62.362642,333.839272,0.149615
1462114395.353031,4583526.248155,885375.324908,4331644.215649,-64.552231,333.422805,0.155258
1462114485.353031,4577618.121782,915364.097553,4331658.440424,-66.739040,332.991976,0.160894
1462114575.353031,4571513.311285,945313.450055,4331673.172151,-68.922974,332.546805,0.166523
1462114665.353031,4565212.079610,975222.092451,4331688.410196,-71.103939,332.087310,0.172145
1462114755.353031,4558714.698159,1005088.736529,4331704.153903,-73.281842,331.613512,0.177760
1462114845.353031,4552021.446785,1034912.095886,4331720.402594,-75.456588,331.125431,0.183367
1462114935.353031,4545132.613777,1064690.885983,4331737.155569,-77.628085,330.623088,0.188966
1462115025.353031,4538048.495847,1094423.824202,4331754.412106,-79.796238,330.106504,0.194557
1462115115.353031,4530769.398120,1124109.629900,4331772.171464,-81.960954,329.575702,0.200140
1462115205.353031,4523295.634118,1153747.024462,4331790.432876,-84.122139,329.030705,0.205714
1462115295.353031,4515627.525747,1183334.731360,4331809.195557,-86.279702,328.471536,0.211279
1462115385.353031,4507765.403286,1212871.476206,4331828.458699,-88.433548,327.898219,0.216835
1462115475.353031,4499709.605366,1242355.986807,4331848.221471,-90.583586,327.310779,0.222382
1462115565.353031,4491460.478966,1271786.993218,4331868.483024,-92.729721,326.709241,0.227919
1462115655.353031,4483018.379386,1301163.227801,4331889.242484,-94.871863,326.093631,0.233446
1462115745.353031,4474383.670243,1330483.425276,4331910.498958,-97.009918,325.463976,0.238964
1462115835.353031,4465556.723445,1359746.322776,4331932.251529,-99.143796,324.820303,0.244471
1462115925.353031,4456537.919184,1388950.659903,4331954.499262,-101.273402,324.162639,0.249967
1462116015.353031,4447327.645912,1418095.178782,4331977.241199,-103.398647,323.491014,0.255453
1462116105.353031,4437926.300333,1447178.624112,4332000.476359,-105.519438,322.805454,0.260927
1462116195.353031,4428334.287375,1476199.743225,4332024.203743,-107.635685,322.105991,0.266391
1462116285.353031,4418552.020181,1505157.286135,4332048.422328,-109.747295,321.392655,0.271843
1462116375.353031,4408579.920090,1534050.005597,4332073.131071,-111.854178,320.665476,0.277283
1462116465.353031,4398418.416615,1562876.657156,4332098.328910,-113.956244,319.924485,0.282711
1462116555.353031,4388067.947428,1591635.999205,4332124.014757,-116.053401,319.169714,0.288128
1462116645.353031,4377528.958340,1620326.793032,4332150.187508,-118.145560,318.401196,0.293531
1462116735.353031,4366801.903281,1648947.802883,4332176.846034,-120.232630,317.618964,0.298922
1462116825.353031,4355887.244282,1677497.796004,4332203.989189,-122.314522,316.823052,0.304301
1462116915.353031,4344785.451456,1705975.542704,4332231.615803,-124.391145,316.013494,0.309666
1462117005.353031,4333497.002972,1734379.816403,4332259.724686,-126.462410,315.190325,0.315018
1462117095.353031,4322022.385043,1762709.393683,4332288.314627,-128.528229,314.353580,0.320356
1462117185.353031,4310362.091897,1790963.054347,4332317.384396,-130.588511,313.503295,0.325680
1462117275.353031,4298516.625763,1819139.581465,4332346.932741,-132.643169,312.639507,0.330991
1462117365.353031,4286486.496842,1847237.761431,4332376.958389,-134.692114,311.762253,0.336287
1462117455.353031,4274272.223292,1875256.384012,4332407.460046,-136.735258,310.871572,0.341569
1462117545.353031,4261874.331199,1903194.242403,4332438.436400,-138.772512,309.967500,0.346835
1462117635.353031,4249293.354560,1931050.133278,4332469.886117,-140.803788,309.050078,0.352088
1462117725.353031,4236529.835258,1958822.856839,4332501.807841,-142.829001,308.119344,0.357324
1462117815.353031,4223584.323037,1986511.216873,4332534.200198,-144.848061,307.175339,0.362546
1462117905.353031,4210457.375480,2014114.020798,4332567.061793,-146.860882,306.218104,0.367752
1462117995.353031,4197149.557986,2041630.079720,4332600.391211,-148.867378,305.247680,0.372942
1462118085.353031,4183661.443743,2069058.208479,4332634.187017,-150.867463,304.264107,0.378116
1462118175.353031,4169993.613705,2096397.225703,4332668.447754,-152.861048,303.267430,0.383273
1462118265.353031,4156146.656567,2123645.953859,4332703.171948,-154.848050,302.257691,0.388415
1462118355.353031,4142121.168738,2150803.219301,4332738.358103,-156.828383,301.234933,0.393539
1462118445.353031,4127917.754319,2177867.852323,4332774.004704,-158.801961,300.199200,0.398646
1462118535.353031,4113537.025073,2204838.687211,4332810.110215,-160.768698,299.150537,0.403737
1462118625.353031,4098979.600399,2231714.562288,4332846.673081,-162.728511,298.088990,0.408810
1462118715.353031,4084246.107309,2258494.319969,4332883.691728,-164.681316,297.014603,0.413865
1462118805.353031,4069337.180397,2285176.806809,4332921.164562,-166.627027,295.927423,0.418903
1462118895.353031,4054253.461814,2311760.873550,4332959.089968,-168.565561,294.827497,0.423922
1462118985.353031,4038995.601239,2338245.375177,4332997.466314,-170.496835,293.714873,0.428923
1462119075.353031,4023564.255852,2364629.170960,4333036.291946,-172.420765,292.589598,0.433906
1462119165.353031,4007960.090305,2390911.124510,4333075.565192,-174.337269,291.451720,0.438870
1462119255.353031,3992183.776694,2417090.103820,4333115.284361,-176.246264,290.301290,0.443815
1462119345.353031,3976235.994528,2443164.981323,4333155.447742,-178.147668,289.138355,0.448741
1462119435.353031,3960117.430705,2469134.633932,4333196.053606,-180.041398,287.962967,0.453648
1462119525.353031,3943828.779474,2494997.943095,4333237.100204,-181.927374,286.775176,0.458535
1462119615.353031,3927370.742415,2520753.794839,4333278.585768,-183.805514,285.575033,0.463402
1462119705.353031,3910744.028400,2546401.079818,4333320.508511,-185.675738,284.362590,0.468250
1462119795.353031,3893949.353567,2571938.693366,4333362.866627,-187.537964,283.137899,0.473077
1462119885.353031,3876987.441290,2597365.535537,4333405.658294,-189.392112,281.901012,0.477884
1462119975.353031,3859859.022144,2622680.511158,4333448.881666,-191.238103,280.651984,0.482670
1462120065.353031,3842564.833876,2647882.529874,4333492.534883,-193.075857,279.390868,0.487436
1462120155.353031,3825105.621375,2672970.506194,4333536.616066,-194.905295,278.117718,0.492181
1462120245.353031,3807482.136637,2697943.359541,4333581.123314,-196.726338,276.832589,0.496904
1462120335.353031,3789695.138730,2722800.014295,4333626.054712,-198.538908,275.535536,0.501606
1462120425.353031,3771745.393771,2747539.399842,4333671.408325,-200.342926,274.226616,0.506286
1462120515.353031,3753633.674881,2772160.450618,4333717.182198,-202.138316,272.905884,0.510945
1462120605.353031,3735360.762160,2796662.106155,4333763.374361,-203.924999,271.573398,0.515581
1462120695.353031,3716927.442652,2821043.311131,4333809.982824,-205.702898,270.229214,0.520196
1462120785.353031,3698334.510309,2845303.015407,4333857.005580,-207.471938,268.873392,0.524788
1462120875.353031,3679582.765956,2869440.174083,4333904.440604,-209.232041,267.505989,0.529357
1462120965.353031,3660673.017260,2893453.747531,4333952.285852,-210.983133,266.127063,0.533904
1462121055.353031,3641606.078694,2917342.701452,4334000.539265,-212.725137,264.736676,0.538427
1462121145.353031,3622382.771501,2941106.006910,4334049.198763,-214.457979,263.334885,0.542927
1462121235.353031,3603003.923657,2964742.640384,4334098.262251,-216.181583,261.921753,0.547404
1462121325.353031,3583470.369841,2988251.583806,4334147.727616,-217.895877,260.497339,0.551858
1462121415.353031,3563782.951392,3011631.824610,4334197.592728,-219.600785,259.061705,0.556287
1462121505.353031,3543942.516279,3034882.355773,4334247.855439,-221.296235,257.614913,0.560693
1462121595.353031,3523949.919060,3058002.175858,4334298.513583,-222.982153,256.157025,0.565075
1462121685.353031,3503806.020846,3080990.289060,4334349.564980,-224.658467,254.688104,0.569432
1462121775.353031,3483511.689267,3103845.705244,4334401.007431,-226.325105,253.208213,0.573764
1462121865.353031,3463067.798432,3126567.439992,4334452.838720,-227.981994,251.717416,0.578072
1462121955.353031,3442475.228891,3149154.514644,4334505.056615,-229.629064,250.215777,0.582355
1462122045.353031,3421734.867597,3171605.956339,4334557.658866,-231.266244,248.703361,0.586613
1462122135.353031,3400847.607869,3193920.798060,4334610.643208,-232.893462,247.180233,0.590846
1462122225.353031,3379814.349356,3216098.078670,4334664.007360,-234.510650,245.646458,0.595053
1462122315.353031,3358635.997992,3238136.842962,4334717.749023,-236.117736,244.102103,0.599235
1462122405.353031,3337313.465961,3260036.141690,4334771.865882,-237.714653,242.547235,0.603391
1462122495.353031,3315847.671658,3281795.031618,4334826.355606,-239.301331,240.981919,0.607521
1462122585.353031,3294239.539648,3303412.575557,4334881.215849,-240.877702,239.406224,0.611624
1462122675.353031,3272490.000627,3324887.842406,4334936.444247,-242.443698,237.820217,0.615702
1462122765.353031,3250599.991381,3346219.907192,4334992.038423,-243.999251,236.223967,0.619752
1462122855.353031,3228570.454747,3367407.851109,4335047.995982,-245.544295,234.617543,0.623777
1462122945.353031,3206402.339572,3388450.761561,4335104.314513,-247.078763,233.001013,0.627774
1462123035.353031,3184096.600670,3409347.732196,4335160.991592,-248.602589,231.374447,0.631744
1462123125.353031,3161654.198785,3430097.862949,4335218.024776,-250.115707,229.737916,0.635687
1462123215.353031,3139076.100545,3450700.260081,4335275.411610,-251.618053,228.091490,0.639603
1462123305.353031,3116363.278424,3471154.036213,4335333.149623,-253.109561,226.435239,0.643491
1462123395.353031,3093516.710699,3491458.310371,4335391.236326,-254.590167,224.769236,0.647351
1462123485.353031,3070537.381407,3511612.208018,4335449.669219,-256.059807,223.093551,0.651184
1462123575.353031,3047426.280303,3531614.861093,4335508.445785,-257.518419,221.408257,0.654988
1462123665.353031,3024184.402819,3551465.408052,4335567.563492,-258.965939,219.713427,0.658764
1462123755.353031,3000812.750018,3571162.993901,4335627.019794,-260.402304,218.009134,0.662512
1462123845.353031,2977312.328553,3590706.770235,4335686.812130,-261.827454,216.295450,0.666231
1462123935.353031,2953684.150625,3610095.895272,4335746.937926,-263.241327,214.572450,0.669922
1462124025.353031,2929929.233934,3629329.533893,4335807.394591,-264.643861,212.840209,0.673584
1462124115.353031,2906048.601644,3648406.857676,4335868.179522,-266.034997,211.098800,0.677216
1462124205.353031,2882043.282329,3667327.044930,4335929.290100,-267.414674,209.348298,0.680820
1462124295.353031,2857914.309936,3686089.280734,4335990.723695,-268.782833,207.588780,0.684394
1462124385.353031,2833662.723737,3704692.756969,4336052.477658,-270.139415,205.820321,0.687939
1462124475.353031,2809289.568286,3723136.672355,4336114.549332,-271.484362,204.042996,0.691454
1462124565.353031,2784795.893373,3741420.232483,4336176.936043,-272.817616,202.256883,0.694940
1462124655.353031,2760182.753977,3759542.649853,4336239.635103,-274.139119,200.462059,0.698395
1462124745.353031,2735451.210225,3777503.143903,4336302.643812,-275.448814,198.658600,0.701820
1462124835.353031,2710602.327344,3795300.941047,4336365.959456,-276.746646,196.846585,0.705216
1462124925.353031,2685637.175613,3812935.274708,4336429.579309,-278.032557,195.026091,0.708580
1462125015.353031,2660556.830319,3830405.385346,4336493.500629,-279.306494,193.197198,0.711915
1462125105.353031,2635362.371713,3847710.520497,4336557.720665,-280.568400,191.359983,0.715218
1462125195.353031,2610054.884959,3864849.934801,4336622.236651,-281.818221,189.514525,0.718491
1462125285.353031,2584635.460090,3881822.890039,4336687.045806,-283.055904,187.660905,0.721733
1462125375.353031,2559105.191959,3898628.655158,4336752.145341,-284.281396,185.799203,0.724944
1462125465.353031,2533465.180195,3915266.506308,4336817.532451,-285.494643,183.929497,0.728123
1462125555.353031,2507716.529153,3931735.726870,4336883.204320,-286.695593,182.051870,0.731271
1462125645.353031,2481860.347868,3948035.607491,4336949.158119,-287.884195,180.166401,0.734388
1462125735.353031,2455897.750005,3964165.446109,4337015.391008,-289.060398,178.273172,0.737473
1462125825.353031,2429829.853813,3980124.547987,4337081.900135,-290.224150,176.372265,0.740526
1462125915.353031,2403657.782079,3995912.225741,4337148.682634,-291.375402,174.463761,0.743548
1462126005.353031,2377382.662072,4011527.799372,4337215.735630,-292.514103,172.547742,0.746537
1462126095.353031,2351005.625504,4026970.596292,4337283.056233,-293.640206,170.624292,0.749494
1462126185.353031,2324527.808475,4042239.951358,4337350.641546,-294.753661,168.693493,0.752419
1462126275.353031,2297950.351424,4057335.206893,4337418.488656,-295.854421,166.755428,0.755312
1462126365.353031,2271274.399085,4072255.712723,4337486.594642,-296.942437,164.810180,0.758172
1462126455.353031,2244501.100433,4087000.826196,4337554.956571,-298.017664,162.857834,0.760999
1462126545.353031,2217631.608634,4101569.912220,4337623.571497,-299.080055,160.898473,0.763794
1462126635.353031,2190667.080999,4115962.343280,4337692.436466,-300.129564,158.932182,0.766555
1462126725.353031,2163608.678933,4130177.499472,4337761.548512,-301.166146,156.959045,0.769284
1462126815.353031,2136457.567883,4144214.768527,4337830.904657,-302.189756,154.979149,0.771979
1462126905.353031,2109214.917289,4158073.545840,4337900.501916,-303.200351,152.992576,0.774642
1462126995.353031,2081881.900535,4171753.234489,4337970.337289,-304.197886,150.999415,0.777270
1462127085.353031,2054459.694895,4185253.245271,4338040.407770,-305.182319,148.999749,0.779866
1462127175.353031,2026949.481488,4198572.996718,4338110.710340,-306.153607,146.993666,0.782428
1462127265.353031,1999352.445221,4211711.915129,4338181.241971,-307.111709,144.981252,0.784956
1462127355.353031,1971669.774741,4224669.434590,4338251.999626,-308.056583,142.962593,0.787450
1462127445.353031,1943902.662383,4237444.997000,4338322.980257,-308.988188,140.937776,0.789911
1462127535.353031,1916052.304120,4250038.052096,4338394.180807,-309.906485,138.906889,0.792337
1462127625.353031,1888119.899510,4262448.057475,4338465.598209,-310.811434,136.870019,0.794729
1462127715.353031,1860106.651646,4274674.478621,4338537.229387,-311.702996,134.827254,0.797087
1462127805.353031,1832013.767101,4286716.788921,4338609.071256,-312.581132,132.778682,0.799411
1462127895.353031,1803842.455880,4298574.469694,4338681.120721,-313.445804,130.724391,0.801700
1462127985.353031,1775593.931364,4310247.010213,4338753.374680,-314.296976,128.664469,0.803955
1462128075.353031,1747269.410262,4321733.907722,4338825.830021,-315.134611,126.599005,0.806175
1462128165.353031,1718870.112554,4333034.667463,4338898.483622,-315.958673,124.528089,0.808360
1462128255.353031,1690397.261443,4344148.802695,4338971.332354,-316.769126,122.451809,0.810511
1462128345.353031,1661852.083298,4355075.834715,4339044.373081,-317.565935,120.370255,0.812627
1462128435.353031,1633235.807605,4365815.292879,4339117.602655,-318.349065,118.283516,0.814707
1462128525.353031,1604549.666910,4376366.714621,4339191.017923,-319.118485,116.191682,0.816753
1462128615.353031,1575794.896771,4386729.645475,4339264.615723,-319.874159,114.094844,0.818763
1462128705.353031,1546972.735700,4396903.639095,4339338.392884,-320.616055,111.993092,0.820738
1462128795.353031,1518084.425112,4406888.257270,4339412.346230,-321.344143,109.886516,0.822678
1462128885.353031,1489131.209272,4416683.069947,4339486.472575,-322.058389,107.775207,0.824583
1462128975.353031,1460114.335240,4426287.655248,4339560.768726,-322.758764,105.659256,0.826451
1462129065.353031,1431035.052817,4435701.599490,4339635.231484,-323.445237,103.538755,0.828285
1462129155.353031,1401894.614493,4444924.497199,4339709.857640,-324.117779,101.413793,0.830082
1462129245.353031,1372694.275393,4453955.951130,4339784.643982,-324.776361,99.284464,0.831844
1462129335.353031,1343435.293219,4462795.572286,4339859.587287,-325.420954,97.150858,0.833570
1462129425.353031,1314118.928202,4471442.979928,4339934.684328,-326.051531,95.013068,0.835260
1462129515.353031,1284746.443044,4479897.801601,4340009.931871,-326.668064,92.871185,0.836914
1462129605.353031,1255319.102863,4488159.673143,4340085.326674,-327.270527,90.725302,0.838532
1462129695.353031,1225838.175139,4496228.238700,4340160.865490,-327.858894,88.575512,0.840114
1462129785.353031,1196304.929663,4504103.150749,4340236.545066,-328.433139,86.421906,0.841660
1462129875.353031,1166720.638477,4511784.070104,4340312.362141,-328.993239,84.264579,0.843169
1462129965.353031,1137086.575822,4519270.665936,4340388.313451,-329.539168,82.103621,0.844642
1462130055.353031,1107404.018084,4526562.615786,4340464.395724,-330.070903,79.939128,0.846079
1462130145.353031,1077674.243736,4533659.605577,4340540.605684,-330.588422,77.771191,0.847480
1462130235.353031,1047898.533286,4540561.329633,4340616.940047,-331.091702,75.599905,0.848844
1462130325.353031,1018078.169220,4547267.490685,4340693.395526,-331.580721,73.425362,0.850171
1462130415.353031,988214.435947,4553777.799888,4340769.968828,-332.055459,71.247657,0.851461
1462130505.353031,958308.619745,4560091.976833,4340846.656655,-332.515894,69.066883,0.852716
1462130595.353031,928362.008703,4566209.749559,4340923.455703,-332.962007,66.883135,0.853933
1462130685.353031,898375.892669,4572130.854564,4341000.362666,-333.393780,64.696505,0.855113
1462130775.353031,868351.563191,4577855.036816,4341077.374230,-333.811192,62.507089,0.856257
1462130865.353031,838290.313464,4583382.049766,4341154.487078,-334.214227,60.314981,0.857364
1462130955.353031,808193.438272,4588711.655358,4341231.697890,-334.602866,58.120275,0.858434
1462131045.353031,778062.233935,4593843.624036,4341309.003339,-334.977094,55.923065,0.859466
1462131135.353031,747897.998249,4598777.734759,4341386.400096,-335.336894,53.723447,0.860462
1462131225.353031,717702.030437,4603513.775008,4341463.884828,-335.682250,51.521515,0.861421
1462131315.353031,687475.631084,4608051.540793,4341541.454197,-336.013148,49.317364,0.862343
1462131405.353031,657220.102089,4612390.836666,4341619.104861,-336.329573,47.111088,0.863227
1462131495.353031,626936.746605,4616531.475727,4341696.833477,-336.631512,44.902784,0.864075
1462131585.353031,596626.868982,4620473.279631,4341774.636697,-336.918951,42.692545,0.864885
1462131675.353031,566291.774714,4624216.078601,4341852.511169,-337.191880,40.480468,0.865658
1462131765.353031,535932.770381,4627759.711426,4341930.453540,-337.450284,38.266647,0.866394
1462131855.353031,505551.163591,4631104.025478,4342008.460452,-337.694155,36.051177,0.867092
1462131945.353031,475148.262929,4634248.876712,4342086.528545,-337.923480,33.834155,0.867753
1462132035.353031,444725.377894,4637194.129674,4342164.654458,-338.138250,31.615676,0.868376
1462132125.353031,414283.818847,4639939.657507,4342242.834824,-338.338456,29.395835,0.868963
1462132215.353031,383824.896953,4642485.341958,4342321.066277,-338.524090,27.174728,0.869511
1462132305.353031,353349.924125,4644831.073379,4342399.345447,-338.695143,24.952450,0.870023
1462132395.353031,322860.212968,4646976.750737,4342477.668962,-338.851607,22.729098,0.870497
1462132485.353031,292357.076721,4648922.281614,4342556.033449,-338.993477,20.504767,0.870933
1462132575.353031,261841.829201,4650667.582213,4342634.435533,-339.120746,18.279552,0.871332
1462132665.353031,231315.784748,4652212.577361,4342712.871837,-339.233408,16.053550,0.871693
1462132755.353031,200780.258165,4653557.200512,4342791.338982,-339.331459,13.826857,0.872017
1462132845.353031,170236.564664,4654701.393752,4342869.833589,-339.414894,11.599568,0.872303
1462132935.353031,139686.019812,4655645.107799,4342948.352277,-339.483710,9.371780,0.872552
1462133025.353031,109129.939465,4656388.302004,4343026.891664,-339.537905,7.143588,0.872763
1462133115.353031,78569.639724,4656930.944359,4343105.448366,-339.577474,4.915088,0.872936
1462133205.353031,48006.436866,4657273.011490,4343184.019002,-339.602418,2.686377,0.873072
1462133295.353031,17441.647297,4657414.488664,4343262.600185,-339.612735,0.457550,0.873170
1462133385.353031,-13123.412511,4657355.369787,4343341.188533,-339.608423,-1.771297,0.873231
1462133475.353031,-43687.426072,4657095.657406,4343419.780659,-339.589485,-4.000068,0.873254
1462133565.353031,-74249.076948,4656635.362707,4343498.373179,-339.555919,-6.228666,0.873239
1462133655.353031,-104807.048800,4655974.505515,4343576.962708,-339.507729,-8.456996,0.873187
1462133745.353031,-135360.025450,4655113.114294,4343655.545860,-339.444915,-10.684962,0.873097
1462133835.353031,-165906.690933,4654051.226147,4343734.119251,-339.367481,-12.912467,0.872970
1462133925.353031,-196445.729557,4652788.886810,4343812.679497,-339.275430,-15.139417,0.872805
1462134015.353031,-226975.825958,4651326.150654,4343891.223214,-339.168766,-17.365714,0.872602
1462134105.353031,-257495.665158,4649663.080682,4343969.747019,-339.047493,-19.591263,0.872362
1462134195.353031,-288003.932619,4647799.748524,4344048.247529,-338.911617,-21.815969,0.872084
1462134285.353031,-318499.314303,4645736.234437,4344126.721364,-338.761144,-24.039735,0.871769
1462134375.353031,-348980.496727,4643472.627300,4344205.165144,-338.596079,-26.262465,0.871416
1462134465.353031,-379446.167020,4641009.024610,4344283.575490,-338.416431,-28.484064,0.871026
1462134555.353031,-409895.012976,4638345.532478,4344361.949024,-338.222206,-30.704437,0.870598
1462134645.353031,-440325.723118,4635482.265624,4344440.282371,-338.013414,-32.923487,0.870132
1462134735.353031,-470736.986747,4632419.347375,4344518.572157,-337.790063,-35.141119,0.869629
1462134825.353031,-501127.494002,4629156.909655,4344596.815010,-337.552163,-37.357237,0.869089
1462134915.353031,-531495.935919,4625695.092981,4344675.007560,-337.299724,-39.571746,0.868511
1462135005.353031,-561841.004480,4622034.046460,4344753.146439,-337.032757,-41.784551,0.867896
1462135095.353031,-592161.392676,4618173.927780,4344831.228281,-336.751274,-43.995556,0.867244
1462135185.353031,-622455.794562,4614114.903200,4344909.249723,-336.455286,-46.204666,0.866554
1462135275.353031,-652722.905310,4609857.147549,4344987.207405,-336.144806,-48.411786,0.865826
1462135365.353031,-682961.421269,4605400.844217,4345065.097969,-335.819848,-50.616821,0.865062
1462135455.353031,-713170.040019,4600746.185142,4345142.918060,-335.480426,-52.819676,0.864260
1462135545.353031,-743347.460429,4595893.370807,4345220.664326,-335.126554,-55.020256,0.863421
1462135635.353031,-773492.382708,4590842.610232,4345298.333419,-334.758248,-57.218465,0.862545
1462135725.353031,-803603.508470,4585594.120961,4345375.921992,-334.375523,-59.414211,0.861631
1462135815.353031,-833679.540781,4580148.129053,4345453.426705,-333.978396,-61.607397,0.860681
1462135905.353031,-863719.184220,4574504.869076,4345530.844219,-333.566884,-63.797930,0.859693
1462135995.353031,-893721.144933,4568664.584094,4345608.171199,-333.141005,-65.985715,0.858669
1462136085.353031,-923684.130688,4562627.525657,4345685.404315,-332.700777,-68.170658,0.857607
1462136175.353031,-953606.850933,4556393.953791,4345762.540240,-332.246219,-70.352664,0.856509
1462136265.353031,-983488.016851,4549964.136986,4345839.575651,-331.777351,-72.531641,0.855373
1462136355.353031,-1013326.341413,4543338.352183,4345916.507232,-331.294193,-74.707493,0.854201
1462136445.353031,-1043120.539436,4536516.884765,4345993.331667,-330.796765,-76.880128,0.852992
1462136535.353031,-1072869.327638,4529500.028543,4346070.045649,-330.285089,-79.049451,0.851746
1462136625.353031,-1102571.424692,4522288.085745,4346146.645873,-329.759188,-81.215369,0.850464
1462136715.353031,-1132225.551284,4514881.366999,4346223.129039,-329.219083,-83.377790,0.849145
1462136805.353031,-1161830.430163,4507280.191325,4346299.491853,-328.664798,-85.536619,0.847789
1462136895.353031,-1191384.786201,4499484.886118,4346375.731026,-328.096357,-87.691764,0.846397
1462136985.353031,-1220887.346447,4491495.787132,4346451.843275,-327.513784,-89.843132,0.844968
1462137075.353031,-1250336.840179,4483313.238471,4346527.825320,-326.917105,-91.990630,0.843503
1462137165.353031,-1279731.998963,4474937.592570,4346603.673890,-326.306345,-94.134166,0.842002
1462137255.353031,-1309071.556702,4466369.210181,4346679.385718,-325.681531,-96.273648,0.840464
1462137345.353031,-1338354.249697,4457608.460358,4346754.957541,-325.042689,-98.408983,0.838890
1462137435.353031,-1367578.816697,4448655.720439,4346830.386106,-324.389847,-100.540079,0.837280
1462137525.353031,-1396743.998954,4439511.376032,4346905.668163,-323.723033,-102.666845,0.835634
1462137615.353031,-1425848.540279,4430175.821000,4346980.800470,-323.042275,-104.789189,0.833952
1462137705.353031,-1454891.187093,4420649.457439,4347055.779791,-322.347604,-106.907019,0.832234
1462137795.353031,-1483870.688485,4410932.695664,4347130.602895,-321.639049,-109.020245,0.830480
1462137885.353031,-1512785.796262,4401025.954190,4347205.266561,-320.916640,-111.128775,0.828691
1462137975.353031,-1541635.265007,4390929.659718,4347279.767572,-320.180409,-113.232519,0.826866
1462138065.353031,-1570417.852128,4380644.247109,4347354.102720,-319.430387,-115.331385,0.825005
1462138155.353031,-1599132.317914,4370170.159372,4347428.268802,-318.666607,-117.425285,0.823108
1462138245.353031,-1627777.425587,4359507.847644,4347502.262625,-317.889101,-119.514126,0.821177
1462138335.353031,-1656351.941361,4348657.771165,4347576.081000,-317.097904,-121.597820,0.819209
1462138425.353031,-1684854.634484,4337620.397266,4347649.720749,-316.293048,-123.676276,0.817207
1462138515.353031,-1713284.277303,4326396.201342,4347723.178700,-315.474569,-125.749405,0.815169
1462138605.353031,-1741639.645308,4314985.666839,4347796.451688,-314.642503,-127.817118,0.813096
1462138695.353031,-1769919.517189,4303389.285225,4347869.536558,-313.796884,-129.879326,0.810988
1462138785.353031,-1798122.674889,4291607.555975,4347942.430161,-312.937749,-131.935940,0.808846
1462138875.353031,-1826247.903654,4279640.986545,4348015.129358,-312.065136,-133.986871,0.806668
1462138965.353031,-1854293.992087,4267490.092354,4348087.631018,-311.179081,-136.032031,0.804456
1462139055.353031,-1882259.732198,4255155.396761,4348159.932018,-310.279624,-138.071332,0.802209
1462139145.353031,-1910143.919461,4242637.431039,4348232.029243,-309.366802,-140.104686,0.799927
1462139235.353031,-1937945.352860,4229936.734357,4348303.919589,-308.440656,-142.132005,0.797611
1462139325.353031,-1965662.834943,4217053.853754,4348375.599958,-307.501224,-144.153203,0.795261
1462139415.353031,-1993295.171877,4203989.344115,4348447.067263,-306.548548,-146.168192,0.792876
1462139505.353031,-2020841.173493,4190743.768149,4348518.318426,-305.582669,-148.176885,0.790457
1462139595.353031,-2048299.653342,4177317.696363,4348589.350378,-304.603627,-150.179196,0.788004
1462139685.353031,-2075669.428745,4163711.707039,4348660.160060,-303.611466,-152.175038,0.785518
1462139775.353031,-2102949.320843,4149926.386208,4348730.744420,-302.606227,-154.164326,0.782997
1462139865.353031,-2130138.154650,4135962.327625,4348801.100421,-301.587955,-156.146974,0.780443
1462139955.353031,-2157234.759099,4121820.132744,4348871.225029,-300.556693,-158.122896,0.777855
1462140045.353031,-2184237.967098,4107500.410691,4348941.115226,-299.512486,-160.092008,0.775233
1462140135.353031,-2211146.615576,4093003.778239,4349010.768002,-298.455378,-162.054224,0.772578
1462140225.353031,-2237959.545537,4078330.859780,4349080.180354,-297.385416,-164.009461,0.769890
1462140315.353031,-2264675.602106,4063482.287299,4349149.349295,-296.302644,-165.957633,0.767169
1462140405.353031,-2291293.634581,4048458.700348,4349218.271845,-295.207110,-167.898657,0.764415
1462140495.353031,-2317812.496482,4033260.746016,4349286.945034,-294.098861,-169.832450,0.761628
1462140585.353031,-2344231.045600,4017889.078901,4349355.365906,-292.977945,-171.758927,0.758807
1462140675.353031,-2370548.144048,4002344.361087,4349423.531513,-291.844410,-173.678007,0.755955
1462140765.353031,-2396762.658306,3986627.262106,4349491.438918,-290.698305,-175.589606,0.753069
1462140855.353031,-2422873.459276,3970738.458921,4349559.085198,-289.539679,-177.493642,0.750152
1462140945.353031,-2448879.422325,3954678.635885,4349626.467437,-288.368582,-179.390034,0.747202
1462141035.353031,-2474779.427335,3938448.484721,4349693.582735,-287.185064,-181.278698,0.744219
1462141125.353031,-2500572.358753,3922048.704486,4349760.428199,-285.989177,-183.159555,0.741205
1462141215.353031,-2526257.105637,3905480.001543,4349827.000952,-284.780972,-185.032523,0.738159
1462141305.353031,-2551832.561706,3888743.089534,4349893.298124,-283.560501,-186.897521,0.735081
1462141395.353031,-2577297.625384,3871838.689342,4349959.316861,-282.327816,-188.754469,0.731971
1462141485.353031,-2602651.199853,3854767.529066,4350025.054320,-281.082972,-190.603287,0.728830
1462141575.353031,-2627892.193093,3837530.343988,4350090.507667,-279.826020,-192.443896,0.725657
1462141665.353031,-2653019.517937,3820127.876539,4350155.674086,-278.557016,-194.276216,0.722454
1462141755.353031,-2678032.092112,3802560.876272,4350220.550767,-277.276015,-196.100168,0.719219
1462141845.353031,-2702928.838286,3784830.099823,4350285.134917,-275.983070,-197.915673,0.715953
1462141935.353031,-2727708.684119,3766936.310885,4350349.423754,-274.678239,-199.722654,0.712656
1462142025.353031,-2752370.562304,3748880.280172,4350413.414510,-273.361576,-201.521033,0.709328
1462142115.353031,-2776913.410616,3730662.785384,4350477.104427,-272.033140,-203.310732,0.705970
1462142205.353031,-2801336.171956,3712284.611177,4350540.490762,-270.692986,-205.091674,0.702582
1462142295.353031,-2825637.794397,3693746.549128,4350603.570785,-269.341174,-206.863782,0.699163
1462142385.353031,-2849817.231232,3675049.397699,4350666.341779,-267.977760,-208.626981,0.695714
1462142475.353031,-2873873.441015,3656193.962206,4350728.801040,-266.602805,-210.381193,0.692236
1462142565.353031,-2897805.387606,3637181.054782,4350790.945879,-265.216366,-212.126345,0.688727
1462142655.353031,-2921612.040221,3618011.494342,4350852.773617,-263.818504,-213.862359,0.685189
1462142745.353031,-2945292.373468,3598686.106549,4350914.281593,-262.409279,-215.589162,0.681621
1462142835.353031,-2968845.367401,3579205.723777,4350975.467156,-260.988752,-217.306680,0.678024
1462142925.353031,-2992270.007554,3559571.185076,4351036.327671,-259.556983,-219.014837,0.674397
1462143015.353031,-3015565.284992,3539783.336137,4351096.860517,-258.114035,-220.713562,0.670742
1462143105.353031,-3038730.196352,3519843.029252,4351157.063087,-256.659970,-222.402779,0.667058
1462143195.353031,-3061763.743884,3499751.123283,4351216.932786,-255.194849,-224.082418,0.663345
1462143285.353031,-3084664.935498,3479508.483617,4351276.467037,-253.718738,-225.752405,0.659603
1462143375.353031,-3107432.784804,3459115.982137,4351335.663275,-252.231698,-227.412669,0.655833
1462143465.353031,-3130066.311155,3438574.497181,4351394.518951,-250.733794,-229.063137,0.652035
1462143555.353031,-3152564.539691,3417884.913500,4351453.031528,-249.225090,-230.703740,0.648209
1462143645.353031,-3174926.501377,3397048.122228,4351511.198488,-247.705652,-232.334405,0.644354
1462143735.353031,-3197151.233050,3376065.020838,4351569.017323,-246.175545,-233.955064,0.640472
1462143825.353031,-3219237.777454,3354936.513104,4351626.485545,-244.634835,-235.565646,0.636563
1462143915.353031,-3241185.183290,3333663.509064,4351683.600677,-243.083588,-237.166081,0.632626
1462144005.353031,-3262992.505247,3312246.924979,4351740.360259,-241.521871,-238.756302,0.628661
1462144095.353031,-3284658.804051,3290687.683295,4351796.761847,-239.949752,-240.336239,0.624670
1462144185.353031,-3306183.146501,3268986.712601,4351852.803011,-238.367297,-241.905824,0.620652
1462144275.353031,-3327564.605509,3247144.947592,4351908.481338,-236.774575,-243.464990,0.616607
1462144365.353031,-3348802.260143,3225163.329027,4351963.794428,-235.171656,-245.013670,0.612535
1462144455.353031,-3369895.195664,3203042.803687,4352018.739899,-233.558607,-246.551796,0.608437
1462144545.353031,-3390842.503566,3180784.324339,4352073.315386,-231.935498,-248.079304,0.604313
1462144635.353031,-3411643.281618,3158388.849690,4352127.518536,-230.302399,-249.596126,0.600163
1462144725.353031,-3432296.633896,3135857.344346,4352181.347015,-228.659381,-251.102197,0.595987
1462144815.353031,-3452801.670829,3113190.778776,4352234.798504,-227.006515,-252.597453,0.591785
1462144905.353031,-3473157.509233,3090390.129263,4352287.870702,-225.343870,-254.081830,0.587558
1462144995.353031,-3493363.272350,3067456.377866,4352340.561322,-223.671520,-255.555262,0.583306
1462145085.353031,-3513418.089887,3044390.512378,4352392.868095,-221.989536,-257.017688,0.579028
1462145175.353031,-3533321.098052,3021193.526282,4352444.788767,-220.297991,-258.469043,0.574725
1462145265.353031,-3553071.439590,2997866.418707,4352496.321102,-218.596957,-259.909266,0.570398
1462145355.353031,-3572668.263825,2974410.194388,4352547.462880,-216.886507,-261.338294,0.566046
1462145445.353031,-3592110.726691,2950825.863621,4352598.211899,-215.166716,-262.756065,0.561670
1462145535.353031,-3611397.990770,2927114.442219,4352648.565972,-213.437658,-264.162520,0.557270
1462145625.353031,-3630529.225330,2903276.951472,4352698.522930,-211.699406,-265.557596,0.552845
1462145715.353031,-3649503.606360,2879314.418095,4352748.080623,-209.952036,-266.941235,0.548397
1462145805.353031,-3668320.316602,2855227.874192,4352797.236914,-208.195624,-268.313376,0.543925
1462145895.353031,-3686978.545592,2831018.357209,4352845.989687,-206.430243,-269.673960,0.539430
1462145985.353031,-3705477.489692,2806686.909886,4352894.336841,-204.655972,-271.022929,0.534911
1462146075.353031,-3723816.352122,2782234.580217,4352942.276295,-202.872886,-272.360225,0.530369
1462146165.353031,-3741994.343000,2757662.421402,4352989.805982,-201.081061,-273.685790,0.525805
1462146255.353031,-3760010.679371,2732971.491801,4353036.923857,-199.280576,-274.999566,0.521218
1462146345.353031,-3777864.585244,2708162.854891,4353083.627888,-197.471508,-276.301498,0.516608
1462146435.353031,-3795555.291623,2683237.579219,4353129.916065,-195.653934,-277.591530,0.511976
1462146525.353031,-3813082.036542,2658196.738354,4353175.786394,-193.827933,-278.869605,0.507323
1462146615.353031,-3830444.065097,2633041.410845,4353221.236898,-191.993583,-280.135668,0.502647
1462146705.353031,-3847640.629478,2607772.680170,4353266.265621,-190.150964,-281.389666,0.497950
1462146795.353031,-3864670.989002,2582391.634694,4353310.870622,-188.300155,-282.631544,0.493231
1462146885.353031,-3881534.410146,2556899.367616,4353355.049979,-186.441236,-283.861248,0.488491
1462146975.353031,-3898230.166576,2531296.976928,4353398.801791,-184.574286,-285.078726,0.483730
1462147065.353031,-3914757.539179,2505585.565365,4353442.124173,-182.699386,-286.283926,0.478948
1462147155.353031,-3931115.816096,2479766.240358,4353485.015257,-180.816618,-287.476794,0.474145
1462147245.353031,-3947304.292746,2453840.113992,4353527.473197,-178.926061,-288.657281,0.469322
1462147335.353031,-3963322.271860,2427808.302956,4353569.496163,-177.027797,-289.825334,0.464479
1462147425.353031,-3979169.063529,2401671.928463,4353611.082346,-175.121909,-290.980905,0.459616
1462147515.353031,-3994843.985208,2375432.116247,4353652.229955,-173.208478,-292.123942,0.454733
1462147605.353031,-4010346.361754,2349089.996497,4353692.937216,-171.287587,-293.254397,0.449830
1462147695.353031,-4025675.525455,2322646.703810,4353733.202377,-169.359317,-294.372222,0.444908
1462147785.353031,-4040830.816060,2296103.377137,4353773.023703,-167.423754,-295.477367,0.439967
1462147875.353031,-4055811.580807,2269461.159743,4353812.399479,-165.480979,-296.569785,0.435007
1462147965.353031,-4070617.174452,2242721.199148,4353851.328008,-163.531077,-297.649430,0.430028
1462148055.353031,-4085246.959293,2215884.647084,4353889.807614,-161.574131,-298.716255,0.425031
1462148145.353031,-4099700.305205,2188952.659443,4353927.836639,-159.610226,-299.770213,0.420015
1462148235.353031,-4113976.589658,2161926.396227,4353965.413446,-157.639446,-300.811260,0.414981
1462148325.353031,-4128075.197752,2134807.021500,4354002.536415,-155.661876,-301.839351,0.409930
1462148415.353031,-4141995.522236,2107595.703334,4354039.203947,-153.677602,-302.854440,0.404860
1462148505.353031,-4155736.963541,2080293.613764,4354075.414464,-151.686709,-303.856486,0.399774
1462148595.353031,-4169298.929802,2052901.928732,4354111.166404,-149.689282,-304.845443,0.394670
1462148685.353031,-4182680.836884,2025421.828042,4354146.458228,-147.685408,-305.821271,0.389549
1462148775.353031,-4195882.108407,1997854.495303,4354181.288417,-145.675173,-306.783926,0.384411
1462148865.353031,-4208902.175771,1970201.117884,4354215.655468,-143.658663,-307.733368,0.379257
1462148955.353031,-4221740.478183,1942462.886857,4354249.557903,-141.635966,-308.669555,0.374086
1462149045.353031,-4234396.462677,1914640.996953,4354282.994260,-139.607169,-309.592448,0.368899
1462149135.353031,-4246869.584139,1886736.646502,4354315.963100,-137.572358,-310.502005,0.363697
1462149225.353031,-4259159.305333,1858751.037388,4354348.463002,-135.531622,-311.398189,0.358478
1462149315.353031,-4271265.096922,1830685.374995,4354380.492567,-133.485048,-312.280961,0.353245
1462149405.353031,-4283186.437490,1802540.868154,4354412.050413,-131.432725,-313.150282,0.347996
1462149495.353031,-4294922.813566,1774318.729093,4354443.135183,-129.374741,-314.006115,0.342732
1462149585.353031,-4306473.719647,1746020.173384,4354473.745537,-127.311184,-314.848424,0.337453
1462149675.353031,-4317838.658217,1717646.419887,4354503.880157,-125.242144,-315.677171,0.332160
1462149765.353031,-4329017.139771,1689198.690707,4354533.537743,-123.167710,-316.492322,0.326852
1462149855.353031,-4340008.682833,1660678.211129,4354562.717020,-121.087970,-317.293841,0.321531
1462149945.353031,-4350812.813981,1632086.209576,4354591.416729,-119.003015,-318.081693,0.316195
1462150035.353031,-4361429.067865,1603423.917549,4354619.635635,-116.912935,-318.855846,0.310846
1462150125.353031,-4371856.987225,1574692.569577,4354647.372522,-114.817819,-319.616264,0.305484
1462150215.353031,-4382096.122915,1545893.403164,4354674.626195,-112.717757,-320.362917,0.300108
1462150305.353031,-4392146.033920,1517027.658735,4354701.395480,-110.612841,-321.095771,0.294719
1462150395.353031,-4402006.287374,1488096.579583,4354727.679224,-108.503160,-321.814794,0.289318
1462150485.353031,-4411676.458580,1459101.411813,4354753.476295,-106.388806,-322.519957,0.283904
1462150575.353031,-4421156.131029,1430043.404292,4354778.785581,-104.269870,-323.211228,0.278478
1462150665.353031,-4430444.896418,1400923.808594,4354803.605992,-102.146442,-323.888578,0.273040
1462150755.353031,-4439542.354664,1371743.878945,4354827.936460,-100.018615,-324.551978,0.267591
1462150845.353031,-4448448.113925,1342504.872169,4354851.775935,-97.886480,-325.201398,0.262129
1462150935.353031,-4457161.790618,1313208.047637,4354875.123390,-95.750129,-325.836812,0.256657
1462151025.353031,-4465683.009429,1283854.667207,4354897.977821,-93.609654,-326.458192,0.251173
1462151115.353031,-4474011.403337,1254445.995176,4354920.338243,-91.465146,-327.065510,0.245679
1462151205.353031,-4482146.613626,1224983.298219,4354942.203691,-89.316700,-327.658741,0.240174
1462151295.353031,-4490088.289898,1195467.845342,4354963.573225,-87.164406,-328.237860,0.234658
1462151385.353031,-4497836.090094,1165900.907821,4354984.445924,-85.008358,-328.802840,0.229133
1462151475.353031,-4505389.680503,1136283.759149,4355004.820888,-82.848648,-329.353659,0.223598
1462151565.353031,-4512748.735781,1106617.674983,4355024.697240,-80.685370,-329.890292,0.218053
1462151655.353031,-4519912.938961,1076903.933087,4355044.074123,-78.518617,-330.412716,0.212498
1462151745.353031,-4526881.981471,1047143.813277,4355062.950704,-76.348482,-330.920909,0.206935
1462151835.353031,-4533655.563143,1017338.597369,4355081.326167,-74.175059,-331.414848,0.201362
1462151925.353031,-4540233.392227,987489.569120,4355099.199723,-71.998440,-331.894513,0.195781
1462152015.353031,-4546615.185408,957598.014173,4355116.570600,-69.818721,-332.359882,0.190192
1462152105.353031,-4552800.667810,927665.220003,4355133.438052,-67.635994,-332.810937,0.184594
1462152195.353031,-4558789.573015,897692.475863,4355149.801349,-65.450354,-333.247656,0.178988
1462152285.353031,-4564581.643072,867681.072725,4355165.659789,-63.261895,-333.670022,0.173375
1462152375.353031,-4570176.628508,837632.303227,4355181.012688,-61.070712,-334.078017,0.167754
1462152465.353031,-4575574.288337,807547.461616,4355195.859383,-58.876898,-334.471622,0.162126
1462152555.353031,-4580774.390074,777427.843692,4355210.199237,-56.680548,-334.850821,0.156491
1462152645.353031,-4585776.709743,747274.746754,4355224.031630,-54.481756,-335.215597,0.150849
1462152735.353031,-4590581.031885,717089.469544,4355237.355967,-52.280618,-335.565936,0.145201
1462152825.353031,-4595187.149572,686873.312186,4355250.171674,-50.077229,-335.901820,0.139546
1462152915.353031,-4599594.864409,656627.576139,4355262.478198,-47.871682,-336.223237,0.133885
1462153005.353031,-4603803.986551,626353.564132,4355274.275010,-45.664074,-336.530173,0.128219
1462153095.353031,-4607814.334703,596052.580115,4355285.561600,-43.454498,-336.822613,0.122547
1462153185.353031,-4611625.736134,565725.929198,4355296.337484,-41.243051,-337.100546,0.116870
1462153275.353031,-4615238.026681,535374.917597,4355306.602196,-39.029828,-337.363960,0.111188
1462153365.353031,-4618651.050756,505000.852576,4355316.355294,-36.814923,-337.612843,0.105501
1462153455.353031,-4621864.661355,474605.042394,4355325.596358,-34.598433,-337.847184,0.099809
1462153545.353031,-4624878.720064,444188.796245,4355334.324990,-32.380453,-338.066974,0.094113
1462153635.353031,-4627693.097061,413753.424205,4355342.540814,-30.161078,-338.272202,0.088414
1462153725.353031,-4630307.671127,383300.237171,4355350.243475,-27.940403,-338.462861,0.082710
1462153815.353031,-4632722.329648,352830.546810,4355357.432642,-25.718526,-338.638942,0.077003
1462153905.353031,-4634936.968621,322345.665499,4355364.108004,-23.495541,-338.800436,0.071292
1462153995.353031,-4636951.492658,291846.906269,4355370.269275,-21.271543,-338.947339,0.065578
1462154085.353031,-4638765.814990,261335.582748,4355375.916188,-19.046630,-339.079642,0.059862
1462154175.353031,-4640379.857472,230813.009107,4355381.048500,-16.820896,-339.197340,0.054143
1462154265.353031,-4641793.550584,200280.500000,4355385.665991,-14.594438,-339.300429,0.048421
1462154355.353031,-4643006.833436,169739.370509,4355389.768460,-12.367351,-339.388904,0.042698
1462154445.353031,-4644019.653771,139190.936088,4355393.355731,-10.139731,-339.462760,0.036973
1462154535.353031,-4644831.967963,108636.512507,4355396.427650,-7.911674,-339.521996,0.031246
1462154625.353031,-4645443.741025,78077.415790,4355398.984084,-5.683277,-339.566608,0.025517
1462154715.353031,-4645854.946609,47514.962166,4355401.024922,-3.454635,-339.596594,0.019788
1462154805.353031,-4646065.567001,16950.468006,4355402.550076,-1.225845,-339.611953,0.014058
1462154895.353031,-4646075.593130,-13614.750228,4355403.559481,1.002999,-339.612684,0.008327
1462154985.353031,-4645885.024565,-44179.376046,4355404.053094,3.231799,-339.598788,0.002596
1462155075.353031,-4645493.869512,-74742.092981,4355404.030891,5.460460,-339.570265,-0.003136
1462155165.353031,-4644902.144821,-105301.584651,4355403.492875,7.688886,-339.527116,-0.008867
1462155255.353031,-4644109.875977,-135856.534811,4355402.439069,9.916981,-339.469343,-0.014598
1462155345.353031,-4643117.097104,-166405.627411,4355400.869517,12.144649,-339.396948,-0.020328
1462155435.353031,-4641923.850964,-196947.546655,4355398.784287,14.371793,-339.309935,-0.026057
1462155525.353031,-4640530.188950,-227480.977055,4355396.183468,16.598319,-339.208308,-0.031785
1462155615.353031,-4638936.171089,-258004.603489,4355393.067173,18.824130,-339.092070,-0.037512
1462155705.353031,-4637141.866040,-288517.111257,4355389.435536,21.049129,-338.961227,-0.043237
1462155795.353031,-4635147.351084,-319017.186138,4355385.288712,23.273223,-338.815785,-0.048961
1462155885.353031,-4632952.712129,-349503.514446,4355380.626881,25.496313,-338.655749,-0.054682
1462155975.353031,-4630558.043701,-379974.783089,4355375.450242,27.718306,-338.481127,-0.060401
1462156065.353031,-4627963.448943,-410429.679621,4355369.759019,29.939105,-338.291926,-0.066117
1462156155.353031,-4625169.039607,-440866.892302,4355363.553457,32.158614,-338.088154,-0.071830
1462156245.353031,-4622174.936052,-471285.110156,4355356.833822,34.376738,-337.869820,-0.077541
1462156335.353031,-4618981.267240,-501683.023022,4355349.600404,36.593382,-337.636933,-0.083248
1462156425.353031,-4615588.170726,-532059.321614,4355341.853515,38.808449,-337.389504,-0.088951
1462156515.353031,-4611995.792657,-562412.697580,4355333.593487,41.021845,-337.127543,-0.094651
1462156605.353031,-4608204.287761,-592741.843551,4355324.820677,43.233474,-336.851062,-0.100346
1462156695.353031,-4604213.819345,-623045.453204,4355315.535462,45.443241,-336.560072,-0.106037
1462156785.353031,-4600024.559284,-653322.221317,4355305.738242,47.651050,-336.254585,-0.111724
1462156875.353031,-4595636.688016,-683570.843821,4355295.429438,49.856807,-335.934616,-0.117406
1462156965.353031,-4591050.394533,-713790.017861,4355284.609495,52.060417,-335.600177,-0.123083
1462157055.353031,-4586265.876374,-743978.441852,4355273.278879,54.261784,-335.251284,-0.128754
1462157145.353031,-4581283.339615,-774134.815531,4355261.438076,56.460814,-334.887951,-0.134420
1462157235.353031,-4576102.998862,-804257.840015,4355249.087598,58.657413,-334.510194,-0.140080
1462157325.353031,-4570725.077241,-834346.217861,4355236.227975,60.851485,-334.118028,-0.145734
1462157415.353031,-4565149.806386,-864398.653114,4355222.859763,63.042935,-333.711472,-0.151382
1462157505.353031,-4559377.426432,-894413.851369,4355208.983535,65.231671,-333.290542,-0.157023
1462157595.353031,-4553408.186006,-924390.519826,4355194.599890,67.417597,-332.855257,-0.162658
1462157685.353031,-4547242.342212,-954327.367344,4355179.709447,69.600619,-332.405636,-0.168285
1462157775.353031,-4540880.160622,-984223.104495,4355164.312847,71.780643,-331.941697,-0.173906
1462157865.353031,-4534321.915264,-1014076.443624,4355148.410754,73.957576,-331.463461,-0.179519
1462157955.353031,-4527567.888613,-1043886.098901,4355132.003851,76.131323,-330.970948,-0.185124
1462158045.353031,-4520618.371575,-1073650.786378,4355115.092846,78.301791,-330.464180,-0.190721
1462158135.353031,-4513473.663476,-1103369.224045,4355097.678466,80.468887,-329.943178,-0.196310
1462158225.353031,-4506134.072050,-1133040.131881,4355079.761463,82.632516,-329.407966,-0.201890
1462158315.353031,-4498599.913424,-1162662.231916,4355061.342606,84.792587,-328.858564,-0.207462
1462158405.353031,-4490871.512107,-1192234.248279,4355042.422689,86.949005,-328.294999,-0.213025
1462158495.353031,-4482949.200971,-1221754.907257,4355023.002528,89.101678,-327.717293,-0.218578
1462158585.353031,-4474833.321244,-1251222.937350,4355003.082958,91.250514,-327.125472,-0.224122
1462158675.353031,-4466524.222489,-1280637.069325,4354982.664837,93.395419,-326.519562,-0.229657
1462158765.353031,-4458022.262592,-1309996.036270,4354961.749044,95.536302,-325.899587,-0.235182
1462158855.353031,-4449327.807744,-1339298.573647,4354940.336481,97.673069,-325.265576,-0.240696
1462158945.353031,-4440441.232430,-1368543.419351,4354918.428069,99.805630,-324.617555,-0.246200
1462159035.353031,-4431362.919408,-1397729.313762,4354896.024751,101.933892,-323.955552,-0.251694
1462159125.353031,-4422093.259695,-1426854.999797,4354873.127493,104.057764,-323.279596,-0.257177
1462159215.353031,-4412632.652549,-1455919.222969,4354849.737280,106.177153,-322.589715,-0.262649
1462159305.353031,-4402981.505454,-1484920.731436,4354825.855121,108.291969,-321.885941,-0.268109
1462159395.353031,-4393140.234099,-1513858.276059,4354801.482042,110.402122,-321.168302,-0.273558
1462159485.353031,-4383109.262363,-1542730.610452,4354776.619094,112.507518,-320.436830,-0.278995
1462159575.353031,-4372889.022295,-1571536.491039,4354751.267348,114.608069,-319.691556,-0.284420
1462159665.353031,-4362479.954097,-1600274.677106,4354725.427896,116.703684,-318.932512,-0.289833
1462159755.353031,-4351882.506103,-1628943.930856,4354699.101849,118.794272,-318.159732,-0.295233
1462159845.353031,-4341097.134763,-1657543.017458,4354672.290342,120.879743,-317.373248,-0.300620
1462159935.353031,-4330124.304617,-1686070.705107,4354644.994530,122.960008,-316.573094,-0.305995
1462160025.353031,-4318964.488284,-1714525.765070,4354617.215588,125.034977,-315.759305,-0.311356
1462160115.353031,-4307618.166434,-1742906.971743,4354588.954713,127.104560,-314.931916,-0.316705
1462160205.353031,-4296085.827769,-1771213.102705,4354560.213121,129.168669,-314.090962,-0.322039
1462160295.353031,-4284367.969007,-1799442.938766,4354530.992050,131.227215,-313.236480,-0.327359
1462160385.353031,-4272465.094852,-1827595.264024,4354501.292758,133.280108,-312.368506,-0.332666
1462160475.353031,-4260377.717981,-1855668.865913,4354471.116526,135.327260,-311.487078,-0.337958
1462160565.353031,-4248106.359015,-1883662.535262,4354440.464652,137.368584,-310.592234,-0.343236
1462160655.353031,-4235651.546500,-1911575.066338,4354409.338456,139.403991,-309.684012,-0.348498
1462160745.353031,-4223013.816885,-1939405.256906,4354377.739279,141.433394,-308.762451,-0.353746
1462160835.353031,-4210193.714496,-1967151.908278,4354345.668482,143.456705,-307.827592,-0.358979
1462160925.353031,-4197191.791514,-1994813.825360,4354313.127445,145.473837,-306.879474,-0.364196
1462161015.353031,-4184008.607953,-2022389.816712,4354280.117571,147.484703,-305.918138,-0.369397
1462161105.353031,-4170644.731633,-2049878.694593,4354246.640281,149.489217,-304.943626,-0.374583
1462161195.353031,-4157100.738156,-2077279.275014,4354212.697017,151.487292,-303.955979,-0.379752
1462161285.353031,-4143377.210883,-2104590.377791,4354178.289240,153.478843,-302.955241,-0.384905
1462161375.353031,-4129474.740907,-2131810.826591,4354143.418433,155.463783,-301.941454,-0.390041
1462161465.353031,-4115393.927030,-2158939.448987,4354108.086097,157.442026,-300.914661,-0.395161
1462161555.353031,-4101135.375734,-2185975.076508,4354072.293754,159.413489,-299.874908,-0.400264
1462161645.353031,-4086699.701156,-2212916.544688,4354036.042945,161.378085,-298.822239,-0.405349
1462161735.353031,-4072087.525064,-2239762.693115,4353999.335231,163.335731,-297.756699,-0.410417
1462161825.353031,-4057299.476826,-2266512.365485,4353962.172194,165.286341,-296.678334,-0.415467
1462161915.353031,-4042336.193386,-2293164.409647,4353924.555434,167.229832,-295.587191,-0.420499
1462162005.353031,-4027198.319237,-2319717.677657,4353886.486571,169.166121,-294.483317,-0.425514
1462162095.353031,-4011886.506389,-2346171.025825,4353847.967245,171.095123,-293.366758,-0.430510
1462162185.353031,-3996401.414346,-2372523.314762,4353808.999114,173.016756,-292.237564,-0.435487
1462162275.353031,-3980743.710076,-2398773.409437,4353769.583857,174.930936,-291.095783,-0.440445
1462162365.353031,-3964914.067979,-2424920.179216,4353729.723171,176.837583,-289.941463,-0.445385
1462162455.353031,-3948913.169862,-2450962.497918,4353689.418773,178.736612,-288.774656,-0.450306
1462162545.353031,-3932741.704910,-2476899.243859,4353648.672399,180.627943,-287.595411,-0.455207
1462162635.353031,-3916400.369651,-2502729.299904,4353607.485803,182.511494,-286.403778,-0.460088
1462162725.353031,-3899889.867933,-2528451.553512,4353565.860761,184.387184,-285.199809,-0.464950
1462162815.353031,-3883210.910888,-2554064.896786,4353523.799063,186.254933,-283.983557,-0.469791
1462162905.353031,-3866364.216905,-2579568.226520,4353481.302522,188.114659,-282.755073,-0.474613
1462162995.353031,-3849350.511597,-2604960.444245,4353438.372968,189.966282,-281.514410,-0.479414
1462163085.353031,-3832170.527771,-2630240.456279,4353395.012250,191.809723,-280.261622,-0.484194
1462163175.353031,-3814825.005394,-2655407.173774,4353351.222235,193.644903,-278.996763,-0.488953
1462163265.353031,-3797314.691566,-2680459.512759,4353307.004810,195.471743,-277.719887,-0.493692
1462163355.353031,-3779640.340482,-2705396.394191,4353262.361878,197.290163,-276.431049,-0.498409
1462163445.353031,-3761802.713404,-2730216.744001,4353217.295363,199.100085,-275.130304,-0.503105
1462163535.353031,-3743802.578627,-2754919.493138,4353171.807205,200.901432,-273.817710,-0.507779
1462163625.353031,-3725640.711444,-2779503.577615,4353125.899363,202.694126,-272.493321,-0.512431
1462163715.353031,-3707317.894114,-2803967.938558,4353079.573815,204.478089,-271.157196,-0.517061
1462163805.353031,-3688834.915830,-2828311.522250,4353032.832556,206.253245,-269.809392,-0.521668
1462163895.353031,-3670192.572682,-2852533.280174,4352985.677598,208.019518,-268.449967,-0.526254
1462163985.353031,-3651391.667625,-2876632.169062,4352938.110973,209.776830,-267.078979,-0.530816
1462164075.353031,-3632433.010442,-2900607.150937,4352890.134730,211.525108,-265.696487,-0.535356
1462164165.353031,-3613317.417713,-2924457.193160,4352841.750934,213.264275,-264.302552,-0.539873
1462164255.353031,-3594045.712775,-2948181.268472,4352792.961670,214.994256,-262.897233,-0.544366
1462164345.353031,-3574618.725691,-2971778.355040,4352743.769038,216.714977,-261.480590,-0.548836
1462164435.353031,-3555037.293210,-2995247.436502,4352694.175158,218.426363,-260.052685,-0.553283
1462164525.353031,-3535302.258736,-3018587.502008,4352644.182166,220.128342,-258.613579,-0.557705
1462164615.353031,-3515414.472287,-3041797.546265,4352593.792213,221.820839,-257.163334,-0.562104
1462164705.353031,-3495374.790460,-3064876.569581,4352543.007472,223.503783,-255.702013,-0.566478
1462164795.353031,-3475184.076396,-3087823.577906,4352491.830128,225.177099,-254.229678,-0.570828
1462164885.353031,-3454843.199740,-3110637.582877,4352440.262387,226.840717,-252.746394,-0.575154
1462164975.353031,-3434353.036605,-3133317.601859,4352388.306469,228.494565,-251.252223,-0.579454
1462165065.353031,-3413714.469534,-3155862.657989,4352335.964612,230.138571,-249.747230,-0.583730
1462165155.353031,-3392928.387461,-3178271.780217,4352283.239069,231.772664,-248.231480,-0.587980
1462165245.353031,-3371995.685676,-3200544.003346,4352230.132113,233.396775,-246.705039,-0.592205
1462165335.353031,-3350917.265782,-3222678.368078,4352176.646030,235.010833,-245.167971,-0.596405
1462165425.353031,-3329694.035660,-3244673.921051,4352122.783124,236.614768,-243.620344,-0.600579
1462165515.353031,-3308326.909426,-3266529.714884,4352068.545714,238.208513,-242.062224,-0.604727
1462165605.353031,-3286816.807397,-3288244.808211,4352013.936137,239.791997,-240.493677,-0.608849
1462165695.353031,-3265164.656044,-3309818.265732,4351958.956745,241.365153,-238.914773,-0.612945
1462165785.353031,-3243371.387961,-3331249.158243,4351903.609905,242.927913,-237.325577,-0.617015
1462165875.353031,-3221437.941816,-3352536.562684,4351847.898002,244.480210,-235.726160,-0.621057
1462165965.353031,-3199365.262317,-3373679.562172,4351791.823434,246.021976,-234.116590,-0.625073
1462166055.353031,-3177154.300168,-3394677.246046,4351735.388617,247.553146,-232.496936,-0.629063
1462166145.353031,-3154806.012031,-3415528.709903,4351678.595982,249.073654,-230.867268,-0.633025
1462166235.353031,-3132321.360480,-3436233.055638,4351621.447974,250.583434,-229.227656,-0.636960
1462166325.353031,-3109701.313963,-3456789.391483,4351563.947055,252.082420,-227.578171,-0.640867
1462166415.353031,-3086946.846762,-3477196.832045,4351506.095701,253.570549,-225.918884,-0.644747
1462166505.353031,-3064058.938947,-3497454.498344,4351447.896404,255.047757,-224.249866,-0.648599
1462166595.353031,-3041038.576334,-3517561.517849,4351389.351671,256.513979,-222.571189,-0.652423
1462166685.353031,-3017886.750447,-3537517.024522,4351330.464023,257.969152,-220.882926,-0.656219
1462166775.353031,-2994604.458470,-3557320.158848,4351271.235997,259.413215,-219.185149,-0.659987
1462166865.353031,-2971192.703208,-3576970.067874,4351211.670142,260.846104,-217.477932,-0.663726
1462166955.353031,-2947652.493042,-3596465.905249,4351151.769026,262.267758,-215.761347,-0.667437
1462167045.353031,-2923984.841883,-3615806.831256,4351091.535227,263.678116,-214.035469,-0.671119
1462167135.353031,-2900190.769136,-3634992.012853,4351030.971340,265.077116,-212.300373,-0.674772
1462167225.353031,-2876271.299647,-3654020.623703,4350970.079973,266.464700,-210.556132,-0.678396
1462167315.353031,-2852227.463665,-3672891.844215,4350908.863750,267.840806,-208.802822,-0.681991
1462167405.353031,-2828060.296795,-3691604.861577,4350847.325306,269.205377,-207.040519,-0.685556
1462167495.353031,-2803770.839954,-3710158.869789,4350785.467292,270.558352,-205.269298,-0.689092
1462167585.353031,-2779360.139327,-3728553.069701,4350723.292372,271.899673,-203.489236,-0.692598
1462167675.353031,-2754829.246320,-3746786.669048,4350660.803224,273.229284,-201.700410,-0.696074
1462167765.353031,-2730179.217517,-3764858.882479,4350598.002540,274.547126,-199.902895,-0.699521
1462167855.353031,-2705411.114633,-3782768.931596,4350534.893024,275.853143,-198.096771,-0.702937
1462167945.353031,-2680526.004468,-3800516.044986,4350471.477394,277.147278,-196.282114,-0.706323
1462168035.353031,-2655524.958862,-3818099.458253,4350407.758382,278.429477,-194.459004,-0.709679
1462168125.353031,-2630409.054650,-3835518.414053,4350343.738732,279.699683,-192.627517,-0.713004
1462168215.353031,-2605179.373611,-3852772.162123,4350279.421201,280.957842,-190.787734,-0.716298
1462168305.353031,-2579837.002427,-3869859.959318,4350214.808560,282.203899,-188.939733,-0.719561
1462168395.353031,-2554383.032634,-3886781.069641,4350149.903592,283.437802,-187.083595,-0.722794
1462168485.353031,-2528818.560573,-3903534.764272,4350084.709091,284.659496,-185.219398,-0.725995
1462168575.353031,-2503144.687345,-3920120.321604,4350019.227866,285.868930,-183.347224,-0.729165
1462168665.353031,-2477362.518765,-3936537.027272,4349953.462737,287.066051,-181.467152,-0.732304
1462168755.353031,-2451473.165309,-3952784.174183,4349887.416537,288.250808,-179.579265,-0.735411
1462168845.353031,-2425477.742072,-3968861.062546,4349821.092110,289.423149,-177.683642,-0.738487
1462168935.353031,-2399377.368718,-3984766.999906,4349754.492312,290.583024,-175.780367,-0.741530
1462169025.353031,-2373173.169429,-4000501.301168,4349687.620013,291.730384,-173.869521,-0.744542
1462169115.353031,-2346866.272861,-4016063.288633,4349620.478093,292.865178,-171.951185,-0.747521
1462169205.353031,-2320457.812094,-4031452.292021,4349553.069442,293.987358,-170.025444,-0.750469
1462169295.353031,-2293948.924579,-4046667.648504,4349485.396966,295.096875,-168.092379,-0.753384
1462169385.353031,-2267340.752097,-4061708.702733,4349417.463577,296.193682,-166.152074,-0.756267
1462169475.353031,-2240634.440701,-4076574.806867,4349349.272203,297.277732,-164.204613,-0.759117
1462169565.353031,-2213831.140675,-4091265.320599,4349280.825779,298.348978,-162.250079,-0.761934
1462169655.353031,-2186932.006477,-4105779.611186,4349212.127255,299.407373,-160.288557,-0.764719
1462169745.353031,-2159938.196695,-4120117.053475,4349143.179589,300.452872,-158.320131,-0.767470
1462169835.353031,-2132850.873994,-4134277.029931,4349073.985750,301.485430,-156.344886,-0.770189
1462169925.353031,-2105671.205068,-4148258.930661,4349004.548720,302.505003,-154.362907,-0.772874
1462170015.353031,-2078400.360585,-4162062.153443,4348934.871487,303.511546,-152.374279,-0.775527
1462170105.353031,-2051039.515145,-4175686.103751,4348864.957055,304.505017,-150.379089,-0.778145
1462170195.353031,-2023589.847220,-4189130.194780,4348794.808433,305.485372,-148.377421,-0.780730
1462170285.353031,-1996052.539111,-4202393.847473,4348724.428643,306.452570,-146.369362,-0.783282
1462170375.353031,-1968428.776891,-4215476.490543,4348653.820716,307.406568,-144.354999,-0.785800
1462170465.353031,-1940719.750360,-4228377.560501,4348582.987694,308.347325,-142.334419,-0.788284
1462170555.353031,-1912926.652987,-4241096.501677,4348511.932628,309.274802,-140.307708,-0.790734
1462170645.353031,-1885050.681864,-4253632.766247,4348440.658576,310.188958,-138.274953,-0.793150
1462170735.353031,-1857093.037653,-4265985.814255,4348369.168611,311.089753,-136.236243,-0.795532
1462170825.353031,-1829054.924532,-4278155.113635,4348297.465810,311.977149,-134.191665,-0.797879
1462170915.353031,-1800937.550147,-4290140.140238,4348225.553261,312.851108,-132.141307,-0.800193
1462171005.353031,-1772742.125555,-4301940.377849,4348153.434063,313.711592,-130.085258,-0.802471
1462171095.353031,-1744469.865179,-4313555.318215,4348081.111322,314.558564,-128.023605,-0.804715
1462171185.353031,-1716121.986747,-4324984.461060,4348008.588151,315.391987,-125.956439,-0.806925
1462171275.353031,-1687699.711246,-4336227.314116,4347935.867676,316.211826,-123.883847,-0.809100
1462171365.353031,-1659204.262869,-4347283.393134,4347862.953027,317.018045,-121.805919,-0.811240
1462171455.353031,-1630636.868958,-4358152.221911,4347789.847347,317.810610,-119.722746,-0.813345
1462171545.353031,-1601998.759954,-4368833.332312,4347716.553782,318.589486,-117.634415,-0.815415
1462171635.353031,-1573291.169346,-4379326.264284,4347643.075490,319.354640,-115.541018,-0.817449
1462171725.353031,-1544515.333613,-4389630.565879,4347569.415637,320.106039,-113.442644,-0.819449
1462171815.353031,-1515672.492177,-4399745.793276,4347495.577393,320.843651,-111.339384,-0.821413
1462171905.353031,-1486763.887341,-4409671.510796,4347421.563941,321.567443,-109.231328,-0.823342
1462171995.353031,-1457790.764245,-4419407.290923,4347347.378466,322.277385,-107.118568,-0.825236
1462172085.353031,-1428754.370806,-4428952.714323,4347273.024166,322.973445,-105.001194,-0.827094
1462172175.353031,-1399655.957666,-4438307.369858,4347198.504241,323.655595,-102.879297,-0.828916
1462172265.353031,-1370496.778139,-4447470.854609,4347123.821903,324.323805,-100.752970,-0.830703
1462172355.353031,-1341278.088156,-4456442.773891,4347048.980367,324.978045,-98.622302,-0.832453
1462172445.353031,-1312001.146211,-4465222.741270,4346973.982856,325.618288,-96.487387,-0.834168
1462172535.353031,-1282667.213307,-4473810.378578,4346898.832602,326.244506,-94.348316,-0.835847
1462172625.353031,-1253277.552903,-4482205.315933,4346823.532841,326.856673,-92.205181,-0.837490
1462172715.353031,-1223833.430855,-4490407.191751,4346748.086816,327.454761,-90.058075,-0.839097
1462172805.353031,-1194336.115368,-4498415.652766,4346672.497776,328.038745,-87.907090,-0.840668
1462172895.353031,-1164786.876938,-4506230.354040,4346596.768978,328.608600,-85.752319,-0.842203
1462172985.353031,-1135186.988294,-4513850.958982,4346520.903683,329.164301,-83.593854,-0.843701
1462173075.353031,-1105537.724352,-4521277.139360,4346444.905158,329.705825,-81.431788,-0.845163
1462173165.353031,-1075840.362149,-4528508.575319,4346368.776678,330.233147,-79.266215,-0.846589
1462173255.353031,-1046096.180797,-4535544.955388,4346292.521520,330.746246,-77.097228,-0.847978
1462173345.353031,-1016306.461425,-4542385.976500,4346216.142969,331.245100,-74.924921,-0.849331
1462173435.353031,-986472.487122,-4549031.344001,4346139.644316,331.729686,-72.749386,-0.850647
1462173525.353031,-956595.542882,-4555480.771665,4346063.028854,332.199984,-70.570718,-0.851926
1462173615.353031,-926676.915553,-4561733.981706,4345986.299884,332.655973,-68.389010,-0.853169
1462173705.353031,-896717.893775,-4567790.704787,4345909.460710,333.097635,-66.204357,-0.854375
1462173795.353031,-866719.767930,-4573650.680037,4345832.514642,333.524950,-64.016852,-0.855544
1462173885.353031,-836683.830085,-4579313.655057,4345755.464995,333.937899,-61.826590,-0.856676
1462173975.353031,-806611.373932,-4584779.385934,4345678.315086,334.336465,-59.633664,-0.857772
1462174065.353031,-776503.694740,-4590047.637250,4345601.068239,334.720630,-57.438171,-0.858830
1462174155.353031,-746362.089292,-4595118.182094,4345523.727781,335.090379,-55.240203,-0.859852
1462174245.353031,-716187.855834,-4599990.802069,4345446.297042,335.445694,-53.039856,-0.860836
1462174335.353031,-685982.294018,-4604665.287305,4345368.779359,335.786562,-50.837224,-0.861783
1462174425.353031,-655746.704842,-4609141.436464,4345291.178069,336.112967,-48.632403,-0.862694
1462174515.353031,-625482.390602,-4613419.056750,4345213.496516,336.424894,-46.425488,-0.863567
1462174605.353031,-595190.654827,-4617497.963922,4345135.738044,336.722332,-44.216572,-0.864403
1462174695.353031,-564872.802230,-4621377.982293,4345057.906004,337.005266,-42.005752,-0.865201
1462174785.353031,-534530.138648,-4625058.944745,4344980.003747,337.273685,-39.793123,-0.865963
1462174875.353031,-504163.970985,-4628540.692733,4344902.034628,337.527577,-37.578780,-0.866687
1462174965.353031,-473775.607160,-4631823.076294,4344824.002007,337.766931,-35.362819,-0.867374
1462175055.353031,-443366.356047,-4634905.954049,4344745.909244,337.991738,-33.145334,-0.868023
1462175145.353031,-412937.527418,-4637789.193215,4344667.759702,338.201986,-30.926421,-0.868635
1462175235.353031,-382490.431892,-4640472.669606,4344589.556747,338.397667,-28.706177,-0.869210
1462175325.353031,-352026.380870,-4642956.267640,4344511.303748,338.578773,-26.484696,-0.869747
1462175415.353031,-321546.686488,-4645239.880346,4344433.004076,338.745296,-24.262074,-0.870247
1462175505.353031,-291052.661552,-4647323.409363,4344354.661102,338.897229,-22.038408,-0.870709
1462175595.353031,-260545.619488,-4649206.764952,4344276.278201,339.034565,-19.813792,-0.871134
1462175685.353031,-230026.874280,-4650889.865993,4344197.858749,339.157298,-17.588323,-0.871521
1462175775.353031,-199497.740419,-4652372.639993,4344119.406124,339.265423,-15.362096,-0.871871
1462175865.353031,-168959.532842,-4653655.023086,4344040.923704,339.358935,-13.135207,-0.872183
1462175955.353031,-138413.566876,-4654736.960037,4343962.414871,339.437831,-10.907753,-0.872457
1462176045.353031,-107861.158182,-4655618.404248,4343883.883005,339.502106,-8.679829,-0.872694
1462176135.353031,-77303.622702,-4656299.317751,4343805.331490,339.551759,-6.451531,-0.872894
1462176225.353031,-46742.276595,-4656779.671219,4343726.763707,339.586787,-4.222956,-0.873055
1462176315.353031,-16178.436186,-4657059.443963,4343648.183042,339.607188,-1.994198,-0.873180
1462176405.353031,14386.582095,-4657138.623932,4343569.592879,339.612961,0.234646,-0.873266
1462176495.353031,44951.461762,-4657017.207716,4343490.996603,339.604107,2.463479,-0.873315
1462176585.353031,75514.886342,-4656695.200544,4343412.397599,339.580626,4.692206,-0.873326
1462176675.353031,106075.539419,-4656172.616286,4343333.799253,339.542519,6.920732,-0.873300
1462176765.353031,136632.104698,-4655449.477450,4343255.204950,339.489787,9.148959,-0.873236
1462176855.353031,167183.266062,-4654525.815183,4343176.618074,339.422432,11.376792,-0.873135
1462176945.353031,197727.707624,-4653401.669269,4343098.042012,339.340458,13.604135,-0.872996
1462177035.353031,228264.113788,-4652077.088126,4343019.480147,339.243868,15.830892,-0.872819
1462177125.353031,258791.169304,-4650552.128806,4342940.935863,339.132667,18.056967,-0.872605
1462177215.353031,289307.559325,-4648826.856991,4342862.412543,339.006858,20.282265,-0.872353
1462177305.353031,319811.969461,-4646901.346992,4342783.913570,338.866448,22.506689,-0.872063
1462177395.353031,350303.085843,-4644775.681743,4342705.442324,338.711443,24.730143,-0.871736
1462177485.353031,380779.595168,-4642449.952799,4342627.002185,338.541848,26.952533,-0.871372
1462177575.353031,411240.184768,-4639924.260334,4342548.596532,338.357672,29.173761,-0.870970
1462177665.353031,441683.542657,-4637198.713134,4342470.228741,338.158923,31.393733,-0.870530
1462177755.353031,472108.357593,-4634273.428591,4342391.902189,337.945608,33.612353,-0.870053
1462177845.353031,502513.319132,-4631148.532702,4342313.620249,337.717738,35.829525,-0.869539
1462177935.353031,532897.117686,-4627824.160061,4342235.386292,337.475321,38.045154,-0.868987
1462178025.353031,563258.444577,-4624300.453854,4342157.203688,337.218369,40.259144,-0.868397
1462178115.353031,593595.992096,-4620577.565853,4342079.075806,336.946893,42.471400,-0.867770
1462178205.353031,623908.453558,-4616655.656408,4342001.006009,336.660903,44.681827,-0.867106
1462178295.353031,654194.523358,-4612534.894442,4341922.997660,336.360413,46.890329,-0.866404
1462178385.353031,684452.897028,-4608215.457442,4341845.054120,336.045436,49.096812,-0.865666
1462178475.353031,714682.271294,-4603697.531454,4341767.178745,335.715984,51.301180,-0.864889
1462178565.353031,744881.344129,-4598981.311070,4341689.374891,335.372073,53.503338,-0.864076
1462178655.353031,775048.814813,-4594066.999428,4341611.645907,335.013717,55.703192,-0.863225
1462178745.353031,805183.383986,-4588954.808192,4341533.995142,334.640931,57.900646,-0.862337
1462178835.353031,835283.753706,-4583644.957553,4341456.425940,334.253732,60.095607,-0.861412
1462178925.353031,865348.627503,-4578137.676216,4341378.941643,333.852136,62.287980,-0.860450
1462179015.353031,895376.710436,-4572433.201386,4341301.545587,333.436160,64.477669,-0.859451
1462179105.353031,925366.709150,-4566531.778764,4341224.241107,333.005823,66.664581,-0.858415
1462179195.353031,955317.331929,-4560433.662535,4341147.031532,332.561142,68.848622,-0.857342
1462179285.353031,985227.288753,-4554139.115352,4341069.920188,332.102138,71.029698,-0.856232
1462179375.353031,1015095.291355,-4547648.408333,4340992.910395,331.628830,73.207714,-0.855085
1462179465.353031,1044920.053272,-4540961.821041,4340916.005472,331.141237,75.382577,-0.853901
1462179555.353031,1074700.289907,-4534079.641479,4340839.208730,330.639382,77.554194,-0.852681
1462179645.353031,1104434.718579,-4527002.166073,4340762.523476,330.123286,79.722469,-0.851423
1462179735.353031,1134122.058579,-4519729.699659,4340685.953015,329.592971,81.887312,-0.850129
1462179825.353031,1163761.031229,-4512262.555476,4340609.500645,329.048460,84.048627,-0.848799
1462179915.353031,1193350.359931,-4504601.055144,4340533.169657,328.489776,86.206322,-0.847432
1462180005.353031,1222888.770228,-4496745.528656,4340456.963340,327.916944,88.360303,-0.846028
1462180095.353031,1252374.989855,-4488696.314362,4340380.884976,327.329988,90.510480,-0.844588
1462180185.353031,1281807.748794,-4480453.758954,4340304.937842,326.728933,92.656757,-0.843112
1462180275.353031,1311185.779331,-4472018.217450,4340229.125209,326.113806,94.799044,-0.841599
1462180365.353031,1340507.816109,-4463390.053185,4340153.450343,325.484632,96.937248,-0.840050
1462180455.353031,1369772.596183,-4454569.637784,4340077.916503,324.841439,99.071276,-0.838465
1462180545.353031,1398978.859072,-4445557.351159,4340002.526943,324.184255,101.201037,-0.836843
1462180635.353031,1428125.346819,-4436353.581481,4339927.284909,323.513107,103.326440,-0.835186
1462180725.353031,1457210.804038,-4426958.725172,4339852.193643,322.828026,105.447392,-0.833493
1462180815.353031,1486233.977975,-4417373.186881,4339777.256378,322.129039,107.563802,-0.831764
1462180905.353031,1515193.618556,-4407597.379475,4339702.476343,321.416178,109.675579,-0.829999
1462180995.353031,1544088.478445,-4397631.724010,4339627.856759,320.689473,111.782633,-0.828198
1462181085.353031,1572917.313095,-4387476.649725,4339553.400839,319.948956,113.884871,-0.826361
1462181175.353031,1601678.880804,-4377132.594013,4339479.111790,319.194658,115.982205,-0.824489
1462181265.353031,1630371.942767,-4366600.002409,4339404.992813,318.426612,118.074543,-0.822582
1462181355.353031,1658995.263129,-4355879.328568,4339331.047099,317.644850,120.161795,-0.820639
1462181445.353031,1687547.609039,-4344971.034246,4339257.277834,316.849407,122.243872,-0.818660
1462181535.353031,1716027.750705,-4333875.589280,4339183.688196,316.040317,124.320683,-0.816647
1462181625.353031,1744434.461441,-4322593.471568,4339110.281353,315.217615,126.392140,-0.814598
1462181715.353031,1772766.517728,-4311125.167049,4339037.060467,314.381335,128.458153,-0.812514
1462181805.353031,1801022.699259,-4299471.169680,4338964.028693,313.531515,130.518633,-0.810395
1462181895.353031,1829201.788997,-4287631.981416,4338891.189176,312.668190,132.573491,-0.808241
1462181985.353031,1857302.573226,-4275608.112191,4338818.545054,311.791399,134.622640,-0.806053
1462182075.353031,1885323.841600,-4263400.079890,4338746.099454,310.901178,136.665990,-0.803830
1462182165.353031,1913264.387201,-4251008.410333,4338673.855499,309.997566,138.703453,-0.801572
1462182255.353031,1941123.006587,-4238433.637248,4338601.816299,309.080602,140.734942,-0.799279
1462182345.353031,1968898.499842,-4225676.302250,4338529.984957,308.150325,142.760370,-0.796952
1462182435.353031,1996589.670635,-4212736.954816,4338458.364568,307.206776,144.779649,-0.794591
1462182525.353031,2024195.326262,-4199616.152266,4338386.958215,306.249995,146.792691,-0.792196
1462182615.353031,2051714.277707,-4186314.459731,4338315.768976,305.280023,148.799412,-0.789766
1462182705.353031,2079145.339685,-4172832.450137,4338244.799916,304.296903,150.799723,-0.787302
1462182795.353031,2106487.330698,-4159170.704175,4338174.054091,303.300676,152.793539,-0.784805
1462182885.353031,2133739.073084,-4145329.810276,4338103.534550,302.291385,154.780774,-0.782274
1462182975.353031,2160899.393069,-4131310.364591,4338033.244329,301.269074,156.761342,-0.779709
1462183065.353031,2187967.120815,-4117112.970958,4337963.186456,300.233787,158.735158,-0.777110
1462183155.353031,2214941.090474,-4102738.240880,4337893.363949,299.185568,160.702138,-0.774478
1462183245.353031,2241820.140235,-4088186.793501,4337823.779815,298.124464,162.662195,-0.771813
1462183335.353031,2268603.112375,-4073459.255572,4337754.437052,297.050518,164.615247,-0.769114
1462183425.353031,2295288.853311,-4058556.261433,4337685.338645,295.963778,166.561208,-0.766382
1462183515.353031,2321876.213647,-4043478.452977,4337616.487572,294.864290,168.499996,-0.763618
1462183605.353031,2348364.048224,-4028226.479630,4337547.886798,293.752102,170.431525,-0.760820
1462183695.353031,2374751.216170,-4012800.998318,4337479.539277,292.627262,172.355714,-0.757989
1462183785.353031,2401036.580948,-3997202.673440,4337411.447954,291.489818,174.272480,-0.755126
1462183875.353031,2427219.010408,-3981432.176840,4337343.615761,290.339819,176.181739,-0.752231
1462183965.353031,2453297.376832,-3965490.187777,4337276.045621,289.177314,178.083410,-0.749303
1462184055.353031,2479270.556983,-3949377.392899,4337208.740443,288.002354,179.977410,-0.746342
1462184145.353031,2505137.432159,-3933094.486208,4337141.703127,286.814990,181.863659,-0.743350
1462184235.353031,2530896.888231,-3916642.169033,4337074.936560,285.615272,183.742074,-0.740326
1462184325.353031,2556547.815700,-3900021.150003,4337008.443618,284.403252,185.612575,-0.737269
1462184415.353031,2582089.109741,-3883232.145009,4336942.227165,283.178982,187.475082,-0.734181
1462184505.353031,2607519.670252,-3866275.877181,4336876.290053,281.942515,189.329514,-0.731061
1462184595.353031,2632838.401898,-3849153.076850,4336810.635123,280.693905,191.175791,-0.727910
1462184685.353031,2658044.214162,-3831864.481523,4336745.265201,279.433205,193.013834,-0.724728
1462184775.353031,2683136.021392,-3814410.835847,4336680.183104,278.160469,194.843563,-0.721514
1462184865.353031,2708112.742845,-3796792.891575,4336615.391635,276.875752,196.664901,-0.718269
1462184955.353031,2732973.302733,-3779011.407542,4336550.893586,275.579110,198.477767,-0.714993
1462185045.353031,2757716.630276,-3761067.149623,4336486.691733,274.270598,200.282085,-0.711687
1462185135.353031,2782341.659739,-3742960.890704,4336422.788842,272.950273,202.077776,-0.708349
1462185225.353031,2806847.330484,-3724693.410651,4336359.187666,271.618192,203.864764,-0.704982
1462185315.353031,2831232.587014,-3706265.496272,4336295.890945,270.274412,205.642971,-0.701584
1462185405.353031,2855496.379018,-3687677.941285,4336232.901404,268.918990,207.412320,-0.698155
1462185495.353031,2879637.661418,-3668931.546287,4336170.221757,267.551986,209.172736,-0.694697
1462185585.353031,2903655.394410,-3650027.118712,4336107.854703,266.173457,210.924143,-0.691209
1462185675.353031,2927548.543515,-3630965.472805,4336045.802930,264.783465,212.666464,-0.687690
1462185765.353031,2951316.079617,-3611747.429579,4335984.069109,263.382067,214.399626,-0.684143
1462185855.353031,2974956.979012,-3592373.816786,4335922.655900,261.969326,216.123554,-0.680565
1462185945.353031,2998470.223449,-3572845.468876,4335861.565948,260.545301,217.838172,-0.676959
1462186035.353031,3021854.800177,-3553163.226967,4335800.801884,259.110054,219.543408,-0.673323
1462186125.353031,3045109.701986,-3533327.938802,4335740.366326,257.663646,221.239188,-0.669659
1462186215.353031,3068233.927252,-3513340.458719,4335680.261877,256.206141,222.925438,-0.665965
1462186305.353031,3091226.479978,-3493201.647609,4335620.491126,254.737600,224.602087,-0.662243
1462186395.353031,3114086.369839,-3472912.372882,4335561.056647,253.258088,226.269062,-0.658492
1462186485.353031,3136812.612225,-3452473.508428,4335501.961000,251.767667,227.926292,-0.654713
1462186575.353031,3159404.228281,-3431885.934582,4335443.206731,250.266402,229.573704,-0.650906
1462186665.353031,3181860.244952,-3411150.538081,4335384.796370,248.754358,231.211228,-0.647071
1462186755.353031,3204179.695021,-3390268.212031,4335326.732433,247.231600,232.838793,-0.643207
1462186845.353031,3226361.617157,-3369239.855866,4335269.017422,245.698193,234.456330,-0.639316
1462186935.353031,3248405.055949,-3348066.375311,4335211.653823,244.154203,236.063768,-0.635398
1462187025.353031,3270309.061952,-3326748.682340,4335154.644105,242.599698,237.661039,-0.631452
1462187115.353031,3292072.691727,-3305287.695139,4335097.990725,241.034743,239.248073,-0.627479
1462187205.353031,3313695.007881,-3283684.338066,4335041.696124,239.459406,240.824802,-0.623479
1462187295.353031,3335175.079107,-3261939.541610,4334985.762725,237.873756,242.391159,-0.619452
1462187385.353031,3356511.980225,-3240054.242355,4334930.192939,236.277860,243.947075,-0.615399
1462187475.353031,3377704.792222,-3218029.382933,4334874.989158,234.671787,245.492485,-0.611319
1462187565.353031,3398752.602291,-3195865.911990,4334820.153760,233.055606,247.027320,-0.607212
1462187655.353031,3419654.503869,-3173564.784141,4334765.689108,231.429387,248.551516,-0.603080
1462187745.353031,3440409.596681,-3151126.959929,4334711.597548,229.793201,250.065006,-0.598921
1462187835.353031,3461016.986772,-3128553.405787,4334657.881409,228.147117,251.567726,-0.594737
1462187925.353031,3481475.786549,-3105845.093993,4334604.543005,226.491206,253.059610,-0.590527
1462188015.353031,3501785.114821,-3083003.002628,4334551.584634,224.825539,254.540595,-0.586291
1462188105.353031,3521944.096834,-3060028.115537,4334499.008576,223.150190,256.010616,-0.582031
1462188195.353031,3541951.864309,-3036921.422284,4334446.817097,221.465228,257.469610,-0.577745
1462188285.353031,3561807.555480,-3013683.918110,4334395.012444,219.770728,258.917515,-0.573434
1462188375.353031,3581510.315132,-2990316.603890,4334343.596849,218.066762,260.354267,-0.569099
1462188465.353031,3601059.294638,-2966820.486091,4334292.572527,216.353404,261.779806,-0.564739
1462188555.353031,3620453.651991,-2943196.576726,4334241.941675,214.630727,263.194070,-0.560355
1462188645.353031,3639692.551848,-2919445.893315,4334191.706474,212.898805,264.596997,-0.555947
1462188735.353031,3658775.165559,-2895569.458836,4334141.869089,211.157714,265.988528,-0.551515
1462188825.353031,3677700.671206,-2871568.301684,4334092.431665,209.407528,267.368602,-0.547059
1462188915.353031,3696468.253639,-2847443.455626,4334043.396332,207.648322,268.737160,-0.542579
1462189005.353031,3715077.104509,-2823195.959757,4333994.765203,205.880172,270.094144,-0.538076
1462189095.353031,3733526.422304,-2798826.858453,4333946.540372,204.103155,271.439493,-0.533550
1462189185.353031,3751815.412384,-2774337.201330,4333898.723916,202.317347,272.773152,-0.529001
1462189275.353031,3769943.287012,-2749728.043195,4333851.317896,200.522825,274.095062,-0.524429
1462189365.353031,3787909.265395,-2725000.444002,4333804.324352,198.719665,275.405166,-0.519835
1462189455.353031,3805712.573708,-2700155.468808,4333757.745309,196.907947,276.703408,-0.515218
1462189545.353031,3823352.445137,-2675194.187725,4333711.582774,195.087748,277.989732,-0.510579
1462189635.353031,3840828.119905,-2650117.675873,4333665.838736,193.259146,279.264083,-0.505918
1462189725.353031,3858138.845307,-2624927.013336,4333620.515163,191.422219,280.526405,-0.501235
1462189815.353031,3875283.875744,-2599623.285115,4333575.614009,189.577048,281.776644,-0.496531
1462189905.353031,3892262.472752,-2574207.581082,4333531.137208,187.723712,283.014747,-0.491805
1462189995.353031,3909073.905038,-2548680.995929,4333487.086675,185.862290,284.240661,-0.487058
1462190085.353031,3925717.448508,-2523044.629127,4333443.464309,183.992863,285.454331,-0.482290
1462190175.353031,3942192.386297,-2497299.584874,4333400.271987,182.115511,286.655706,-0.477501
1462190265.353031,3958498.008805,-2471446.972047,4333357.511571,180.230315,287.844735,-0.472692
1462190355.353031,3974633.613724,-2445487.904160,4333315.184903,178.337356,289.021366,-0.467862
1462190445.353031,3990598.506068,-2419423.499310,4333273.293805,176.436715,290.185548,-0.463012
1462190535.353031,4006391.998204,-2393254.880131,4333231.840082,174.528476,291.337232,-0.458143
1462190625.353031,4022013.409883,-2366983.173746,4333190.825520,172.612719,292.476367,-0.453253
1462190715.353031,4037462.068266,-2340609.511718,4333150.251885,170.689527,293.602904,-0.448344
1462190805.353031,4052737.307956,-2314135.030001,4333110.120925,168.758984,294.716796,-0.443416
1462190895.353031,4067838.471025,-2287560.868894,4333070.434369,166.821172,295.817994,-0.438468
1462190985.353031,4082764.907041,-2260888.172984,4333031.193926,164.876175,296.906450,-0.433502
1462191075.353031,4097515.973101,-2234118.091108,4332992.401287,162.924076,297.982119,-0.428517
1462191165.353031,4112091.033853,-2207251.776294,4332954.058122,160.964960,299.044953,-0.423513
1462191255.353031,4126489.461527,-2180290.385715,4332916.166084,158.998910,300.094906,-0.418492
1462191345.353031,4140710.635960,-2153235.080641,4332878.726804,157.026013,301.131934,-0.413452
1462191435.353031,4154753.944625,-2126087.026386,4332841.741894,155.046352,302.155991,-0.408395
1462191525.353031,4168618.782654,-2098847.392258,4332805.212950,153.060013,303.167035,-0.403319
1462191615.353031,4182304.552867,-2071517.351511,4332769.141542,151.067081,304.165020,-0.398227
1462191705.353031,4195810.665798,-2044098.081291,4332733.529226,149.067643,305.149905,-0.393117
1462191795.353031,4209136.539717,-2016590.762589,4332698.377536,147.061784,306.121646,-0.387991
1462191885.353031,4222281.600658,-1988996.580188,4332663.687986,145.049591,307.080202,-0.382847
1462191975.353031,4235245.282443,-1961316.722613,4332629.462069,143.031151,308.025532,-0.377688
1462192065.353031,4248027.026707,-1933552.382077,4332595.701261,141.006550,308.957595,-0.372512
1462192155.353031,4260626.282919,-1905704.754433,4332562.407015,138.975876,309.876350,-0.367319
1462192245.353031,4273042.508410,-1877775.039123,4332529.580766,136.939215,310.781759,-0.362111
1462192335.353031,4285275.168395,-1849764.439122,4332497.223927,134.896657,311.673781,-0.356888
1462192425.353031,4297323.735995,-1821674.160890,4332465.337894,132.848288,312.552380,-0.351649
1462192515.353031,4309187.692257,-1793505.414319,4332433.924038,130.794197,313.417516,-0.346395
1462192605.353031,4320866.526184,-1765259.412680,4332402.983714,128.734473,314.269153,-0.341126
1462192695.353031,4332359.734751,-1736937.372573,4332372.518253,126.669204,315.107253,-0.335842
1462192785.353031,4343666.822926,-1708540.513872,4332342.528969,124.598479,315.931782,-0.330544
1462192875.353031,4354787.303697,-1680070.059673,4332313.017154,122.522388,316.742703,-0.325232
1462192965.353031,4365720.698087,-1651527.236243,4332283.984077,120.441019,317.539981,-0.319906
1462193055.353031,4376466.535177,-1622913.272965,4332255.430991,118.354463,318.323583,-0.314565
1462193145.353031,4387024.352129,-1594229.402288,4332227.359125,116.262809,319.093474,-0.309212
1462193235.353031,4397393.694200,-1565476.859669,4332199.769689,114.166147,319.849621,-0.303845
1462193325.353031,4407574.114768,-1536656.883526,4332172.663870,112.064568,320.591991,-0.298464
1462193415.353031,4417565.175345,-1507770.715180,4332146.042837,109.958162,321.320553,-0.293072
1462193505.353031,4427366.445602,-1478819.598803,4332119.907736,107.847021,322.035275,-0.287666
1462193595.353031,4436977.503382,-1449804.781363,4332094.259693,105.731234,322.736127,-0.282248
1462193685.353031,4446397.934722,-1420727.512574,4332069.099813,103.610893,323.423078,-0.276818
1462193775.353031,4455627.333871,-1391589.044840,4332044.429180,101.486089,324.096099,-0.271376
1462193865.353031,4464665.303302,-1362390.633199,4332020.248857,99.356914,324.755160,-0.265922
1462193955.353031,4473511.453739,-1333133.535271,4331996.559884,97.223460,325.400234,-0.260457
1462194045.353031,4482165.404162,-1303819.011206,4331973.363283,95.085818,326.031292,-0.254980
1462194135.353031,4490626.781833,-1274448.323626,4331950.660054,92.944081,326.648308,-0.249493
1462194225.353031,4498895.222307,-1245022.737571,4331928.451173,90.798340,327.251254,-0.243995
1462194315.353031,4506970.369451,-1215543.520446,4331906.737597,88.648689,327.840105,-0.238486
1462194405.353031,4514851.875454,-1186011.941969,4331885.520263,86.495219,328.414835,-0.232967
1462194495.353031,4522539.400849,-1156429.274108,4331864.800084,84.338024,328.975420,-0.227438
1462194585.353031,4530032.614521,-1126796.791037,4331844.577952,82.177197,329.521836,-0.221899
1462194675.353031,4537331.193727,-1097115.769071,4331824.854739,80.012829,330.054059,-0.216351
1462194765.353031,4544434.824105,-1067387.486618,4331805.631295,77.845016,330.572065,-0.210793
1462194855.353031,4551343.199692,-1037613.224122,4331786.908447,75.673850,331.075834,-0.205226
1462194945.353031,4558056.022932,-1007794.264005,4331768.687003,73.499424,331.565342,-0.199651
1462195035.353031,4564573.004695,-977931.890618,4331750.967746,71.321832,332.040569,-0.194067
1462195125.353031,4570893.864283,-948027.390177,4331733.751442,69.141169,332.501495,-0.188474
1462195215.353031,4577018.329448,-918082.050718,4331717.038830,66.957527,332.948100,-0.182873
1462195305.353031,4582946.136400,-888097.162031,4331700.830632,64.771002,333.380364,-0.177265
1462195395.353031,4588677.029818,-858074.015613,4331685.127545,62.581687,333.798269,-0.171649
1462195485.353031,4594210.762865,-828013.904606,4331669.930246,60.389676,334.201796,-0.166025
1462195575.353031,4599547.097194,-797918.123747,4331655.239390,58.195064,334.590929,-0.160394
1462195665.353031,4604685.802961,-767787.969307,4331641.055610,55.997946,334.965651,-0.154757
1462195755.353031,4609626.658834,-737624.739039,4331627.379516,53.798416,335.325945,-0.149112
1462195845.353031,4614369.452002,-707429.732120,4331614.211698,51.596568,335.671796,-0.143462
1462195935.353031,4618913.978187,-677204.249095,4331601.552724,49.392499,336.003189,-0.137805
1462196025.353031,4623260.041649,-646949.591822,4331589.403138,47.186302,336.320110,-0.132142
1462196115.353031,4627407.455196,-616667.063418,4331577.763464,44.978072,336.622546,-0.126473
1462196205.353031,4631356.040192,-586357.968197,4331566.634204,42.767905,336.910482,-0.120799
1462196295.353031,4635105.626567,-556023.611619,4331556.015838,40.555896,337.183907,-0.115120
1462196385.353031,4638656.052819,-525665.300231,4331545.908821,38.342141,337.442809,-0.109436
1462196475.353031,4642007.166026,-495284.341613,4331536.313591,36.126733,337.687177,-0.103747
1462196565.353031,4645158.821851,-464882.044320,4331527.230561,33.909770,337.917000,-0.098054
1462196655.353031,4648110.884548,-434459.717827,4331518.660121,31.691346,338.132269,-0.092356
1462196745.353031,4650863.226966,-404018.672469,4331510.602642,29.471558,338.332974,-0.086655
1462196835.353031,4653415.730557,-373560.219390,4331503.058470,27.250500,338.519106,-0.080949
1462196925.353031,4655768.285382,-343085.670483,4331496.027931,25.028268,338.690657,-0.075241
1462197015.353031,4657920.790113,-312596.338333,4331489.511328,22.804958,338.847621,-0.069529
1462197105.353031,4659873.152037,-282093.536164,4331483.508941,20.580666,338.989990,-0.063813
1462197195.353031,4661625.287064,-251578.577777,4331478.021029,18.355487,339.117758,-0.058096
1462197285.353031,4663177.119727,-221052.777501,4331473.047828,16.129518,339.230920,-0.052375
1462197375.353031,4664528.583185,-190517.450128,4331468.589554,13.902854,339.329471,-0.046653
1462197465.353031,4665679.619230,-159973.910862,4331464.646398,11.675592,339.413406,-0.040928
1462197555.353031,4666630.178284,-129423.475260,4331461.218530,9.447826,339.482722,-0.035202
1462197645.353031,4667380.219406,-98867.459178,4331458.306098,7.219654,339.537416,-0.029474
1462197735.353031,4667929.710289,-68307.178710,4331455.909227,4.991170,339.577486,-0.023745
1462197825.353031,4668278.627268,-37743.950135,4331454.028022,2.762472,339.602929,-0.018015
1462197915.353031,4668426.955313,-7179.089859,4331452.662563,0.533654,339.613746,-0.012284
1462198005.353031,4668374.688036,23386.085644,4331451.812909,-1.695186,339.609934,-0.006553
1462198095.353031,4668121.827688,53950.259882,4331451.479097,-3.923954,339.591495,-0.000821
1462198185.353031,4667668.385160,84512.116410,4331451.661141,-6.152552,339.558430,0.004911
1462198275.353031,4667014.379983,115070.338882,4331452.359035,-8.380885,339.510739,0.010642
1462198365.353031,4666159.840326,145623.611107,4331453.572747,-10.608858,339.448425,0.016373
1462198455.353031,4665104.802995,176170.617109,4331455.302226,-12.836373,339.371490,0.022104
1462198545.353031,4663849.313433,206710.041181,4331457.547398,-15.063336,339.279938,0.027833
1462198635.353031,4662393.425716,237240.567942,4331460.308165,-17.289650,339.173773,0.033561
1462198725.353031,4660737.202550,267760.882396,4331463.584410,-19.515219,339.052999,0.039288
1462198815.353031,4658880.715273,298269.669985,4331467.375991,-21.739947,338.917621,0.045013
1462198905.353031,4656824.043845,328765.616648,4331471.682745,-23.963739,338.767646,0.050737
1462198995.353031,4654567.276852,359247.408878,4331476.504486,-26.186499,338.603079,0.056457
1462199085.353031,4652110.511495,389713.733777,4331481.841008,-28.408131,338.423929,0.062176
1462199175.353031,4649453.853592,420163.279113,4331487.692081,-30.628540,338.230201,0.067892
1462199265.353031,4646597.417568,450594.733376,4331494.057452,-32.847629,338.021906,0.073605
1462199355.353031,4643541.326456,481006.785838,4331500.936849,-35.065304,337.799052,0.079315
1462199445.353031,4640285.711885,511398.126604,4331508.329973,-37.281468,337.561648,0.085021
1462199535.353031,4636830.714080,541767.446671,4331516.236508,-39.496026,337.309705,0.090724
1462199625.353031,4633176.481854,572113.437986,4331524.656113,-41.708884,337.043233,0.096423
1462199715.353031,4629323.172600,602434.793501,4331533.588425,-43.919945,336.762244,0.102117
1462199805.353031,4625270.952285,632730.207227,4331543.033061,-46.129114,336.466751,0.107807
1462199895.353031,4621019.995446,662998.374294,4331552.989612,-48.336296,336.156765,0.113493
1462199985.353031,4616570.485178,693237.991005,4331563.457651,-50.541396,335.832301,0.119174
1462200075.353031,4611922.613128,723447.754893,4331574.436727,-52.744320,335.493372,0.124849
1462200165.353031,4607076.579487,753626.364777,4331585.926367,-54.944971,335.139992,0.130520
1462200255.353031,4602032.592982,783772.520817,4331597.926077,-57.143256,334.772178,0.136184
1462200345.353031,4596790.870864,813884.924572,4331610.435339,-59.339080,334.389944,0.141843
1462200435.353031,4591351.638904,843962.279054,4331623.453615,-61.532348,333.993308,0.147496
1462200525.353031,4585715.131377,874003.288784,4331636.980345,-63.722966,333.582286,0.153142
1462200615.353031,4579881.591057,904006.659850,4331651.014947,-65.910839,333.156896,0.158782
1462200705.353031,4573851.269203,933971.099960,4331665.556814,-68.095873,332.717156,0.164414
1462200795.353031,4567624.425551,963895.318499,4331680.605323,-70.277975,332.263086,0.170040
1462200885.353031,4561201.328300,993778.026585,4331696.159824,-72.457049,331.794705,0.175659
1462200975.353031,4554582.254104,1023617.937123,4331712.219648,-74.633002,331.312033,0.181269
1462201065.353031,4547767.488056,1053413.764862,4331728.784103,-76.805741,330.815091,0.186873
1462201155.353031,4540757.323678,1083164.226450,4331745.852477,-78.975172,330.303900,0.192468
1462201245.353031,4533552.062910,1112868.040487,4331763.424033,-81.141201,329.778483,0.198054
1462201335.353031,4526152.016094,1142523.927586,4331781.498015,-83.303735,329.238861,0.203633
1462201425.353031,4518557.501961,1172130.610420,4331800.073646,-85.462681,328.685058,0.209202
1462201515.353031,4510768.847618,1201686.813785,4331819.150124,-87.617946,328.117099,0.214762
1462201605.353031,4502786.388535,1231191.264648,4331838.726630,-89.769438,327.535007,0.220314
1462201695.353031,4494610.468529,1260642.692208,4331858.802318,-91.917063,326.938807,0.225855
1462201785.353031,4486241.439749,1290039.827945,4331879.376326,-94.060728,326.328526,0.231387
1462201875.353031,4477679.662663,1319381.405680,4331900.447767,-96.200343,325.704190,0.236909
1462201965.353031,4468925.506040,1348666.161625,4331922.015733,-98.335814,325.065824,0.242421
1462202055.353031,4459979.346935,1377892.834441,4331944.079297,-100.467049,324.413458,0.247922
1462202145.353031,4450841.570673,1407060.165289,4331966.637507,-102.593958,323.747119,0.253413
1462202235.353031,4441512.570833,1436166.897887,4331989.689392,-104.716447,323.066835,0.258893
1462202325.353031,4431992.749228,1465211.778564,4332013.233959,-106.834426,322.372636,0.264362
1462202415.353031,4422282.515892,1494193.556311,4332037.270196,-108.947804,321.664553,0.269819
1462202505.353031,4412382.289060,1523110.982838,4332061.797065,-111.056489,320.942614,0.275264
1462202595.353031,4402292.495151,1551962.812627,4332086.813512,-113.160390,320.206853,0.280698
1462202685.353031,4392013.568748,1580747.802985,4332112.318459,-115.259418,319.457299,0.286120
1462202775.353031,4381545.952579,1609464.714097,4332138.310807,-117.353481,318.693986,0.291529
1462202865.353031,4370890.097502,1638112.309083,4332164.789437,-119.442490,317.916946,0.296926
1462202955.353031,4360046.462480,1666689.354045,4332191.753209,-121.526354,317.126213,0.302310
1462203045.353031,4349015.514566,1695194.618126,4332219.200962,-123.604983,316.321821,0.307681
1462203135.353031,4337797.728881,1723626.873560,4332247.131513,-125.678289,315.503805,0.313039
1462203225.353031,4326393.588590,1751984.895726,4332275.543660,-127.746182,314.672199,0.318383
1462203315.353031,4314803.584890,1780267.463200,4332304.436179,-129.808573,313.827040,0.323714
1462203405.353031,4303028.216978,1808473.357808,4332333.807826,-131.865372,312.968364,0.329030
1462203495.353031,4291067.992039,1836601.364678,4332363.657336,-133.916492,312.096207,0.334333
1462203585.353031,4278923.425218,1864650.272294,4332393.983422,-135.961844,311.210609,0.339621
1462203675.353031,4266595.039601,1892618.872546,4332424.784781,-138.001339,310.311606,0.344894
1462203765.353031,4254083.366189,1920505.960782,4332456.060084,-140.034891,309.399237,0.350153
1462203855.353031,4241388.943881,1948310.335863,4332487.807985,-142.062411,308.473542,0.355396
1462203945.353031,4228512.319445,1976030.800211,4332520.027117,-144.083813,307.534561,0.360624
1462204035.353031,4215454.047497,2003666.159862,4332552.716091,-146.099008,306.582333,0.365837
1462204125.353031,4202214.690477,2031215.224520,4332585.873501,-148.107911,305.616901,0.371034
1462204215.353031,4188794.818625,2058676.807603,4332619.497918,-150.110434,304.638305,0.376215
1462204305.353031,4175195.009956,2086049.726298,4332653.587895,-152.106492,303.646588,0.381380
1462204395.353031,4161415.850234,2113332.801611,4332688.141962,-154.095999,302.641793,0.386528
1462204485.353031,4147457.932950,2140524.858418,4332723.158632,-156.078869,301.623962,0.391660
1462204575.353031,4133321.859292,2167624.725515,4332758.636397,-158.055015,300.593140,0.396774
1462204665.353031,4119008.238124,2194631.235669,4332794.573729,-160.024355,299.549371,0.401872
1462204755.353031,4104517.685955,2221543.225667,4332830.969080,-161.986801,298.492700,0.406952
1462204845.353031,4089850.826916,2248359.536369,4332867.820883,-163.942271,297.423172,0.412015
1462204935.353031,4075008.292731,2275079.012753,4332905.127550,-165.890679,296.340834,0.417060
1462205025.353031,4059990.722691,2301700.503972,4332942.887475,-167.831943,295.245732,0.422087
1462205115.353031,4044798.763627,2328222.863396,4332981.099032,-169.765977,294.137913,0.427096
1462205205.353031,4029433.069879,2354644.948666,4333019.760575,-171.692700,293.017425,0.432087
1462205295.353031,4013894.303272,2380965.621742,4333058.870439,-173.612027,291.884317,0.437059
1462205385.353031,3998183.133085,2407183.748952,4333098.426939,-175.523876,290.738636,0.442012
1462205475.353031,3982300.236022,2433298.201041,4333138.428372,-177.428166,289.580433,0.446946
1462205565.353031,3966246.296185,2459307.853217,4333178.873015,-179.324813,288.409758,0.451861
1462205655.353031,3950022.005041,2485211.585207,4333219.759127,-181.213737,287.226660,0.456756
1462205745.353031,3933628.061397,2511008.281295,4333261.084946,-183.094855,286.031191,0.461632
1462205835.353031,3917065.171363,2536696.830378,4333302.848692,-184.968088,284.823402,0.466488
1462205925.353031,3900334.048331,2562276.126011,4333345.048568,-186.833353,283.603345,0.471324
1462206015.353031,3883435.412936,2587745.066453,4333387.682755,-188.690571,282.371073,0.476139
1462206105.353031,3866369.993027,2613102.554718,4333430.749417,-190.539662,281.126639,0.480934
1462206195.353031,3849138.523639,2638347.498619,4333474.246700,-192.380546,279.870096,0.485708
1462206285.353031,3831741.746959,2663478.810819,4333518.172730,-194.213145,278.601499,0.490462
1462206375.353031,3814180.412292,2688495.408871,4333562.525615,-196.037378,277.320902,0.495194
1462206465.353031,3796455.276033,2713396.215273,4333607.303445,-197.853167,276.028360,0.499905
1462206555.353031,3778567.101630,2738180.157508,4333652.504292,-199.660434,274.723930,0.504594
1462206645.353031,3760516.659555,2762846.168094,4333698.126208,-201.459102,273.407666,0.509262
1462206735.353031,3742304.727270,2787393.184626,4333744.167230,-203.249093,272.079627,0.513907
1462206825.353031,3723932.089189,2811820.149828,4333790.625374,-205.030329,270.739869,0.518531
1462206915.353031,3705399.536650,2836126.011592,4333837.498639,-206.802735,269.388449,0.523132
1462207005.353031,3686707.867881,2860309.723027,4333884.785006,-208.566233,268.025427,0.527711
1462207095.353031,3667857.887960,2884370.242502,4333932.482439,-210.320748,266.650860,0.532267
1462207185.353031,3648850.408785,2908306.533695,4333980.588884,-212.066204,265.264808,0.536800
1462207275.353031,3629686.249037,2932117.565632,4334029.102269,-213.802526,263.867331,0.541310
1462207365.353031,3610366.234147,2955802.312734,4334078.020504,-215.529639,262.458488,0.545796
1462207455.353031,3590891.196258,2979359.754864,4334127.341482,-217.247469,261.038341,0.550259
1462207545.353031,3571261.974189,3002788.877365,4334177.063080,-218.955942,259.606951,0.554699
1462207635.353031,3551479.413403,3026088.671110,4334227.183155,-220.654984,258.164379,0.559114
1462207725.353031,3531544.365964,3049258.132539,4334277.699550,-222.344522,256.710688,0.563506
1462207815.353031,3511457.690506,3072296.263708,4334328.610089,-224.024483,255.245940,0.567873
1462207905.353031,3491220.252194,3095202.072330,4334379.912578,-225.694795,253.770197,0.572216
1462207995.353031,3470832.922685,3117974.571816,4334431.604808,-227.355387,252.283525,0.576534
1462208085.353031,3450296.580093,3140612.781318,4334483.684554,-229.006185,250.785986,0.580827
1462208175.353031,3429612.108951,3163115.725774,4334536.149572,-230.647120,249.277646,0.585095
1462208265.353031,3408780.400170,3185482.435948,4334588.997602,-232.278121,247.758569,0.589338
1462208355.353031,3387802.351005,3207711.948470,4334642.226368,-233.899117,246.228820,0.593556
1462208445.353031,3366678.865013,3229803.305881,4334695.833578,-235.510039,244.688466,0.597748
1462208535.353031,3345410.852015,3251755.556672,4334749.816923,-237.110817,243.137573,0.601914
1462208625.353031,3323999.228058,3273567.755326,4334804.174078,-238.701382,241.576208,0.606054
1462208715.353031,3302444.915374,3295238.962357,4334858.902702,-240.281666,240.004437,0.610169
1462208805.353031,3280748.842339,3316768.244353,4334914.000437,-241.851601,238.422329,0.614257
1462208895.353031,3258911.943439,3338154.674014,4334969.464911,-243.411119,236.829952,0.618318
1462208985.353031,3236935.159221,3359397.330195,4335025.293735,-244.960152,235.227374,0.622353
1462209075.353031,3214819.436261,3380495.297940,4335081.484505,-246.498635,233.614665,0.626361
1462209165.353031,3192565.727116,3401447.668527,4335138.034799,-248.026501,231.991894,0.630342
1462209255.353031,3170174.990288,3422253.539506,4335194.942183,-249.543684,230.359130,0.634296
1462209345.353031,3147648.190182,3442912.014735,4335252.204206,-251.050119,228.716444,0.638223
1462209435.353031,3124986.297062,3463422.204423,4335309.818402,-252.545740,227.063907,0.642122
1462209525.353031,3102190.287010,3483783.225162,4335367.782288,-254.030484,225.401591,0.645994
1462209615.353031,3079261.141886,3503994.199973,4335426.093370,-255.504287,223.729565,0.649837
1462209705.353031,3056199.849284,3524054.258338,4335484.749134,-256.967084,222.047904,0.653653
1462209795.353031,3033007.402490,3543962.536238,4335543.747055,-258.418814,220.356678,0.657441
1462209885.353031,3009684.800438,3563718.176194,4335603.084592,-259.859413,218.655962,0.661200
1462209975.353031,2986233.047669,3583320.327299,4335662.759190,-261.288819,216.945827,0.664931
1462210065.353031,2962653.154286,3602768.145258,4335722.768277,-262.706972,215.226348,0.668633
1462210155.353031,2938946.135913,3622060.792424,4335783.109270,-264.113809,213.497600,0.672306
1462210245.353031,2915113.013646,3641197.437833,4335843.779570,-265.509271,211.759655,0.675950
1462210335.353031,2891154.814016,3660177.257240,4335904.776563,-266.893296,210.012590,0.679566
1462210425.353031,2867072.568940,3678999.433153,4335966.097623,-268.265826,208.256479,0.683152
1462210515.353031,2842867.315677,3697663.154874,4336027.740108,-269.626801,206.491398,0.686708
1462210605.353031,2818540.096785,3716167.618527,4336089.701363,-270.976164,204.717424,0.690235
1462210695.353031,2794091.960075,3734512.027095,4336151.978721,-272.313854,202.934631,0.693733
1462210785.353031,2769523.958567,3752695.590458,4336214.569498,-273.639816,201.143098,0.697200
1462210875.353031,2744837.150442,3770717.525419,4336277.470999,-274.953992,199.342902,0.700637
1462210965.353031,2720032.598999,3788577.055748,4336340.680515,-276.256325,197.534120,0.704045
1462211055.353031,2695111.372610,3806273.412206,4336404.195323,-277.546759,195.716829,0.707421
1462211145.353031,2670074.544669,3823805.832583,4336468.012687,-278.825239,193.891109,0.710768
1462211235.353031,2644923.193552,3841173.561732,4336532.129860,-280.091710,192.057037,0.714084
1462211325.353031,2619658.402568,3858375.851597,4336596.544079,-281.346116,190.214693,0.717369
1462211415.353031,2594281.259908,3875411.961249,4336661.252570,-282.588405,188.364157,0.720623
1462211505.353031,2568792.858607,3892281.156916,4336726.252547,-283.818522,186.505507,0.723846
1462211595.353031,2543194.296489,3908982.712017,4336791.541209,-285.036414,184.638824,0.727038
1462211685.353031,2517486.676125,3925515.907188,4336857.115745,-286.242029,182.764189,0.730198
1462211775.353031,2491671.104781,3941880.030320,4336922.973331,-287.435316,180.881681,0.733327
1462211865.353031,2465748.694374,3958074.376585,4336989.111129,-288.616222,178.991383,0.736425
1462211955.353031,2439720.561423,3974098.248467,4337055.526292,-289.784697,177.093375,0.739491
1462212045.353031,2413587.826999,3989950.955794,4337122.215959,-290.940691,175.187740,0.742525
1462212135.353031,2387351.616681,4005631.815763,4337189.177258,-292.084153,173.274559,0.745527
1462212225.353031,2361013.060502,4021140.152978,4337256.407304,-293.215035,171.353914,0.748497
1462212315.353031,2334573.292904,4036475.299469,4337323.903201,-294.333288,169.425890,0.751434
1462212405.353031,2308033.452691,4051636.594727,4337391.662044,-295.438863,167.490568,0.754340
1462212495.353031,2281394.682973,4066623.385734,4337459.680914,-296.531714,165.548031,0.757213
1462212585.353031,2254658.131124,4081435.026983,4337527.956880,-297.611792,163.598365,0.760053
1462212675.353031,2227824.948730,4096070.880516,4337596.487002,-298.679051,161.641652,0.762860
1462212765.353031,2200896.291535,4110530.315942,4337665.268330,-299.733446,159.677976,0.765635
1462212855.353031,2173873.319401,4124812.710472,4337734.297899,-300.774931,157.707424,0.768377
1462212945.353031,2146757.196247,4138917.448941,4337803.572738,-301.803462,155.730078,0.771085
1462213035.353031,2119549.090008,4152843.923836,4337873.089862,-302.818993,153.746025,0.773760
1462213125.353031,2092250.172579,4166591.535322,4337942.846278,-303.821481,151.755350,0.776402
1462213215.353031,2064861.619767,4180159.691268,4338012.838980,-304.810883,149.758138,0.779011
1462213305.353031,2037384.611238,4193547.807273,4338083.064955,-305.787156,147.754477,0.781586
1462213395.353031,2009820.330472,4206755.306690,4338153.521177,-306.750259,145.744451,0.784127
1462213485.353031,1982169.964703,4219781.620652,4338224.204613,-307.700149,143.728148,0.786635
1462213575.353031,1954434.704876,4232626.188094,4338295.112217,-308.636787,141.705654,0.789109
1462213665.353031,1926615.745592,4245288.455781,4338366.240936,-309.560131,139.677057,0.791548
1462213755.353031,1898714.285057,4257767.878331,4338437.587706,-310.470141,137.642443,0.793954
1462213845.353031,1870731.525029,4270063.918235,4338509.149454,-311.366780,135.601901,0.796325
1462213935.353031,1842668.670770,4282176.045883,4338580.923099,-312.250007,133.555519,0.798662
1462214025.353031,1814526.930990,4294103.739587,4338652.905548,-313.119785,131.503384,0.800965
1462214115.353031,1786307.517798,4305846.485604,4338725.093702,-313.976076,129.445585,0.803233
1462214205.353031,1758011.646648,4317403.778154,4338797.484451,-314.818845,127.382210,0.805467
1462214295.353031,1729640.536286,4328775.119448,4338870.074677,-315.648053,125.313350,0.807666
1462214385.353031,1701195.408702,4339960.019704,4338942.861254,-316.463666,123.239091,0.809830
1462214475.353031,1672677.489069,4350957.997171,4339015.841047,-317.265648,121.159525,0.811959
1462214565.353031,1644088.005700,4361768.578149,4339089.010913,-318.053965,119.074740,0.814054
1462214655.353031,1615428.189987,4372391.297011,4339162.367700,-318.828584,116.984826,0.816113
1462214745.353031,1586699.276354,4382825.696218,4339235.908249,-319.589469,114.889873,0.818137
1462214835.353031,1557902.502200,4393071.326345,4339309.629392,-320.336590,112.789973,0.820126
1462214925.353031,1529039.107846,4403127.746097,4339383.527954,-321.069913,110.685214,0.822079
1462215015.353031,1500110.336483,4412994.522328,4339457.600752,-321.789407,108.575687,0.823998
1462215105.353031,1471117.434118,4422671.230062,4339531.844596,-322.495041,106.461484,0.825880
1462215195.353031,1442061.649522,4432157.452507,4339606.256288,-323.186785,104.342696,0.827727
1462215285.353031,1412944.234171,4441452.781076,4339680.832623,-323.864608,102.219413,0.829539
1462215375.353031,1383766.442198,4450556.815407,4339755.570390,-324.528483,100.091728,0.831314
1462215465.353031,1354529.530335,4459469.163374,4339830.466368,-325.178379,97.959732,0.833054
1462215555.353031,1325234.757862,4468189.441108,4339905.517333,-325.814269,95.823516,0.834758
1462215645.353031,1295883.386550,4476717.273013,4339980.720051,-326.436126,93.683173,0.836426
1462215735.353031,1266476.680608,4485052.291783,4340056.071284,-327.043923,91.538795,0.838058
1462215825.353031,1237015.906629,4493194.138415,4340131.567787,-327.637634,89.390474,0.839654
1462215915.353031,1207502.333534,4501142.462228,4340207.206307,-328.217233,87.238303,0.841214
1462216005.353031,1177937.232518,4508896.920875,4340282.983587,-328.782695,85.082375,0.842738
1462216095.353031,1148321.876996,4516457.180359,4340358.896363,-329.333996,82.922782,0.844225
1462216185.353031,1118657.542548,4523822.915048,4340434.941366,-329.871112,80.759617,0.845676
1462216275.353031,1088945.506862,4530993.807689,4340511.115320,-330.394019,78.592974,0.847090
1462216365.353031,1059187.049681,4537969.549420,4340587.414944,-330.902697,76.422946,0.848468
1462216455.353031,1029383.452750,4544749.839786,4340663.836951,-331.397121,74.249626,0.849809
1462216545.353031,999535.999754,4551334.386748,4340740.378052,-331.877272,72.073108,0.851114
1462216635.353031,969645.976271,4557722.906700,4340817.034948,-332.343129,69.893486,0.852382
1462216725.353031,939714.669709,4563915.124478,4340893.804338,-332.794671,67.710853,0.853614
1462216815.353031,909743.369256,4569910.773375,4340970.682915,-333.231879,65.525304,0.854809
1462216905.353031,879733.365824,4575709.595148,4341047.667369,-333.654734,63.336933,0.855966
1462216995.353031,849685.951989,4581311.340033,4341124.754384,-334.063218,61.145833,0.857087
1462217085.353031,819602.421941,4586715.766754,4341201.940639,-334.457314,58.952100,0.858171
1462217175.353031,789484.071422,4591922.642535,4341279.222809,-334.837003,56.755828,0.859219
1462217265.353031,759332.197679,4596931.743106,4341356.597567,-335.202271,54.557112,0.860229
1462217355.353031,729148.099398,4601742.852719,4341434.061579,-335.553102,52.356045,0.861202
1462217445.353031,698933.076656,4606355.764151,4341511.611510,-335.889479,50.152723,0.862138
1462217535.353031,668688.430859,4610770.278717,4341589.244018,-336.211389,47.947242,0.863037
1462217625.353031,638415.464694,4614986.206278,4341666.955761,-336.518819,45.739695,0.863898
1462217715.353031,608115.482062,4619003.365246,4341744.743391,-336.811753,43.530178,0.864723
1462217805.353031,577789.788031,4622821.582597,4341822.603558,-337.090181,41.318786,0.865510
1462217895.353031,547439.688777,4626440.693873,4341900.532908,-337.354090,39.105614,0.866260
1462217985.353031,517066.491524,4629860.543195,4341978.528085,-337.603468,36.890758,0.866972
1462218075.353031,486671.504493,4633080.983264,4342056.585730,-337.838305,34.674313,0.867648
1462218165.353031,456256.036845,4636101.875370,4342134.702479,-338.058591,32.456375,0.868286
1462218255.353031,425821.398619,4638923.089400,4342212.874970,-338.264316,30.237038,0.868886
1462218345.353031,395368.900684,4641544.503838,4342291.099835,-338.455472,28.016400,0.869449
1462218435.353031,364899.854676,4643966.005778,4342369.373704,-338.632050,25.794554,0.869975
1462218525.353031,334415.572943,4646187.490920,4342447.693207,-338.794043,23.571598,0.870463
1462218615.353031,303917.368491,4648208.863583,4342526.054969,-338.941443,21.347626,0.870914
1462218705.353031,273406.554925,4650030.036702,4342604.455617,-339.074244,19.122735,0.871327
1462218795.353031,242884.446393,4651650.931836,4342682.891772,-339.192441,16.897020,0.871702
1462218885.353031,212352.357530,4653071.479172,4342761.360058,-339.296028,14.670578,0.872041
1462218975.353031,181811.603401,4654291.617525,4342839.857093,-339.385002,12.443503,0.872341
1462219065.353031,151263.499442,4655311.294340,4342918.379497,-339.459357,10.215893,0.872604
1462219155.353031,120709.361408,4656130.465699,4342996.923889,-339.519092,7.987843,0.872829
1462219245.353031,90150.505313,4656749.096318,4343075.486884,-339.564203,5.759448,0.873017
1462219335.353031,59588.247375,4657167.159554,4343154.065100,-339.594688,3.530806,0.873167
1462219425.353031,29023.903957,4657384.637398,4343232.655151,-339.610547,1.302011,0.873280
1462219515.353031,-1541.208486,4657401.520484,4343311.253653,-339.611777,-0.926840,0.873355
1462219605.353031,-32105.773469,4657217.808085,4343389.857221,-339.598381,-3.155650,0.873392
1462219695.353031,-62668.474527,4656833.508113,4343468.462469,-339.570357,-5.384325,0.873392
1462219785.353031,-93227.995278,4656248.637121,4343547.066010,-339.527708,-7.612768,0.873354
1462219875.353031,-123783.019476,4655463.220301,4343625.664461,-339.470434,-9.840883,0.873278
1462219965.353031,-154332.231068,4654477.291480,4343704.254435,-339.398539,-12.068574,0.873165
1462220055.353031,-184874.314253,4653290.893125,4343782.832547,-339.312026,-14.295746,0.873015
1462220145.353031,-215407.953536,4651904.076337,4343861.395413,-339.210897,-16.522301,0.872826
1462220235.353031,-245931.833785,4650316.900846,4343939.939650,-339.095159,-18.748145,0.872600
1462220325.353031,-276444.640290,4648529.435016,4344018.461873,-338.964815,-20.973182,0.872337
1462220415.353031,-306945.058816,4646541.755835,4344096.958701,-338.819871,-23.197315,0.872036
1462220505.353031,-337431.775663,4644353.948915,4344175.426754,-338.660334,-25.420449,0.871697
1462220595.353031,-367903.477722,4641966.108490,4344253.862651,-338.486211,-27.642488,0.871321
1462220685.353031,-398358.852528,4639378.337406,4344332.263014,-338.297508,-29.863337,0.870907
1462220775.353031,-428796.588321,4636590.747124,4344410.624466,-338.094234,-32.082899,0.870456
1462220865.353031,-459215.374101,4633603.457709,4344488.943632,-337.876398,-34.301079,0.869967
1462220955.353031,-489613.899684,4630416.597828,4344567.217139,-337.644009,-36.517782,0.869441
1462221045.353031,-519990.855757,4627030.304744,4344645.441616,-337.397077,-38.732912,0.868877
1462221135.353031,-550344.933939,4623444.724311,4344723.613692,-337.135613,-40.946374,0.868276
1462221225.353031,-580674.826831,4619660.010964,4344801.730002,-336.859628,-43.158072,0.867638
1462221315.353031,-610979.228079,4615676.327718,4344879.787180,-336.569134,-45.367912,0.866962
1462221405.353031,-641256.832424,4611493.846155,4344957.781865,-336.264144,-47.575797,0.866249
1462221495.353031,-671506.335764,4607112.746422,4345035.710697,-335.944670,-49.781633,0.865498
1462221585.353031,-701726.435205,4602533.217219,4345113.570320,-335.610726,-51.985325,0.864711
1462221675.353031,-731915.829121,4597755.455794,4345191.357380,-335.262327,-54.186778,0.863886
1462221765.353031,-762073.217207,4592779.667932,4345269.068526,-334.899488,-56.385896,0.863023
1462221855.353031,-792197.300539,4587606.067949,4345346.700412,-334.522224,-58.582587,0.862124
1462221945.353031,-822286.781625,4582234.878679,4345424.249694,-334.130552,-60.776754,0.861187
1462222035.353031,-852340.364464,4576666.331467,4345501.713032,-333.724488,-62.968303,0.860214
1462222125.353031,-882356.754602,4570900.666161,4345579.087089,-333.304050,-65.157140,0.859203
1462222215.353031,-912334.659187,4564938.131095,4345656.368532,-332.869257,-67.343171,0.858155
1462222305.353031,-942272.787023,4558778.983086,4345733.554034,-332.420126,-69.526301,0.857071
1462222395.353031,-972169.848630,4552423.487417,4345810.640269,-331.956677,-71.706437,0.855949
1462222485.353031,-1002024.556293,4545871.917830,4345887.623917,-331.478931,-73.883484,0.854791
1462222575.353031,-1031835.624126,4539124.556511,4345964.501662,-330.986907,-76.057348,0.853596
1462222665.353031,-1061601.768118,4532181.694079,4346041.270194,-330.480627,-78.227937,0.852364
1462222755.353031,-1091321.706195,4525043.629574,4346117.926205,-329.960112,-80.395157,0.851095
1462222845.353031,-1120994.158274,4517710.670444,4346194.466394,-329.425386,-82.558913,0.849790
1462222935.353031,-1150617.846317,4510183.132530,4346270.887464,-328.876471,-84.719114,0.848448
1462223025.353031,-1180191.494384,4502461.340056,4346347.186124,-328.313390,-86.875666,0.847069
1462223115.353031,-1209713.828694,4494545.625610,4346423.359087,-327.736169,-89.028476,0.845654
1462223205.353031,-1239183.577673,4486436.330135,4346499.403073,-327.144832,-91.177451,0.844203
1462223295.353031,-1268599.472013,4478133.802912,4346575.314805,-326.539404,-93.322499,0.842715
1462223385.353031,-1297960.244727,4469638.401541,4346651.091015,-325.919911,-95.463528,0.841191
1462223475.353031,-1327264.631200,4460950.491935,4346726.728438,-325.286381,-97.600445,0.839630
1462223565.353031,-1356511.369246,4452070.448293,4346802.223817,-324.638840,-99.733158,0.838034
1462223655.353031,-1385699.199165,4442998.653095,4346877.573900,-323.977316,-101.861575,0.836401
1462223745.353031,-1414826.863789,4433735.497075,4346952.775442,-323.301838,-103.985605,0.834733
1462223835.353031,-1443893.108546,4424281.379213,4347027.825202,-322.612435,-106.105156,0.833028
1462223925.353031,-1472896.681507,4414636.706712,4347102.719950,-321.909136,-108.220138,0.831288
1462224015.353031,-1501836.333444,4404801.894983,4347177.456459,-321.191973,-110.330457,0.829511
1462224105.353031,-1530710.817880,4394777.367627,4347252.031510,-320.460975,-112.436025,0.827700
1462224195.353031,-1559518.891147,4384563.556415,4347326.441890,-319.716174,-114.536750,0.825852
1462224285.353031,-1588259.312437,4374160.901272,4347400.684396,-318.957603,-116.632542,0.823969
1462224375.353031,-1616930.843854,4363569.850257,4347474.755828,-318.185294,-118.723310,0.822050
1462224465.353031,-1645532.250472,4352790.859543,4347548.652998,-317.399280,-120.808965,0.820096
1462224555.353031,-1674062.300383,4341824.393397,4347622.372721,-316.599595,-122.889416,0.818106
1462224645.353031,-1702519.764755,4330670.924162,4347695.911823,-315.786273,-124.964574,0.816082
1462224735.353031,-1730903.417879,4319330.932236,4347769.267135,-314.959351,-127.034350,0.814022
1462224825.353031,-1759212.037228,4307804.906050,4347842.435500,-314.118862,-129.098654,0.811927
1462224915.353031,-1787444.403505,4296093.342046,4347915.413764,-313.264844,-131.157398,0.809797
1462225005.353031,-1815599.300700,4284196.744662,4347988.198785,-312.397333,-133.210492,0.807633
1462225095.353031,-1843675.516136,4272115.626300,4348060.787428,-311.516367,-135.257849,0.805433
1462225185.353031,-1871671.840528,4259850.507315,4348133.176565,-310.621983,-137.299380,0.803199
1462225275.353031,-1899587.068030,4247401.915983,4348205.363080,-309.714220,-139.334998,0.800930
1462225365.353031,-1927419.996290,4234770.388485,4348277.343863,-308.793117,-141.364614,0.798627
1462225455.353031,-1955169.426501,4221956.468880,4348349.115814,-307.858715,-143.388141,0.796289
1462225545.353031,-1982834.163452,4208960.709084,4348420.675841,-306.911052,-145.405492,0.793917
1462225635.353031,-2010413.015579,4195783.668844,4348492.020861,-305.950170,-147.416581,0.791511
1462225725.353031,-2037904.795020,4182425.915716,4348563.147803,-304.976110,-149.421320,0.789071
1462225815.353031,-2065308.317659,4168888.025038,4348634.053602,-303.988915,-151.419623,0.786596
1462225905.353031,-2092622.403184,4155170.579909,4348704.735205,-302.988626,-153.411405,0.784088
1462225995.353031,-2119845.875137,4141274.171161,4348775.189566,-301.975287,-155.396578,0.781546
1462226085.353031,-2146977.560959,4127199.397333,4348845.413652,-300.948941,-157.375059,0.778971
1462226175.353031,-2174016.292047,4112946.864647,4348915.404437,-299.909633,-159.346761,0.776362
1462226265.353031,-2200960.903800,4098517.186983,4348985.158907,-298.857408,-161.311600,0.773719
1462226355.353031,-2227810.235673,4083910.985848,4349054.674058,-297.792310,-163.269491,0.771043
1462226445.353031,-2254563.131223,4069128.890356,4349123.946894,-296.714386,-165.220349,0.768334
1462226535.353031,-2281218.438161,4054171.537192,4349192.974434,-295.623682,-167.164092,0.765592
1462226625.353031,-2307775.008401,4039039.570594,4349261.753702,-294.520245,-169.100634,0.762817
1462226715.353031,-2334231.698112,4023733.642320,4349330.281738,-293.404123,-171.029893,0.760009
1462226805.353031,-2360587.367762,4008254.411618,4349398.555588,-292.275363,-172.951785,0.757168
1462226895.353031,-2386840.882172,3992602.545204,4349466.572313,-291.134015,-174.866228,0.754295
1462226985.353031,-2412991.110562,3976778.717227,4349534.328983,-289.980126,-176.773139,0.751389
1462227075.353031,-2439036.926601,3960783.609245,4349601.822679,-288.813748,-178.672437,0.748451
1462227165.353031,-2464977.208455,3944617.910192,4349669.050495,-287.634931,-180.564039,0.745480
1462227255.353031,-2490810.838837,3928282.316349,4349736.009534,-286.443724,-182.447863,0.742478
1462227345.353031,-2516536.705052,3911777.531315,4349802.696912,-285.240180,-184.323829,0.739443
1462227435.353031,-2542153.699046,3895104.265978,4349869.109758,-284.024350,-186.191856,0.736377
1462227525.353031,-2567660.717457,3878263.238481,4349935.245210,-282.796287,-188.051864,0.733278
1462227615.353031,-2593056.661656,3861255.174193,4350001.100420,-281.556043,-189.903772,0.730149
1462227705.353031,-2618340.437802,3844080.805676,4350066.672552,-280.303673,-191.747500,0.726988
1462227795.353031,-2643510.956883,3826740.872660,4350131.958780,-279.039229,-193.582970,0.723795
1462227885.353031,-2668567.134765,3809236.122000,4350196.956293,-277.762766,-195.410101,0.720571
1462227975.353031,-2693507.892241,3791567.307654,4350261.662292,-276.474340,-197.228816,0.717317
1462228065.353031,-2718332.155072,3773735.190645,4350326.073989,-275.174006,-199.039036,0.714031
1462228155.353031,-2743038.854040,3755740.539031,4350390.188610,-273.861819,-200.840684,0.710715
1462228245.353031,-2767626.924989,3737584.127867,4350454.003393,-272.537837,-202.633680,0.707368
1462228335.353031,-2792095.308872,3719266.739180,4350517.515590,-271.202116,-204.417949,0.703991
1462228425.353031,-2816442.951797,3700789.161927,4350580.722464,-269.854714,-206.193413,0.700583
1462228515.353031,-2840668.805075,3682152.191967,4350643.621295,-268.495689,-207.959996,0.697145
1462228605.353031,-2864771.825260,3663356.632023,4350706.209371,-267.125100,-209.717623,0.693677
1462228695.353031,-2888750.974197,3644403.291648,4350768.483998,-265.743005,-211.466216,0.690179
1462228785.353031,-2912605.219067,3625292.987192,4350830.442493,-264.349464,-213.205701,0.686652
1462228875.353031,-2936333.532432,3606026.541766,4350892.082187,-262.944537,-214.936003,0.683094
1462228965.353031,-2959934.892275,3586604.785206,4350953.400426,-261.528284,-216.657047,0.679508
1462229055.353031,-2983408.282049,3567028.554036,4351014.394568,-260.100768,-218.368759,0.675892
1462229145.353031,-3006752.690720,3547298.691435,4351075.061986,-258.662048,-220.071066,0.672247
1462229235.353031,-3029967.112807,3527416.047199,4351135.400067,-257.212187,-221.763895,0.668573
1462229325.353031,-3053050.548429,3507381.477705,4351195.406211,-255.751248,-223.447171,0.664871
1462229415.353031,-3076002.003347,3487195.845872,4351255.077836,-254.279293,-225.120823,0.661139
1462229505.353031,-3098820.489005,3466860.021126,4351314.412369,-252.796386,-226.784779,0.657379
1462229595.353031,-3121505.022576,3446374.879364,4351373.407255,-251.302591,-228.438968,0.653591
1462229685.353031,-3144054.627003,3425741.302911,4351432.059954,-249.797971,-230.083316,0.649775
1462229775.353031,-3166468.331038,3404960.180489,4351490.367939,-248.282593,-231.717755,0.645931
1462229865.353031,-3188745.169289,3384032.407172,4351548.328698,-246.756520,-233.342213,0.642059
1462229955.353031,-3210884.182257,3362958.884352,4351605.939735,-245.219820,-234.956621,0.638159
1462230045.353031,-3232884.416381,3341740.519698,4351663.198569,-243.672557,-236.560909,0.634232
1462230135.353031,-3254744.924077,3320378.227118,4351720.102732,-242.114799,-238.155008,0.630277
1462230225.353031,-3276464.763778,3298872.926719,4351776.649775,-240.546613,-239.738849,0.626296
1462230315.353031,-3298042.999978,3277225.544768,4351832.837261,-238.968066,-241.312365,0.622287
1462230405.353031,-3319478.703268,3255437.013651,4351888.662770,-237.379226,-242.875486,0.618251
1462230495.353031,-3340770.950380,3233508.271834,4351944.123897,-235.780162,-244.428147,0.614189
1462230585.353031,-3361918.824222,3211440.263821,4351999.218255,-234.170943,-245.970280,0.610101
1462230675.353031,-3382921.413924,3189233.940117,4352053.943469,-232.551637,-247.501818,0.605986
1462230765.353031,-3403777.814871,3166890.257181,4352108.297183,-230.922316,-249.022696,0.601845
1462230855.353031,-3424487.128746,3144410.177391,4352162.277054,-229.283048,-250.532848,0.597678
1462230945.353031,-3445048.463566,3121794.669000,4352215.880759,-227.633904,-252.032210,0.593486
1462231035.353031,-3465460.933723,3099044.706090,4352269.105988,-225.974956,-253.520716,0.589267
1462231125.353031,-3485723.660019,3076161.268540,4352321.950449,-224.306275,-254.998302,0.585024
1462231215.353031,-3505835.769709,3053145.341974,4352374.411866,-222.627932,-256.464905,0.580755
1462231305.353031,-3525796.396531,3029997.917723,4352426.487978,-220.940001,-257.920462,0.576461
1462231395.353031,-3545604.680751,3006719.992784,4352478.176542,-219.242553,-259.364910,0.572143
1462231485.353031,-3565259.769195,2983312.569772,4352529.475333,-217.535662,-260.798187,0.567800
1462231575.353031,-3584760.815288,2959776.656881,4352580.382141,-215.819402,-262.220231,0.563432
1462231665.353031,-3604106.979091,2936113.267840,4352630.894773,-214.093846,-263.630980,0.559040
1462231755.353031,-3623297.427332,2912323.421868,4352681.011052,-212.359069,-265.030375,0.554624
1462231845.353031,-3642331.333450,2888408.143629,4352730.728821,-210.615145,-266.418354,0.550184
1462231935.353031,-3661207.877626,2864368.463193,4352780.045938,-208.862149,-267.794858,0.545720
1462232025.353031,-3679926.246816,2840205.415985,4352828.960279,-207.100158,-269.159828,0.541233
1462232115.353031,-3698485.634792,2815920.042746,4352877.469737,-205.329246,-270.513205,0.536723
1462232205.353031,-3716885.242173,2791513.389484,4352925.572221,-203.549490,-271.854930,0.532189
1462232295.353031,-3735124.276457,2766986.507431,4352973.265661,-201.760968,-273.184946,0.527633
1462232385.353031,-3753201.952063,2742340.452998,4353020.548002,-199.963755,-274.503196,0.523054
1462232475.353031,-3771117.490356,2717576.287729,4353067.417207,-198.157929,-275.809622,0.518452
1462232565.353031,-3788870.119686,2692695.078255,4353113.871258,-196.343569,-277.104169,0.513828
1462232655.353031,-3806459.075419,2667697.896249,4353159.908153,-194.520751,-278.386780,0.509181
1462232745.353031,-3823883.599974,2642585.818377,4353205.525910,-192.689556,-279.657401,0.504513
1462232835.353031,-3841142.942847,2617359.926256,4353250.722563,-190.850060,-280.915976,0.499823
1462232925.353031,-3858236.360652,2592021.306403,4353295.496166,-189.002345,-282.162453,0.495112
1462233015.353031,-3875163.117149,2566571.050194,4353339.844790,-187.146489,-283.396775,0.490379
1462233105.353031,-3891922.483277,2541010.253809,4353383.766526,-185.282572,-284.618892,0.485625
1462233195.353031,-3908513.737183,2515340.018191,4353427.259480,-183.410675,-285.828750,0.480851
1462233285.353031,-3924936.164257,2489561.448998,4353470.321780,-181.530878,-287.026296,0.476055
1462233375.353031,-3941189.057158,2463675.656553,4353512.951570,-179.643263,-288.211480,0.471239
1462233465.353031,-3957271.715850,2437683.755797,4353555.147015,-177.747910,-289.384250,0.466403
1462233555.353031,-3973183.447628,2411586.866240,4353596.906297,-175.844900,-290.544556,0.461547
1462233645.353031,-3988923.567140,2385386.111932,4353638.227617,-173.934318,-291.692348,0.456670
1462233735.353031,-4004491.396424,2359082.621397,4353679.109194,-172.016243,-292.827576,0.451774
1462233825.353031,-4019886.264970,2332677.527535,4353719.549269,-170.090759,-293.950192,0.446859
1462233915.353031,-4035107.509696,2306171.967655,4353759.546099,-168.157950,-295.060146,0.441924
1462234005.353031,-4050154.474999,2279567.083391,4353799.097962,-166.217897,-296.157392,0.436971
1462234095.353031,-4065026.512783,2252864.020659,4353838.203153,-164.270685,-297.241882,0.431998
1462234185.353031,-4079722.982487,2226063.929599,4353876.859989,-162.316398,-298.313569,0.427007
1462234275.353031,-4094243.251111,2199167.964534,4353915.066804,-160.355120,-299.372408,0.421998
1462234365.353031,-4108586.693244,2172177.283913,4353952.821953,-158.386935,-300.418352,0.416970
1462234455.353031,-4122752.691092,2145093.050269,4353990.123809,-156.411928,-301.451357,0.411924
1462234545.353031,-4136740.634503,2117916.430160,4354026.970766,-154.430184,-302.471377,0.406861
1462234635.353031,-4150549.920995,2090648.594126,4354063.361235,-152.441788,-303.478370,0.401780
1462234725.353031,-4164179.955780,2063290.716635,4354099.293651,-150.446827,-304.472291,0.396682
1462234815.353031,-4177630.151792,2035843.976033,4354134.766464,-148.445385,-305.453099,0.391567
1462234905.353031,-4190899.929710,2008309.554493,4354169.778147,-146.437550,-306.420750,0.386434
1462234995.353031,-4203988.717984,1980688.637966,4354204.327193,-144.423408,-307.375203,0.381286
1462235085.353031,-4216895.952859,1952982.416128,4354238.412111,-142.403045,-308.316416,0.376120
1462235175.353031,-4229621.078400,1925192.082328,4354272.031436,-140.376548,-309.244351,0.370939
1462235265.353031,-4242163.546517,1897318.833539,4354305.183717,-138.344005,-310.158965,0.365741
1462235355.353031,-4254522.816986,1869363.870305,4354337.867528,-136.305504,-311.060221,0.360528
1462235445.353031,-4266698.357475,1841328.396690,4354370.081460,-134.261131,-311.948078,0.355300
1462235535.353031,-4278689.643563,1813213.620225,4354401.824125,-132.210976,-312.822500,0.350056
1462235625.353031,-4290496.158767,1785020.751857,4354433.094157,-130.155126,-313.683448,0.344797
1462235715.353031,-4302117.394563,1756751.005896,4354463.890208,-128.093671,-314.530885,0.339523
1462235805.353031,-4313552.850405,1728405.599965,4354494.210952,-126.026698,-315.364774,0.334234
1462235895.353031,-4324802.033751,1699985.754944,4354524.055083,-123.954297,-316.185081,0.328931
1462235985.353031,-4335864.460081,1671492.694919,4354553.421315,-121.876557,-316.991769,0.323614
1462236075.353031,-4346739.652919,1642927.647132,4354582.308383,-119.793567,-317.784803,0.318283
1462236165.353031,-4357427.143853,1614291.841922,4354610.715043,-117.705418,-318.564150,0.312938
1462236255.353031,-4367926.472557,1585586.512678,4354638.640070,-115.612200,-319.329776,0.307580
1462236345.353031,-4378237.186808,1556812.895784,4354666.082264,-113.514001,-320.081648,0.302208
1462236435.353031,-4388358.842508,1527972.230563,4354693.040440,-111.410913,-320.819734,0.296824
1462236525.353031,-4398291.003701,1499065.759228,4354719.513438,-109.303027,-321.544001,0.291427
1462236615.353031,-4408033.242594,1470094.726826,4354745.500117,-107.190433,-322.254419,0.286017
1462236705.353031,-4417585.139573,1441060.381182,4354770.999359,-105.073222,-322.950957,0.280594
1462236795.353031,-4426946.283223,1411963.972853,4354796.010064,-102.951485,-323.633585,0.275160
1462236885.353031,-4436116.270345,1382806.755065,4354820.531155,-100.825314,-324.302273,0.269714
1462236975.353031,-4445094.705974,1353589.983664,4354844.561577,-98.694801,-324.956994,0.264256
1462237065.353031,-4453881.203394,1324314.917063,4354868.100293,-96.560036,-325.597717,0.258787
1462237155.353031,-4462475.384157,1294982.816184,4354891.146289,-94.421113,-326.224417,0.253307
1462237245.353031,-4470876.878098,1265594.944405,4354913.698574,-92.278122,-326.837066,0.247816
1462237335.353031,-4479085.323352,1236152.567509,4354935.756176,-90.131157,-327.435638,0.242314
1462237425.353031,-4487100.366369,1206656.953623,4354957.318143,-87.980310,-328.020106,0.236802
1462237515.353031,-4494921.661928,1177109.373170,4354978.383548,-85.825674,-328.590446,0.231279
1462237605.353031,-4502548.873153,1147511.098810,4354998.951483,-83.667340,-329.146634,0.225747
1462237695.353031,-4509981.671529,1117863.405386,4355019.021062,-81.505403,-329.688644,0.220204
1462237785.353031,-4517219.736914,1088167.569871,4355038.591420,-79.339956,-330.216454,0.214653
1462237875.353031,-4524262.757553,1058424.871309,4355057.661715,-77.171091,-330.730041,0.209092
1462237965.353031,-4531110.430091,1028636.590766,4355076.231124,-74.998903,-331.229383,0.203522
1462238055.353031,-4537762.459589,998804.011268,4355094.298849,-72.823484,-331.714459,0.197943
1462238145.353031,-4544218.559534,968928.417752,4355111.864109,-70.644928,-332.185247,0.192356
1462238235.353031,-4550478.451851,939011.097004,4355128.926150,-68.463330,-332.641727,0.186760
1462238325.353031,-4556541.866918,909053.337611,4355145.484235,-66.278783,-333.083880,0.181157
1462238415.353031,-4562408.543572,879056.429899,4355161.537651,-64.091381,-333.511687,0.175546
1462238505.353031,-4568078.229128,849021.665883,4355177.085708,-61.901218,-333.925129,0.169927
1462238595.353031,-4573550.679383,818950.339205,4355192.127734,-59.708390,-334.324188,0.164300
1462238685.353031,-4578825.658630,788843.745084,4355206.663082,-57.512990,-334.708847,0.158667
1462238775.353031,-4583902.939668,758703.180259,4355220.691126,-55.315112,-335.079089,0.153027
1462238865.353031,-4588782.303810,728529.942929,4355234.211261,-53.114852,-335.434900,0.147380
1462238955.353031,-4593463.540894,698325.332703,4355247.222906,-50.912304,-335.776262,0.141727
1462239045.353031,-4597946.449292,668090.650541,4355259.725498,-48.707564,-336.103163,0.136068
1462239135.353031,-4602230.835918,637827.198697,4355271.718500,-46.500725,-336.415586,0.130403
1462239225.353031,-4606316.516238,607536.280665,4355283.201395,-44.291884,-336.713520,0.124732
1462239315.353031,-4610203.314273,577219.201120,4355294.173689,-42.081135,-336.996951,0.119056
1462239405.353031,-4613891.062615,546877.265869,4355304.634908,-39.868573,-337.265867,0.113375
1462239495.353031,-4617379.602424,516511.781783,4355314.584601,-37.654294,-337.520257,0.107689
1462239585.353031,-4620668.783446,486124.056752,4355324.022341,-35.438394,-337.760109,0.101998
1462239675.353031,-4623758.464010,455715.399622,4355332.947720,-33.220967,-337.985413,0.096303
1462239765.353031,-4626648.511037,425287.120142,4355341.360353,-31.002109,-338.196159,0.090604
1462239855.353031,-4629338.800050,394840.528903,4355349.259880,-28.781916,-338.392339,0.084900
1462239945.353031,-4631829.215173,364376.937289,4355356.645958,-26.560483,-338.573944,0.079194
1462240035.353031,-4634119.649140,333897.657413,4355363.518269,-24.337906,-338.740966,0.073483
1462240125.353031,-4636210.003299,303404.002066,4355369.876518,-22.114281,-338.893398,0.067770
1462240215.353031,-4638100.187615,272897.284655,4355375.720431,-19.889703,-339.031233,0.062054
1462240305.353031,-4639790.120674,242378.819153,4355381.049755,-17.664269,-339.154466,0.056335
1462240395.353031,-4641279.729689,211849.920037,4355385.864261,-15.438074,-339.263090,0.050613
1462240485.353031,-4642568.950499,181311.902235,4355390.163742,-13.211214,-339.357102,0.044890
1462240575.353031,-4643657.727576,150766.081065,4355393.948011,-10.983784,-339.436498,0.039164
1462240665.353031,-4644546.014024,120213.772185,4355397.216907,-8.755882,-339.501273,0.033437
1462240755.353031,-4645233.771583,89656.291528,4355399.970287,-6.527603,-339.551426,0.027708
1462240845.353031,-4645720.970631,59094.955254,4355402.208034,-4.299042,-339.586953,0.021978
1462240935.353031,-4646007.590183,28531.079686,4355403.930050,-2.070297,-339.607854,0.016247
1462241025.353031,-4646093.617894,-2034.018742,4355405.136262,0.158538,-339.614128,0.010516
1462241115.353031,-4645979.050058,-32599.023544,4355405.826617,2.387366,-339.605774,0.004784
1462241205.353031,-4645663.891611,-63162.618238,4355406.001085,4.616091,-339.582792,-0.000948
1462241295.353031,-4645148.156125,-93723.486403,4355405.659659,6.844618,-339.545185,-0.006680
1462241385.353031,-4644431.865815,-124280.311734,4355404.802353,9.072849,-339.492952,-0.012412
1462241475.353031,-4643515.051533,-154831.778102,4355403.429204,11.300690,-339.426097,-0.018144
1462241565.353031,-4642397.752766,-185376.569607,4355401.540271,13.528044,-339.344622,-0.023874
1462241655.353031,-4641080.017639,-215913.370639,4355399.135636,15.754815,-339.248531,-0.029604
1462241745.353031,-4639561.902908,-246440.865929,4355396.215401,17.980908,-339.137829,-0.035332
1462241835.353031,-4637843.473962,-276957.740612,4355392.779692,20.206226,-339.012519,-0.041059
1462241925.353031,-4635924.804814,-307462.680279,4355388.828657,22.430674,-338.872607,-0.046784
1462242015.353031,-4633805.978106,-337954.371033,4355384.362466,24.654156,-338.718100,-0.052506
1462242105.353031,-4631487.085098,-368431.499551,4355379.381312,26.876576,-338.549003,-0.058227
1462242195.353031,-4628968.225668,-398892.753137,4355373.885408,29.097839,-338.365325,-0.063945
1462242285.353031,-4626249.508308,-429336.819775,4355367.874992,31.317848,-338.167072,-0.069661
1462242375.353031,-4623331.050117,-459762.388193,4355361.350321,33.536508,-337.954255,-0.075373
1462242465.353031,-4620212.976797,-490168.147916,4355354.311678,35.753723,-337.726881,-0.081082
1462242555.353031,-4616895.422649,-520552.789319,4355346.759364,37.969399,-337.484960,-0.086788
1462242645.353031,-4613378.530564,-550915.003689,4355338.693705,40.183440,-337.228504,-0.092490
1462242735.353031,-4609662.452021,-581253.483278,4355330.115048,42.395749,-336.957523,-0.098188
1462242825.353031,-4605747.347077,-611566.921362,4355321.023763,44.606233,-336.672028,-0.103882
1462242915.353031,-4601633.384361,-641854.012292,4355311.420241,46.814795,-336.372032,-0.109571
1462243005.353031,-4597320.741068,-672113.451558,4355301.304896,49.021341,-336.057549,-0.115256
1462243095.353031,-4592809.602950,-702343.935839,4355290.678162,51.225775,-335.728591,-0.120935
1462243185.353031,-4588100.164309,-732544.163060,4355279.540498,53.428003,-335.385172,-0.126610
1462243275.353031,-4583192.627988,-762712.832451,4355267.892383,55.627930,-335.027308,-0.132278
1462243365.353031,-4578087.205361,-792848.644601,4355255.734318,57.825461,-334.655014,-0.137942
1462243455.353031,-4572784.116327,-822950.301513,4355243.066828,60.020501,-334.268305,-0.143599
1462243545.353031,-4567283.589298,-853016.506663,4355229.890458,62.212956,-333.867200,-0.149250
1462243635.353031,-4561585.861191,-883045.965052,4355216.205774,64.402732,-333.451714,-0.154895
1462243725.353031,-4555691.177415,-913037.383266,4355202.013367,66.589733,-333.021865,-0.160533
1462243815.353031,-4549599.791863,-942989.469527,4355187.313846,68.773866,-332.577673,-0.166164
1462243905.353031,-4543311.966901,-972900.933752,4355172.107847,70.955038,-332.119157,-0.171788
1462243995.353031,-4536827.973355,-1002770.487609,4355156.396022,73.133153,-331.646335,-0.177404
1462244085.353031,-4530148.090500,-1032596.844569,4355140.179049,75.308118,-331.159229,-0.183013
1462244175.353031,-4523272.606050,-1062378.719965,4355123.457627,77.479839,-330.657860,-0.188614
1462244265.353031,-4516201.816142,-1092114.831045,4355106.232474,79.648224,-330.142248,-0.194207
1462244355.353031,-4508936.025326,-1121803.897030,4355088.504333,81.813177,-329.612417,-0.199792
1462244445.353031,-4501475.546550,-1151444.639165,4355070.273968,83.974607,-329.068389,-0.205368
1462244535.353031,-4493820.701149,-1181035.780777,4355051.542162,86.132420,-328.510187,-0.210935
1462244625.353031,-4485971.818830,-1210576.047330,4355032.309724,88.286523,-327.937836,-0.216493
1462244715.353031,-4477929.237654,-1240064.166479,4355012.577481,90.436824,-327.351360,-0.222042
1462244805.353031,-4469693.304030,-1269498.868125,4354992.346283,92.583229,-326.750784,-0.227581
1462244895.353031,-4461264.372690,-1298878.884470,4354971.617001,94.725646,-326.136135,-0.233110
1462244985.353031,-4452642.806683,-1328202.950071,4354950.390528,96.863984,-325.507439,-0.238629
1462245075.353031,-4443828.977352,-1357469.801894,4354928.667778,98.998149,-324.864723,-0.244138
1462245165.353031,-4434823.264323,-1386678.179372,4354906.449687,101.128051,-324.208014,-0.249637
1462245255.353031,-4425626.055484,-1415826.824454,4354883.737210,103.253597,-323.537341,-0.255125
1462245345.353031,-4416237.746976,-1444914.481663,4354860.531327,105.374695,-322.852733,-0.260601
1462245435.353031,-4406658.743165,-1473939.898148,4354836.833037,107.491255,-322.154219,-0.266067
1462245525.353031,-4396889.456636,-1502901.823740,4354812.643360,109.603185,-321.441829,-0.271521
1462245615.353031,-4386930.308165,-1531799.011003,4354787.963338,111.710394,-320.715594,-0.276964
1462245705.353031,-4376781.726710,-1560630.215292,4354762.794034,113.812792,-319.975546,-0.282394
1462245795.353031,-4366444.149384,-1589394.194801,4354737.136532,115.910287,-319.221716,-0.287812
1462245885.353031,-4355918.021443,-1618089.710621,4354710.991936,118.002790,-318.454136,-0.293218
1462245975.353031,-4345203.796265,-1646715.526793,4354684.361374,120.090211,-317.672840,-0.298611
1462246065.353031,-4334301.935326,-1675270.410357,4354657.245990,122.172459,-316.877861,-0.303992
1462246155.353031,-4323212.908188,-1703753.131410,4354629.646954,124.249445,-316.069234,-0.309359
1462246245.353031,-4311937.192471,-1732162.463158,4354601.565454,126.321079,-315.246994,-0.314713
1462246335.353031,-4300475.273838,-1760497.181967,4354573.002699,128.387272,-314.411175,-0.320054
1462246425.353031,-4288827.645972,-1788756.067416,4354543.959920,130.447936,-313.561814,-0.325380
1462246515.353031,-4276994.810554,-1816937.902352,4354514.438366,132.502981,-312.698948,-0.330693
1462246605.353031,-4264977.277242,-1845041.472938,4354484.439310,134.552319,-311.822613,-0.335991
1462246695.353031,-4252775.563650,-1873065.568711,4354453.964044,136.595861,-310.932847,-0.341275
1462246785.353031,-4240390.195325,-1901008.982630,4354423.013879,138.633521,-310.029689,-0.346545
1462246875.353031,-4227821.705723,-1928870.511129,4354391.590149,140.665209,-309.113177,-0.351799
1462246965.353031,-4215070.636189,-1956648.954167,4354359.694207,142.690838,-308.183352,-0.357038
1462247055.353031,-4202137.535931,-1984343.115285,4354327.327427,144.710321,-307.240253,-0.362262
1462247145.353031,-4189022.961998,-2011951.801653,4354294.491203,146.723572,-306.283920,-0.367470
1462247235.353031,-4175727.479255,-2039473.824120,4354261.186949,148.730503,-305.314395,-0.372663
1462247325.353031,-4162251.660358,-2066907.997272,4354227.416099,150.731028,-304.331720,-0.377839
1462247415.353031,-4148596.085732,-2094253.139475,4354193.180107,152.725060,-303.335937,-0.382999
1462247505.353031,-4134761.343544,-2121508.072932,4354158.480449,154.712515,-302.327088,-0.388142
1462247595.353031,-4120748.029677,-2148671.623731,4354123.318617,156.693305,-301.305218,-0.393269
1462247685.353031,-4106556.747707,-2175742.621896,4354087.696128,158.667347,-300.270371,-0.398379
1462247775.353031,-4092188.108873,-2202719.901437,4354051.614515,160.634555,-299.222590,-0.403472
1462247865.353031,-4077642.732055,-2229602.300400,4354015.075331,162.594844,-298.161921,-0.408547
1462247955.353031,-4062921.243746,-2256388.660919,4353978.080152,164.548130,-297.088410,-0.413605
1462248045.353031,-4048024.278022,-2283077.829264,4353940.630569,166.494328,-296.002102,-0.418645
1462248135.353031,-4032952.476518,-2309668.655890,4353902.728195,168.433355,-294.903046,-0.423667
1462248225.353031,-4017706.488401,-2336159.995491,4353864.374664,170.365128,-293.791288,-0.428671
1462248315.353031,-4002286.970339,-2362550.707043,4353825.571627,172.289562,-292.666875,-0.433656
1462248405.353031,-3986694.586474,-2388839.653857,4353786.320754,174.206576,-291.529857,-0.438622
1462248495.353031,-3970930.008394,-2415025.703627,4353746.623737,176.116087,-290.380282,-0.443570
1462248585.353031,-3954993.915104,-2441107.728479,4353706.482286,178.018012,-289.218201,-0.448499
1462248675.353031,-3938886.992996,-2467084.605021,4353665.898128,179.912269,-288.043662,-0.453408
1462248765.353031,-3922609.935820,-2492955.214388,4353624.873012,181.798777,-286.856716,-0.458298
1462248855.353031,-3906163.444654,-2518718.442293,4353583.408705,183.677455,-285.657415,-0.463168
1462248945.353031,-3889548.227874,-2544373.179073,4353541.506992,185.548222,-284.445811,-0.468018
1462249035.353031,-3872765.001123,-2569918.319740,4353499.169678,187.410997,-283.221955,-0.472847
1462249125.353031,-3855814.487280,-2595352.764024,4353456.398587,189.265700,-281.985900,-0.477657
1462249215.353031,-3838697.416431,-2620675.416425,4353413.195560,191.112251,-280.737700,-0.482446
1462249305.353031,-3821414.525834,-2645885.186256,4353369.562459,192.950570,-279.477408,-0.487214
1462249395.353031,-3803966.559889,-2670980.987695,4353325.501162,194.780578,-278.205078,-0.491961
1462249485.353031,-3786354.270108,-2695961.739825,4353281.013567,196.602198,-276.920766,-0.496687
1462249575.353031,-3768578.415079,-2720826.366687,4353236.101590,198.415349,-275.624526,-0.501392
1462249665.353031,-3750639.760435,-2745573.797324,4353190.767166,200.219954,-274.316414,-0.506075
1462249755.353031,-3732539.078823,-2770202.965824,4353145.012246,202.015935,-272.996488,-0.510736
1462249845.353031,-3714277.149866,-2794712.811372,4353098.838802,203.803215,-271.664803,-0.515375
1462249935.353031,-3695854.760135,-2819102.278290,4353052.248822,205.581717,-270.321417,-0.519992
1462250025.353031,-3677272.703109,-2843370.316086,4353005.244313,207.351365,-268.966387,-0.524587
1462250115.353031,-3658531.779147,-2867515.879499,4352957.827299,209.112081,-267.599773,-0.529159
1462250205.353031,-3639632.795449,-2891537.928541,4352909.999822,210.863791,-266.221633,-0.533708
1462250295.353031,-3620576.566024,-2915435.428545,4352861.763942,212.606418,-264.832027,-0.538234
1462250385.353031,-3601363.911653,-2939207.350210,4352813.121736,214.339888,-263.431014,-0.542737
1462250475.353031,-3581995.659855,-2962852.669641,4352764.075301,216.064126,-262.018654,-0.547217
1462250565.353031,-3562472.644850,-2986370.368398,4352714.626747,217.779058,-260.595009,-0.551673
1462250655.353031,-3542795.707524,-3009759.433538,4352664.778204,219.484610,-259.160140,-0.556105
1462250745.353031,-3522965.695395,-3033018.857657,4352614.531820,221.180708,-257.714108,-0.560514
1462250835.353031,-3502983.462570,-3056147.638935,4352563.889759,222.867280,-256.256976,-0.564898
1462250925.353031,-3482849.869716,-3079144.781181,4352512.854202,224.544252,-254.788806,-0.569258
1462251015.353031,-3462565.784018,-3102009.293871,4352461.427346,226.211553,-253.309663,-0.573594
1462251105.353031,-3442132.079142,-3124740.192196,4352409.611406,227.869111,-251.819609,-0.577904
1462251195.353031,-3421549.635200,-3147336.497100,4352357.408615,229.516854,-250.318709,-0.582190
1462251285.353031,-3400819.338710,-3169797.235326,4352304.821221,231.154711,-248.807027,-0.586451
1462251375.353031,-3379942.082557,-3192121.439455,4352251.851487,232.782613,-247.284629,-0.590686
1462251465.353031,-3358918.765958,-3214308.147949,4352198.501697,234.400488,-245.751579,-0.594896
1462251555.353031,-3337750.294417,-3236356.405191,4352144.774147,236.008266,-244.207945,-0.599081
1462251645.353031,-3316437.579696,-3258265.261530,4352090.671152,237.605880,-242.653792,-0.603239
1462251735.353031,-3294981.539765,-3280033.773317,4352036.195042,239.193260,-241.089188,-0.607372
1462251825.353031,-3273383.098769,-3301661.002948,4351981.348162,240.770337,-239.514200,-0.611479
1462251915.353031,-3251643.186986,-3323146.018905,4351926.132876,242.337044,-237.928896,-0.615559
1462252005.353031,-3229762.740788,-3344487.895795,4351870.551561,243.893313,-236.333344,-0.619612
1462252095.353031,-3207742.702600,-3365685.714391,4351814.606611,245.439077,-234.727612,-0.623639
1462252185.353031,-3185584.020858,-3386738.561669,4351758.300435,246.974270,-233.111770,-0.627639
1462252275.353031,-3163287.649971,-3407645.530851,4351701.635459,248.498825,-231.485888,-0.631612
1462252365.353031,-3140854.550279,-3428405.721441,4351644.614124,250.012677,-229.850035,-0.635558
1462252455.353031,-3118285.688010,-3449018.239265,4351587.238884,251.515760,-228.204283,-0.639477
1462252545.353031,-3095582.035239,-3469482.196511,4351529.512211,253.008010,-226.548701,-0.643368
1462252635.353031,-3072744.569848,-3489796.711764,4351471.436592,254.489363,-224.883362,-0.647231
1462252725.353031,-3049774.275481,-3509960.910046,4351413.014528,255.959755,-223.208336,-0.651066
1462252815.353031,-3026672.141506,-3529973.922855,4351354.248535,257.419122,-221.523696,-0.654874
1462252905.353031,-3003439.162967,-3549834.888198,4351295.141143,258.867401,-219.829516,-0.658653
1462252995.353031,-2980076.340543,-3569542.950633,4351235.694899,260.304531,-218.125866,-0.662404
1462253085.353031,-2956584.680508,-3589097.261304,4351175.912363,261.730449,-216.412822,-0.666126
1462253175.353031,-2932965.194684,-3608496.977976,4351115.796110,263.145094,-214.690456,-0.669819
1462253265.353031,-2909218.900399,-3627741.265072,4351055.348729,264.548405,-212.958844,-0.673484
1462253355.353031,-2885346.820442,-3646829.293712,4350994.572823,265.940321,-211.218059,-0.677120
1462253445.353031,-2861349.983020,-3665760.241745,4350933.471010,267.320783,-209.468176,-0.680726
1462253535.353031,-2837229.421715,-3684533.293786,4350872.045922,268.689731,-207.709271,-0.684303
1462253625.353031,-2812986.175437,-3703147.641249,4350810.300204,270.047106,-205.941420,-0.687851
1462253715.353031,-2788621.288379,-3721602.482386,4350748.236515,271.392850,-204.164699,-0.691369
1462253805.353031,-2764135.809975,-3739897.022319,4350685.857529,272.726904,-202.379184,-0.694858
1462253895.353031,-2739530.794852,-3758030.473074,4350623.165933,274.049212,-200.584952,-0.698316
1462253985.353031,-2714807.302787,-3776002.053614,4350560.164425,275.359715,-198.782081,-0.701744
1462254075.353031,-2689966.398658,-3793810.989876,4350496.855721,276.658359,-196.970648,-0.705142
1462254165.353031,-2665009.152402,-3811456.514800,4350433.242545,277.945087,-195.150731,-0.708510
1462254255.353031,-2639936.638965,-3828937.868368,4350369.327640,279.219843,-193.322409,-0.711847
1462254345.353031,-2614749.938260,-3846254.297631,4350305.113756,280.482573,-191.485760,-0.715154
1462254435.353031,-2589450.135117,-3863405.056741,4350240.603660,281.733221,-189.640863,-0.718430
1462254525.353031,-2564038.319237,-3880389.406991,4350175.800130,282.971736,-187.787798,-0.721674
1462254615.353031,-2538515.585147,-3897206.616837,4350110.705958,284.198062,-185.926645,-0.724888
1462254705.353031,-2512883.032150,-3913855.961937,4350045.323946,285.412147,-184.057484,-0.728071
1462254795.353031,-2487141.764281,-3930336.725176,4349979.656912,286.613939,-182.180395,-0.731222
1462254885.353031,-2461292.890254,-3946648.196704,4349913.707682,287.803386,-180.295459,-0.734341
1462254975.353031,-2435337.523421,-3962789.673960,4349847.479098,288.980437,-178.402758,-0.737429
1462255065.353031,-2409276.781721,-3978760.461705,4349780.974012,290.145042,-176.502373,-0.740486
1462255155.353031,-2383111.787629,-3994559.872053,4349714.195289,291.297149,-174.594385,-0.743510
1462255245.353031,-2356843.668112,-4010187.224498,4349647.145804,292.436710,-172.678878,-0.746502
1462255335.353031,-2330473.554578,-4025641.845946,4349579.828446,293.563675,-170.755932,-0.749463
1462255425.353031,-2304002.582830,-4040923.070744,4349512.246113,294.677995,-168.825633,-0.752390
1462255515.353031,-2277431.893013,-4056030.240704,4349444.401717,295.779624,-166.888061,-0.755286
1462255605.353031,-2250762.629568,-4070962.705138,4349376.298179,296.868512,-164.943301,-0.758149
1462255695.353031,-2223995.941180,-4085719.820881,4349307.938433,297.944615,-162.991437,-0.760979
1462255785.353031,-2197132.980734,-4100300.952322,4349239.325423,299.007884,-161.032553,-0.763777
1462255875.353031,-2170174.905257,-4114705.471427,4349170.462105,300.058274,-159.066733,-0.766541
1462255965.353031,-2143122.875876,-4128932.757774,4349101.351443,301.095741,-157.094062,-0.769273
1462256055.353031,-2115978.057764,-4142982.198569,4349031.996416,302.120239,-155.114624,-0.771972
1462256145.353031,-2088741.620090,-4156853.188682,4348962.400009,303.131724,-153.128505,-0.774637
1462256235.353031,-2061414.735969,-4170545.130668,4348892.565221,304.130153,-151.135791,-0.777269
1462256325.353031,-2033998.582414,-4184057.434794,4348822.495059,305.115482,-149.136567,-0.779867
1462256415.353031,-2006494.340279,-4197389.519064,4348752.192541,306.087670,-147.130919,-0.782432
1462256505.353031,-1978903.194214,-4210540.809244,4348681.660695,307.046674,-145.118935,-0.784963
1462256595.353031,-1951226.332615,-4223510.738887,4348610.902559,307.992452,-143.100700,-0.787460
1462256685.353031,-1923464.947565,-4236298.749360,4348539.921181,308.924966,-141.076301,-0.789924
1462256775.353031,-1895620.234790,-4248904.289862,4348468.719617,309.844173,-139.045826,-0.792353
1462256865.353031,-1867693.393606,-4261326.817453,4348397.300935,310.750035,-137.009362,-0.794748
1462256955.353031,-1839685.626864,-4273565.797076,4348325.668210,311.642512,-134.966997,-0.797109
1462257045.353031,-1811598.140903,-4285620.701579,4348253.824528,312.521567,-132.918819,-0.799436
1462257135.353031,-1783432.145493,-4297491.011738,4348181.772983,313.387160,-130.864915,-0.801728
1462257225.353031,-1755188.853788,-4309176.216281,4348109.516678,314.239256,-128.805375,-0.803986
1462257315.353031,-1726869.482270,-4320675.811908,4348037.058725,315.077817,-126.740287,-0.806209
1462257405.353031,-1698475.250698,-4331989.303313,4347964.402245,315.902807,-124.669741,-0.808398
1462257495.353031,-1670007.382056,-4343116.203207,4347891.550368,316.714190,-122.593824,-0.810551
1462257585.353031,-1641467.102499,-4354056.032337,4347818.506231,317.511933,-120.512628,-0.812670
1462257675.353031,-1612855.641300,-4364808.319508,4347745.272981,318.295999,-118.426240,-0.814753
1462257765.353031,-1584174.230800,-4375372.601602,4347671.853770,319.066356,-116.334752,-0.816802
1462257855.353031,-1555424.106351,-4385748.423598,4347598.251763,319.822970,-114.238253,-0.818815
1462257945.353031,-1526606.506266,-4395935.338595,4347524.470128,320.565809,-112.136834,-0.820794
1462258035.353031,-1497722.671764,-4405932.907826,4347450.512044,321.294841,-110.030584,-0.822736
1462258125.353031,-1468773.846915,-4415740.700680,4347376.380695,322.010034,-107.919596,-0.824644
1462258215.353031,-1439761.278590,-4425358.294720,4347302.079276,322.711357,-105.803959,-0.826515
1462258305.353031,-1410686.216406,-4434785.275701,4347227.610985,323.398781,-103.683765,-0.828352
1462258395.353031,-1381549.912670,-4444021.237590,4347152.979031,324.072276,-101.559106,-0.830152
1462258485.353031,-1352353.622329,-4453065.782578,4347078.186627,324.731812,-99.430072,-0.831917
1462258575.353031,-1323098.602910,-4461918.521104,4347003.236996,325.377362,-97.296755,-0.833646
1462258665.353031,-1293786.114475,-4470579.071865,4346928.133365,326.008897,-95.159248,-0.835339
1462258755.353031,-1264417.419556,-4479047.061839,4346852.878969,326.626390,-93.017642,-0.836996
1462258845.353031,-1234993.783109,-4487322.126296,4346777.477050,327.229815,-90.872030,-0.838617
1462258935.353031,-1205516.472455,-4495403.908816,4346701.930854,327.819146,-88.722503,-0.840202
1462259025.353031,-1175986.757228,-4503292.061304,4346626.243636,328.394357,-86.569155,-0.841751
1462259115.353031,-1146405.909318,-4510986.244006,4346550.418656,328.955424,-84.412079,-0.843263
1462259205.353031,-1116775.202818,-4518486.125521,4346474.459179,329.502322,-82.251367,-0.844739
1462259295.353031,-1087095.913969,-4525791.382817,4346398.368477,330.035028,-80.087112,-0.846179
1462259385.353031,-1057369.321102,-4532901.701246,4346322.149827,330.553519,-77.919407,-0.847582
1462259475.353031,-1027596.704590,-4539816.774555,4346245.806513,331.057772,-75.748347,-0.848949
1462259565.353031,-997779.346784,-4546536.304901,4346169.341822,331.547766,-73.574024,-0.850279
1462259655.353031,-967918.531963,-4553060.002864,4346092.759047,332.023480,-71.396532,-0.851573
1462259745.353031,-938015.546280,-4559387.587458,4346016.061488,332.484893,-69.215965,-0.852830
1462259835.353031,-908071.677703,-4565518.786144,4345939.252447,332.931985,-67.032416,-0.854050
1462259925.353031,-878088.215960,-4571453.334842,4345862.335234,333.364738,-64.845981,-0.855233
1462260015.353031,-848066.452484,-4577190.977941,4345785.313159,333.783132,-62.656752,-0.856380
1462260105.353031,-818007.680361,-4582731.468313,4345708.189542,334.187149,-60.464825,-0.857490
1462260195.353031,-787913.194267,-4588074.567319,4345630.967704,334.576773,-58.270293,-0.858562
1462260285.353031,-757784.290420,-4593220.044824,4345553.650970,334.951986,-56.073251,-0.859598
1462260375.353031,-727622.266516,-4598167.679205,4345476.242672,335.312772,-53.873795,-0.860597
1462260465.353031,-697428.421682,-4602917.257360,4345398.746142,335.659115,-51.672018,-0.861558
1462260555.353031,-667204.056413,-4607468.574716,4345321.164720,335.991001,-49.468015,-0.862483
1462260645.353031,-636950.472519,-4611821.435241,4345243.501745,336.308415,-47.261882,-0.863371
1462260735.353031,-606668.973068,-4615975.651450,4345165.760564,336.611345,-45.053713,-0.864221
1462260825.353031,-576360.862333,-4619931.044416,4345087.944525,336.899775,-42.843603,-0.865034
1462260915.353031,-546027.445729,-4623687.443774,4345010.056979,337.173695,-40.631648,-0.865810
1462261005.353031,-515670.029764,-4627244.687728,4344932.101281,337.433092,-38.417944,-0.866548
1462261095.353031,-485289.921980,-4630602.623064,4344854.080788,337.677956,-36.202584,-0.867249
1462261185.353031,-454888.430894,-4633761.105150,4344775.998862,337.908275,-33.985665,-0.867913
1462261275.353031,-424466.865945,-4636719.997945,4344697.858864,338.124040,-31.767282,-0.868539
1462261365.353031,-394026.537438,-4639479.174005,4344619.664161,338.325242,-29.547531,-0.869128
1462261455.353031,-363568.756484,-4642038.514487,4344541.418121,338.511871,-27.326508,-0.869680
1462261545.353031,-333094.834947,-4644397.909158,4344463.124114,338.683920,-25.104307,-0.870194
1462261635.353031,-302606.085386,-4646557.256394,4344384.785511,338.841381,-22.881025,-0.870671
1462261725.353031,-272103.820999,-4648516.463189,4344306.405688,338.984248,-20.656757,-0.871110
1462261815.353031,-241589.355565,-4650275.445157,4344227.988019,339.112515,-18.431600,-0.871511
1462261905.353031,-211064.003390,-4651834.126536,4344149.535883,339.226175,-16.205649,-0.871876
1462261995.353031,-180529.079248,-4653192.440191,4344071.052658,339.325224,-13.979000,-0.872202
1462262085.353031,-149985.898325,-4654350.327616,4343992.541725,339.409659,-11.751749,-0.872491
1462262175.353031,-119435.776163,-4655307.738941,4343914.006466,339.479474,-9.523992,-0.872742
1462262265.353031,-88880.028603,-4656064.632928,4343835.450262,339.534667,-7.295824,-0.872956
1462262355.353031,-58319.971729,-4656620.976977,4343756.876498,339.575236,-5.067342,-0.873132
1462262445.353031,-27756.921809,-4656976.747124,4343678.288558,339.601179,-2.838642,-0.873271
1462262535.353031,2807.804758,-4657131.928046,4343599.689826,339.612495,-0.609820,-0.873372
1462262625.353031,33372.891503,-4657086.513059,4343521.083688,339.609183,1.619029,-0.873435
1462262715.353031,63937.021940,-4656840.504120,4343442.473529,339.591243,3.847807,-0.873461
1462262805.353031,94498.879625,-4656393.911824,4343363.862736,339.558677,6.076420,-0.873449
1462262895.353031,125057.148211,-4655746.755407,4343285.254695,339.511486,8.304772,-0.873400
1462262985.353031,155610.511507,-4654899.062742,4343206.652790,339.449671,10.532766,-0.873312
1462263075.353031,186157.653531,-4653850.870341,4343128.060408,339.373236,12.760306,-0.873188
1462263165.353031,216697.258571,-4652602.223352,4343049.480933,339.282183,14.987296,-0.873025
1462263255.353031,247228.011239,-4651153.175556,4342970.917750,339.176517,17.213641,-0.872825
1462263345.353031,277748.596528,-4649503.789364,4342892.374243,339.056242,19.439244,-0.872588
1462263435.353031,308257.699870,-4647654.135820,4342813.853795,338.921364,21.664011,-0.872313
1462263525.353031,338754.007190,-4645604.294589,4342735.359788,338.771887,23.887844,-0.872000
1462263615.353031,369236.204965,-4643354.353963,4342656.895602,338.607820,26.110648,-0.871650
1462263705.353031,399702.980280,-4640904.410849,4342578.464618,338.429167,28.332327,-0.871262
1462263795.353031,430153.020883,-4638254.570771,4342500.070213,338.235938,30.552787,-0.870837
1462263885.353031,460585.015244,-4635404.947860,4342421.715763,338.028141,32.771930,-0.870374
1462263975.353031,490997.652611,-4632355.664855,4342343.404644,337.805785,34.989662,-0.869874
1462264065.353031,521389.623063,-4629106.853093,4342265.140229,337.568878,37.205886,-0.869336
1462264155.353031,551759.617571,-4625658.652506,4342186.925889,337.317432,39.420509,-0.868761
1462264245.353031,582106.328054,-4622011.211612,4342108.764992,337.051457,41.633433,-0.868148
1462264335.353031,612428.447431,-4618164.687513,4342030.660905,336.770965,43.844564,-0.867498
1462264425.353031,642724.669681,-4614119.245883,4341952.616991,336.475967,46.053807,-0.866810
1462264515.353031,672993.689900,-4609875.060968,4341874.636613,336.166478,48.261066,-0.866086
1462264605.353031,703234.204353,-4605432.315570,4341796.723129,335.842508,50.466246,-0.865324
1462264695.353031,733444.910536,-4600791.201045,4341718.879896,335.504074,52.669253,-0.864524
1462264785.353031,763624.507226,-4595951.917293,4341641.110264,335.151189,54.869991,-0.863688
1462264875.353031,793771.694541,-4590914.672750,4341563.417586,334.783868,57.068366,-0.862814
1462264965.353031,823885.173996,-4585679.684378,4341485.805206,334.402128,59.264282,-0.861903
1462265055.353031,853963.648556,-4580247.177655,4341408.276467,334.005984,61.457646,-0.860955
1462265145.353031,884005.822696,-4574617.386568,4341330.834710,333.595455,63.648364,-0.859970
1462265235.353031,914010.402450,-4568790.553600,4341253.483268,333.170557,65.836339,-0.858948
1462265325.353031,943976.095478,-4562766.929724,4341176.225475,332.731308,68.021479,-0.857889
1462265415.353031,973901.611108,-4556546.774384,4341099.064658,332.277729,70.203689,-0.856792
1462265505.353031,1003785.660404,-4550130.355494,4341022.004140,331.809838,72.382876,-0.855659
1462265595.353031,1033626.956213,-4543517.949418,4340945.047239,331.327655,74.558945,-0.854490
1462265685.353031,1063424.213224,-4536709.840962,4340868.197272,330.831201,76.731802,-0.853283
1462265775.353031,1093176.148024,-4529706.323363,4340791.457548,330.320498,78.901354,-0.852040
1462265865.353031,1122881.479150,-4522507.698273,4340714.831372,329.795568,81.067508,-0.850759
1462265955.353031,1152538.927148,-4515114.275747,4340638.322044,329.256432,83.230171,-0.849443
1462266045.353031,1182147.214626,-4507526.374232,4340561.932861,328.703116,85.389248,-0.848089
1462266135.353031,1211705.066309,-4499744.320551,4340485.667111,328.135641,87.544648,-0.846699
1462266225.353031,1241211.209094,-4491768.449888,4340409.528081,327.554033,89.696277,-0.845273
1462266315.353031,1270664.372107,-4483599.105777,4340333.519049,326.958317,91.844042,-0.843810
1462266405.353031,1300063.286753,-4475236.640084,4340257.643290,326.348518,93.987852,-0.842311
1462266495.353031,1329406.686778,-4466681.412993,4340181.904071,325.724663,96.127614,-0.840776
1462266585.353031,1358693.308314,-4457933.792991,4340106.304654,325.086779,98.263235,-0.839204
1462266675.353031,1387921.889941,-4448994.156852,4340030.848297,324.434892,100.394624,-0.837596
1462266765.353031,1417091.172741,-4439862.889619,4339955.538248,323.769032,102.521688,-0.835953
1462266855.353031,1446199.900345,-4430540.384591,4339880.377752,323.089226,104.644337,-0.834273
1462266945.353031,1475246.818997,-4421027.043302,4339805.370046,322.395504,106.762479,-0.832557
1462267035.353031,1504230.677600,-4411323.275506,4339730.518360,321.687896,108.876022,-0.830805
1462267125.353031,1533150.227776,-4401429.499161,4339655.825919,320.966433,110.984876,-0.829018
1462267215.353031,1562004.223914,-4391346.140405,4339581.295940,320.231145,113.088949,-0.827195
1462267305.353031,1590791.423228,-4381073.633545,4339506.931632,319.482065,115.188152,-0.825336
1462267395.353031,1619510.585809,-4370612.421034,4339432.736200,318.719223,117.282393,-0.823442
1462267485.353031,1648160.474678,-4359962.953452,4339358.712838,317.942654,119.371583,-0.821512
1462267575.353031,1676739.855840,-4349125.689488,4339284.864735,317.152391,121.455631,-0.819547
1462267665.353031,1705247.498337,-4338101.095920,4339211.195072,316.348467,123.534448,-0.817547
1462267755.353031,1733682.174301,-4326889.647595,4339137.707021,315.530918,125.607944,-0.815511
1462267845.353031,1762042.659006,-4315491.827406,4339064.403748,314.699779,127.676030,-0.813440
1462267935.353031,1790327.730922,-4303908.126276,4338991.288411,313.855085,129.738617,-0.811334
1462268025.353031,1818536.171768,-4292139.043133,4338918.364159,312.996872,131.795616,-0.809194
1462268115.353031,1846666.766562,-4280185.084888,4338845.634131,312.125179,133.846938,-0.807018
1462268205.353031,1874718.303676,-4268046.766418,4338773.101462,311.240041,135.892495,-0.804808
1462268295.353031,1902689.574887,-4255724.610539,4338700.769276,310.341498,137.932199,-0.802563
1462268385.353031,1930579.375429,-4243219.147985,4338628.640687,309.429588,139.965962,-0.800283
1462268475.353031,1958386.504046,-4230530.917385,4338556.718802,308.504351,141.993697,-0.797969
1462268565.353031,1986109.763040,-4217660.465242,4338485.006720,307.565826,144.015315,-0.795621
1462268655.353031,2013747.958329,-4204608.345905,4338413.507529,306.614053,146.030731,-0.793238
1462268745.353031,2041299.899493,-4191375.121551,4338342.224309,305.649074,148.039857,-0.790821
1462268835.353031,2068764.399827,-4177961.362153,4338271.160129,304.670931,150.042606,-0.788370
1462268925.353031,2096140.276392,-4164367.645464,4338200.318052,303.679664,152.038893,-0.785885
1462269015.353031,2123426.350068,-4150594.556986,4338129.701128,302.675318,154.028632,-0.783366
1462269105.353031,2150621.445600,-4136642.689946,4338059.312398,301.657935,156.011736,-0.780814
1462269195.353031,2177724.391654,-4122512.645275,4337989.154895,300.627559,157.988121,-0.778228
1462269285.353031,2204734.020864,-4108205.031574,4337919.231641,299.584235,159.957700,-0.775608
1462269375.353031,2231649.169884,-4093720.465095,4337849.545646,298.528007,161.920390,-0.772955
1462269465.353031,2258468.679436,-4079059.569710,4337780.099914,297.458921,163.876106,-0.770269
1462269555.353031,2285191.394364,-4064222.976887,4337710.897434,296.377023,165.824764,-0.767549
1462269645.353031,2311816.163677,-4049211.325660,4337641.941188,295.282359,167.766279,-0.764797
1462269735.353031,2338341.840606,-4034025.262606,4337573.234145,294.174978,169.700568,-0.762011
1462269825.353031,2364767.282650,-4018665.441811,4337504.779265,293.054926,171.627548,-0.759193
1462269915.353031,2391091.351623,-4003132.524846,4337436.579497,291.922251,173.547136,-0.756342
1462270005.353031,2417312.913708,-3987427.180738,4337368.637778,290.777003,175.459249,-0.753458
1462270095.353031,2443430.839500,-3971550.085940,4337300.957034,289.619231,177.363804,-0.750542
1462270185.353031,2469444.004061,-3955501.924305,4337233.540181,288.448984,179.260721,-0.747594
1462270275.353031,2495351.286963,-3939283.387050,4337166.390123,287.266313,181.149916,-0.744613
1462270365.353031,2521151.572340,-3922895.172734,4337099.509751,286.071270,183.031308,-0.741600
1462270455.353031,2546843.748933,-3906337.987221,4337032.901946,284.863904,184.904818,-0.738556
1462270545.353031,2572426.710140,-3889612.543657,4336966.569577,283.644270,186.770363,-0.735479
1462270635.353031,2597899.354064,-3872719.562430,4336900.515502,282.412418,188.627864,-0.732371
1462270725.353031,2623260.583560,-3855659.771149,4336834.742566,281.168402,190.477240,-0.729232
1462270815.353031,2648509.306278,-3838433.904606,4336769.253601,279.912276,192.318412,-0.726061
1462270905.353031,2673644.434718,-3821042.704743,4336704.051428,278.644094,194.151300,-0.722858
1462270995.353031,2698664.886271,-3803486.920628,4336639.138856,277.363910,195.975826,-0.719625
1462271085.353031,2723569.583268,-3785767.308416,4336574.518681,276.071780,197.791912,-0.716360
1462271175.353031,2748357.453024,-3767884.631317,4336510.193685,274.767759,199.599478,-0.713065
1462271265.353031,2773027.427888,-3749839.659566,4336446.166640,273.451903,201.398446,-0.709739
1462271355.353031,2797578.445286,-3731633.170388,4336382.440304,272.124269,203.188741,-0.706382
1462271445.353031,2822009.447767,-3713265.947965,4336319.017421,270.784914,204.970284,-0.702995
1462271535.353031,2846319.383050,-3694738.783401,4336255.900722,269.433896,206.742998,-0.699578
1462271625.353031,2870507.204069,-3676052.474690,4336193.092928,268.071274,208.506807,-0.696131
1462271715.353031,2894571.869018,-3657207.826681,4336130.596742,266.697105,210.261636,-0.692653
1462271805.353031,2918512.341393,-3638205.651040,4336068.414857,265.311449,212.007409,-0.689146
1462271895.353031,2942327.590042,-3619046.766222,4336006.549951,263.914365,213.744050,-0.685609
1462271985.353031,2966016.589204,-3599731.997430,4335945.004689,262.505915,215.471485,-0.682043
1462272075.353031,2989578.318559,-3580262.176580,4335883.781722,261.086157,217.189639,-0.678447
1462272165.353031,3013011.763266,-3560638.142267,4335822.883686,259.655155,218.898438,-0.674822
1462272255.353031,3036315.914010,-3540860.739730,4335762.313205,258.212969,220.597809,-0.671168
1462272345.353031,3059489.767046,-3520930.820811,4335702.072888,256.759661,222.287679,-0.667484
1462272435.353031,3082532.324239,-3500849.243924,4335642.165330,255.295294,223.967974,-0.663773
1462272525.353031,3105442.593112,-3480616.874012,4335582.593110,253.819931,225.638623,-0.660032
1462272615.353031,3128219.586884,-3460234.582515,4335523.358794,252.333635,227.299553,-0.656263
1462272705.353031,3150862.324513,-3439703.247330,4335464.464935,250.836472,228.950693,-0.652466
1462272795.353031,3173369.830744,-3419023.752773,4335405.914069,249.328504,230.591972,-0.648641
1462272885.353031,3195741.136141,-3398196.989543,4335347.708718,247.809797,232.223319,-0.644788
1462272975.353031,3217975.277140,-3377223.854680,4335289.851388,246.280417,233.844663,-0.640907
1462273065.353031,3240071.296080,-3356105.251529,4335232.344572,244.740429,235.455936,-0.636999
1462273155.353031,3262028.241252,-3334842.089702,4335175.190747,243.189900,237.057067,-0.633063
1462273245.353031,3283845.166937,-3313435.285035,4335118.392375,241.628896,238.647987,-0.629100
1462273335.353031,3305521.133446,-3291885.759554,4335061.951902,240.057485,240.228629,-0.625109
1462273425.353031,3327055.207162,-3270194.441429,4335005.871760,238.475734,241.798924,-0.621092
1462273515.353031,3348446.460578,-3248362.264939,4334950.154363,236.883712,243.358804,-0.617048
1462273605.353031,3369693.972341,-3226390.170430,4334894.802111,235.281487,244.908202,-0.612978
1462273695.353031,3390796.827286,-3204279.104273,4334839.817390,233.669128,246.447051,-0.608881
1462273785.353031,3411754.116483,-3182030.018827,4334785.202567,232.046704,247.975286,-0.604757
1462273875.353031,3432564.937267,-3159643.872395,4334730.959994,230.414286,249.492840,-0.600608
1462273965.353031,3453228.393284,-3137121.629182,4334677.092008,228.771943,250.999648,-0.596433
1462274055.353031,3473743.594528,-3114464.259256,4334623.600930,227.119747,252.495645,-0.592232
1462274145.353031,3494109.657377,-3091672.738505,4334570.489063,225.457769,253.980767,-0.588006
1462274235.353031,3514325.704633,-3068748.048595,4334517.758695,223.786079,255.454949,-0.583754
1462274325.353031,3534390.865560,-3045691.176929,4334465.412097,222.104751,256.918129,-0.579477
1462274415.353031,3554304.275921,-3022503.116600,4334413.451525,220.413857,258.370242,-0.575176
1462274505.353031,3574065.078014,-2999184.866356,4334361.879215,218.713468,259.811228,-0.570849
1462274595.353031,3593672.420710,-2975737.430549,4334310.697390,217.003660,261.241022,-0.566498
1462274685.353031,3613125.459491,-2952161.819096,4334259.908254,215.284505,262.659565,-0.562123
1462274775.353031,3632423.356485,-2928459.047436,4334209.513994,213.556077,264.066795,-0.557723
1462274865.353031,3651565.280502,-2904630.136483,4334159.516782,211.818451,265.462650,-0.553299
1462274955.353031,3670550.407069,-2880676.112586,4334109.918771,210.071702,266.847072,-0.548852
1462275045.353031,3689377.918467,-2856598.007481,4334060.722097,208.315904,268.220001,-0.544380
1462275135.353031,3708047.003767,-2832396.858251,4334011.928880,206.551134,269.581376,-0.539886
1462275225.353031,3726556.858861,-2808073.707275,4333963.541220,204.777468,270.931141,-0.535368
1462275315.353031,3744906.686503,-2783629.602190,4333915.561203,202.994982,272.269236,-0.530827
1462275405.353031,3763095.696337,-2759065.595841,4333867.990895,201.203752,273.595604,-0.526263
1462275495.353031,3781123.104933,-2734382.746238,4333820.832345,199.403856,274.910188,-0.521677
1462275585.353031,3798988.135824,-2709582.116509,4333774.087583,197.595371,276.212931,-0.517068
1462275675.353031,3816690.019534,-2684664.774856,4333727.758625,195.778376,277.503777,-0.512436
1462275765.353031,3834227.993618,-2659631.794508,4333681.847465,193.952948,278.782670,-0.507783
1462275855.353031,3851601.302686,-2634484.253673,4333636.356080,192.119167,280.049556,-0.503108
1462275945.353031,3868809.198444,-2609223.235496,4333591.286431,190.277110,281.304380,-0.498411
1462276035.353031,3885850.939720,-2583849.828006,4333546.640459,188.426858,282.547087,-0.493693
1462276125.353031,3902725.792502,-2558365.124077,4333502.420086,186.568490,283.777625,-0.488953
1462276215.353031,3919433.029962,-2532770.221374,4333458.627218,184.702086,284.995940,-0.484192
1462276305.353031,3935971.932495,-2507066.222309,4333415.263740,182.827727,286.201980,-0.479411
1462276395.353031,3952341.787744,-2481254.233993,4333372.331521,180.945494,287.395693,-0.474609
1462276485.353031,3968541.890634,-2455335.368188,4333329.832410,179.055466,288.577027,-0.469786
1462276575.353031,3984571.543402,-2429310.741261,4333287.768237,177.157727,289.745932,-0.464943
1462276665.353031,4000430.055626,-2403181.474131,4333246.140815,175.252357,290.902356,-0.460080
1462276755.353031,4016116.744255,-2376948.692227,4333204.951936,173.339438,292.046252,-0.455198
1462276845.353031,4031630.933639,-2350613.525437,4333164.203374,171.419054,293.177568,-0.450295
1462276935.353031,4046971.955559,-2324177.108055,4333123.896885,169.491286,294.296257,-0.445374
1462277025.353031,4062139.149253,-2297640.578739,4333084.034205,167.556218,295.402270,-0.440433
1462277115.353031,4077131.861445,-2271005.080459,4333044.617052,165.613933,296.495559,-0.435473
1462277205.353031,4091949.446378,-2244271.760447,4333005.647122,163.664515,297.576078,-0.430494
1462277295.353031,4106591.265835,-2217441.770149,4332967.126094,161.708048,298.643780,-0.425497
1462277385.353031,4121056.689170,-2190516.265173,4332929.055628,159.744616,299.698619,-0.420482
1462277475.353031,4135345.093334,-2163496.405243,4332891.437364,157.774303,300.740549,-0.415448
1462277565.353031,4149455.862905,-2136383.354146,4332854.272922,155.797194,301.769526,-0.410397
1462277655.353031,4163388.390109,-2109178.279684,4332817.563902,153.813376,302.785506,-0.405327
1462277745.353031,4177142.074851,-2081882.353620,4332781.311887,151.822932,303.788443,-0.400241
1462277835.353031,4190716.324739,-2054496.751633,4332745.518437,149.825949,304.778297,-0.395137
1462277925.353031,4204110.555109,-2027022.653263,4332710.185095,147.822512,305.755023,-0.390016
1462278015.353031,4217324.189051,-1999461.241861,4332675.313382,145.812709,306.718579,-0.384878
1462278105.353031,4230356.657432,-1971813.704542,4332640.904800,143.796625,307.668925,-0.379724
1462278195.353031,4243207.398925,-1944081.232126,4332606.960832,141.774348,308.606019,-0.374554
1462278285.353031,4255875.860028,-1916265.019094,4332573.482940,139.745965,309.529821,-0.369367
1462278375.353031,4268361.495091,-1888366.263534,4332540.472565,137.711562,310.440291,-0.364164
1462278465.353031,4280663.766339,-1860386.167089,4332507.931130,135.671228,311.337390,-0.358946
1462278555.353031,4292782.143893,-1832325.934903,4332475.860037,133.625050,312.221079,-0.353712
1462278645.353031,4304716.105796,-1804186.775576,4332444.260666,131.573117,313.091320,-0.348463
1462278735.353031,4316465.138035,-1775969.901104,4332413.134380,129.515517,313.948076,-0.343199
1462278825.353031,4328028.734560,-1747676.526832,4332382.482518,127.452338,314.791309,-0.337920
1462278915.353031,4339406.397309,-1719307.871399,4332352.306402,125.383670,315.620984,-0.332627
1462279005.353031,4350597.636229,-1690865.156687,4332322.607330,123.309601,316.437065,-0.327319
1462279095.353031,4361601.969296,-1662349.607767,4332293.386583,121.230221,317.239517,-0.321997
1462279185.353031,4372418.922537,-1633762.452850,4332264.645419,119.145620,318.028304,-0.316661
1462279275.353031,4383048.030048,-1605104.923226,4332236.385076,117.055887,318.803393,-0.311312
1462279365.353031,4393488.834017,-1576378.253222,4332208.606771,114.961112,319.564751,-0.305949
1462279455.353031,4403740.884743,-1547583.680139,4332181.311702,112.861385,320.312345,-0.300573
1462279545.353031,4413803.740654,-1518722.444204,4332154.501043,110.756798,321.046143,-0.295185
1462279635.353031,4423676.968328,-1489795.788515,4332128.175949,108.647440,321.766112,-0.289783
1462279725.353031,4433360.142509,-1460804.958987,4332102.337556,106.533402,322.472223,-0.284369
1462279815.353031,4442852.846128,-1431751.204301,4332076.986975,104.414776,323.164444,-0.278943
1462279905.353031,4452154.670320,-1402635.775847,4332052.125299,102.291652,323.842746,-0.273504
1462279995.353031,4461265.214441,-1373459.927672,4332027.753598,100.164123,324.507100,-0.268054
1462280085.353031,4470184.086085,-1344224.916424,4332003.872923,98.032279,325.157476,-0.262593
1462280175.353031,4478910.901104,-1314932.001302,4331980.484302,95.896213,325.793848,-0.257120
1462280265.353031,4487445.283619,-1285582.443994,4331957.588743,93.756016,326.416187,-0.251635
1462280355.353031,4495786.866042,-1256177.508634,4331935.187231,91.611782,327.024467,-0.246141
1462280445.353031,4503935.289088,-1226718.461737,4331913.280733,89.463601,327.618661,-0.240635
1462280535.353031,4511890.201791,-1197206.572149,4331891.870191,87.311567,328.198745,-0.235119
1462280625.353031,4519651.261522,-1167643.110994,4331870.956529,85.155773,328.764692,-0.229593
1462280715.353031,4527218.134000,-1138029.351615,4331850.540646,82.996311,329.316479,-0.224057
1462280805.353031,4534590.493307,-1108366.569523,4331830.623422,80.833273,329.854082,-0.218512
1462280895.353031,4541768.021905,-1078656.042340,4331811.205716,78.666755,330.377477,-0.212957
1462280985.353031,4548750.410647,-1048899.049745,4331792.288364,76.496848,330.886643,-0.207393
1462281075.353031,4555537.358791,-1019096.873416,4331773.872180,74.323646,331.381557,-0.201820
1462281165.353031,4562128.574011,-989250.796981,4331755.957958,72.147243,331.862197,-0.196238
1462281255.353031,4568523.772415,-959362.105955,4331738.546471,69.967732,332.328544,-0.190648
1462281345.353031,4574722.678551,-929432.087692,4331721.638467,67.785208,332.780577,-0.185049
1462281435.353031,4580725.025424,-899462.031322,4331705.234675,65.599764,333.218277,-0.179443
1462281525.353031,4586530.554501,-869453.227703,4331689.335803,63.411495,333.641624,-0.173829
1462281615.353031,4592139.015732,-839406.969361,4331673.942534,61.220495,334.050601,-0.168207
1462281705.353031,4597550.167550,-809324.550434,4331659.055532,59.026857,334.445190,-0.162578
1462281795.353031,4602763.776888,-779207.266619,4331644.675439,56.830677,334.825373,-0.156943
1462281885.353031,4607779.619190,-749056.415114,4331630.802873,54.632050,335.191136,-0.151300
1462281975.353031,4612597.478414,-718873.294562,4331617.438433,52.431069,335.542461,-0.145651
1462282065.353031,4617217.147048,-688659.204998,4331604.582695,50.227830,335.879333,-0.139995
1462282155.353031,4621638.426116,-658415.447789,4331592.236211,48.022428,336.201739,-0.134334
1462282245.353031,4625861.125187,-628143.325580,4331580.399514,45.814957,336.509664,-0.128667
1462282335.353031,4629885.062382,-597844.142239,4331569.073115,43.605513,336.803096,-0.122994
1462282425.353031,4633710.064385,-567519.202798,4331558.257500,41.394191,337.082020,-0.117316
1462282515.353031,4637335.966446,-537169.813401,4331547.953136,39.181086,337.346426,-0.111633
1462282605.353031,4640762.612393,-506797.281240,4331538.160468,36.966293,337.596302,-0.105945
1462282695.353031,4643989.854634,-476402.914510,4331528.879916,34.749909,337.831637,-0.100252
1462282785.353031,4647017.554168,-445988.022341,4331520.111881,32.532027,338.052421,-0.094556
1462282875.353031,4649845.580587,-415553.914751,4331511.856740,30.312744,338.258645,-0.088855
1462282965.353031,4652473.812082,-385101.902584,4331504.114850,28.092156,338.450299,-0.083150
1462283055.353031,4654902.135454,-354633.297456,4331496.886543,25.870357,338.627376,-0.077442
1462283145.353031,4657130.446109,-324149.411695,4331490.172132,23.647445,338.789868,-0.071730
1462283235.353031,4659158.648071,-293651.558290,4331483.971905,21.423513,338.937767,-0.066015
1462283325.353031,4660986.653982,-263141.050832,4331478.286130,19.198659,339.071068,-0.060298
1462283415.353031,4662614.385108,-232619.203455,4331473.115052,16.972979,339.189764,-0.054578
1462283505.353031,4664041.771339,-202087.330781,4331468.458893,14.746567,339.293851,-0.048855
1462283595.353031,4665268.751196,-171546.747867,4331464.317855,12.519520,339.383324,-0.043130
1462283685.353031,4666295.271832,-140998.770142,4331460.692116,10.291933,339.458180,-0.037404
1462283775.353031,4667121.289031,-110444.713355,4331457.581832,8.063904,339.518414,-0.031676
1462283865.353031,4667746.767217,-79885.893516,4331454.987137,5.835527,339.564025,-0.025946
1462283955.353031,4668171.679449,-49323.626842,4331452.908144,3.606898,339.595010,-0.020216
1462284045.353031,4668396.007426,-18759.229696,4331451.344941,1.378115,339.611369,-0.014484
1462284135.353031,4668419.741486,11805.981465,4331450.297597,-0.850728,339.613099,-0.008752
1462284225.353031,4668242.880606,42370.690151,4331449.766156,-3.079535,339.600203,-0.003020
1462284315.353031,4667865.432404,72933.579893,4331449.750643,-5.308208,339.572679,0.002713
1462284405.353031,4667287.413137,103493.334299,4331450.251056,-7.536653,339.530529,0.008445
1462284495.353031,4666508.847702,134048.637113,4331451.267376,-9.764774,339.473755,0.014177
1462284585.353031,4665529.769633,164598.172272,4331452.799558,-11.992474,339.402359,0.019909
1462284675.353031,4664350.221101,195140.623959,4331454.847536,-14.219657,339.316345,0.025640
1462284765.353031,4662970.252909,225674.676663,4331457.411223,-16.446228,339.215716,0.031369
1462284855.353031,4661389.924497,256199.015237,4331460.490508,-18.672090,339.100476,0.037097
1462284945.353031,4659609.303930,286712.324949,4331464.085259,-20.897149,338.970631,0.042824
1462285035.353031,4657628.467904,317213.291544,4331468.195321,-23.121307,338.826185,0.048549
1462285125.353031,4655447.501736,347700.601297,4331472.820518,-25.344469,338.667146,0.054271
1462285215.353031,4653066.499363,378172.941074,4331477.960649,-27.566540,338.493521,0.059992
1462285305.353031,4650485.563340,408628.998384,4331483.615494,-29.787423,338.305315,0.065710
1462285395.353031,4647704.804830,439067.461436,4331489.784810,-32.007024,338.102538,0.071424
1462285485.353031,4644724.343607,469487.019199,4331496.468330,-34.225245,337.885199,0.077136
1462285575.353031,4641544.308042,499886.361456,4331503.665768,-36.441993,337.653307,0.082845
1462285665.353031,4638164.835105,530264.178860,4331511.376813,-38.657171,337.406871,0.088550
1462285755.353031,4634586.070356,560619.162992,4331519.601133,-40.870684,337.145902,0.094251
1462285845.353031,4630808.167937,590950.006414,4331528.338374,-43.082437,336.870412,0.099948
1462285935.353031,4626831.290568,621255.402732,4331537.588160,-45.292334,336.580413,0.105641
1462286025.353031,4622655.609540,651534.046643,4331547.350093,-47.500280,336.275917,0.111329
1462286115.353031,4618281.304706,681784.634001,4331557.623753,-49.706180,335.956936,0.117013
1462286205.353031,4613708.564474,712005.861866,4331568.408696,-51.909940,335.623486,0.122691
1462286295.353031,4608937.585799,742196.428562,4331579.704460,-54.111463,335.275580,0.128364
1462286385.353031,4603968.574174,772355.033735,4331591.510556,-56.310656,334.913232,0.134032
1462286475.353031,4598801.743624,802480.378408,4331603.826478,-58.507424,334.536460,0.139693
1462286565.353031,4593437.316691,832571.165035,4331616.651694,-60.701671,334.145279,0.145349
1462286655.353031,4587875.524429,862626.097559,4331629.985653,-62.893304,333.739705,0.150999
1462286745.353031,4582116.606393,892643.881468,4331643.827779,-65.082228,333.319757,0.156642
1462286835.353031,4576160.810630,922623.223849,4331658.177478,-67.268349,332.885452,0.162278
1462286925.353031,4570008.393664,952562.833446,4331673.034132,-69.451573,332.436809,0.167908
1462287015.353031,4563659.620490,982461.420713,4331688.397099,-71.631805,331.973848,0.173530
1462287105.353031,4557114.764559,1012317.697873,4331704.265720,-73.808951,331.496588,0.179144
1462287195.353031,4550374.107769,1042130.378967,4331720.639310,-75.982919,331.005050,0.184751
1462287285.353031,4543437.940450,1071898.179920,4331737.517165,-78.153614,330.499255,0.190350
1462287375.353031,4536306.561353,1101619.818584,4331754.898557,-80.320943,329.979225,0.195941
1462287465.353031,4528980.277638,1131294.014804,4331772.782739,-82.484813,329.444982,0.201523
1462287555.353031,4521459.404860,1160919.490465,4331791.168940,-84.645129,328.896550,0.207097
1462287645.353031,4513744.266955,1190494.969553,4331810.056368,-86.801800,328.333951,0.212662
1462287735.353031,4505835.196225,1220019.178206,4331829.444209,-88.954732,327.757211,0.218217
1462287825.353031,4497732.533326,1249490.844770,4331849.331630,-91.103833,327.166353,0.223763
1462287915.353031,4489436.627253,1278908.699855,4331869.717774,-93.249009,326.561404,0.229300
1462288005.353031,4480947.835323,1308271.476389,4331890.601762,-95.390170,325.942390,0.234826
1462288095.353031,4472266.523162,1337577.909671,4331911.982695,-97.527221,325.309337,0.240343
1462288185.353031,4463393.064687,1366826.737428,4331933.859653,-99.660072,324.662272,0.245849
1462288275.353031,4454327.842092,1396016.699867,4331956.231693,-101.788631,324.001223,0.251345
1462288365.353031,4445071.245831,1425146.539732,4331979.097852,-103.912805,323.326219,0.256830
1462288455.353031,4435623.674599,1454215.002355,4332002.457145,-106.032504,322.637289,0.262303
1462288545.353031,4425985.535318,1483220.835713,4332026.308567,-108.147636,321.934463,0.267766
1462288635.353031,4416157.243117,1512162.790479,4332050.651089,-110.258109,321.217770,0.273217
1462288725.353031,4406139.221317,1541039.620079,4332075.483664,-112.363834,320.487242,0.278656
1462288815.353031,4395931.901409,1569850.080743,4332100.805223,-114.464719,319.742910,0.284083
1462288905.353031,4385535.723038,1598592.931560,4332126.614674,-116.560673,318.984806,0.289498
1462288995.353031,4374951.133984,1627266.934530,4332152.910907,-118.651608,318.212964,0.294900
1462289085.353031,4364178.590142,1655870.854620,4332179.692788,-120.737432,317.427415,0.300290
1462289175.353031,4353218.555502,1684403.459815,4332206.959165,-122.818055,316.628194,0.305667
1462289265.353031,4342071.502130,1712863.521172,4332234.708863,-124.893388,315.815335,0.311030
1462289355.353031,4330737.910145,1741249.812871,4332262.940687,-126.963343,314.988874,0.316380
1462289445.353031,4319218.267705,1769561.112271,4332291.653422,-129.027828,314.148846,0.321717
1462289535.353031,4307513.070978,1797796.199960,4332320.845830,-131.086756,313.295286,0.327040
1462289625.353031,4295622.824125,1825953.859809,4332350.516654,-133.140039,312.428233,0.332348
1462289715.353031,4283548.039277,1854032.879025,4332380.664617,-135.187586,311.547723,0.337643
1462289805.353031,4271289.236514,1882032.048201,4332411.288421,-137.229311,310.653794,0.342923
1462289895.353031,4258846.943841,1909950.161368,4332442.386745,-139.265125,309.746485,0.348188
1462289985.353031,4246221.697169,1937786.016051,4332473.958252,-141.294941,308.825834,0.353438
1462290075.353031,4233414.040285,1965538.413317,4332506.001582,-143.318671,307.891882,0.358673
1462290165.353031,4220424.524835,1993206.157826,4332538.515353,-145.336228,306.944669,0.363892
1462290255.353031,4207253.710299,2020788.057886,4332571.498167,-147.347525,305.984235,0.369096
1462290345.353031,4193902.163962,2048282.925502,4332604.948603,-149.352475,305.010621,0.374283
1462290435.353031,4180370.460898,2075689.576427,4332638.865219,-151.350993,304.023871,0.379455
1462290525.353031,4166659.183938,2103006.830215,4332673.246556,-153.342992,303.024025,0.384610
1462290615.353031,4152768.923648,2130233.510268,4332708.091132,-155.328386,302.011128,0.389749
1462290705.353031,4138700.278302,2157368.443893,4332743.397447,-157.307090,300.985223,0.394871
1462290795.353031,4124453.853860,2184410.462344,4332779.163981,-159.279019,299.946354,0.399976
1462290885.353031,4110030.263936,2211358.400881,4332815.389193,-161.244087,298.894566,0.405064
1462290975.353031,4095430.129778,2238211.098814,4332852.071522,-163.202210,297.829904,0.410134
1462291065.353031,4080654.080236,2264967.399556,4332889.209390,-165.153304,296.752414,0.415187
1462291155.353031,4065702.751737,2291626.150671,4332926.801196,-167.097284,295.662142,0.420222
1462291245.353031,4050576.788258,2318186.203926,4332964.845322,-169.034067,294.559136,0.425238
1462291335.353031,4035276.841298,2344646.415338,4333003.340129,-170.963570,293.443442,0.430237
1462291425.353031,4019803.569850,2371005.645226,4333042.283959,-172.885708,292.315110,0.435217
1462291515.353031,4004157.640370,2397262.758255,4333081.675135,-174.800401,291.174187,0.440178
1462291605.353031,3988339.726755,2423416.623492,4333121.511961,-176.707564,290.020723,0.445120
1462291695.353031,3972350.510305,2449466.114449,4333161.792721,-178.607117,288.854767,0.450043
1462291785.353031,3956190.679701,2475410.109134,4333202.515679,-180.498976,287.676370,0.454946
1462291875.353031,3939860.930973,2501247.490099,4333243.679083,-182.383062,286.485582,0.459830
1462291965.353031,3923361.967468,2526977.144488,4333285.281159,-184.259291,285.282454,0.464695
1462292055.353031,3906694.499821,2552597.964086,4333327.320115,-186.127585,284.067039,0.469539
1462292145.353031,3889859.245927,2578108.845363,4333369.794142,-187.987861,282.839389,0.474363
1462292235.353031,3872856.930906,2603508.689527,4333412.701409,-189.840041,281.599557,0.479166
1462292325.353031,3855688.287074,2628796.402567,4333456.040070,-191.684044,280.347595,0.483949
1462292415.353031,3838354.053912,2653970.895301,4333499.808256,-193.519791,279.083559,0.488711
1462292505.353031,3820854.978032,2679031.083427,4333544.004084,-195.347202,277.807502,0.493452
1462292595.353031,3803191.813145,2703975.887562,4333588.625649,-197.166200,276.519480,0.498172
1462292685.353031,3785365.320033,2728804.233295,4333633.671031,-198.976705,275.219547,0.502870
1462292775.353031,3767376.266509,2753515.051231,4333679.138288,-200.778640,273.907760,0.507547
1462292865.353031,3749225.427391,2778107.277036,4333725.025464,-202.571928,272.584176,0.512202
1462292955.353031,3730913.584463,2802579.851486,4333771.330580,-204.356490,271.248851,0.516834
1462293045.353031,3712441.526444,2826931.720509,4333818.051644,-206.132250,269.901842,0.521445
1462293135.353031,3693810.048955,2851161.835232,4333865.186643,-207.899132,268.543209,0.526033
1462293225.353031,3675019.954483,2875269.152027,4333912.733547,-209.657060,267.173009,0.530598
1462293315.353031,3656072.052345,2899252.632553,4333960.690308,-211.405957,265.791302,0.535140
1462293405.353031,3636967.158659,2923111.243806,4334009.054861,-213.145748,264.398147,0.539660
1462293495.353031,3617706.096300,2946843.958158,4334057.825123,-214.876359,262.993603,0.544156
1462293585.353031,3598289.694873,2970449.753405,4334106.998992,-216.597715,261.577732,0.548629
1462293675.353031,3578718.790673,2993927.612807,4334156.574352,-218.309742,260.150595,0.553078
1462293765.353031,3558994.226648,3017276.525138,4334206.549068,-220.012366,258.712252,0.557503
1462293855.353031,3539116.852367,3040495.484724,4334256.920986,-221.705513,257.262766,0.561905
1462293945.353031,3519087.523978,3063583.491488,4334307.687937,-223.389111,255.802200,0.566282
1462294035.353031,3498907.104176,3086539.550994,4334358.847736,-225.063088,254.330615,0.570634
1462294125.353031,3478576.462163,3109362.674488,4334410.398178,-226.727371,252.848077,0.574963
1462294215.353031,3458096.473611,3132051.878945,4334462.337043,-228.381888,251.354647,0.579266
1462294305.353031,3437468.020626,3154606.187103,4334514.662094,-230.026569,249.850392,0.583544
1462294395.353031,3416691.991706,3177024.627515,4334567.371079,-231.661342,248.335375,0.587798
1462294485.353031,3395769.281707,3199306.234584,4334620.461726,-233.286136,246.809662,0.592026
1462294575.353031,3374700.791804,3221450.048606,4334673.931749,-234.900883,245.273318,0.596228
1462294665.353031,3353487.429448,3243455.115813,4334727.778845,-236.505513,243.726410,0.600405
1462294755.353031,3332130.108332,3265320.488412,4334782.000695,-238.099955,242.169005,0.604556
1462294845.353031,3310629.748350,3287045.224629,4334836.594963,-239.684143,240.601169,0.608681
1462294935.353031,3288987.275554,3308628.388744,4334891.559300,-241.258007,239.022969,0.612779
1462295025.353031,3267203.622120,3330069.051139,4334946.891336,-242.821479,237.434475,0.616852
1462295115.353031,3245279.726304,3351366.288329,4335002.588689,-244.374493,235.835754,0.620897
1462295205.353031,3223216.532401,3372519.183011,4335058.648960,-245.916981,234.226875,0.624916
1462295295.353031,3201014.990708,3393526.824097,4335115.069735,-247.448877,232.607908,0.628908
1462295385.353031,3178676.057480,3414388.306754,4335171.848584,-248.970115,230.978922,0.632873
1462295475.353031,3156200.694889,3435102.732446,4335228.983060,-250.480630,229.339987,0.636811
1462295565.353031,3133589.870984,3455669.208972,4335286.470705,-251.980356,227.691174,0.640721
1462295655.353031,3110844.559649,3476086.850500,4335344.309040,-253.469229,226.032555,0.644604
1462295745.353031,3087965.740558,3496354.777612,4335402.495577,-254.947184,224.364199,0.648459
1462295835.353031,3064954.399139,3516472.117337,4335461.027807,-256.414159,222.686180,0.652286
1462295925.353031,3041811.526525,3536438.003190,4335519.903211,-257.870089,220.998570,0.656085
1462296015.353031,3018538.119517,3556251.575208,4335579.119253,-259.314913,219.301440,0.659856
1462296105.353031,2995135.180535,3575911.979991,4335638.673382,-260.748567,217.594866,0.663598
1462296195.353031,2971603.717580,3595418.370735,4335698.563033,-262.170991,215.878919,0.667311
1462296285.353031,2947944.744190,3614769.907269,4335758.785627,-263.582122,214.153673,0.670996
1462296375.353031,2924159.279393,3633965.756093,4335819.338571,-264.981901,212.419204,0.674652
1462296465.353031,2900248.347666,3653005.090412,4335880.219255,-266.370266,210.675586,0.678279
1462296555.353031,2876212.978890,3671887.090172,4335941.425059,-267.747159,208.922893,0.681877
1462296645.353031,2852054.208305,3690610.942096,4336002.953345,-269.112519,207.161202,0.685445
1462296735.353031,2827773.076467,3709175.839719,4336064.801465,-270.466288,205.390588,0.688984
1462296825.353031,2803370.629203,3727580.983421,4336126.966753,-271.808407,203.611127,0.692493
1462296915.353031,2778847.917562,3745825.580466,4336189.446533,-273.138820,201.822897,0.695973
1462297005.353031,2754205.997778,3763908.845030,4336252.238114,-274.457468,200.025974,0.699422
1462297095.353031,2729445.931215,3781829.998239,4336315.338792,-275.764294,198.220436,0.702841
1462297185.353031,2704568.784328,3799588.268200,4336378.745848,-277.059243,196.406359,0.706230
1462297275.353031,2679575.628615,3817182.890038,4336442.456551,-278.342259,194.583824,0.709589
1462297365.353031,2654467.540568,3834613.105926,4336506.468158,-279.613286,192.752907,0.712917
1462297455.353031,2629245.601634,3851878.165116,4336570.777912,-280.872270,190.913688,0.716214
1462297545.353031,2603910.898158,3868977.323976,4336635.383043,-282.119156,189.066246,0.719481
1462297635.353031,2578464.521348,3885909.846019,4336700.280768,-283.353891,187.210661,0.722716
1462297725.353031,2552907.567217,3902675.001934,4336765.468292,-284.576421,185.347012,0.725921
1462297815.353031,2527241.136543,3919272.069621,4336830.942808,-285.786694,183.475380,0.729094
1462297905.353031,2501466.334820,3935700.334219,4336896.701495,-286.984658,181.595846,0.732235
1462297995.353031,2475584.272207,3951959.088135,4336962.741522,-288.170261,179.708490,0.735345
1462298085.353031,2449596.063486,3968047.631082,4337029.060044,-289.343452,177.813393,0.738424
1462298175.353031,2423502.828009,3983965.270099,4337095.654204,-290.504180,175.910638,0.741471
1462298265.353031,2397305.689652,3999711.319591,4337162.521135,-291.652396,174.000306,0.744485
1462298355.353031,2371005.776767,4015285.101350,4337229.657957,-292.788050,172.082480,0.747468
1462298445.353031,2344604.222132,4030685.944588,4337297.061778,-293.911094,170.157242,0.750418
1462298535.353031,2318102.162901,4045913.185970,4337364.729694,-295.021478,168.224675,0.753337
1462298625.353031,2291500.740562,4060966.169632,4337432.658792,-296.119155,166.284862,0.756222
1462298715.353031,2264801.100877,4075844.247220,4337500.846145,-297.204078,164.337887,0.759075
1462298805.353031,2238004.393842,4090546.777913,4337569.288818,-298.276199,162.383834,0.761896
1462298895.353031,2211111.773632,4105073.128449,4337637.983861,-299.335474,160.422787,0.764683
1462298985.353031,2184124.398555,4119422.673156,4337706.928317,-300.381856,158.454830,0.767438
1462299075.353031,2157043.430999,4133594.793977,4337776.119216,-301.415299,156.480048,0.770160
1462299165.353031,2129870.037382,4147588.880496,4337845.553578,-302.435761,154.498526,0.772848
1462299255.353031,2102605.388106,4161404.329967,4337915.228412,-303.443196,152.510350,0.775503
1462299345.353031,2075250.657500,4175040.547337,4337985.140717,-304.437561,150.515605,0.778125
1462299435.353031,2047807.023776,4188496.945274,4338055.287482,-305.418813,148.514377,0.780713
1462299525.353031,2020275.668973,4201772.944188,4338125.665687,-306.386911,146.506752,0.783268
1462299615.353031,1992657.778909,4214867.972263,4338196.272299,-307.341812,144.492817,0.785789
1462299705.353031,1964954.543131,4227781.465474,4338267.104279,-308.283476,142.472658,0.788276
1462299795.353031,1937167.154859,4240512.867619,4338338.158574,-309.211861,140.446363,0.790729
1462299885.353031,1909296.810939,4253061.630336,4338409.432125,-310.126928,138.414019,0.793148
1462299975.353031,1881344.711791,4265427.213129,4338480.921862,-311.028637,136.375713,0.795533
1462300065.353031,1853312.061353,4277609.083396,4338552.624706,-311.916950,134.331533,0.797884
1462300155.353031,1825200.067038,4289606.716442,4338624.537568,-312.791828,132.281567,0.800200
1462300245.353031,1797009.939670,4301419.595513,4338696.657352,-313.653234,130.225904,0.802482
1462300335.353031,1768742.893443,4313047.211808,4338768.980950,-314.501130,128.164631,0.804729
1462300425.353031,1740400.145863,4324489.064508,4338841.505249,-315.335480,126.097839,0.806942
1462300515.353031,1711982.917696,4335744.660796,4338914.227124,-316.156248,124.025615,0.809119
1462300605.353031,1683492.432915,4346813.515875,4338987.143444,-316.963399,121.948049,0.811262
1462300695.353031,1654929.918650,4357695.152992,4339060.251067,-317.756898,119.865231,0.813370
1462300785.353031,1626296.605133,4368389.103459,4339133.546846,-318.536710,117.777249,0.815443
1462300875.353031,1597593.725645,4378894.906670,4339207.027622,-319.302803,115.684195,0.817481
1462300965.353031,1568822.516464,4389212.110125,4339280.690232,-320.055142,113.586159,0.819484
1462301055.353031,1539984.216810,4399340.269445,4339354.531502,-320.793697,111.483230,0.821451
1462301145.353031,1511080.068794,4409278.948394,4339428.548252,-321.518434,109.375499,0.823383
1462301235.353031,1482111.317361,4419027.718900,4339502.737295,-322.229323,107.263057,0.825280
1462301325.353031,1453079.210242,4428586.161066,4339577.095435,-322.926333,105.145995,0.827141
1462301415.353031,1423984.997894,4437953.863197,4339651.619468,-323.609434,103.024405,0.828966
1462301505.353031,1394829.933450,4447130.421810,4339726.306187,-324.278597,100.898377,0.830756
1462301595.353031,1365615.272664,4456115.441657,4339801.152373,-324.933793,98.768003,0.832510
1462301685.353031,1336342.273856,4464908.535740,4339876.154803,-325.574993,96.633375,0.834228
1462301775.353031,1307012.197860,4473509.325326,4339951.310247,-326.202170,94.494585,0.835910
1462301865.353031,1277626.307968,4481917.439966,4340026.615467,-326.815297,92.351725,0.837556
1462301955.353031,1248185.869876,4490132.517509,4340102.067221,-327.414348,90.204887,0.839166
1462302045.353031,1218692.151629,4498154.204120,4340177.662258,-327.999296,88.054164,0.840740
1462302135.353031,1189146.423567,4505982.154291,4340253.397323,-328.570117,85.899649,0.842277
1462302225.353031,1159549.958271,4513616.030862,4340329.269153,-329.126786,83.741433,0.843779
1462302315.353031,1129904.030506,4521055.505028,4340405.274481,-329.669279,81.579611,0.845244
1462302405.353031,1100209.917169,4528300.256361,4340481.410033,-330.197573,79.414274,0.846672
1462302495.353031,1070468.897231,4535349.972818,4340557.672531,-330.711645,77.245518,0.848064
1462302585.353031,1040682.251683,4542204.350757,4340634.058688,-331.211472,75.073434,0.849420
1462302675.353031,1010851.263483,4548863.094948,4340710.565216,-331.697033,72.898117,0.850739
1462302765.353031,980977.217498,4555325.918590,4340787.188819,-332.168308,70.719660,0.852021
1462302855.353031,951061.400450,4561592.543319,4340863.926197,-332.625276,68.538157,0.853267
1462302945.353031,921105.100858,4567662.699221,4340940.774044,-333.067917,66.353701,0.854476
1462303035.353031,891109.608987,4573536.124846,4341017.729052,-333.496212,64.166388,0.855648
1462303125.353031,861076.216790,4579212.567216,4341094.787904,-333.910143,61.976311,0.856784
1462303215.353031,831006.217852,4584691.781838,4341171.947284,-334.309693,59.783565,0.857882
1462303305.353031,800900.907333,4589973.532714,4341249.203866,-334.694842,57.588244,0.858943
1462303395.353031,770761.581917,4595057.592350,4341326.554324,-335.065576,55.390442,0.859968
1462303485.353031,740589.539751,4599943.741768,4341403.995326,-335.421879,53.190255,0.860955
1462303575.353031,710386.080391,4604631.770514,4341481.523536,-335.763734,50.987776,0.861906
1462303665.353031,680152.504748,4609121.476668,4341559.135616,-336.091127,48.783102,0.862819
1462303755.353031,649890.115027,4613412.666851,4341636.828222,-336.404044,46.576326,0.863695
1462303845.353031,619600.214679,4617505.156234,4341714.598009,-336.702472,44.367544,0.864534
1462303935.353031,589284.108335,4621398.768549,4341792.441627,-336.986398,42.156852,0.865335
1462304025.353031,558943.101757,4625093.336090,4341870.355722,-337.255809,39.944343,0.866100
1462304115.353031,528578.501779,4628588.699728,4341948.336939,-337.510694,37.730114,0.866827
1462304205.353031,498191.616252,4631884.708912,4342026.381920,-337.751041,35.514260,0.867516
1462304295.353031,467783.753986,4634981.221677,4342104.487303,-337.976842,33.296876,0.868169
1462304385.353031,437356.224695,4637878.104651,4342182.649724,-338.188085,31.078058,0.868784
1462304475.353031,406910.338940,4640575.233063,4342260.865816,-338.384762,28.857902,0.869361
1462304565.353031,376447.408072,4643072.490741,4342339.132210,-338.566864,26.636502,0.869901
1462304655.353031,345968.744178,4645369.770126,4342417.445536,-338.734383,24.413956,0.870404
1462304745.353031,315475.660019,4647466.972270,4342495.802420,-338.887313,22.190357,0.870869
1462304835.353031,284969.468982,4649364.006844,4342574.199488,-339.025646,19.965803,0.871297
1462304925.353031,254451.485014,4651060.792138,4342652.633363,-339.149377,17.740389,0.871687
1462305015.353031,223923.022573,4652557.255071,4342731.100667,-339.258500,15.514211,0.872039
1462305105.353031,193385.396566,4653853.331186,4342809.598019,-339.353011,13.287365,0.872354
1462305195.353031,162839.922298,4654948.964661,4342888.122040,-339.432905,11.059946,0.872632
1462305285.353031,132287.915408,4655844.108304,4342966.669347,-339.498180,8.832051,0.872872
1462305375.353031,101730.691820,4656538.723560,4343045.236556,-339.548832,6.603776,0.873074
1462305465.353031,71169.567680,4657032.780511,4343123.820285,-339.584858,4.375216,0.873238
1462305555.353031,40605.859303,4657326.257878,4343202.417147,-339.606259,2.146468,0.873365
1462305645.353031,10040.883115,4657419.143020,4343281.023759,-339.613032,-0.082373,0.873455
1462305735.353031,-20524.044402,4657311.431935,4343359.636734,-339.605177,-2.311210,0.873507
1462305825.353031,-51087.606770,4657003.129264,4343438.252687,-339.582695,-4.539948,0.873521
1462305915.353031,-81648.487568,4656494.248286,4343516.868230,-339.545587,-6.768490,0.873497
1462306005.353031,-112205.370493,4655784.810919,4343595.479979,-339.493854,-8.996740,0.873436
1462306095.353031,-142756.939411,4654874.847719,4343674.084548,-339.427498,-11.224603,0.873337
1462306185.353031,-173301.878420,4653764.397880,4343752.678550,-339.346523,-13.451983,0.873201
1462306275.353031,-203838.871901,4652453.509230,4343831.258601,-339.250932,-15.678783,0.873027
1462306365.353031,-234366.604578,4650942.238233,4343909.821316,-339.140728,-17.904908,0.872816
1462306455.353031,-264883.761576,4649230.649980,4343988.363311,-339.015918,-20.130262,0.872567
1462306545.353031,-295389.028472,4647318.818193,4344066.881204,-338.876505,-22.354748,0.872280
1462306635.353031,-325881.091358,4645206.825217,4344145.371612,-338.722496,-24.578272,0.871956
1462306725.353031,-356358.636892,4642894.762019,4344223.831155,-338.553898,-26.800737,0.871594
1462306815.353031,-386820.352361,4640382.728182,4344302.256454,-338.370718,-29.022048,0.871194
1462306905.353031,-417264.925729,4637670.831905,4344380.644131,-338.172964,-31.242109,0.870757
1462306995.353031,-447691.045704,4634759.189993,4344458.990809,-337.960644,-33.460824,0.870283
1462307085.353031,-478097.401784,4631647.927854,4344537.293114,-337.733768,-35.678098,0.869771
1462307175.353031,-508482.684320,4628337.179497,4344615.547673,-337.492345,-37.893835,0.869222
1462307265.353031,-538845.584571,4624827.087518,4344693.751116,-337.236386,-40.107941,0.868635
1462307355.353031,-569184.794760,4621117.803105,4344771.900075,-336.965901,-42.320318,0.868011
1462307445.353031,-599499.008130,4617209.486022,4344849.991184,-336.680903,-44.530873,0.867349
1462307535.353031,-629786.919001,4613102.304605,4344928.021078,-336.381403,-46.739510,0.866650
1462307625.353031,-660047.222825,4608796.435757,4345005.986398,-336.067415,-48.946133,0.865914
1462307715.353031,-690278.616245,4604292.064940,4345083.883785,-335.738952,-51.150649,0.865140
1462307805.353031,-720479.797147,4599589.386163,4345161.709885,-335.396028,-53.352961,0.864330
1462307895.353031,-750649.464719,4594688.601978,4345239.461344,-335.038658,-55.552975,0.863481
1462307985.353031,-780786.319508,4589589.923469,4345317.134814,-334.666858,-57.750597,0.862596
1462308075.353031,-810889.063472,4584293.570244,4345394.726950,-334.280643,-59.945731,0.861674
1462308165.353031,-840956.400039,4578799.770426,4345472.234410,-333.880029,-62.138283,0.860714
1462308255.353031,-870987.034163,4573108.760641,4345549.653855,-333.465036,-64.328159,0.859718
1462308345.353031,-900979.672376,4567220.786009,4345626.981950,-333.035679,-66.515264,0.858684
1462308435.353031,-930933.022851,4561136.100136,4345704.215366,-332.591978,-68.699504,0.857613
1462308525.353031,-960845.795450,4554854.965097,4345781.350775,-332.133952,-70.880786,0.856506
1462308615.353031,-990716.701783,4548377.651430,4345858.384856,-331.661620,-73.059014,0.855361
1462308705.353031,-1020544.455263,4541704.438125,4345935.314290,-331.175003,-75.234095,0.854180
1462308795.353031,-1050327.771164,4534835.612606,4346012.135764,-330.674121,-77.405936,0.852962
1462308885.353031,-1080065.366671,4527771.470725,4346088.845968,-330.158998,-79.574443,0.851707
1462308975.353031,-1109755.960941,4520512.316745,4346165.441600,-329.629653,-81.739523,0.850416
1462309065.353031,-1139398.275153,4513058.463329,4346241.919360,-329.086111,-83.901082,0.849088
1462309155.353031,-1168991.032567,4505410.231526,4346318.275953,-328.528395,-86.059027,0.847723
1462309245.353031,-1198532.958577,4497567.950757,4346394.508092,-327.956529,-88.213266,0.846322
1462309335.353031,-1228022.780766,4489531.958802,4346470.612492,-327.370536,-90.363705,0.844884
1462309425.353031,-1257459.228962,4481302.601784,4346546.585876,-326.770444,-92.510252,0.843410
1462309515.353031,-1286841.035291,4472880.234152,4346622.424972,-326.156277,-94.652814,0.841900
1462309605.353031,-1316166.934234,4464265.218673,4346698.126512,-325.528062,-96.791300,0.840353
1462309695.353031,-1345435.662678,4455457.926407,4346773.687237,-324.885826,-98.925616,0.838770
1462309785.353031,-1374645.959974,4446458.736699,4346849.103892,-324.229597,-101.055672,0.837151
1462309875.353031,-1403796.567990,4437268.037157,4346924.373228,-323.559402,-103.181375,0.835496
1462309965.353031,-1432886.231162,4427886.223641,4346999.492004,-322.875272,-105.302634,0.833805
1462310055.353031,-1461913.696555,4418313.700237,4347074.456984,-322.177235,-107.419357,0.832078
1462310145.353031,-1490877.713910,4408550.879251,4347149.264940,-321.465320,-109.531454,0.830316
1462310235.353031,-1519777.035702,4398598.181182,4347223.912648,-320.739560,-111.638833,0.828517
1462310325.353031,-1548610.417193,4388456.034708,4347298.396894,-319.999986,-113.741404,0.826683
1462310415.353031,-1577376.616484,4378124.876667,4347372.714471,-319.246628,-115.839075,0.824813
1462310505.353031,-1606074.394570,4367605.152038,4347446.862176,-318.479520,-117.931757,0.822908
1462310595.353031,-1634702.515394,4356897.313922,4347520.836816,-317.698694,-120.019360,0.820967
1462310685.353031,-1663259.745897,4346001.823523,4347594.635205,-316.904185,-122.101793,0.818991
1462310775.353031,-1691744.856076,4334919.150125,4347668.254164,-316.096026,-124.178967,0.816979
1462310865.353031,-1720156.619033,4323649.771077,4347741.690523,-315.274253,-126.250792,0.814933
1462310955.353031,-1748493.811028,4312194.171768,4347814.941118,-314.438900,-128.317180,0.812851
1462311045.353031,-1776755.211536,4300552.845609,4347888.002795,-313.590003,-130.378041,0.810734
1462311135.353031,-1804939.603293,4288726.294010,4347960.872406,-312.727600,-132.433286,0.808583
1462311225.353031,-1833045.772355,4276715.026359,4348033.546813,-311.851728,-134.482827,0.806396
1462311315.353031,-1861072.508145,4264519.559999,4348106.022886,-310.962423,-136.526576,0.804175
1462311405.353031,-1889018.603508,4252140.420209,4348178.297503,-310.059724,-138.564445,0.801919
1462311495.353031,-1916882.854763,4239578.140176,4348250.367550,-309.143671,-140.596345,0.799629
1462311585.353031,-1944664.061752,4226833.260979,4348322.229925,-308.214303,-142.622189,0.797304
1462311675.353031,-1972361.027896,4213906.331558,4348393.881531,-307.271659,-144.641891,0.794945
1462311765.353031,-1999972.560244,4200797.908697,4348465.319282,-306.315781,-146.655362,0.792552
1462311855.353031,-2027497.469525,4187508.556996,4348536.540102,-305.346709,-148.662517,0.790124
1462311945.353031,-2054934.570197,4174038.848847,4348607.540923,-304.364486,-150.663269,0.787662
1462312035.353031,-2082282.680502,4160389.364412,4348678.318686,-303.369153,-152.657532,0.785167
1462312125.353031,-2109540.622516,4146560.691596,4348748.870344,-302.360753,-154.645219,0.782638
1462312215.353031,-2136707.222195,4132553.426020,4348819.192857,-301.339330,-156.626245,0.780075
1462312305.353031,-2163781.309432,4118368.170999,4348889.283196,-300.304928,-158.600526,0.777478
1462312395.353031,-2190761.718104,4104005.537515,4348959.138343,-299.257592,-160.567975,0.774848
1462312485.353031,-2217647.286124,4089466.144188,4349028.755289,-298.197366,-162.528508,0.772184
1462312575.353031,-2244436.855488,4074750.617253,4349098.131035,-297.124296,-164.482041,0.769488
1462312665.353031,-2271129.272328,4059859.590529,4349167.262593,-296.038428,-166.428489,0.766758
1462312755.353031,-2297723.386959,4044793.705397,4349236.146985,-294.939810,-168.367769,0.763995
1462312845.353031,-2324218.053934,4029553.610768,4349304.781245,-293.828488,-170.299798,0.761199
1462312935.353031,-2350612.132083,4014139.963056,4349373.162416,-292.704511,-172.224491,0.758371
1462313025.353031,-2376904.484575,3998553.426151,4349441.287553,-291.567926,-174.141766,0.755509
1462313115.353031,-2403093.978956,3982794.671389,4349509.153722,-290.418783,-176.051541,0.752615
1462313205.353031,-2429179.487205,3966864.377524,4349576.757999,-289.257132,-177.953732,0.749689
1462313295.353031,-2455159.885777,3950763.230698,4349644.097473,-288.083021,-179.848259,0.746731
1462313385.353031,-2481034.055658,3934491.924414,4349711.169243,-286.896503,-181.735040,0.743740
1462313475.353031,-2506800.882405,3918051.159501,4349777.970420,-285.697627,-183.613993,0.740717
1462313565.353031,-2532459.256203,3901441.644089,4349844.498127,-284.486446,-185.485038,0.737663
1462313655.353031,-2558008.071905,3884664.093575,4349910.749499,-283.263011,-187.348093,0.734576
1462313745.353031,-2583446.229084,3867719.230594,4349976.721681,-282.027376,-189.203079,0.731458
1462313835.353031,-2608772.632079,3850607.784988,4350042.411833,-280.779594,-191.049916,0.728309
1462313925.353031,-2633986.190042,3833330.493774,4350107.817125,-279.519718,-192.888524,0.725128
1462314015.353031,-2659085.816988,3815888.101110,4350172.934740,-278.247802,-194.718824,0.721916
1462314105.353031,-2684070.431834,3798281.358269,4350237.761873,-276.963903,-196.540737,0.718673
1462314195.353031,-2708938.958456,3780511.023599,4350302.295732,-275.668073,-198.354185,0.715398
1462314285.353031,-2733690.325728,3762577.862497,4350366.533536,-274.360371,-200.159089,0.712093
1462314375.353031,-2758323.467570,3744482.647371,4350430.472521,-273.040851,-201.955373,0.708758
1462314465.353031,-2782837.322993,3726226.157611,4350494.109930,-271.709571,-203.742957,0.705392
1462314555.353031,-2807230.836149,3707809.179552,4350557.443024,-270.366588,-205.521766,0.701995
1462314645.353031,-2831502.956371,3689232.506441,4350620.469074,-269.011960,-207.291723,0.698568
1462314735.353031,-2855652.638220,3670496.938406,4350683.185366,-267.645745,-209.052752,0.695111
1462314825.353031,-2879678.841533,3651603.282415,4350745.589198,-266.268002,-210.804776,0.691624
1462314915.353031,-2903580.531464,3632552.352248,4350807.677883,-264.878791,-212.547721,0.688108
1462315005.353031,-2927356.678530,3613344.968457,4350869.448746,-263.478171,-214.281511,0.684561
1462315095.353031,-2951006.258655,3593981.958336,4350930.899127,-262.066202,-216.006072,0.680986
1462315185.353031,-2974528.253216,3574464.155878,4350992.026379,-260.642946,-217.721329,0.677381
1462315275.353031,-2997921.649082,3554792.401746,4351052.827868,-259.208464,-219.427208,0.673746
1462315365.353031,-3021185.438666,3534967.543232,4351113.300977,-257.762817,-221.123636,0.670083
1462315455.353031,-3044318.619958,3514990.434224,4351173.443099,-256.306068,-222.810540,0.666391
1462315545.353031,-3067320.196578,3494861.935167,4351233.251646,-254.838279,-224.487847,0.662670
1462315635.353031,-3090189.177811,3474582.913027,4351292.724040,-253.359514,-226.155485,0.658921
1462315725.353031,-3112924.578655,3454154.241252,4351351.857721,-251.869837,-227.813383,0.655143
1462315815.353031,-3135525.419860,3433576.799738,4351410.650140,-250.369311,-229.461468,0.651337
1462315905.353031,-3157990.727975,3412851.474786,4351469.098767,-248.858001,-231.099670,0.647503
1462315995.353031,-3180319.535382,3391979.159068,4351527.201082,-247.335972,-232.727918,0.643641
1462316085.353031,-3202510.880346,3370960.751588,4351584.954584,-245.803291,-234.346142,0.639751
1462316175.353031,-3224563.807050,3349797.157641,4351642.356785,-244.260022,-235.954272,0.635834
1462316265.353031,-3246477.365642,3328489.288775,4351699.405213,-242.706233,-237.552239,0.631889
1462316355.353031,-3268250.612270,3307038.062753,4351756.097410,-241.141990,-239.139975,0.627918
1462316445.353031,-3289882.609126,3285444.403513,4351812.430934,-239.567360,-240.717411,0.623919
1462316535.353031,-3311372.424488,3263709.241128,4351868.403360,-237.982412,-242.284478,0.619893
1462316625.353031,-3332719.132754,3241833.511765,4351924.012275,-236.387214,-243.841110,0.615841
1462316715.353031,-3353921.814490,3219818.157644,4351979.255286,-234.781834,-245.387239,0.611762
1462316805.353031,-3374979.556463,3197664.127002,4352034.130012,-233.166342,-246.922799,0.607656
1462316895.353031,-3395891.451683,3175372.374047,4352088.634089,-231.540807,-248.447724,0.603525
1462316985.353031,-3416656.599443,3152943.858920,4352142.765171,-229.905299,-249.961948,0.599367
1462317075.353031,-3437274.105355,3130379.547650,4352196.520925,-228.259889,-251.465405,0.595184
1462317165.353031,-3457743.081391,3107680.412119,4352249.899037,-226.604647,-252.958032,0.590975
1462317255.353031,-3478062.645921,3084847.430013,4352302.897207,-224.939645,-254.439763,0.586741
1462317345.353031,-3498231.923750,3061881.584784,4352355.513151,-223.264954,-255.910535,0.582481
1462317435.353031,-3518250.046156,3038783.865607,4352407.744605,-221.580647,-257.370285,0.578196
1462317525.353031,-3538116.150926,3015555.267335,4352459.589318,-219.886797,-258.818949,0.573887
1462317615.353031,-3557829.382397,2992196.790462,4352511.045057,-218.183475,-260.256466,0.569552
1462317705.353031,-3577388.891490,2968709.441072,4352562.109606,-216.470756,-261.682773,0.565193
1462317795.353031,-3596793.835746,2945094.230803,4352612.780765,-214.748713,-263.097808,0.560810
1462317885.353031,-3616043.379363,2921352.176797,4352663.056352,-213.017421,-264.501512,0.556403
1462317975.353031,-3635136.693235,2897484.301663,4352712.934201,-211.276954,-265.893823,0.551971
1462318065.353031,-3654072.954983,2873491.633426,4352762.412163,-209.527386,-267.274682,0.547516
1462318155.353031,-3672851.348992,2849375.205488,4352811.488108,-207.768794,-268.644029,0.543037
1462318245.353031,-3691471.066448,2825136.056580,4352860.159922,-206.001253,-270.001805,0.538535
1462318335.353031,-3709931.305370,2800775.230721,4352908.425508,-204.224840,-271.347952,0.534010
1462318425.353031,-3728231.270648,2776293.777169,4352956.282788,-202.439630,-272.682411,0.529462
1462318515.353031,-3746370.174073,2751692.750379,4353003.729699,-200.645700,-274.005125,0.524890
1462318605.353031,-3764347.234376,2726973.209953,4353050.764199,-198.843129,-275.316038,0.520297
1462318695.353031,-3782161.677255,2702136.220603,4353097.384261,-197.031993,-276.615092,0.515681
1462318785.353031,-3799812.735416,2677182.852094,4353143.587877,-195.212370,-277.902232,0.511042
1462318875.353031,-3817299.648599,2652114.179208,4353189.373057,-193.384339,-279.177402,0.506382
1462318965.353031,-3834621.663616,2626931.281690,4353234.737829,-191.547979,-280.440548,0.501700
1462319055.353031,-3851778.034382,2601635.244208,4353279.680240,-189.703369,-281.691615,0.496996
1462319145.353031,-3868768.021945,2576227.156301,4353324.198352,-187.850588,-282.930549,0.492271
1462319235.353031,-3885590.894519,2550708.112335,4353368.290249,-185.989716,-284.157296,0.487524
1462319325.353031,-3902245.927517,2525079.211454,4353411.954032,-184.120833,-285.371805,0.482757
1462319415.353031,-3918732.403581,2499341.557535,4353455.187819,-182.244020,-286.574022,0.477969
1462319505.353031,-3935049.612614,2473496.259139,4353497.989748,-180.359357,-287.763895,0.473160
1462319595.353031,-3951196.851806,2447544.429462,4353540.357977,-178.466926,-288.941375,0.468331
1462319685.353031,-3967173.425673,2421487.186290,4353582.290679,-176.566808,-290.106409,0.463481
1462319775.353031,-3982978.646078,2395325.651950,4353623.786048,-174.659085,-291.258948,0.458612
1462319865.353031,-3998611.832265,2369060.953258,4353664.842299,-172.743839,-292.398942,0.453723
1462319955.353031,-4014072.310889,2342694.221477,4353705.457660,-170.821153,-293.526342,0.448814
1462320045.353031,-4029359.416032,2316226.592280,4353745.630384,-168.891109,-294.641099,0.443886
1462320135.353031,-4044472.489243,2289659.205696,4353785.358740,-166.953791,-295.743166,0.438939
1462320225.353031,-4059410.879601,2262993.205979,4353824.641016,-165.009282,-296.832494,0.433973
1462320315.353031,-4074173.943688,2236229.741675,4353863.475520,-163.057665,-297.909038,0.428989
1462320405.353031,-4088761.045635,2209369.965527,4353901.860581,-161.099026,-298.972750,0.423986
1462320495.353031,-4103171.557153,2182415.034429,4353939.794544,-159.133448,-300.023585,0.418964
1462320585.353031,-4117404.857559,2155366.109370,4353977.275776,-157.161015,-301.061497,0.413925
1462320675.353031,-4131460.333803,2128224.355390,4354014.302662,-155.181814,-302.086442,0.408868
1462320765.353031,-4145337.380493,2100990.941526,4354050.873607,-153.195928,-303.098376,0.403793
1462320855.353031,-4159035.399924,2073667.040763,4354086.987036,-151.203445,-304.097255,0.398700
1462320945.353031,-4172553.802101,2046253.829985,4354122.641393,-149.204448,-305.083036,0.393591
1462321035.353031,-4185892.004764,2018752.489920,4354157.835143,-147.199025,-306.055677,0.388465
1462321125.353031,-4199049.433417,1991164.205095,4354192.566770,-145.187262,-307.015135,0.383321
1462321215.353031,-4212025.521349,1963490.163779,4354226.834777,-143.169246,-307.961370,0.378162
1462321305.353031,-4224819.709660,1935731.557936,4354260.637688,-141.145063,-308.894340,0.372986
1462321395.353031,-4237431.447284,1907889.583172,4354293.974049,-139.114801,-309.814006,0.367794
1462321485.353031,-4249860.191014,1879965.438685,4354326.842421,-137.078547,-310.720327,0.362586
1462321575.353031,-4262105.405525,1851960.327210,4354359.241391,-135.036388,-311.613266,0.357363
1462321665.353031,-4274166.563396,1823875.454971,4354391.169561,-132.988414,-312.492782,0.352124
1462321755.353031,-4286043.145134,1795712.031627,4354422.625558,-130.934711,-313.358839,0.346870
1462321845.353031,-4297734.639197,1767471.270220,4354453.608025,-128.875369,-314.211400,0.341601
1462321935.353031,-4309240.542013,1739154.387124,4354484.115629,-126.810476,-315.050426,0.336317
1462322025.353031,-4320560.358006,1710762.601991,4354514.147055,-124.740121,-315.875883,0.331019
1462322115.353031,-4331693.599614,1682297.137698,4354543.701009,-122.664393,-316.687735,0.325706
1462322205.353031,-4342639.787311,1653759.220298,4354572.776219,-120.583382,-317.485947,0.320380
1462322295.353031,-4353398.449627,1625150.078963,4354601.371432,-118.497178,-318.270484,0.315040
1462322385.353031,-4363969.123169,1596470.945933,4354629.485417,-116.405869,-319.041312,0.309686
1462322475.353031,-4374351.352643,1567723.056463,4354657.116962,-114.309547,-319.798399,0.304319
1462322565.353031,-4384544.690870,1538907.648768,4354684.264877,-112.208301,-320.541712,0.298938
1462322655.353031,-4394548.698807,1510025.963974,4354710.927993,-110.102222,-321.271218,0.293545
1462322745.353031,-4404362.945566,1481079.246058,4354737.105161,-107.991401,-321.986887,0.288140
1462322835.353031,-4413987.008432,1452068.741801,4354762.795254,-105.875928,-322.688687,0.282721
1462322925.353031,-4423420.472880,1422995.700731,4354787.997164,-103.755896,-323.376589,0.277291
1462323015.353031,-4432662.932599,1393861.375068,4354812.709808,-101.631394,-324.050562,0.271849
1462323105.353031,-4441713.989500,1364667.019673,4354836.932118,-99.502515,-324.710578,0.266395
1462323195.353031,-4450573.253740,1335413.891992,4354860.663054,-97.369350,-325.356609,0.260929
1462323285.353031,-4459240.343737,1306103.252002,4354883.901592,-95.231991,-325.988625,0.255452
1462323375.353031,-4467714.886186,1276736.362159,4354906.646730,-93.090531,-326.606601,0.249965
1462323465.353031,-4475996.516076,1247314.487340,4354928.897491,-90.945061,-327.210509,0.244466
1462323555.353031,-4484084.876702,1217838.894789,4354950.652914,-88.795674,-327.800324,0.238957
1462323645.353031,-4491979.619688,1188310.854068,4354971.912063,-86.642462,-328.376020,0.233438
1462323735.353031,-4499680.404995,1158731.636994,4354992.674021,-84.485519,-328.937572,0.227908
1462323825.353031,-4507186.900937,1129102.517590,4355012.937896,-82.324936,-329.484956,0.222369
1462323915.353031,-4514498.784198,1099424.772029,4355032.702813,-80.160808,-330.018149,0.216820
1462324005.353031,-4521615.739844,1069699.678575,4355051.967922,-77.993227,-330.537128,0.211262
1462324095.353031,-4528537.461336,1039928.517537,4355070.732392,-75.822287,-331.041870,0.205695
1462324185.353031,-4535263.650546,1010112.571203,4355088.995415,-73.648081,-331.532353,0.200119
1462324275.353031,-4541794.017765,980253.123793,4355106.756204,-71.470703,-332.008557,0.194534
1462324365.353031,-4548128.281721,950351.461399,4355124.013995,-69.290246,-332.470461,0.188941
1462324455.353031,-4554266.169587,920408.871932,4355140.768043,-67.106805,-332.918044,0.183340
1462324545.353031,-4560207.416995,890426.645066,4355157.017627,-64.920474,-333.351289,0.177730
1462324635.353031,-4565951.768045,860406.072182,4355172.762048,-62.731346,-333.770175,0.172114
1462324725.353031,-4571498.975320,830348.446312,4355188.000626,-60.539517,-334.174685,0.166489
1462324815.353031,-4576848.799893,800255.062086,4355202.732706,-58.345080,-334.564802,0.160858
1462324905.353031,-4582001.011339,770127.215671,4355216.957652,-56.148130,-334.940509,0.155220
1462324995.353031,-4586955.387743,739966.204721,4355230.674852,-53.948761,-335.301789,0.149575
1462325085.353031,-4591711.715713,709773.328317,4355243.883715,-51.747069,-335.648628,0.143923
1462325175.353031,-4596269.790387,679549.886913,4355256.583672,-49.543148,-335.981009,0.138266
1462325265.353031,-4600629.415441,649297.182281,4355268.774176,-47.337093,-336.298919,0.132602
1462325355.353031,-4604790.403099,619016.517449,4355280.454701,-45.128999,-336.602345,0.126933
1462325445.353031,-4608752.574141,588709.196655,4355291.624744,-42.918962,-336.891272,0.121258
1462325535.353031,-4612515.757910,558376.525280,4355302.283825,-40.707076,-337.165689,0.115578
1462325625.353031,-4616079.792321,528019.809801,4355312.431483,-38.493437,-337.425583,0.109893
1462325715.353031,-4619444.523863,497640.357727,4355322.067282,-36.278139,-337.670945,0.104203
1462325805.353031,-4622609.807614,467239.477550,4355331.190807,-34.061279,-337.901762,0.098509
1462325895.353031,-4625575.507239,436818.478681,4355339.801664,-31.842952,-338.118025,0.092810
1462325985.353031,-4628341.495001,406378.671402,4355347.899483,-29.623254,-338.319725,0.087108
1462326075.353031,-4630907.651764,375921.366800,4355355.483914,-27.402279,-338.506853,0.081402
1462326165.353031,-4633273.867001,345447.876720,4355362.554631,-25.180125,-338.679401,0.075692
1462326255.353031,-4635440.038795,314959.513703,4355369.111328,-22.956885,-338.837362,0.069979
1462326345.353031,-4637406.073844,284457.590928,4355375.153725,-20.732657,-338.980728,0.064263
1462326435.353031,-4639171.887469,253943.422161,4355380.681559,-18.507536,-339.109494,0.058544
1462326525.353031,-4640737.403614,223418.321695,4355385.694594,-16.281618,-339.223654,0.052823
1462326615.353031,-4642102.554849,192883.604294,4355390.192612,-14.054999,-339.323203,0.047100
1462326705.353031,-4643267.282376,162340.585134,4355394.175420,-11.827774,-339.408137,0.041374
1462326795.353031,-4644231.536026,131790.579751,4355397.642847,-9.600040,-339.478452,0.035647
1462326885.353031,-4644995.274269,101234.903981,4355400.594742,-7.371892,-339.534145,0.029918
1462326975.353031,-4645558.464209,70674.873904,4355403.030979,-5.143427,-339.575214,0.024187
1462327065.353031,-4645921.081588,40111.805788,4355404.951453,-2.914740,-339.601656,0.018456
1462327155.353031,-4646083.110788,9547.016032,4355406.356080,-0.685928,-339.613472,0.012724
1462327245.353031,-4646044.544829,-21018.178892,4355407.244801,1.542914,-339.610660,0.006992
1462327335.353031,-4645805.385374,-51582.462492,4355407.617576,3.771690,-339.593221,0.001259
1462327425.353031,-4645365.642723,-82144.518318,4355407.474389,6.000303,-339.561154,-0.004474
1462327515.353031,-4644725.335816,-112703.030015,4355406.815247,8.228657,-339.514462,-0.010207
1462327605.353031,-4643884.492232,-143256.681380,4355405.640178,10.456657,-339.453147,-0.015939
1462327695.353031,-4642843.148188,-173804.156421,4355403.949232,12.684207,-339.377211,-0.021671
1462327785.353031,-4641601.348535,-204344.139410,4355401.742482,14.911210,-339.286658,-0.027402
1462327875.353031,-4640159.146760,-234875.314943,4355399.020022,17.137572,-339.181491,-0.033131
1462327965.353031,-4638516.604981,-265396.367994,4355395.781971,19.363195,-339.061715,-0.038859
1462328055.353031,-4636673.793945,-295905.983975,4355392.028467,21.587984,-338.927335,-0.044586
1462328145.353031,-4634630.793024,-326402.848789,4355387.759672,23.811843,-338.778356,-0.050310
1462328235.353031,-4632387.690213,-356885.648889,4355382.975770,26.034676,-338.614786,-0.056033
1462328325.353031,-4629944.582126,-387353.071334,4355377.676966,28.256389,-338.436632,-0.061753
1462328415.353031,-4627301.573992,-417803.803844,4355371.863489,30.476884,-338.243900,-0.067470
1462328505.353031,-4624458.779649,-448236.534859,4355365.535588,32.696066,-338.036600,-0.073184
1462328595.353031,-4621416.321540,-478649.953595,4355358.693537,34.913840,-337.814740,-0.078895
1462328685.353031,-4618174.330709,-509042.750098,4355351.337630,37.130111,-337.578330,-0.084603
1462328775.353031,-4614732.946793,-539413.615303,4355343.468184,39.344782,-337.327380,-0.090307
1462328865.353031,-4611092.318019,-569761.241090,4355335.085536,41.557758,-337.061900,-0.096008
1462328955.353031,-4607252.601193,-600084.320341,4355326.190050,43.768945,-336.781903,-0.101704
1462329045.353031,-4603213.961697,-630381.546992,4355316.782106,45.978246,-336.487400,-0.107396
1462329135.353031,-4598976.573483,-660651.616095,4355306.862111,48.185567,-336.178404,-0.113083
1462329225.353031,-4594540.619061,-690893.223872,4355296.430491,50.390813,-335.854928,-0.118765
1462329315.353031,-4589906.289495,-721105.067770,4355285.487696,52.593888,-335.516987,-0.124442
1462329405.353031,-4585073.784392,-751285.846517,4355274.034197,54.794698,-335.164594,-0.130114
1462329495.353031,-4580043.311895,-781434.260182,4355262.070487,56.993148,-334.797766,-0.135780
1462329585.353031,-4574815.088675,-811549.010224,4355249.597081,59.189143,-334.416516,-0.141441
1462329675.353031,-4569389.339920,-841628.799555,4355236.614517,61.382588,-334.020864,-0.147095
1462329765.353031,-4563766.299324,-871672.332592,4355223.123353,63.573390,-333.610824,-0.152743
1462329855.353031,-4557946.209081,-901678.315313,4355209.124171,65.761454,-333.186415,-0.158384
1462329945.353031,-4551929.319872,-931645.455314,4355194.617572,67.946685,-332.747655,-0.164019
1462330035.353031,-4545715.890851,-961572.461864,4355179.604183,70.128989,-332.294564,-0.169646
1462330125.353031,-4539306.189643,-991458.045961,4355164.084649,72.308273,-331.827160,-0.175266
1462330215.353031,-4532700.492322,-1021300.920386,4355148.059638,74.484443,-331.345463,-0.180879
1462330305.353031,-4525899.083405,-1051099.799759,4355131.529842,76.657404,-330.849496,-0.186484
1462330395.353031,-4518902.255841,-1080853.400598,4355114.495971,78.827064,-330.339277,-0.192081
1462330485.353031,-4511710.310993,-1110560.441368,4355096.958759,80.993329,-329.814831,-0.197669
1462330575.353031,-4504323.558629,-1140219.642542,4355078.918962,83.156105,-329.276179,-0.203249
1462330665.353031,-4496742.316909,-1169829.726650,4355060.377356,85.315299,-328.723345,-0.208821
1462330755.353031,-4488966.912367,-1199389.418343,4355041.334739,87.470818,-328.156352,-0.214383
1462330845.353031,-4480997.679903,-1228897.444436,4355021.791933,89.622571,-327.575224,-0.219936
1462330935.353031,-4472834.962763,-1258352.533975,4355001.749778,91.770462,-326.979988,-0.225479
1462331025.353031,-4464479.112529,-1287753.418282,4354981.209137,93.914402,-326.370668,-0.231013
1462331115.353031,-4455930.489100,-1317098.831017,4354960.170896,96.054296,-325.747291,-0.236537
1462331205.353031,-4447189.460678,-1346387.508226,4354938.635959,98.190053,-325.109883,-0.242051
1462331295.353031,-4438256.403753,-1375618.188401,4354916.605255,100.321581,-324.458472,-0.247554
1462331385.353031,-4429131.703085,-1404789.612531,4354894.079733,102.448788,-323.793087,-0.253047
1462331475.353031,-4419815.751690,-1433900.524158,4354871.060362,104.571582,-323.113755,-0.258529
1462331565.353031,-4410308.950819,-1462949.669430,4354847.548133,106.689872,-322.420506,-0.263999
1462331655.353031,-4400611.709946,-1491935.797155,4354823.544060,108.803567,-321.713370,-0.269458
1462331745.353031,-4390724.446745,-1520857.658855,4354799.049176,110.912575,-320.992377,-0.274906
1462331835.353031,-4380647.587076,-1549714.008822,4354774.064536,113.016806,-320.257559,-0.280342
1462331925.353031,-4370381.564965,-1578503.604167,4354748.591215,115.116170,-319.508947,-0.285766
1462332015.353031,-4359926.822585,-1607225.204878,4354722.630312,117.210575,-318.746572,-0.291177
1462332105.353031,-4349283.810239,-1635877.573871,4354696.182944,119.299932,-317.970469,-0.296576
1462332195.353031,-4338452.986337,-1664459.477044,4354669.250250,121.384150,-317.180671,-0.301962
1462332285.353031,-4327434.817379,-1692969.683331,4354641.833389,123.463140,-316.377211,-0.307335
1462332375.353031,-4316229.777936,-1721406.964752,4354613.933543,125.536813,-315.560124,-0.312695
1462332465.353031,-4304838.350625,-1749770.096469,4354585.551914,127.605078,-314.729446,-0.318041
1462332555.353031,-4293261.026092,-1778057.856840,4354556.689723,129.667847,-313.885211,-0.323374
1462332645.353031,-4281498.302992,-1806269.027465,4354527.348214,131.725032,-313.027457,-0.328693
1462332735.353031,-4269550.687963,-1834402.393247,4354497.528649,133.776542,-312.156221,-0.333997
1462332825.353031,-4257418.695606,-1862456.742437,4354467.232314,135.822291,-311.271540,-0.339288
1462332915.353031,-4245102.848466,-1890430.866691,4354436.460514,137.862189,-310.373451,-0.344563
1462333005.353031,-4232603.677005,-1918323.561121,4354405.214573,139.896150,-309.461994,-0.349824
1462333095.353031,-4219921.719582,-1946133.624344,4354373.495836,141.924085,-308.537209,-0.355070
1462333185.353031,-4207057.522428,-1973859.858539,4354341.305672,143.945907,-307.599134,-0.360300
1462333275.353031,-4194011.639624,-2001501.069493,4354308.645464,145.961530,-306.647810,-0.365515
1462333365.353031,-4180784.633076,-2029056.066656,4354275.516621,147.970865,-305.683279,-0.370714
1462333455.353031,-4167377.072493,-2056523.663193,4354241.920568,149.973827,-304.705581,-0.375898
1462333545.353031,-4153789.535357,-2083902.676031,4354207.858754,151.970330,-303.714759,-0.381065
1462333635.353031,-4140022.606906,-2111191.925913,4354173.332644,153.960287,-302.710856,-0.386215
1462333725.353031,-4126076.880103,-2138390.237450,4354138.343726,155.943612,-301.693914,-0.391349
1462333815.353031,-4111952.955611,-2165496.439167,4354102.893506,157.920221,-300.663978,-0.396466
1462333905.353031,-4097651.441770,-2192509.363560,4354066.983512,159.890028,-299.621092,-0.401566
1462333995.353031,-4083172.954567,-2219427.847139,4354030.615290,161.852948,-298.565301,-0.406649
1462334085.353031,-4068518.117615,-2246250.730483,4353993.790406,163.808897,-297.496650,-0.411714
1462334175.353031,-4053687.562118,-2272976.858289,4353956.510446,165.757791,-296.415186,-0.416762
1462334265.353031,-4038681.926853,-2299605.079422,4353918.777016,167.699545,-295.320954,-0.421791
1462334355.353031,-4023501.858135,-2326134.246963,4353880.591741,169.634076,-294.214003,-0.426803
1462334445.353031,-4008148.009793,-2352563.218259,4353841.956265,171.561300,-293.094379,-0.431796
1462334535.353031,-3992621.043141,-2378890.854974,4353802.872253,173.481136,-291.962131,-0.436770
1462334625.353031,-3976921.626949,-2405116.023136,4353763.341387,175.393499,-290.817308,-0.441726
1462334715.353031,-3961050.437416,-2431237.593185,4353723.365371,177.298307,-289.659959,-0.446662
1462334805.353031,-3945008.158138,-2457254.440026,4353682.945925,179.195479,-288.490134,-0.451580
1462334895.353031,-3928795.480082,-2483165.443072,4353642.084791,181.084933,-287.307883,-0.456477
1462334985.353031,-3912413.101551,-2508969.486297,4353600.783729,182.966588,-286.113257,-0.461356
1462335075.353031,-3895861.728161,-2534665.458280,4353559.044517,184.840361,-284.906309,-0.466214
1462335165.353031,-3879142.072804,-2560252.252256,4353516.868953,186.706173,-283.687088,-0.471052
1462335255.353031,-3862254.855623,-2585728.766163,4353474.258854,188.563944,-282.455649,-0.475870
1462335345.353031,-3845200.803976,-2611093.902686,4353431.216053,190.413593,-281.212044,-0.480668
1462335435.353031,-3827980.652406,-2636346.569310,4353387.742407,192.255040,-279.956327,-0.485445
1462335525.353031,-3810595.142613,-2661485.678365,4353343.839786,194.088207,-278.688552,-0.490200
1462335615.353031,-3793045.023417,-2686510.147069,4353299.510081,195.913014,-277.408773,-0.494935
1462335705.353031,-3775331.050729,-2711418.897580,4353254.755202,197.729382,-276.117045,-0.499649
1462335795.353031,-3757453.987518,-2736210.857040,4353209.577077,199.537235,-274.813425,-0.504341
1462335885.353031,-3739414.603775,-2760884.957619,4353163.977650,201.336492,-273.497969,-0.509011
1462335975.353031,-3721213.676486,-2785440.136568,4353117.958886,203.127078,-272.170732,-0.513659
1462336065.353031,-3702851.989592,-2809875.336254,4353071.522767,204.908915,-270.831772,-0.518285
1462336155.353031,-3684330.333959,-2834189.504218,4353024.671294,206.681926,-269.481148,-0.522889
1462336245.353031,-3665649.507345,-2858381.593210,4352977.406482,208.446036,-268.118916,-0.527470
1462336335.353031,-3646810.314360,-2882450.561240,4352929.730369,210.201167,-266.745136,-0.532029
1462336425.353031,-3627813.566438,-2906395.371618,4352881.645008,211.947244,-265.359867,-0.536565
1462336515.353031,-3608660.081798,-2930214.993007,4352833.152469,213.684192,-263.963169,-0.541077
1462336605.353031,-3589350.685412,-2953908.399456,4352784.254842,215.411937,-262.555101,-0.545567
1462336695.353031,-3569886.208963,-2977474.570456,4352734.954232,217.130404,-261.135724,-0.550032
1462336785.353031,-3550267.490817,-3000912.490973,4352685.252762,218.839518,-259.705100,-0.554474
1462336875.353031,-3530495.375983,-3024221.151501,4352635.152573,220.539207,-258.263290,-0.558893
1462336965.353031,-3510570.716077,-3047399.548100,4352584.655824,222.229396,-256.810357,-0.563287
1462337055.353031,-3490494.369283,-3070446.682439,4352533.764688,223.910014,-255.346362,-0.567657
1462337145.353031,-3470267.200322,-3093361.561844,4352482.481357,225.580988,-253.871369,-0.572002
1462337235.353031,-3449890.080409,-3116143.199334,4352430.808041,227.242246,-252.385441,-0.576323
1462337325.353031,-3429363.887218,-3138790.613670,4352378.746964,228.893716,-250.888642,-0.580619
1462337415.353031,-3408689.504844,-3161302.829392,4352326.300370,230.535327,-249.381038,-0.584890
1462337505.353031,-3387867.823764,-3183678.876865,4352273.470516,232.167009,-247.862692,-0.589136
1462337595.353031,-3366899.740801,-3205917.792316,4352220.259679,233.788690,-246.333671,-0.593356
1462337685.353031,-3345786.159081,-3228018.617881,4352166.670149,235.400303,-244.794039,-0.597551
1462337775.353031,-3324527.988001,-3249980.401645,4352112.704236,237.001776,-243.243864,-0.601720
1462337865.353031,-3303126.143182,-3271802.197677,4352058.364262,238.593041,-241.683212,-0.605863
1462337955.353031,-3281581.546434,-3293483.066081,4352003.652570,240.174030,-240.112150,-0.609980
1462338045.353031,-3259895.125717,-3315022.073028,4351948.571514,241.744673,-238.530746,-0.614071
1462338135.353031,-3238067.815099,-3336418.290798,4351893.123468,243.304905,-236.939069,-0.618136
1462338225.353031,-3216100.554715,-3357670.797824,4351837.310820,244.854657,-235.337186,-0.622173
1462338315.353031,-3193994.290730,-3378778.678728,4351781.135972,246.393863,-233.725166,-0.626184
1462338405.353031,-3171749.975294,-3399741.024359,4351724.601346,247.922456,-232.103080,-0.630168
1462338495.353031,-3149368.566504,-3420556.931838,4351667.709375,249.440371,-230.470997,-0.634125
1462338585.353031,-3126851.028362,-3441225.504591,4351610.462510,250.947542,-228.828987,-0.638055
1462338675.353031,-3104198.330734,-3461745.852391,4351552.863216,252.443904,-227.177121,-0.641957
1462338765.353031,-3081411.449306,-3482117.091394,4351494.913975,253.929394,-225.515470,-0.645831
1462338855.353031,-3058491.365544,-3502338.344180,4351436.617282,255.403946,-223.844106,-0.649678
1462338945.353031,-3035439.066652,-3522408.739787,4351377.975648,256.867497,-222.163100,-0.653496
1462339035.353031,-3012255.545529,-3542327.413753,4351318.991599,258.319985,-220.472526,-0.657287
1462339125.353031,-2988941.800723,-3562093.508150,4351259.667675,259.761346,-218.772455,-0.661049
1462339215.353031,-2965498.836394,-3581706.171621,4351200.006430,261.191519,-217.062962,-0.664783
1462339305.353031,-2941927.662268,-3601164.559419,4351140.010436,262.610443,-215.344119,-0.668488
1462339395.353031,-2918229.293590,-3620467.833439,4351079.682275,264.018055,-213.616001,-0.672164
1462339485.353031,-2894404.751086,-3639615.162262,4351019.024546,265.414295,-211.878683,-0.675811
1462339575.353031,-2870455.060917,-3658605.721181,4350958.039862,266.799104,-210.132238,-0.679430
1462339665.353031,-2846381.254631,-3677438.692244,4350896.730849,268.172421,-208.376743,-0.683019
1462339755.353031,-2822184.369126,-3696113.264285,4350835.100148,269.534188,-206.612273,-0.686578
1462339845.353031,-2797865.446599,-3714628.632962,4350773.150413,270.884346,-204.838903,-0.690108
1462339935.353031,-2773425.534503,-3732984.000789,4350710.884312,272.222836,-203.056711,-0.693608
1462340025.353031,-2748865.685503,-3751178.577171,4350648.304527,273.549601,-201.265773,-0.697079
1462340115.353031,-2724186.957430,-3769211.578441,4350585.413753,274.864583,-199.466166,-0.700519
1462340205.353031,-2699390.413234,-3787082.227889,4350522.214699,276.167727,-197.657967,-0.703929
1462340295.353031,-2674477.120942,-3804789.755798,4350458.710088,277.458976,-195.841256,-0.707309
1462340385.353031,-2649448.153606,-3822333.399478,4350394.902654,278.738275,-194.016109,-0.710658
1462340475.353031,-2624304.589265,-3839712.403296,4350330.795145,280.005567,-192.182605,-0.713977
1462340565.353031,-2599047.510889,-3856926.018713,4350266.390322,281.260800,-190.340824,-0.717265
1462340655.353031,-2573678.006340,-3873973.504310,4350201.690960,282.503918,-188.490845,-0.720522
1462340745.353031,-2548197.168323,-3890854.125827,4350136.699844,283.734868,-186.632747,-0.723749
1462340835.353031,-2522606.094336,-3907567.156188,4350071.419775,284.953597,-184.766610,-0.726943
1462340925.353031,-2496905.886625,-3924111.875539,4350005.853563,286.160053,-182.892515,-0.730107
1462341015.353031,-2471097.652140,-3940487.571271,4349940.004034,287.354184,-181.010543,-0.733239
1462341105.353031,-2445182.502481,-3956693.538059,4349873.874021,288.535937,-179.120774,-0.736340
1462341195.353031,-2419161.553852,-3972729.077885,4349807.466375,289.705263,-177.223291,-0.739409
1462341285.353031,-2393035.927017,-3988593.500076,4349740.783955,290.862111,-175.318174,-0.742446
1462341375.353031,-2366806.747247,-4004286.121325,4349673.829633,292.006431,-173.405506,-0.745451
1462341465.353031,-2340475.144273,-4019806.265726,4349606.606294,293.138174,-171.485369,-0.748424
1462341555.353031,-2314042.252238,-4035153.264804,4349539.116831,294.257291,-169.557846,-0.751365
1462341645.353031,-2287509.209648,-4050326.457539,4349471.364152,295.363734,-167.623020,-0.754273
1462341735.353031,-2260877.159321,-4065325.190398,4349403.351176,296.457455,-165.680974,-0.757149
1462341825.353031,-2234147.248342,-4080148.817363,4349335.080830,297.538408,-163.731791,-0.759992
1462341915.353031,-2207320.628008,-4094796.699957,4349266.556057,298.606544,-161.775557,-0.762803
1462342005.353031,-2180398.453785,-4109268.207273,4349197.779807,299.661820,-159.812355,-0.765580
1462342095.353031,-2153381.885251,-4123562.716000,4349128.755042,300.704188,-157.842269,-0.768325
1462342185.353031,-2126272.086052,-4137679.610452,4349059.484736,301.733605,-155.865385,-0.771037
1462342275.353031,-2099070.223850,-4151618.282593,4348989.971871,302.750026,-153.881788,-0.773715
1462342365.353031,-2071777.470269,-4165378.132062,4348920.219442,303.753406,-151.891562,-0.776360
1462342455.353031,-2044395.000852,-4178958.566201,4348850.230453,304.743704,-149.894795,-0.778972
1462342545.353031,-2016923.995004,-4192359.000080,4348780.007919,305.720875,-147.891571,-0.781550
1462342635.353031,-1989365.635944,-4205578.856521,4348709.554863,306.684879,-145.881977,-0.784094
1462342725.353031,-1961721.110652,-4218617.566125,4348638.874321,307.635674,-143.866100,-0.786605
1462342815.353031,-1933991.609820,-4231474.567294,4348567.969336,308.573218,-141.844026,-0.789082
1462342905.353031,-1906178.327803,-4244149.306257,4348496.842963,309.497471,-139.815843,-0.791524
1462342995.353031,-1878282.462561,-4256641.237094,4348425.498265,310.408394,-137.781638,-0.793933
1462343085.353031,-1850305.215611,-4268949.821757,4348353.938314,311.305947,-135.741498,-0.796308
1462343175.353031,-1822247.791977,-4281074.530097,4348282.166193,312.190092,-133.695512,-0.798648
1462343265.353031,-1794111.400136,-4293014.839885,4348210.184993,313.060790,-131.643767,-0.800954
1462343355.353031,-1765897.251965,-4304770.236831,4348137.997815,313.918004,-129.586353,-0.803225
1462343445.353031,-1737606.562692,-4316340.214613,4348065.607767,314.761697,-127.523356,-0.805462
1462343535.353031,-1709240.550841,-4327724.274895,4347993.017967,315.591833,-125.454867,-0.807664
1462343625.353031,-1680800.438178,-4338921.927347,4347920.231542,316.408376,-123.380975,-0.809831
1462343715.353031,-1652287.449665,-4349932.689668,4347847.251627,317.211291,-121.301768,-0.811963
1462343805.353031,-1623702.813400,-4360756.087608,4347774.081365,318.000542,-119.217337,-0.814061
1462343895.353031,-1595047.760566,-4371391.654987,4347700.723907,318.776098,-117.127771,-0.816123
1462343985.353031,-1566323.525382,-4381838.933715,4347627.182414,319.537923,-115.033160,-0.818150
1462344075.353031,-1537531.345045,-4392097.473810,4347553.460051,320.285984,-112.933594,-0.820142
1462344165.353031,-1508672.459678,-4402166.833421,4347479.559996,321.020251,-110.829164,-0.822099
1462344255.353031,-1479748.112279,-4412046.578846,4347405.485430,321.740691,-108.719960,-0.824020
1462344345.353031,-1450759.548663,-4421736.284549,4347331.239544,322.447273,-106.606074,-0.825906
1462344435.353031,-1421708.017413,-4431235.533178,4347256.825536,323.139967,-104.487596,-0.827756
1462344525.353031,-1392594.769824,-4440543.915587,4347182.246611,323.818742,-102.364618,-0.829570
1462344615.353031,-1363421.059848,-4449661.030849,4347107.505981,324.483571,-100.237230,-0.831349
1462344705.353031,-1334188.144042,-4458586.486276,4347032.606865,325.134423,-98.105526,-0.833092
1462344795.353031,-1304897.281512,-4467319.897434,4346957.552489,325.771271,-95.969595,-0.834799
1462344885.353031,-1275549.733862,-4475860.888162,4346882.346086,326.394088,-93.829531,-0.836470
1462344975.353031,-1246146.765135,-4484209.090587,4346806.990894,327.002846,-91.685426,-0.838105
1462345065.353031,-1216689.641764,-4492364.145137,4346731.490160,327.597520,-89.537372,-0.839704
1462345155.353031,-1187179.632512,-4500325.700564,4346655.847136,328.178084,-87.385461,-0.841267
1462345245.353031,-1157618.008420,-4508093.413948,4346580.065079,328.744512,-85.229786,-0.842794
1462345335.353031,-1128006.042755,-4515666.950725,4346504.147253,329.296781,-83.070441,-0.844284
1462345425.353031,-1098345.010948,-4523045.984688,4346428.096928,329.834867,-80.907517,-0.845738
1462345515.353031,-1068636.190546,-4530230.198013,4346351.917380,330.358746,-78.741109,-0.847156
1462345605.353031,-1038880.861155,-4537219.281263,4346275.611890,330.868396,-76.571309,-0.848537
1462345695.353031,-1009080.304381,-4544012.933408,4346199.183744,331.363796,-74.398211,-0.849881
1462345785.353031,-979235.803783,-4550610.861835,4346122.636234,331.844922,-72.221908,-0.851189
1462345875.353031,-949348.644807,-4557012.782361,4346045.972657,332.311756,-70.042495,-0.852460
1462345965.353031,-919420.114741,-4563218.419245,4345969.196315,332.764277,-67.860065,-0.853695
1462346055.353031,-889451.502652,-4569227.505200,4345892.310515,333.202465,-65.674713,-0.854892
1462346145.353031,-859444.099335,-4575039.781407,4345815.318568,333.626301,-63.486531,-0.856053
1462346235.353031,-829399.197255,-4580654.997522,4345738.223791,334.035767,-61.295615,-0.857177
1462346325.353031,-799318.090493,-4586072.911687,4345661.029504,334.430847,-59.102059,-0.858264
1462346415.353031,-769202.074688,-4591293.290546,4345583.739031,334.811521,-56.905957,-0.859314
1462346505.353031,-739052.446985,-4596315.909248,4345506.355702,335.177775,-54.707405,-0.860328
1462346595.353031,-708870.505973,-4601140.551462,4345428.882849,335.529592,-52.506496,-0.861304
1462346685.353031,-678657.551636,-4605767.009382,4345351.323811,335.866958,-50.303325,-0.862243
1462346775.353031,-648414.885292,-4610195.083740,4345273.681926,336.189857,-48.097988,-0.863145
1462346865.353031,-618143.809540,-4614424.583812,4345195.960539,336.498275,-45.890579,-0.864009
1462346955.353031,-587845.628203,-4618455.327427,4345118.162998,336.792201,-43.681193,-0.864837
1462347045.353031,-557521.646269,-4622287.140974,4345040.292653,337.071620,-41.469927,-0.865627
1462347135.353031,-527173.169839,-4625919.859411,4344962.352858,337.336521,-39.256873,-0.866380
1462347225.353031,-496801.506069,-4629353.326271,4344884.346971,337.586892,-37.042130,-0.867095
1462347315.353031,-466407.963115,-4632587.393670,4344806.278351,337.822723,-34.825790,-0.867774
1462347405.353031,-435993.850072,-4635621.922311,4344728.150360,338.044004,-32.607951,-0.868415
1462347495.353031,-405560.476923,-4638456.781493,4344649.966364,338.250724,-30.388707,-0.869018
1462347585.353031,-375109.154481,-4641091.849113,4344571.729730,338.442876,-28.168154,-0.869584
1462347675.353031,-344641.194332,-4643527.011675,4344493.443827,338.620450,-25.946388,-0.870113
1462347765.353031,-314157.908778,-4645762.164293,4344415.112028,338.783439,-23.723505,-0.870604
1462347855.353031,-283660.610781,-4647797.210695,4344336.737707,338.931836,-21.499599,-0.871057
1462347945.353031,-253150.613907,-4649632.063229,4344258.324238,339.065635,-19.274768,-0.871473
1462348035.353031,-222629.232268,-4651266.642865,4344179.875000,339.184830,-17.049107,-0.871852
1462348125.353031,-192097.780469,-4652700.879198,4344101.393371,339.289416,-14.822711,-0.872193
1462348215.353031,-161557.573544,-4653934.710455,4344022.882732,339.379388,-12.595676,-0.872497
1462348305.353031,-131009.926909,-4654968.083491,4343944.346464,339.454742,-10.368100,-0.872762
1462348395.353031,-100456.156299,-4655800.953799,4343865.787949,339.515476,-8.140076,-0.872991
1462348485.353031,-69897.577710,-4656433.285504,4343787.210572,339.561586,-5.911702,-0.873181
1462348575.353031,-39335.507349,-4656865.051372,4343708.617716,339.593070,-3.683073,-0.873334
1462348665.353031,-8771.261571,-4657096.232805,4343630.012767,339.609928,-1.454286,-0.873450
1462348755.353031,21793.843175,-4657126.819847,4343551.399110,339.612158,0.774564,-0.873528
1462348845.353031,52358.490401,-4656956.811179,4343472.780132,339.599761,3.003380,-0.873568
1462348935.353031,82921.363643,-4656586.214124,4343394.159218,339.572737,5.232067,-0.873571
1462349025.353031,113481.146509,-4656015.044645,4343315.539754,339.531086,7.460529,-0.873536
1462349115.353031,144036.522742,-4655243.327342,4343236.925128,339.474812,9.688670,-0.873463
1462349205.353031,174586.176275,-4654271.095455,4343158.318725,339.403916,11.916393,-0.873353
1462349295.353031,205128.791287,-4653098.390859,4343079.723930,339.318401,14.143603,-0.873205
1462349385.353031,235663.052260,-4651725.264065,4343001.144129,339.218271,16.370204,-0.873019
1462349475.353031,266187.644037,-4650151.774214,4342922.582707,339.103531,18.596099,-0.872796
1462349565.353031,296701.251876,-4648377.989079,4342844.043046,338.974184,20.821194,-0.872535
1462349655.353031,327202.561509,-4646403.985061,4342765.528531,338.830238,23.045392,-0.872237
1462349745.353031,357690.259197,-4644229.847183,4342687.042541,338.671698,25.268597,-0.871901
1462349835.353031,388163.031788,-4641855.669087,4342608.588459,338.498570,27.490714,-0.871528
1462349925.353031,418619.566773,-4639281.553034,4342530.169663,338.310863,29.711647,-0.871117
1462350015.353031,449058.552341,-4636507.609895,4342451.789531,338.108585,31.931300,-0.870668
1462350105.353031,479478.677438,-4633533.959148,4342373.451438,337.891743,34.149578,-0.870182
1462350195.353031,509878.631822,-4630360.728871,4342295.158759,337.660348,36.366385,-0.869659
1462350285.353031,540257.106121,-4626988.055743,4342216.914866,337.414410,38.581625,-0.869098
1462350375.353031,570612.791886,-4623416.085027,4342138.723129,337.153938,40.795204,-0.868500
1462350465.353031,600944.381651,-4619644.970576,4342060.586915,336.878945,43.007026,-0.867864
1462350555.353031,631250.568987,-4615674.874816,4341982.509591,336.589442,45.216995,-0.867191
1462350645.353031,661530.048561,-4611505.968746,4341904.494518,336.285441,47.425017,-0.866480
1462350735.353031,691781.516188,-4607138.431927,4341826.545058,335.966956,49.630996,-0.865733
1462350825.353031,722003.668890,-4602572.452475,4341748.664568,335.634001,51.834837,-0.864948
1462350915.353031,752195.204953,-4597808.227054,4341670.856401,335.286589,54.036446,-0.864125
1462351005.353031,782354.823981,-4592845.960868,4341593.123910,334.924736,56.235728,-0.863266
1462351095.353031,812481.226952,-4587685.867647,4341515.470442,334.548457,58.432587,-0.862369
1462351185.353031,842573.116275,-4582328.169646,4341437.899342,334.157769,60.626929,-0.861435
1462351275.353031,872629.195846,-4576773.097629,4341360.413951,333.752688,62.818660,-0.860464
1462351365.353031,902648.171104,-4571020.890861,4341283.017607,333.333232,65.007686,-0.859456
1462351455.353031,932628.749083,-4565071.797099,4341205.713642,332.899418,67.193911,-0.858411
1462351545.353031,962569.638476,-4558926.072579,4341128.505387,332.451266,69.377242,-0.857329
1462351635.353031,992469.549681,-4552583.982008,4341051.396167,331.988795,71.557586,-0.856210
1462351725.353031,1022327.194863,-4546045.798548,4340974.389304,331.512025,73.734847,-0.855054
1462351815.353031,1052141.288006,-4539311.803810,4340897.488113,331.020975,75.908932,-0.853862
1462351905.353031,1081910.544973,-4532382.287837,4340820.695908,330.515669,78.079747,-0.852632
1462351995.353031,1111633.683554,-4525257.549094,4340744.015995,329.996126,80.247200,-0.851366
1462352085.353031,1141309.423528,-4517937.894455,4340667.451678,329.462370,82.411196,-0.850063
1462352175.353031,1170936.486715,-4510423.639188,4340591.006255,328.914424,84.571643,-0.848724
1462352265.353031,1200513.597032,-4502715.106944,4340514.683017,328.352310,86.728447,-0.847348
1462352355.353031,1230039.480547,-4494812.629742,4340438.485252,327.776054,88.881515,-0.845935
1462352445.353031,1259512.865534,-4486716.547953,4340362.416242,327.185680,91.030756,-0.844486
1462352535.353031,1288932.482530,-4478427.210288,4340286.479264,326.581214,93.176075,-0.843001
1462352625.353031,1318297.064384,-4469944.973781,4340210.677588,325.962682,95.317381,-0.841479
1462352715.353031,1347605.346321,-4461270.203777,4340135.014479,325.330109,97.454582,-0.839921
1462352805.353031,1376856.065986,-4452403.273909,4340059.493196,324.683525,99.587585,-0.838327
1462352895.353031,1406047.963506,-4443344.566092,4339984.116992,324.022955,101.716299,-0.836697
1462352985.353031,1435179.781541,-4434094.470497,4339908.889114,323.348430,103.840632,-0.835031
1462353075.353031,1464250.265338,-4424653.385541,4339833.812801,322.659977,105.960492,-0.833329
1462353165.353031,1493258.162786,-4415021.717864,4339758.891287,321.957627,108.075788,-0.831591
1462353255.353031,1522202.224471,-4405199.882319,4339684.127799,321.241410,110.186429,-0.829817
1462353345.353031,1551081.203727,-4395188.301947,4339609.525558,320.511356,112.292324,-0.828007
1462353435.353031,1579893.856692,-4384987.407963,4339535.087776,319.767497,114.393383,-0.826162
1462353525.353031,1608638.942359,-4374597.639733,4339460.817661,319.009866,116.489515,-0.824281
1462353615.353031,1637315.222635,-4364019.444763,4339386.718409,318.238494,118.580629,-0.822365
1462353705.353031,1665921.462386,-4353253.278670,4339312.793214,317.453416,120.666636,-0.820413
1462353795.353031,1694456.429499,-4342299.605171,4339239.045260,316.654664,122.747445,-0.818426
1462353885.353031,1722918.894927,-4331158.896057,4339165.477722,315.842273,124.822968,-0.816404
1462353975.353031,1751307.632749,-4319831.631176,4339092.093770,315.016278,126.893114,-0.814346
1462354065.353031,1779621.420217,-4308318.298410,4339018.896563,314.176715,128.957795,-0.812254
1462354155.353031,1807859.037814,-4296619.393657,4338945.889256,313.323620,131.016921,-0.810126
1462354245.353031,1836019.269300,-4284735.420806,4338873.074992,312.457030,133.070405,-0.807964
1462354335.353031,1864100.901772,-4272666.891719,4338800.456908,311.576982,135.118156,-0.805766
1462354425.353031,1892102.725710,-4260414.326206,4338728.038131,310.683514,137.160088,-0.803534
1462354515.353031,1920023.535032,-4247978.252004,4338655.821781,309.776664,139.196113,-0.801268
1462354605.353031,1947862.127145,-4235359.204753,4338583.810968,308.856471,141.226142,-0.798967
1462354695.353031,1975617.303000,-4222557.727976,4338512.008794,307.922976,143.250088,-0.796631
1462354785.353031,2003287.867136,-4209574.373052,4338440.418351,306.976217,145.267864,-0.794261
1462354875.353031,2030872.627740,-4196409.699194,4338369.042723,306.016237,147.279383,-0.791857
1462354965.353031,2058370.396694,-4183064.273425,4338297.884984,305.043077,149.284558,-0.789419
1462355055.353031,2085779.989626,-4169538.670553,4338226.948199,304.056777,151.283304,-0.786947
1462355145.353031,2113100.225963,-4155833.473147,4338156.235424,303.057382,153.275534,-0.784441
1462355235.353031,2140329.928980,-4141949.271511,4338085.749704,302.044933,155.261162,-0.781901
1462355325.353031,2167467.925852,-4127886.663659,4338015.494074,301.019475,157.240102,-0.779328
1462355415.353031,2194513.047703,-4113646.255290,4337945.471562,299.981051,159.212270,-0.776721
1462355505.353031,2221464.129657,-4099228.659759,4337875.685184,298.929707,161.177581,-0.774080
1462355595.353031,2248320.010890,-4084634.498054,4337806.137944,297.865487,163.135949,-0.771406
1462355685.353031,2275079.534678,-4069864.398770,4337736.832838,296.788438,165.087291,-0.768699
1462355775.353031,2301741.548446,-4054918.998076,4337667.772852,295.698605,167.031522,-0.765959
1462355865.353031,2328304.903821,-4039798.939695,4337598.960960,294.596037,168.968559,-0.763186
1462355955.353031,2354768.456677,-4024504.874871,4337530.400127,293.480780,170.898318,-0.760380
1462356045.353031,2381131.067189,-4009037.462343,4337462.093304,292.352882,172.820716,-0.757541
1462356135.353031,2407391.599877,-3993397.368316,4337394.043434,291.212392,174.735671,-0.754669
1462356225.353031,2433548.923661,-3977585.266433,4337326.253448,290.059359,176.643099,-0.751765
1462356315.353031,2459601.911904,-3961601.837746,4337258.726266,288.893832,178.542919,-0.748829
1462356405.353031,2485549.442462,-3945447.770686,4337191.464797,287.715863,180.435049,-0.745860
1462356495.353031,2511390.397737,-3929123.761034,4337124.471937,286.525501,182.319408,-0.742860
1462356585.353031,2537123.664718,-3912630.511889,4337057.750573,285.322798,184.195913,-0.739827
1462356675.353031,2562748.135034,-3895968.733643,4336991.303577,284.107806,186.064486,-0.736762
1462356765.353031,2588262.704998,-3879139.143943,4336925.133812,282.880577,187.925044,-0.733666
1462356855.353031,2613666.275660,-3862142.467665,4336859.244128,281.641164,189.777507,-0.730538
1462356945.353031,2638957.752847,-3844979.436884,4336793.637363,280.389620,191.621797,-0.727379
1462357035.353031,2664136.047217,-3827650.790837,4336728.316343,279.125999,193.457833,-0.724188
1462357125.353031,2689200.074301,-3810157.275895,4336663.283881,277.850356,195.285537,-0.720966
1462357215.353031,2714148.754554,-3792499.645532,4336598.542779,276.562745,197.104830,-0.717713
1462357305.353031,2738981.013397,-3774678.660290,4336534.095824,275.263223,198.915633,-0.714429
1462357395.353031,2763695.781267,-3756695.087745,4336469.945793,273.951844,200.717868,-0.711115
1462357485.353031,2788291.993659,-3738549.702477,4336406.095449,272.628666,202.511458,-0.707770
1462357575.353031,2812768.591177,-3720243.286038,4336342.547542,271.293745,204.296326,-0.704394
1462357665.353031,2837124.519577,-3701776.626911,4336279.304809,269.947140,206.072394,-0.700988
1462357755.353031,2861358.729810,-3683150.520485,4336216.369974,268.588907,207.839586,-0.697551
1462357845.353031,2885470.178072,-3664365.769016,4336153.745748,267.219106,209.597827,-0.694085
1462357935.353031,2909457.825845,-3645423.181591,4336091.434828,265.837795,211.347039,-0.690589
1462358025.353031,2933320.639945,-3626323.574097,4336029.439899,264.445034,213.087149,-0.687063
1462358115.353031,2957057.592562,-3607067.769184,4335967.763629,263.040883,214.818081,-0.683507
1462358205.353031,2980667.661310,-3587656.596229,4335906.408677,261.625403,216.539760,-0.679922
1462358295.353031,3004149.829267,-3568090.891300,4335845.377684,260.198654,218.252112,-0.676308
1462358385.353031,3027503.085019,-3548371.497125,4335784.673279,258.760697,219.955064,-0.672665
1462358475.353031,3050726.422705,-3528499.263046,4335724.298077,257.311596,221.648542,-0.668992
1462358565.353031,3073818.842061,-3508475.044993,4335664.254679,255.851411,223.332474,-0.665291
1462358655.353031,3096779.348459,-3488299.705439,4335604.545670,254.380207,225.006786,-0.661561
1462358745.353031,3119606.952957,-3467974.113367,4335545.173623,252.898046,226.671406,-0.657803
1462358835.353031,3142300.672332,-3447499.144232,4335486.141095,251.404993,228.326264,-0.654016
1462358925.353031,3164859.529132,-3426875.679923,4335427.450628,249.901111,229.971287,-0.650201
1462359015.353031,3187282.551713,-3406104.608724,4335369.104750,248.386466,231.606405,-0.646359
1462359105.353031,3209568.774278,-3385186.825278,4335311.105975,246.861122,233.231548,-0.642488
1462359195.353031,3231717.236928,-3364123.230544,4335253.456800,245.325145,234.846645,-0.638589
1462359285.353031,3253726.985692,-3342914.731767,4335196.159710,243.778602,236.451626,-0.634664
1462359375.353031,3275597.072578,-3321562.242427,4335139.217170,242.221559,238.046423,-0.630710
1462359465.353031,3297326.555606,-3300066.682210,4335082.631635,240.654083,239.630968,-0.626730
1462359555.353031,3318914.498854,-3278428.976964,4335026.405542,239.076242,241.205191,-0.622723
1462359645.353031,3340359.972497,-3256650.058656,4334970.541312,237.488103,242.769024,-0.618688
1462359735.353031,3361662.052844,-3234730.865340,4334915.041351,235.889735,244.322402,-0.614628
1462359825.353031,3382819.822382,-3212672.341109,4334859.908050,234.281208,245.865256,-0.610540
1462359915.353031,3403832.369812,-3190475.436057,4334805.143785,232.662589,247.397520,-0.606427
1462360005.353031,3424698.790093,-3168141.106239,4334750.750913,231.033949,248.919129,-0.602287
1462360095.353031,3445418.184475,-3145670.313631,4334696.731777,229.395359,250.430016,-0.598121
1462360185.353031,3465989.660542,-3123064.026082,4334643.088704,227.746888,251.930117,-0.593930
1462360275.353031,3486412.332248,-3100323.217283,4334589.824006,226.088607,253.419366,-0.589713
1462360365.353031,3506685.319958,-3077448.866713,4334536.939975,224.420588,254.897701,-0.585470
1462360455.353031,3526807.750481,-3054441.959607,4334484.438890,222.742904,256.365056,-0.581203
1462360545.353031,3546778.757116,-3031303.486908,4334432.323012,221.055625,257.821370,-0.576910
1462360635.353031,3566597.479678,-3008034.445226,4334380.594587,219.358825,259.266579,-0.572592
1462360725.353031,3586263.064546,-2984635.836795,4334329.255841,217.652577,260.700621,-0.568250
1462360815.353031,3605774.664692,-2961108.669428,4334278.308987,215.936955,262.123434,-0.563884
1462360905.353031,3625131.439720,-2937453.956477,4334227.756218,214.212032,263.534957,-0.559493
1462360995.353031,3644332.555906,-2913672.716788,4334177.599713,212.477882,264.935129,-0.555078
1462361085.353031,3663377.186227,-2889765.974655,4334127.841632,210.734580,266.323890,-0.550639
1462361175.353031,3682264.510401,-2865734.759778,4334078.484117,208.982202,267.701180,-0.546176
1462361265.353031,3700993.714923,-2841580.107219,4334029.529295,207.220823,269.066940,-0.541690
1462361355.353031,3719563.993096,-2817303.057357,4333980.979274,205.450518,270.421111,-0.537180
1462361445.353031,3737974.545071,-2792904.655842,4333932.836146,203.671365,271.763634,-0.532648
1462361535.353031,3756224.577875,-2768385.953550,4333885.101985,201.883438,273.094452,-0.528092
1462361625.353031,3774313.305452,-2743748.006540,4333837.778845,200.086817,274.413507,-0.523514
1462361715.353031,3792239.948692,-2718991.876006,4333790.868767,198.281577,275.720743,-0.518913
1462361805.353031,3810003.735467,-2694118.628234,4333744.373769,196.467797,277.016103,-0.514289
1462361895.353031,3827603.900664,-2669129.334552,4333698.295856,194.645555,278.299531,-0.509644
1462361985.353031,3845039.686216,-2644025.071288,4333652.637011,192.814929,279.570973,-0.504977
1462362075.353031,3862310.341136,-2618806.919722,4333607.399201,190.975999,280.830374,-0.500287
1462362165.353031,3879415.121552,-2593475.966039,4333562.584375,189.128843,282.077678,-0.495577
1462362255.353031,3896353.290733,-2568033.301281,4333518.194464,187.273540,283.312833,-0.490845
1462362345.353031,3913124.119127,-2542480.021304,4333474.231378,185.410172,284.535785,-0.486092
1462362435.353031,3929726.884388,-2516817.226727,4333430.697013,183.538817,285.746482,-0.481318
1462362525.353031,3946160.871409,-2491046.022887,4333387.593242,181.659558,286.944871,-0.476523
1462362615.353031,3962425.372353,-2465167.519789,4333344.921923,179.772474,288.130901,-0.471707
1462362705.353031,3978519.686683,-2439182.832060,4333302.684893,177.877646,289.304521,-0.466872
1462362795.353031,3994443.121192,-2413093.078901,4333260.883972,175.975158,290.465680,-0.462016
1462362885.353031,4010194.990033,-2386899.384038,4333219.520961,174.065090,291.614329,-0.457140
1462362975.353031,4025774.614749,-2360602.875674,4333178.597641,172.147524,292.750417,-0.452245
1462363065.353031,4041181.324300,-2334204.686441,4333138.115774,170.222544,293.873895,-0.447330
1462363155.353031,4056414.455097,-2307705.953348,4333098.077104,168.290232,294.984717,-0.442396
1462363245.353031,4071473.351025,-2281107.817738,4333058.483357,166.350672,296.082832,-0.437443
1462363335.353031,4086357.363473,-2254411.425234,4333019.336237,164.403947,297.168195,-0.432471
1462363425.353031,4101065.851365,-2227617.925691,4332980.637431,162.450140,298.240759,-0.427480
1462363515.353031,4115598.181183,-2200728.473145,4332942.388605,160.489337,299.300477,-0.422471
1462363605.353031,4129953.726998,-2173744.225768,4332904.591408,158.521621,300.347303,-0.417444
1462363695.353031,4144131.870493,-2146666.345812,4332867.247466,156.547077,301.381193,-0.412399
1462363785.353031,4158132.000994,-2119495.999565,4332830.358390,154.565791,302.402102,-0.407336
1462363875.353031,4171953.515494,-2092234.357294,4332793.925766,152.577847,303.409986,-0.402255
1462363965.353031,4185595.818680,-2064882.593201,4332757.951166,150.583332,304.404802,-0.397157
1462364055.353031,4199058.322955,-2037441.885368,4332722.436138,148.582330,305.386507,-0.392042
1462364145.353031,4212340.448469,-2009913.415710,4332687.382213,146.574929,306.355058,-0.386910
1462364235.353031,4225441.623140,-1982298.369921,4332652.790900,144.561215,307.310414,-0.381762
1462364325.353031,4238361.282681,-1954597.937422,4332618.663688,142.541274,308.252534,-0.376597
1462364415.353031,4251098.870622,-1926813.311315,4332585.002049,140.515194,309.181376,-0.371416
1462364505.353031,4263653.838335,-1898945.688326,4332551.807432,138.483061,310.096902,-0.366218
1462364595.353031,4276025.645058,-1870996.268758,4332519.081267,136.444964,310.999072,-0.361005
1462364685.353031,4288213.757919,-1842966.256434,4332486.824964,134.400990,311.887846,-0.355777
1462364775.353031,4300217.651957,-1814856.858651,4332455.039911,132.351227,312.763187,-0.350533
1462364865.353031,4312036.810145,-1786669.286125,4332423.727479,130.295764,313.625056,-0.345274
1462364955.353031,4323670.723414,-1758404.752937,4332392.889015,128.234688,314.473417,-0.340000
1462365045.353031,4335118.890673,-1730064.476484,4332362.525849,126.168089,315.308234,-0.334712
1462365135.353031,4346380.818833,-1701649.677427,4332332.639288,124.096056,316.129469,-0.329409
1462365225.353031,4357456.022824,-1673161.579635,4332303.230619,122.018678,316.937089,-0.324092
1462365315.353031,4368344.025621,-1644601.410134,4332274.301109,119.936045,317.731057,-0.318761
1462365405.353031,4379044.358260,-1615970.399054,4332245.852005,117.848245,318.511340,-0.313416
1462365495.353031,4389556.559862,-1587269.779579,4332217.884532,115.755370,319.277905,-0.308058
1462365585.353031,4399880.177649,-1558500.787887,4332190.399894,113.657509,320.030718,-0.302686
1462365675.353031,4410014.766968,-1529664.663105,4332163.399275,111.554752,320.769746,-0.297302
1462365765.353031,4419959.891306,-1500762.647248,4332136.883839,109.447191,321.494958,-0.291904
1462365855.353031,4429715.122311,-1471795.985171,4332110.854728,107.334916,322.206324,-0.286494
1462365945.353031,4439280.039811,-1442765.924513,4332085.313062,105.218017,322.903811,-0.281072
1462366035.353031,4448654.231829,-1413673.715644,4332060.259942,103.096587,323.587390,-0.275638
1462366125.353031,4457837.294605,-1384520.611611,4332035.696448,100.970716,324.257032,-0.270191
1462366215.353031,4466828.832611,-1355307.868081,4332011.623636,98.840496,324.912707,-0.264734
1462366305.353031,4475628.458566,-1326036.743294,4331988.042545,96.706019,325.554388,-0.259264
1462366395.353031,4484235.793457,-1296708.498003,4331964.954190,94.567377,326.182047,-0.253784
1462366485.353031,4492650.466553,-1267324.395420,4331942.359565,92.424661,326.795657,-0.248292
1462366575.353031,4500872.115422,-1237885.701163,4331920.259645,90.277965,327.395191,-0.242790
1462366665.353031,4508900.385943,-1208393.683204,4331898.655380,88.127380,327.980624,-0.237278
1462366755.353031,4516734.932327,-1178849.611809,4331877.547701,85.972999,328.551930,-0.231755
1462366845.353031,4524375.417129,-1149254.759487,4331856.937518,83.814916,329.109085,-0.226222
1462366935.353031,4531821.511259,-1119610.400934,4331836.825719,81.653222,329.652065,-0.220680
1462367025.353031,4539072.894005,-1089917.812978,4331817.213169,79.488012,330.180846,-0.215128
1462367115.353031,4546129.253037,-1060178.274525,4331798.100714,77.319377,330.695405,-0.209566
1462367205.353031,4552990.284428,-1030393.066503,4331779.489177,75.147413,331.195721,-0.203996
1462367295.353031,4559655.692661,-1000563.471808,4331761.379360,72.972212,331.681772,-0.198417
1462367385.353031,4566125.190648,-970690.775246,4331743.772042,70.793867,332.153537,-0.192829
1462367475.353031,4572398.499738,-940776.263479,4331726.667983,68.612474,332.610996,-0.187233
1462367565.353031,4578475.349729,-910821.224974,4331710.067919,66.428125,333.054128,-0.181629
1462367655.353031,4584355.478882,-880826.949938,4331693.972565,64.240916,333.482915,-0.176018
1462367745.353031,4590038.633931,-850794.730273,4331678.382614,62.050939,333.897339,-0.170398
1462367835.353031,4595524.570093,-820725.859513,4331663.298739,59.858289,334.297381,-0.164771
1462367925.353031,4600813.051081,-790621.632770,4331648.721589,57.663062,334.683025,-0.159137
1462368015.353031,4605903.849113,-760483.346680,4331634.651791,55.465351,335.054253,-0.153497
1462368105.353031,4610796.744918,-730312.299345,4331621.089953,53.265250,335.411050,-0.147849
1462368195.353031,4615491.527754,-700109.790280,4331608.036657,51.062856,335.753400,-0.142196
1462368285.353031,4619987.995407,-669877.120353,4331595.492467,48.858262,336.081289,-0.136536
1462368375.353031,4624285.954210,-639615.591732,4331583.457924,46.651564,336.394702,-0.130870
1462368465.353031,4628385.219041,-609326.507828,4331571.933544,44.442856,336.693626,-0.125199
1462368555.353031,4632285.613339,-579011.173239,4331560.919826,42.232235,336.978049,-0.119522
1462368645.353031,4635986.969109,-548670.893693,4331550.417243,40.019794,337.247957,-0.113840
1462368735.353031,4639489.126926,-518306.975992,4331540.426247,37.805629,337.503339,-0.108153
1462368825.353031,4642791.935949,-487920.727959,4331530.947270,35.589836,337.744185,-0.102462
1462368915.353031,4645895.253919,-457513.458375,4331521.980720,33.372511,337.970483,-0.096766
1462369005.353031,4648798.947173,-427086.476929,4331513.526983,31.153747,338.182224,-0.091066
1462369095.353031,4651502.890643,-396641.094158,4331505.586422,28.933642,338.379400,-0.085362
1462369185.353031,4654006.967867,-366178.621391,4331498.159382,26.712291,338.562001,-0.079654
1462369275.353031,4656311.070990,-335700.370695,4331491.246180,24.489790,338.730019,-0.073943
1462369365.353031,4658415.100771,-305207.654815,4331484.847116,22.266233,338.883448,-0.068229
1462369455.353031,4660318.966587,-274701.787120,4331478.962464,20.041717,339.022281,-0.062512
1462369545.353031,4662022.586434,-244184.081544,4331473.592479,17.816339,339.146511,-0.056792
1462369635.353031,4663525.886935,-213655.852532,4331468.737392,15.590192,339.256134,-0.051070
1462369725.353031,4664828.803342,-183118.414983,4331464.397412,13.363375,339.351145,-0.045345
1462369815.353031,4665931.279535,-152573.084191,4331460.572727,11.135981,339.431539,-0.039619
1462369905.353031,4666833.268028,-122021.175791,4331457.263500,8.908108,339.497313,-0.033890
1462369995.353031,4667534.729973,-91464.005700,4331454.469875,6.679852,339.548465,-0.028161
1462370085.353031,4668035.635156,-60902.890064,4331452.191972,4.451307,339.584992,-0.022430
1462370175.353031,4668335.962002,-30339.145196,4331450.429889,2.222571,339.606892,-0.016698
1462370265.353031,4668435.697576,225.912474,4331449.183703,-0.006260,339.614165,-0.010966
1462370355.353031,4668334.837583,30790.966464,4331448.453467,-2.235092,339.606810,-0.005232
1462370445.353031,4668033.386365,61354.700288,4331448.239213,-4.463827,339.584828,0.000501
1462370535.353031,4667531.356908,91915.797519,4331448.540949,-6.692370,339.548219,0.006234
1462370625.353031,4666828.770835,122472.941844,4331449.358664,-8.920625,339.496986,0.011967
1462370715.353031,4665925.658407,153024.817119,4331450.692322,-11.148495,339.431130,0.017699
1462370805.353031,4664822.058522,183570.107428,4331452.541865,-13.375886,339.350654,0.023431
1462370895.353031,4663518.018715,214107.497137,4331454.907215,-15.602700,339.255562,0.029162
1462370985.353031,4662013.595153,244635.670954,4331457.788269,-17.828842,339.145857,0.034891
1462371075.353031,4660308.852633,275153.313984,4331461.184903,-20.054216,339.021545,0.040619
1462371165.353031,4658403.864581,305659.111783,4331465.096972,-22.278727,338.882631,0.046345
1462371255.353031,4656298.713049,336151.750420,4331469.524307,-24.502278,338.729120,0.052070
1462371345.353031,4653993.488708,366629.916531,4331474.466716,-26.724773,338.561020,0.057792
1462371435.353031,4651488.290848,397092.297372,4331479.923989,-28.946118,338.378338,0.063511
1462371525.353031,4648783.227372,427537.580884,4331485.895889,-31.166216,338.181081,0.069228
1462371615.353031,4645878.414791,457964.455738,4331492.382159,-33.384971,337.969258,0.074941
1462371705.353031,4642773.978220,488371.611404,4331499.382521,-35.602288,337.742878,0.080652
1462371795.353031,4639470.051373,518757.738198,4331506.896672,-37.818072,337.501951,0.086359
1462371885.353031,4635966.776553,549121.527342,4331514.924290,-40.032227,337.246488,0.092062
1462371975.353031,4632264.304654,579461.671021,4331523.465029,-42.244658,336.976498,0.097762
1462372065.353031,4628362.795145,609776.862438,4331532.518520,-44.455269,336.691995,0.103457
1462372155.353031,4624262.416072,640065.795871,4331542.084375,-46.663966,336.392990,0.109148
1462372245.353031,4619963.344043,670327.166729,4331552.162180,-48.870653,336.079495,0.114834
1462372335.353031,4615465.764227,700559.671607,4331562.751503,-51.075234,335.751526,0.120515
1462372425.353031,4610769.870342,730762.008344,4331573.851887,-53.277616,335.409095,0.126191
1462372515.353031,4605875.864647,760932.876080,4331585.462854,-55.477703,335.052217,0.131861
1462372605.353031,4600783.957933,791070.975308,4331597.583905,-57.675401,334.680908,0.137526
1462372695.353031,4595494.369519,821175.007934,4331610.214517,-59.870614,334.295184,0.143185
1462372785.353031,4590007.327234,851243.677330,4331623.354146,-62.063249,333.895062,0.148837
1462372875.353031,4584323.067414,881275.688392,4331637.002227,-64.253210,333.480557,0.154484
1462372965.353031,4578441.834890,911269.747596,4331651.158172,-66.440404,333.051690,0.160123
1462373055.353031,4572363.882974,941224.563050,4331665.821371,-68.624737,332.608477,0.165756
1462373145.353031,4566089.473453,971138.844554,4331680.991193,-70.806113,332.150939,0.171381
1462373235.353031,4559618.876577,1001011.303653,4331696.666985,-72.984440,331.679094,0.177000
1462373325.353031,4552952.371044,1030840.653696,4331712.848071,-75.159623,331.192963,0.182610
1462373415.353031,4546090.243990,1060625.609885,4331729.533754,-77.331569,330.692567,0.188213
1462373505.353031,4539032.790979,1090364.889336,4331746.723317,-79.500185,330.177928,0.193807
1462373595.353031,4531780.315985,1120057.211133,4331764.416019,-81.665376,329.649068,0.199394
1462373685.353031,4524333.131384,1149701.296381,4331782.611097,-83.827049,329.106009,0.204971
1462373775.353031,4516691.557938,1179295.868263,4331801.307769,-85.985112,328.548775,0.210540
1462373865.353031,4508855.924782,1208839.652096,4331820.505229,-88.139472,327.977389,0.216100
1462373955.353031,4500826.569408,1238331.375383,4331840.202651,-90.290035,327.391878,0.221651
1462374045.353031,4492603.837653,1267769.767870,4331860.399185,-92.436709,326.792265,0.227191
1462374135.353031,4484188.083682,1297153.561599,4331881.093963,-94.579402,326.178576,0.232723
1462374225.353031,4475579.669977,1326481.490966,4331902.286093,-96.718021,325.550839,0.238244
1462374315.353031,4466778.967314,1355752.292770,4331923.974663,-98.852475,324.909079,0.243755
1462374405.353031,4457786.354752,1384964.706274,4331946.158738,-100.982671,324.253326,0.249255
1462374495.353031,4448602.219619,1414117.473252,4331968.837363,-103.108517,323.583606,0.254745
1462374585.353031,4439226.957489,1443209.338052,4331992.009562,-105.229922,322.899949,0.260223
1462374675.353031,4429660.972169,1472239.047640,4332015.674336,-107.346795,322.202384,0.265691
1462374765.353031,4419904.675682,1501205.351662,4332039.830666,-109.459044,321.490941,0.271147
1462374855.353031,4409958.488245,1530107.002495,4332064.477512,-111.566578,320.765652,0.276591
1462374945.353031,4399822.838256,1558942.755300,4332089.613813,-113.669308,320.026546,0.282023
1462375035.353031,4389498.162275,1587711.368076,4332115.238485,-115.767141,319.273656,0.287444
1462375125.353031,4378984.905000,1616411.601715,4332141.350426,-117.859988,318.507015,0.292852
1462375215.353031,4368283.519254,1645042.220053,4332167.948511,-119.947759,317.726655,0.298247
1462375305.353031,4357394.465962,1673601.989925,4332195.031594,-122.030363,316.932610,0.303629
1462375395.353031,4346318.214133,1702089.681218,4332222.598509,-124.107711,316.124915,0.308999
1462375485.353031,4335055.240838,1730504.066922,4332250.648069,-126.179714,315.303603,0.314355
1462375575.353031,4323606.031191,1758843.923186,4332279.179065,-128.246282,314.468711,0.319697
1462375665.353031,4311971.078327,1787108.029369,4332308.190270,-130.307326,313.620274,0.325026
1462375755.353031,4300150.883382,1815295.168092,4332337.680432,-132.362758,312.758329,0.330341
1462375845.353031,4288145.955470,1843404.125291,4332367.648284,-134.412489,311.882913,0.335641
1462375935.353031,4275956.811661,1871433.690269,4332398.092533,-136.456430,310.994064,0.340927
1462376025.353031,4263583.976961,1899382.655751,4332429.011868,-138.494494,310.091819,0.346199
1462376115.353031,4251027.984288,1927249.817930,4332460.404959,-140.526592,309.176219,0.351455
1462376205.353031,4238289.374446,1955033.976526,4332492.270453,-142.552638,308.247302,0.356696
1462376295.353031,4225368.696109,1982733.934830,4332524.606977,-144.572545,307.305108,0.361922
1462376385.353031,4212266.505790,2010348.499764,4332557.413139,-146.586224,306.349678,0.367133
1462376475.353031,4198983.367820,2037876.481925,4332590.687526,-148.593589,305.381053,0.372327
1462376565.353031,4185519.854324,2065316.695640,4332624.428705,-150.594554,304.399275,0.377506
1462376655.353031,4171876.545198,2092667.959017,4332658.635223,-152.589033,303.404386,0.382668
1462376745.353031,4158054.028080,2119929.093994,4332693.305607,-154.576940,302.396429,0.387814
1462376835.353031,4144052.898327,2147098.926393,4332728.438363,-156.558189,301.375447,0.392943
1462376925.353031,4129873.758989,2174176.285966,4332764.031978,-158.532694,300.341485,0.398055
1462377015.353031,4115517.220784,2201160.006450,4332800.084920,-160.500371,299.294586,0.403150
1462377105.353031,4100983.902070,2228048.925614,4332836.595635,-162.461136,298.234796,0.408228
1462377195.353031,4086274.428820,2254841.885311,4332873.562552,-164.414903,297.162161,0.413288
1462377285.353031,4071389.434595,2281537.731527,4332910.984077,-166.361588,296.076727,0.418330
1462377375.353031,4056329.560512,2308135.314429,4332948.858600,-168.301108,294.978540,0.423355
1462377465.353031,4041095.455226,2334633.488420,4332987.184489,-170.233379,293.867648,0.428361
1462377555.353031,4025687.774892,2361031.112181,4333025.960094,-172.158317,292.744098,0.433348
1462377645.353031,4010107.183142,2387327.048726,4333065.183744,-174.075841,291.607940,0.438317
1462377735.353031,3994354.351059,2413520.165448,4333104.853751,-175.985867,290.459222,0.443267
1462377825.353031,3978429.957139,2439609.334170,4333144.968405,-177.888312,289.297993,0.448198
1462377915.353031,3962334.687272,2465593.431191,4333185.525979,-179.783096,288.124303,0.453110
1462378005.353031,3946069.234706,2491471.337335,4333226.524727,-181.670137,286.938204,0.458002
1462378095.353031,3929634.300019,2517241.938000,4333267.962882,-183.549352,285.739746,0.462874
1462378185.353031,3913030.591089,2542904.123207,4333309.838660,-185.420662,284.528980,0.467727
1462378275.353031,3896258.823064,2568456.787646,4333352.150257,-187.283985,283.305960,0.472559
1462378365.353031,3879319.718330,2593898.830725,4333394.895851,-189.139242,282.070736,0.477371
1462378455.353031,3862214.006480,2619229.156614,4333438.073601,-190.986352,280.823364,0.482163
1462378545.353031,3844942.424284,2644446.674298,4333481.681648,-192.825236,279.563896,0.486933
1462378635.353031,3827505.715657,2669550.297619,4333525.718112,-194.655815,278.292387,0.491683
1462378725.353031,3809904.631623,2694538.945326,4333570.181099,-196.478010,277.008892,0.496411
1462378815.353031,3792139.930289,2719411.541118,4333615.068692,-198.291742,275.713465,0.501118
1462378905.353031,3774212.376808,2744167.013694,4333660.378958,-200.096934,274.406163,0.505804
1462378995.353031,3756122.743348,2768804.296798,4333706.109946,-201.893507,273.087042,0.510468
1462379085.353031,3737871.809057,2793322.329263,4333752.259687,-203.681384,271.756158,0.515110
1462379175.353031,3719460.360032,2817720.055061,4333798.826192,-205.460488,270.413570,0.519729
1462379265.353031,3700889.189281,2841996.423344,4333845.807457,-207.230743,269.059334,0.524326
1462379355.353031,3682159.096695,2866150.388489,4333893.201457,-208.992072,267.693510,0.528901
1462379445.353031,3663270.889007,2890180.910150,4333941.006151,-210.744399,266.316156,0.533453
1462379535.353031,3644225.379762,2914086.953294,4333989.219481,-212.487649,264.927331,0.537982
1462379625.353031,3625023.389280,2937867.488251,4334037.839370,-214.221747,263.527095,0.542487
1462379715.353031,3605665.744619,2961521.490757,4334086.863725,-215.946619,262.115509,0.546970
1462379805.353031,3586153.279544,2985047.941996,4334136.290432,-217.662189,260.692632,0.551428
1462379895.353031,3566486.834487,3008445.828649,4334186.117365,-219.368384,259.258528,0.555863
1462379985.353031,3546667.256512,3031714.142932,4334236.342377,-221.065130,257.813257,0.560275
1462380075.353031,3526695.399280,3054851.882642,4334286.963304,-222.752355,256.356881,0.564662
1462380165.353031,3506572.123008,3077858.051202,4334337.977966,-224.429986,254.889464,0.569024
1462380255.353031,3486298.294438,3100731.657700,4334389.384167,-226.097950,253.411068,0.573362
1462380345.353031,3465874.786795,3123471.716935,4334441.179692,-227.756175,251.921758,0.577676
1462380435.353031,3445302.479751,3146077.249457,4334493.362310,-229.404591,250.421596,0.581964
1462380525.353031,3424582.259388,3168547.281611,4334545.929775,-231.043126,248.910649,0.586228
1462380615.353031,3403715.018157,3190880.845577,4334598.879821,-232.671710,247.388981,0.590466
1462380705.353031,3382701.654843,3213076.979415,4334652.210169,-234.290272,245.856657,0.594679
1462380795.353031,3361543.074523,3235134.727103,4334705.918521,-235.898743,244.313744,0.598866
1462380885.353031,3340240.188532,3257053.138578,4334760.002565,-237.497053,242.760308,0.603027
1462380975.353031,3318793.914417,3278831.269783,4334814.459970,-239.085134,241.196416,0.607163
1462381065.353031,3297205.175903,3300468.182698,4334869.288392,-240.662917,239.622135,0.611272
1462381155.353031,3275474.902849,3321962.945388,4334924.485469,-242.230335,238.037533,0.615355
1462381245.353031,3253604.031213,3343314.632041,4334980.048824,-243.787319,236.442679,0.619411
1462381335.353031,3231593.503007,3364522.323006,4335035.976063,-245.333803,234.837641,0.623441
1462381425.353031,3209444.266258,3385585.104835,4335092.264779,-246.869720,233.222487,0.627444
1462381515.353031,3187157.274969,3406502.070322,4335148.912545,-248.395004,231.597289,0.631420
1462381605.353031,3164733.489075,3427272.318541,4335205.916924,-249.909589,229.962115,0.635369
1462381695.353031,3142173.874403,3447894.954885,4335263.275459,-251.413411,228.317037,0.639290
1462381785.353031,3119479.402631,3468369.091105,4335320.985680,-252.906403,226.662124,0.643184
1462381875.353031,3096651.051244,3488693.845348,4335379.045102,-254.388503,224.997449,0.647050
1462381965.353031,3073689.803495,3508868.342196,4335437.451224,-255.859645,223.323083,0.650888
1462382055.353031,3050596.648362,3528891.712701,4335496.201530,-257.319767,221.639098,0.654698
1462382145.353031,3027372.580501,3548763.094427,4335555.293490,-258.768806,219.945567,0.658480
1462382235.353031,3004018.600209,3568481.631482,4335614.724560,-260.206700,218.242562,0.662234
1462382325.353031,2980535.713380,3588046.474558,4335674.492178,-261.633386,216.530157,0.665959
1462382415.353031,2956924.931456,3607456.780968,4335734.593772,-263.048803,214.808426,0.669656
1462382505.353031,2933187.271391,3626711.714678,4335795.026753,-264.452890,213.077443,0.673323
1462382595.353031,2909323.755603,3645810.446350,4335855.788517,-265.845587,211.337282,0.676962
1462382685.353031,2885335.411930,3664752.153372,4335916.876448,-267.226833,209.588019,0.680571
1462382775.353031,2861223.273588,3683536.019894,4335978.287915,-268.596569,207.829728,0.684151
1462382865.353031,2836988.379124,3702161.236867,4336040.020272,-269.954737,206.062486,0.687702
1462382955.353031,2812631.772372,3720627.002074,4336102.070861,-271.301277,204.286368,0.691223
1462383045.353031,2788154.502410,3738932.520165,4336164.437010,-272.636132,202.501452,0.694714
1462383135.353031,2763557.623510,3757077.002694,4336227.116032,-273.959244,200.707813,0.698176
1462383225.353031,2738842.195100,3775059.668150,4336290.105228,-275.270556,198.905530,0.701607
1462383315.353031,2714009.281709,3792879.741991,4336353.401885,-276.570012,197.094679,0.705008
1462383405.353031,2689059.952932,3810536.456679,4336417.003276,-277.857556,195.275339,0.708379
1462383495.353031,2663995.283374,3828029.051713,4336480.906662,-279.133131,193.447589,0.711719
1462383585.353031,2638816.352609,3845356.773659,4336545.109292,-280.396684,191.611506,0.715028
1462383675.353031,2613524.245133,3862518.876185,4336609.608399,-281.648160,189.767170,0.718307
1462383765.353031,2588120.050316,3879514.620094,4336674.401206,-282.887505,187.914661,0.721555
1462383855.353031,2562604.862357,3896343.273351,4336739.484922,-284.114666,186.054058,0.724772
1462383945.353031,2536979.780233,3913004.111121,4336804.856744,-285.329589,184.185441,0.727957
1462384035.353031,2511245.907658,3929496.415796,4336870.513857,-286.532223,182.308892,0.731111
1462384125.353031,2485404.353028,3945819.477027,4336936.453432,-287.722515,180.424490,0.734234
1462384215.353031,2459456.229380,3961972.591754,4337002.672630,-288.900415,178.532316,0.737325
1462384305.353031,2433402.654339,3977955.064238,4337069.168598,-290.065871,176.632453,0.740384
1462384395.353031,2407244.750074,3993766.206089,4337135.938473,-291.218833,174.724982,0.743412
1462384485.353031,2380983.643245,4009405.336296,4337202.979378,-292.359253,172.809986,0.746407
1462384575.353031,2354620.464961,4024871.781257,4337270.288427,-293.487080,170.887546,0.749370
1462384665.353031,2328156.350723,4040164.874810,4337337.862720,-294.602266,168.957746,0.752301
1462384755.353031,2301592.440381,4055283.958257,4337405.699347,-295.704763,167.020669,0.755200
1462384845.353031,2274929.878086,4070228.380396,4337473.795386,-296.794524,165.076398,0.758066
1462384935.353031,2248169.812234,4084997.497547,4337542.147904,-297.871501,163.125016,0.760899
1462385025.353031,2221313.395424,4099590.673581,4337610.753957,-298.935649,161.166609,0.763700
1462385115.353031,2194361.784402,4114007.279949,4337679.610590,-299.986920,159.201260,0.766468
1462385205.353031,2167316.140017,4128246.695703,4337748.714838,-301.025271,157.229054,0.769202
1462385295.353031,2140177.627166,4142308.307532,4337818.063725,-302.050657,155.250076,0.771904
1462385385.353031,2112947.414747,4156191.509778,4337887.654263,-303.063032,153.264411,0.774572
1462385475.353031,2085626.675607,4169895.704472,4337957.483455,-304.062354,151.272145,0.777207
1462385565.353031,2058216.586494,4183420.301353,4338027.548294,-305.048580,149.273363,0.779809
1462385655.353031,2030718.328002,4196764.717894,4338097.845761,-306.021667,147.268151,0.782376
1462385745.353031,2003133.084525,4209928.379332,4338168.372830,-306.981573,145.256597,0.784911
1462385835.353031,1975462.044200,4222910.718687,4338239.126462,-307.928257,143.238786,0.787411
1462385925.353031,1947706.398862,4235711.176790,4338310.103611,-308.861677,141.214806,0.789878
1462386015.353031,1919867.343992,4248329.202305,4338381.301218,-309.781795,139.184743,0.792310
1462386105.353031,1891946.078659,4260764.251754,4338452.716219,-310.688570,137.148686,0.794708
1462386195.353031,1863943.805476,4273015.789541,4338524.345536,-311.581963,135.106721,0.797072
1462386285.353031,1835861.730544,4285083.287973,4338596.186084,-312.461936,133.058937,0.799402
1462386375.353031,1807701.063401,4296966.227284,4338668.234771,-313.328450,131.005422,0.801698
1462386465.353031,1779463.016973,4308664.095657,4338740.488491,-314.181469,128.946264,0.803958
1462386555.353031,1751148.807513,4320176.389247,4338812.944134,-315.020956,126.881553,0.806185
1462386645.353031,1722759.654561,4331502.612202,4338885.598578,-315.846874,124.811376,0.808376
1462386735.353031,1694296.780880,4342642.276684,4338958.448695,-316.659189,122.735824,0.810533
1462386825.353031,1665761.412411,4353594.902890,4339031.491347,-317.457864,120.654985,0.812654
1462386915.353031,1637154.778216,4364360.019074,4339104.723387,-318.242866,118.568949,0.814741
1462387005.353031,1608478.110427,4374937.161566,4339178.141661,-319.014160,116.477807,0.816793
1462387095.353031,1579732.644193,4385325.874791,4339251.743009,-319.771715,114.381647,0.818809
1462387185.353031,1550919.617626,4395525.711292,4339325.524258,-320.515496,112.280561,0.820791
1462387275.353031,1522040.271747,4405536.231746,4339399.482232,-321.245472,110.174639,0.822736
1462387365.353031,1493095.850435,4415357.004985,4339473.613745,-321.961611,108.063971,0.824647
1462387455.353031,1464087.600370,4424987.608012,4339547.915605,-322.663883,105.948649,0.826522
1462387545.353031,1435016.770984,4434427.626022,4339622.384610,-323.352258,103.828764,0.828361
1462387635.353031,1405884.614401,4443676.652420,4339697.017555,-324.026705,101.704406,0.830165
1462387725.353031,1376692.385389,4452734.288836,4339771.811223,-324.687196,99.575668,0.831932
1462387815.353031,1347441.341303,4461600.145142,4339846.762394,-325.333702,97.442642,0.833665
1462387905.353031,1318132.742030,4470273.839474,4339921.867840,-325.966196,95.305418,0.835361
1462387995.353031,1288767.849937,4478754.998241,4339997.124325,-326.584649,93.164089,0.837021
1462388085.353031,1259347.929815,4487043.256147,4340072.528609,-327.189036,91.018747,0.838645
1462388175.353031,1229874.248827,4495138.256203,4340148.077443,-327.779331,88.869485,0.840233
1462388265.353031,1200348.076449,4503039.649747,4340223.767575,-328.355507,86.716396,0.841785
1462388355.353031,1170770.684419,4510747.096452,4340299.595743,-328.917541,84.559571,0.843300
1462388445.353031,1141143.346682,4518260.264346,4340375.558681,-329.465408,82.399104,0.844779
1462388535.353031,1111467.339332,4525578.829827,4340451.653119,-329.999084,80.235088,0.846222
1462388625.353031,1081743.940562,4532702.477672,4340527.875779,-330.518547,78.067617,0.847629
1462388715.353031,1051974.430605,4539630.901054,4340604.223376,-331.023774,75.896783,0.848998
1462388805.353031,1022160.091679,4546363.801556,4340680.692625,-331.514743,73.722679,0.850332
1462388895.353031,992302.207933,4552900.889182,4340757.280230,-331.991433,71.545401,0.851628
1462388985.353031,962402.065395,4559241.882368,4340833.982892,-332.453824,69.365041,0.852888
1462389075.353031,932460.951908,4565386.507998,4340910.797310,-332.901895,67.181693,0.854112
1462389165.353031,902480.157083,4571334.501415,4340987.720173,-333.335628,64.995452,0.855298
1462389255.353031,872460.972240,4577085.606428,4341064.748169,-333.755003,62.806411,0.856448
1462389345.353031,842404.690351,4582639.575329,4341141.877980,-334.160004,60.614665,0.857561
1462389435.353031,812312.605988,4587996.168899,4341219.106284,-334.550611,58.420308,0.858636
1462389525.353031,782186.015261,4593155.156422,4341296.429755,-334.926809,56.223435,0.859675
1462389615.353031,752026.215772,4598116.315693,4341373.845063,-335.288581,54.024141,0.860677
1462389705.353031,721834.506549,4602879.433026,4341451.348873,-335.635912,51.822519,0.861642
1462389795.353031,691612.187995,4607444.303267,4341528.937846,-335.968786,49.618665,0.862569
1462389885.353031,661360.561834,4611810.729799,4341606.608642,-336.287190,47.412675,0.863460
1462389975.353031,631080.931048,4615978.524555,4341684.357915,-336.591109,45.204642,0.864313
1462390065.353031,600774.599830,4619947.508020,4341762.182315,-336.880530,42.994662,0.865129
1462390155.353031,570442.873519,4623717.509245,4341840.078492,-337.155442,40.782830,0.865908
1462390245.353031,540087.058551,4627288.365849,4341918.043090,-337.415832,38.569242,0.866649
1462390335.353031,509708.462396,4630659.924030,4341996.072751,-337.661689,36.353992,0.867354
1462390425.353031,479308.393510,4633832.038571,4342074.164114,-337.893002,34.137177,0.868020
1462390515.353031,448888.161268,4636804.572843,4342152.313817,-338.109762,31.918891,0.868650
1462390605.353031,418449.075919,4639577.398814,4342230.518492,-338.311958,29.699230,0.869242
1462390695.353031,387992.448520,4642150.397056,4342308.774771,-338.499584,27.478291,0.869796
1462390785.353031,357519.590886,4644523.456744,4342387.079285,-338.672629,25.256167,0.870314
1462390875.353031,327031.815531,4646696.475667,4342465.428659,-338.831087,23.032956,0.870793
1462390965.353031,296530.435609,4648669.360230,4342543.819521,-338.974952,20.808753,0.871235
1462391055.353031,266016.764863,4650442.025459,4342622.248493,-339.104216,18.583654,0.871640
1462391145.353031,235492.117563,4652014.395001,4342700.712197,-339.218874,16.357754,0.872007
1462391235.353031,204957.808454,4653386.401132,4342779.207254,-339.318922,14.131149,0.872336
1462391325.353031,174415.152696,4654557.984758,4342857.730283,-339.404355,11.903936,0.872628
1462391415.353031,143865.465808,4655529.095417,4342936.277902,-339.475169,9.676210,0.872883
1462391505.353031,113310.063612,4656299.691282,4343014.846728,-339.531361,7.448068,0.873100
1462391595.353031,82750.262178,4656869.739161,4343093.433376,-339.572929,5.219604,0.873279
1462391685.353031,52187.377762,4657239.214503,4343172.034463,-339.599871,2.990916,0.873420
1462391775.353031,21622.726757,4657408.101393,4343250.646602,-339.612187,0.762099,0.873524
1462391865.353031,-8942.374372,4657376.392557,4343329.266408,-339.609874,-1.466751,0.873590
1462391955.353031,-39506.609137,4657144.089361,4343407.890494,-339.592934,-3.695537,0.873619
1462392045.353031,-70068.661090,4656711.201810,4343486.515475,-339.561367,-5.924165,0.873610
1462392135.353031,-100627.213876,4656077.748551,4343565.137963,-339.515175,-8.152537,0.873563
1462392225.353031,-131180.951291,4655243.756865,4343643.754572,-339.454359,-10.380558,0.873479
1462392315.353031,-161728.557338,4654209.262676,4343722.361916,-339.378923,-12.608132,0.873357
1462392405.353031,-192268.716283,4652974.310540,4343800.956610,-339.288869,-14.835163,0.873198
1462392495.353031,-222800.112715,4651538.953648,4343879.535268,-339.184201,-17.061555,0.873001
1462392585.353031,-253321.431600,4649903.253824,4343958.094505,-339.064924,-19.287212,0.872766
1462392675.353031,-283831.358337,4648067.281519,4344036.630939,-338.931043,-21.512039,0.872494
1462392765.353031,-314328.578816,4646031.115812,4344115.141187,-338.782564,-23.735939,0.872184
1462392855.353031,-344811.779475,4643794.844405,4344193.621866,-338.619493,-25.958816,0.871837
1462392945.353031,-375279.647354,4641358.563615,4344272.069597,-338.441837,-28.180576,0.871452
1462393035.353031,-405730.870155,4638722.378379,4344350.481001,-338.249603,-30.401121,0.871029
1462393125.353031,-436164.136298,4635886.402240,4344428.852701,-338.042801,-32.620358,0.870569
1462393215.353031,-466578.134973,4632850.757348,4344507.181321,-337.821439,-34.838189,0.870072
1462393305.353031,-496971.556204,4629615.574453,4344585.463488,-337.585526,-37.054520,0.869537
1462393395.353031,-527343.090898,4626180.992901,4344663.695829,-337.335073,-39.269254,0.868964
1462393485.353031,-557691.430906,4622547.160623,4344741.874975,-337.070091,-41.482298,0.868354
1462393575.353031,-588015.269078,4618714.234134,4344819.997559,-336.790590,-43.693554,0.867707
1462393665.353031,-618313.299320,4614682.378524,4344898.060216,-336.496583,-45.902929,0.867023
1462393755.353031,-648584.216648,4610451.767452,4344976.059584,-336.188083,-48.110326,0.866301
1462393845.353031,-678826.717246,4606022.583137,4345053.992303,-335.865103,-50.315652,0.865541
1462393935.353031,-709039.498524,4601395.016350,4345131.855017,-335.527656,-52.518810,0.864745
1462394025.353031,-739221.259170,4596569.266408,4345209.644372,-335.175758,-54.719706,0.863911
1462394115.353031,-769370.699210,4591545.541164,4345287.357018,-334.809423,-56.918245,0.863040
1462394205.353031,-799486.520058,4586324.056997,4345364.989607,-334.428667,-59.114333,0.862132
1462394295.353031,-829567.424582,4580905.038805,4345442.538795,-334.033507,-61.307875,0.861186
1462394385.353031,-859612.117149,4575288.719993,4345520.001243,-333.623960,-63.498776,0.860204
1462394475.353031,-889619.303688,4569475.342465,4345597.373614,-333.200043,-65.686942,0.859184
1462394565.353031,-919587.691743,4563465.156611,4345674.652575,-332.761774,-67.872278,0.858128
1462394655.353031,-949515.990528,4557258.421301,4345751.834799,-332.309173,-70.054692,0.857035
1462394745.353031,-979402.910987,4550855.403867,4345828.916960,-331.842259,-72.234088,0.855904
1462394835.353031,-1009247.165842,4544256.380098,4345905.895739,-331.361052,-74.410372,0.854737
1462394925.353031,-1039047.469656,4537461.634224,4345982.767821,-330.865573,-76.583452,0.853533
1462395015.353031,-1068802.538883,4530471.458905,4346059.529893,-330.355843,-78.753233,0.852292
1462395105.353031,-1098511.091925,4523286.155219,4346136.178650,-329.831884,-80.919623,0.851015
1462395195.353031,-1128171.849191,4515906.032647,4346212.710791,-329.293718,-83.082526,0.849701
1462395285.353031,-1157783.533145,4508331.409064,4346289.123019,-328.741370,-85.241852,0.848350
1462395375.353031,-1187344.868365,4500562.610720,4346365.412043,-328.174862,-87.397506,0.846962
1462395465.353031,-1216854.581599,4492599.972230,4346441.574577,-327.594219,-89.549395,0.845539
1462395555.353031,-1246311.401819,4484443.836555,4346517.607341,-326.999465,-91.697428,0.844078
1462395645.353031,-1275714.060272,4476094.554995,4346593.507059,-326.390628,-93.841511,0.842582
1462395735.353031,-1305061.290542,4467552.487166,4346669.270464,-325.767732,-95.981552,0.841049
1462395825.353031,-1334351.828597,4458818.000986,4346744.894291,-325.130806,-98.117459,0.839480
1462395915.353031,-1363584.412848,4449891.472666,4346820.375284,-324.479875,-100.249139,0.837875
1462396005.353031,-1392757.784203,4440773.286683,4346895.710190,-323.814968,-102.376502,0.836234
1462396095.353031,-1421870.686120,4431463.835772,4346970.895766,-323.136114,-104.499456,0.834556
1462396185.353031,-1450921.864660,4421963.520906,4347045.928774,-322.443342,-106.617909,0.832843
1462396275.353031,-1479910.068545,4412272.751279,4347120.805981,-321.736682,-108.731769,0.831094
1462396365.353031,-1508834.049206,4402391.944286,4347195.524162,-321.016165,-110.840946,0.829309
1462396455.353031,-1537692.560845,4392321.525509,4347270.080099,-320.281820,-112.945349,0.827488
1462396545.353031,-1566484.360479,4382061.928697,4347344.470581,-319.533681,-115.044887,0.825632
1462396635.353031,-1595208.208001,4371613.595746,4347418.692404,-318.771779,-117.139470,0.823740
1462396725.353031,-1623862.866231,4360976.976683,4347492.742370,-317.996147,-119.229008,0.821813
1462396815.353031,-1652447.100969,4350152.529643,4347566.617291,-317.206818,-121.313410,0.819850
1462396905.353031,-1680959.681046,4339140.720852,4347640.313985,-316.403827,-123.392588,0.817852
1462396995.353031,-1709399.378382,4327942.024605,4347713.829277,-315.587207,-125.466450,0.815819
1462397085.353031,-1737764.968035,4316556.923249,4347787.160001,-314.756995,-127.534909,0.813750
1462397175.353031,-1766055.228255,4304985.907156,4347860.302998,-313.913226,-129.597874,0.811647
1462397265.353031,-1794268.940536,4293229.474708,4347933.255119,-313.055936,-131.655257,0.809508
1462397355.353031,-1822404.889671,4281288.132274,4348006.013220,-312.185162,-133.706970,0.807335
1462397445.353031,-1850461.863800,4269162.394185,4348078.574169,-311.300942,-135.752924,0.805127
1462397535.353031,-1878438.654466,4256852.782715,4348150.934839,-310.403314,-137.793030,0.802884
1462397625.353031,-1906334.056665,4244359.828060,4348223.092115,-309.492316,-139.827202,0.800607
1462397715.353031,-1934146.868899,4231684.068309,4348295.042887,-308.567988,-141.855351,0.798295
1462397805.353031,-1961875.893227,4218826.049427,4348366.784058,-307.630369,-143.877391,0.795949
1462397895.353031,-1989519.935317,4205786.325229,4348438.312537,-306.679500,-145.893233,0.793568
1462397985.353031,-2017077.804497,4192565.457356,4348509.625243,-305.715423,-147.902791,0.791154
1462398075.353031,-2044548.313807,4179164.015252,4348580.719105,-304.738177,-149.905979,0.788705
1462398165.353031,-2071930.280050,4165582.576138,4348651.591061,-303.747806,-151.902710,0.786222
1462398255.353031,-2099222.523841,4151821.724986,4348722.238057,-302.744352,-153.892899,0.783706
1462398345.353031,-2126423.869663,4137882.054499,4348792.657052,-301.727858,-155.876459,0.781155
1462398435.353031,-2153533.145909,4123764.165079,4348862.845012,-300.698369,-157.853305,0.778571
1462398525.353031,-2180549.184942,4109468.664806,4348932.798914,-299.655928,-159.823353,0.775954
1462398615.353031,-2207470.823139,4094996.169409,4349002.515745,-298.600580,-161.786516,0.773303
1462398705.353031,-2234296.900944,4080347.302241,4349071.992502,-297.532371,-163.742711,0.770619
1462398795.353031,-2261026.262916,4065522.694252,4349141.226193,-296.451347,-165.691854,0.767901
1462398885.353031,-2287657.757779,4050522.983960,4349210.213836,-295.357554,-167.633860,0.765151
1462398975.353031,-2314190.238474,4035348.817426,4349278.952458,-294.251040,-169.568645,0.762367
1462399065.353031,-2340622.562205,4020000.848225,4349347.439100,-293.131852,-171.496127,0.759551
1462399155.353031,-2366953.590492,4004479.737418,4349415.670812,-292.000038,-173.416223,0.756702
1462399245.353031,-2393182.189217,3988786.153523,4349483.644655,-290.855647,-175.328849,0.753821
1462399335.353031,-2419307.228672,3972920.772487,4349551.357701,-289.698729,-177.233923,0.750907
1462399425.353031,-2445327.583612,3956884.277657,4349618.807033,-288.529333,-179.131364,0.747960
1462399515.353031,-2471242.133300,3940677.359750,4349685.989747,-287.347510,-181.021089,0.744982
1462399605.353031,-2497049.761556,3924300.716821,4349752.902949,-286.153310,-182.903018,0.741971
1462399695.353031,-2522749.356806,3907755.054240,4349819.543756,-284.946785,-184.777068,0.738928
1462399785.353031,-2548339.812128,3891041.084653,4349885.909299,-283.727987,-186.643160,0.735854
1462399875.353031,-2573820.025301,3874159.527956,4349951.996718,-282.496968,-188.501213,0.732747
1462399965.353031,-2599188.898853,3857111.111266,4350017.803168,-281.253782,-190.351147,0.729610
1462400055.353031,-2624445.340108,3839896.568882,4350083.325813,-279.998481,-192.192882,0.726441
1462400145.353031,-2649588.261231,3822516.642263,4350148.561833,-278.731121,-194.026339,0.723240
1462400235.353031,-2674616.579277,3804972.079989,4350213.508416,-277.451756,-195.851439,0.720008
1462400325.353031,-2699529.216240,3787263.637731,4350278.162766,-276.160440,-197.668103,0.716746
1462400415.353031,-2724325.099091,3769392.078219,4350342.522098,-274.857229,-199.476254,0.713452
1462400505.353031,-2749003.159834,3751358.171209,4350406.583639,-273.542180,-201.275812,0.710128
1462400595.353031,-2773562.335548,3733162.693450,4350470.344630,-272.215349,-203.066702,0.706773
1462400685.353031,-2798001.568429,3714806.428649,4350533.802326,-270.876793,-204.848845,0.703388
1462400775.353031,-2822319.805843,3696290.167438,4350596.953993,-269.526570,-206.622165,0.699972
1462400865.353031,-2846516.000365,3677614.707342,4350659.796910,-268.164739,-208.386585,0.696527
1462400955.353031,-2870589.109828,3658780.852742,4350722.328371,-266.791357,-210.142030,0.693051
1462401045.353031,-2894538.097365,3639789.414841,4350784.545684,-265.406484,-211.888424,0.689546
1462401135.353031,-2918361.931457,3620641.211630,4350846.446166,-264.010179,-213.625691,0.686010
1462401225.353031,-2942059.585973,3601337.067851,4350908.027154,-262.602503,-215.353757,0.682445
1462401315.353031,-2965630.040220,3581877.814964,4350969.285994,-261.183516,-217.072548,0.678851
1462401405.353031,-2989072.278980,3562264.291109,4351030.220047,-259.753280,-218.781989,0.675228
1462401495.353031,-3012385.292562,3542497.341071,4351090.826690,-258.311856,-220.482006,0.671575
1462401585.353031,-3035568.076836,3522577.816244,4351151.103311,-256.859306,-222.172527,0.667894
1462401675.353031,-3058619.633285,3502506.574591,4351211.047315,-255.395693,-223.853479,0.664184
1462401765.353031,-3081538.969041,3482284.480613,4351270.656119,-253.921079,-225.524789,0.660445
1462401855.353031,-3104325.096935,3461912.405306,4351329.927157,-252.435528,-227.186386,0.656678
1462401945.353031,-3126977.035532,3441391.226128,4351388.857874,-250.939105,-228.838197,0.652882
1462402035.353031,-3149493.809177,3420721.826957,4351447.445734,-249.431874,-230.480152,0.649058
1462402125.353031,-3171874.448039,3399905.098056,4351505.688211,-247.913899,-232.112179,0.645207
1462402215.353031,-3194117.988148,3378941.936035,4351563.582799,-246.385246,-233.734209,0.641327
1462402305.353031,-3216223.471442,3357833.243808,4351621.127002,-244.845980,-235.346172,0.637420
1462402395.353031,-3238189.945801,3336579.930561,4351678.318343,-243.296169,-236.947998,0.633486
1462402485.353031,-3260016.465097,3315182.911705,4351735.154358,-241.735879,-238.539619,0.629524
1462402575.353031,-3281702.089227,3293643.108845,4351791.632600,-240.165177,-240.120965,0.625535
1462402665.353031,-3303245.884158,3271961.449733,4351847.750634,-238.584130,-241.691968,0.621519
1462402755.353031,-3324646.921965,3250138.868231,4351903.506045,-236.992808,-243.252562,0.617477
1462402845.353031,-3345904.280872,3228176.304272,4351958.896431,-235.391277,-244.802679,0.613407
1462402935.353031,-3367017.045292,3206074.703817,4352013.919406,-233.779608,-246.342251,0.609312
1462403025.353031,-3387984.305865,3183835.018817,4352068.572600,-232.157870,-247.871213,0.605190
1462403115.353031,-3408805.159499,3161458.207169,4352122.853659,-230.526132,-249.389499,0.601042
1462403205.353031,-3429478.709408,3138945.232678,4352176.760245,-228.884466,-250.897043,0.596868
1462403295.353031,-3450004.065148,3116297.065012,4352230.290036,-227.232940,-252.393781,0.592669
1462403385.353031,-3470380.342663,3093514.679662,4352283.440726,-225.571628,-253.879648,0.588444
1462403475.353031,-3490606.664313,3070599.057902,4352336.210027,-223.900600,-255.354579,0.584193
1462403565.353031,-3510682.158920,3047551.186743,4352388.595665,-222.219928,-256.818513,0.579918
1462403655.353031,-3530605.961800,3024372.058892,4352440.595383,-220.529685,-258.271384,0.575617
1462403745.353031,-3550377.214806,3001062.672710,4352492.206943,-218.829943,-259.713132,0.571292
1462403835.353031,-3569995.066358,2977624.032169,4352543.428121,-217.120776,-261.143693,0.566942
1462403925.353031,-3589458.671485,2954057.146807,4352594.256711,-215.402257,-262.563007,0.562567
1462404015.353031,-3608767.191859,2930363.031686,4352644.690523,-213.674460,-263.971011,0.558169
1462404105.353031,-3627919.795832,2906542.707349,4352694.727385,-211.937460,-265.367646,0.553746
1462404195.353031,-3646915.658473,2882597.199775,4352744.365143,-210.191332,-266.752851,0.549300
1462404285.353031,-3665753.961600,2858527.540332,4352793.601657,-208.436150,-268.126566,0.544829
1462404375.353031,-3684433.893817,2834334.765739,4352842.434807,-206.671991,-269.488733,0.540336
1462404465.353031,-3702954.650551,2810019.918017,4352890.862491,-204.898930,-270.839293,0.535819
1462404555.353031,-3721315.434085,2785584.044442,4352938.882621,-203.117044,-272.178187,0.531279
1462404645.353031,-3739515.453591,2761028.197507,4352986.493130,-201.326409,-273.505358,0.526716
1462404735.353031,-3757553.925166,2736353.434869,4353033.691967,-199.527103,-274.820749,0.522131
1462404825.353031,-3775430.071865,2711560.819309,4353080.477098,-197.719202,-276.124302,0.517523
1462404915.353031,-3793143.123734,2686651.418683,4353126.846510,-195.902786,-277.415963,0.512892
1462405005.353031,-3810692.317845,2661626.305878,4353172.798203,-194.077932,-278.695675,0.508240
1462405095.353031,-3828076.898328,2636486.558764,4353218.330200,-192.244718,-279.963383,0.503565
1462405185.353031,-3845296.116400,2611233.260149,4353263.440539,-190.403225,-281.219032,0.498869
1462405275.353031,-3862349.230404,2585867.497731,4353308.127277,-188.553530,-282.462570,0.494152
1462405365.353031,-3879235.505836,2560390.364054,4353352.388489,-186.695714,-283.693941,0.489413
1462405455.353031,-3895954.215377,2534802.956457,4353396.222269,-184.829857,-284.913092,0.484653
1462405545.353031,-3912504.638927,2509106.377030,4353439.626729,-182.956039,-286.119972,0.479873
1462405635.353031,-3928886.063633,2483301.732563,4353482.599998,-181.074341,-287.314529,0.475071
1462405725.353031,-3945097.783922,2457390.134503,4353525.140227,-179.184843,-288.496710,0.470249
1462405815.353031,-3961139.101530,2431372.698902,4353567.245583,-177.287628,-289.666466,0.465407
1462405905.353031,-3977009.325532,2405250.546372,4353608.914251,-175.382777,-290.823745,0.460545
1462405995.353031,-3992707.772374,2379024.802035,4353650.144438,-173.470371,-291.968498,0.455663
1462406085.353031,-4008233.765899,2352696.595474,4353690.934368,-171.550494,-293.100675,0.450761
1462406175.353031,-4023586.637378,2326267.060685,4353731.282283,-169.623229,-294.220228,0.445840
1462406265.353031,-4038765.725539,2299737.336030,4353771.186446,-167.688657,-295.327109,0.440900
1462406355.353031,-4053770.376596,2273108.564184,4353810.645137,-165.746862,-296.421269,0.435941
1462406445.353031,-4068599.944263,2246381.892112,4353849.656658,-163.797929,-297.502662,0.430963
1462406535.353031,-4083253.789795,2219558.470998,4353888.219326,-161.841941,-298.571241,0.425966
1462406625.353031,-4097731.282054,2192639.456123,4353926.331482,-159.878981,-299.626960,0.420951
1462406715.353031,-4112031.797470,2165626.006930,4353963.991485,-157.909136,-300.669774,0.415918
1462406805.353031,-4126154.720100,2138519.286930,4354001.197711,-155.932489,-301.699637,0.410867
1462406895.353031,-4140099.441646,2111320.463652,4354037.948559,-153.949126,-302.716506,0.405799
1462406985.353031,-4153865.361488,2084030.708591,4354074.242446,-151.959132,-303.720336,0.400713
1462407075.353031,-4167451.886706,2056651.197159,4354110.077807,-149.962593,-304.711085,0.395609
1462407165.353031,-4180858.432107,2029183.108634,4354145.453101,-147.959595,-305.688709,0.390489
1462407255.353031,-4194084.420252,2001627.626109,4354180.366802,-145.950224,-306.653167,0.385352
1462407345.353031,-4207129.281475,1973985.936442,4354214.817407,-143.934567,-307.604417,0.380198
1462407435.353031,-4219992.453915,1946259.230203,4354248.803432,-141.912710,-308.542417,0.375027
1462407525.353031,-4232673.383535,1918448.701624,4354282.323414,-139.884741,-309.467129,0.369841
1462407615.353031,-4245171.524147,1890555.548548,4354315.375908,-137.850746,-310.378511,0.364639
1462407705.353031,-4257486.337438,1862580.972376,4354347.959490,-135.810815,-311.276524,0.359421
1462407795.353031,-4269617.292988,1834526.178016,4354380.072758,-133.765034,-312.161131,0.354187
1462407885.353031,-4281563.868299,1806392.373833,4354411.714328,-131.713491,-313.032292,0.348938
1462407975.353031,-4293325.548814,1778180.771591,4354442.882837,-129.656275,-313.889970,0.343675
1462408065.353031,-4304901.827938,1749892.586410,4354473.576942,-127.593475,-314.734129,0.338396
1462408155.353031,-4316292.207064,1721529.036704,4354503.795322,-125.525179,-315.564731,0.333103
1462408245.353031,-4327496.195589,1693091.344137,4354533.536674,-123.451476,-316.381742,0.327795
1462408335.353031,-4338513.310941,1664580.733562,4354562.799718,-121.372456,-317.185126,0.322474
1462408425.353031,-4349343.078595,1635998.432978,4354591.583193,-119.288209,-317.974848,0.317138
1462408515.353031,-4359985.032097,1607345.673466,4354619.885860,-117.198823,-318.750874,0.311789
1462408605.353031,-4370438.713081,1578623.689147,4354647.706498,-115.104390,-319.513171,0.306426
1462408695.353031,-4380703.671291,1549833.717121,4354675.043911,-113.004999,-320.261707,0.301050
1462408785.353031,-4390779.464599,1520976.997416,4354701.896920,-110.900741,-320.996448,0.295662
1462408875.353031,-4400665.659025,1492054.772936,4354728.264368,-108.791706,-321.717363,0.290260
1462408965.353031,-4410361.828755,1463068.289406,4354754.145120,-106.677985,-322.424421,0.284846
1462409055.353031,-4419867.556160,1434018.795319,4354779.538062,-104.559669,-323.117593,0.279420
1462409145.353031,-4429182.431814,1404907.541881,4354804.442098,-102.436850,-323.796847,0.273981
1462409235.353031,-4438306.054511,1375735.782960,4354828.856158,-100.309619,-324.462154,0.268531
1462409325.353031,-4447238.031281,1346504.775027,4354852.779188,-98.178067,-325.113486,0.263070
1462409415.353031,-4455977.977412,1317215.777109,4354876.210158,-96.042286,-325.750816,0.257597
1462409505.353031,-4464525.516459,1287870.050727,4354899.148060,-93.902369,-326.374115,0.252112
1462409595.353031,-4472880.280267,1258468.859848,4354921.591904,-91.758407,-326.983356,0.246617
1462409685.353031,-4481041.908984,1229013.470826,4354943.540725,-89.610494,-327.578513,0.241112
1462409775.353031,-4489010.051074,1199505.152350,4354964.993577,-87.458720,-328.159562,0.235596
1462409865.353031,-4496784.363339,1169945.175390,4354985.949536,-85.303180,-328.726476,0.230070
1462409955.353031,-4504364.510926,1140334.813140,4355006.407698,-83.143965,-329.279231,0.224534
1462410045.353031,-4511750.167347,1110675.340963,4355026.367184,-80.981169,-329.817803,0.218988
1462410135.353031,-4518941.014490,1080968.036339,4355045.827132,-78.814885,-330.342170,0.213433
1462410225.353031,-4525936.742633,1051214.178808,4355064.786705,-76.645207,-330.852309,0.207868
1462410315.353031,-4532737.050460,1021415.049915,4355083.245087,-74.472227,-331.348197,0.202295
1462410405.353031,-4539341.645072,991571.933154,4355101.201481,-72.296040,-331.829813,0.196713
1462410495.353031,-4545750.241998,961686.113914,4355118.655115,-70.116739,-332.297137,0.191123
1462410585.353031,-4551962.565209,931758.879424,4355135.605236,-67.934417,-332.750149,0.185524
1462410675.353031,-4557978.347132,901791.518697,4355152.051115,-65.749170,-333.188828,0.179917
1462410765.353031,-4563797.328657,871785.322473,4355167.992043,-63.561091,-333.613157,0.174303
1462410855.353031,-4569419.259151,841741.583165,4355183.427333,-61.370274,-334.023116,0.168681
1462410945.353031,-4574843.896470,811661.594804,4355198.356320,-59.176814,-334.418689,0.163051
1462411035.353031,-4580071.006966,781546.652982,4355212.778362,-56.980805,-334.799857,0.157415
1462411125.353031,-4585100.365499,751398.054795,4355226.692837,-54.782341,-335.166605,0.151772
1462411215.353031,-4589931.755446,721217.098791,4355240.099145,-52.581519,-335.518917,0.146122
1462411305.353031,-4594564.968713,691005.084910,4355252.996710,-50.378431,-335.856778,0.140467
1462411395.353031,-4598999.805739,660763.314430,4355265.384975,-48.173173,-336.180172,0.134805
1462411485.353031,-4603236.075509,630493.089912,4355277.263407,-45.965841,-336.489087,0.129137
1462411575.353031,-4607273.595561,600195.715140,4355288.631494,-43.756529,-336.783509,0.123464
1462411665.353031,-4611112.191991,569872.495070,4355299.488747,-41.545332,-337.063425,0.117785
1462411755.353031,-4614751.699467,539524.735770,4355309.834697,-39.332346,-337.328823,0.112101
1462411845.353031,-4618191.961228,509153.744364,4355319.668899,-37.117665,-337.579692,0.106413
1462411935.353031,-4621432.829097,478760.828979,4355328.990929,-34.901386,-337.816021,0.100720
1462412025.353031,-4624474.163485,448347.298684,4355337.800386,-32.683604,-338.037800,0.095022
1462412115.353031,-4627315.833396,417914.463438,4355346.096890,-30.464414,-338.245019,0.089321
1462412205.353031,-4629957.716436,387463.634029,4355353.880084,-28.243911,-338.437669,0.083615
1462412295.353031,-4632399.698815,356996.122022,4355361.149632,-26.022193,-338.615742,0.077906
1462412385.353031,-4634641.675352,326513.239700,4355367.905222,-23.799353,-338.779230,0.072194
1462412475.353031,-4636683.549483,296016.300009,4355374.146561,-21.575488,-338.928127,0.066478
1462412565.353031,-4638525.233259,265506.616497,4355379.873382,-19.350694,-339.062425,0.060760
1462412655.353031,-4640166.647358,234985.503265,4355385.085437,-17.125067,-339.182119,0.055039
1462412745.353031,-4641607.721081,204454.274905,4355389.782502,-14.898702,-339.287205,0.049316
1462412835.353031,-4642848.392358,173914.246443,4355393.964374,-12.671695,-339.377677,0.043590
1462412925.353031,-4643888.607753,143366.733287,4355397.630873,-10.444143,-339.453531,0.037863
1462413015.353031,-4644728.322460,112813.051164,4355400.781842,-8.216140,-339.514764,0.032134
1462413105.353031,-4645367.500313,82254.516069,4355403.417144,-5.987784,-339.561374,0.026404
1462413195.353031,-4645806.113780,51692.444206,4355405.536666,-3.759170,-339.593359,0.020672
1462413285.353031,-4646044.143971,21128.151931,4355407.140316,-1.530394,-339.610717,0.014940
1462413375.353031,-4646081.580632,-9437.044306,4355408.228025,0.698448,-339.613447,0.009207
1462413465.353031,-4645918.422151,-40001.828013,4355408.799747,2.927260,-339.601549,0.003473
1462413555.353031,-4645554.675557,-70564.882718,4355408.855456,5.155946,-339.575025,-0.002260
1462413645.353031,-4644990.356514,-101124.892024,4355408.395151,7.384409,-339.533874,-0.007994
1462413735.353031,-4644225.489331,-131680.539662,4355407.418850,9.612555,-339.478099,-0.013727
1462413825.353031,-4643260.106950,-162230.509555,4355405.926595,11.840287,-339.407702,-0.019459
1462413915.353031,-4642094.250952,-192773.485867,4355403.918452,14.067508,-339.322687,-0.025191
1462414005.353031,-4640727.971553,-223308.153065,4355401.394506,16.294124,-339.223056,-0.030922
1462414095.353031,-4639161.327600,-253833.195973,4355398.354866,18.520038,-339.108814,-0.036651
1462414185.353031,-4637394.386571,-284347.299832,4355394.799662,20.745154,-338.979967,-0.042379
1462414275.353031,-4635427.224570,-314849.150350,4355390.729048,22.969377,-338.836519,-0.048105
1462414365.353031,-4633259.926327,-345337.433767,4355386.143200,25.192611,-338.678477,-0.053828
1462414455.353031,-4630892.585190,-375810.836904,4355381.042313,27.414759,-338.505847,-0.059550
1462414545.353031,-4628325.303124,-406268.047225,4355375.426609,29.635726,-338.318638,-0.065269
1462414635.353031,-4625558.190706,-436707.752890,4355369.296328,31.855417,-338.116856,-0.070985
1462414725.353031,-4622591.367120,-467128.642815,4355362.651735,34.073736,-337.900512,-0.076698
1462414815.353031,-4619424.960152,-497529.406724,4355355.493116,36.290588,-337.669613,-0.082408
1462414905.353031,-4616059.106182,-527908.735209,4355347.820779,38.505876,-337.424171,-0.088114
1462414995.353031,-4612493.950185,-558265.319786,4355339.635055,40.719506,-337.164195,-0.093816
1462415085.353031,-4608729.645716,-588597.852949,4355330.936295,42.931382,-336.889697,-0.099515
1462415175.353031,-4604766.354910,-618905.028230,4355321.724874,45.141409,-336.600688,-0.105209
1462415265.353031,-4600604.248473,-649185.540251,4355312.001190,47.349491,-336.297182,-0.110898
1462415355.353031,-4596243.505671,-679438.084783,4355301.765660,49.555534,-335.979191,-0.116583
1462415445.353031,-4591684.314330,-709661.358803,4355291.018726,51.759443,-335.646728,-0.122263
1462415535.353031,-4586926.870821,-739854.060548,4355279.760851,53.961122,-335.299809,-0.127937
1462415625.353031,-4581971.380054,-770014.889571,4355267.992518,56.160477,-334.938448,-0.133606
1462415715.353031,-4576818.055469,-800142.546798,4355255.714236,58.357414,-334.562661,-0.139270
1462415805.353031,-4571467.119029,-830235.734585,4355242.926532,60.551836,-334.172463,-0.144927
1462415895.353031,-4565918.801206,-860293.156771,4355229.629957,62.743651,-333.767873,-0.150578
1462415985.353031,-4560173.340975,-890313.518736,4355215.825084,64.932763,-333.348906,-0.156222
1462416075.353031,-4554230.985802,-920295.527458,4355201.512508,67.119078,-332.915581,-0.161860
1462416165.353031,-4548091.991633,-950237.891564,4355186.692844,69.302503,-332.467918,-0.167491
1462416255.353031,-4541756.622884,-980139.321390,4355171.366731,71.482942,-332.005934,-0.173115
1462416345.353031,-4535225.152430,-1009998.529036,4355155.534830,73.660303,-331.529650,-0.178731
1462416435.353031,-4528497.861590,-1039814.228419,4355139.197821,75.834491,-331.039087,-0.184339
1462416525.353031,-4521575.040120,-1069585.135331,4355122.356408,78.005412,-330.534265,-0.189940
1462416615.353031,-4514456.986196,-1099309.967492,4355105.011317,80.172974,-330.015207,-0.195532
1462416705.353031,-4507144.006404,-1128987.444609,4355087.163295,82.337083,-329.481935,-0.201116
1462416795.353031,-4499636.415725,-1158616.288426,4355068.813110,84.497645,-328.934471,-0.206691
1462416885.353031,-4491934.537522,-1188195.222782,4355049.961552,86.654568,-328.372840,-0.212258
1462416975.353031,-4484038.703528,-1217722.973668,4355030.609434,88.807758,-327.797065,-0.217815
1462417065.353031,-4475949.253828,-1247198.269278,4355010.757589,90.957124,-327.207171,-0.223363
1462417155.353031,-4467666.536847,-1276619.840064,4354990.406871,93.102572,-326.603184,-0.228901
1462417245.353031,-4459190.909335,-1305986.418795,4354969.558157,95.244009,-325.985130,-0.234429
1462417335.353031,-4450522.736349,-1335296.740605,4354948.212346,97.381345,-325.353035,-0.239948
1462417425.353031,-4441662.391242,-1364549.543055,4354926.370356,99.514486,-324.706926,-0.245455
1462417515.353031,-4432610.255642,-1393743.566180,4354904.033127,101.643340,-324.046832,-0.250953
1462417605.353031,-4423366.719439,-1422877.552549,4354881.201623,103.767817,-323.372781,-0.256439
1462417695.353031,-4413932.180767,-1451950.247316,4354857.876826,105.887824,-322.684802,-0.261915
1462417785.353031,-4404307.045984,-1480960.398275,4354834.059741,108.003271,-321.982924,-0.267379
1462417875.353031,-4394491.729661,-1509906.755913,4354809.751394,110.114066,-321.267177,-0.272832
1462417965.353031,-4384486.654559,-1538788.073467,4354784.952830,112.220118,-320.537594,-0.278273
1462418055.353031,-4374292.251611,-1567603.106972,4354759.665120,114.321336,-319.794204,-0.283702
1462418145.353031,-4363908.959906,-1596350.615322,4354733.889350,116.417631,-319.037040,-0.289118
1462418235.353031,-4353337.226669,-1625029.360315,4354707.626633,118.508911,-318.266135,-0.294523
1462418325.353031,-4342577.507241,-1653638.106715,4354680.878098,120.595087,-317.481521,-0.299914
1462418415.353031,-4331630.265058,-1682175.622298,4354653.644898,122.676068,-316.683233,-0.305293
1462418505.353031,-4320495.971637,-1710640.677910,4354625.928205,124.751766,-315.871305,-0.310659
1462418595.353031,-4309175.106548,-1739032.047515,4354597.729213,126.822090,-315.045772,-0.316011
1462418685.353031,-4297668.157398,-1767348.508254,4354569.049138,128.886952,-314.206670,-0.321349
1462418775.353031,-4285975.619809,-1795588.840493,4354539.889213,130.946263,-313.354034,-0.326674
1462418865.353031,-4274097.997397,-1823751.827877,4354510.250694,132.999934,-312.487901,-0.331985
1462418955.353031,-4262035.801750,-1851836.257383,4354480.134860,135.047876,-311.608310,-0.337281
1462419045.353031,-4249789.552405,-1879840.919371,4354449.543005,137.090001,-310.715296,-0.342563
1462419135.353031,-4237359.776827,-1907764.607635,4354418.476448,139.126222,-309.808900,-0.347830
1462419225.353031,-4224747.010385,-1935606.119461,4354386.936527,141.156450,-308.889160,-0.353082
1462419315.353031,-4211951.796330,-1963364.255671,4354354.924600,143.180599,-307.956115,-0.358319
1462419405.353031,-4198974.685774,-1991037.820679,4354322.442046,145.198580,-307.009806,-0.363540
1462419495.353031,-4185816.237659,-2018625.622542,4354289.490263,147.210308,-306.050274,-0.368746
1462419585.353031,-4172477.018740,-2046126.473009,4354256.070672,149.215695,-305.077560,-0.373936
1462419675.353031,-4158957.603558,-2073539.187578,4354222.184711,151.214655,-304.091706,-0.379110
1462419765.353031,-4145258.574416,-2100862.585540,4354187.833839,153.207102,-303.092754,-0.384267
1462419855.353031,-4131380.521351,-2128095.490033,4354153.019537,155.192950,-302.080747,-0.389408
1462419945.353031,-4117324.042113,-2155236.728095,4354117.743303,157.172114,-301.055729,-0.394533
1462420035.353031,-4103089.742137,-2182285.130711,4354082.006657,159.144508,-300.017744,-0.399640
1462420125.353031,-4088678.234514,-2209239.532863,4354045.811139,161.110048,-298.966837,-0.404730
1462420215.353031,-4074090.139972,-2236098.773583,4354009.158306,163.068648,-297.903054,-0.409802
1462420305.353031,-4059326.086842,-2262861.696004,4353972.049737,165.020224,-296.826438,-0.414857
1462420395.353031,-4044386.711034,-2289527.147403,4353934.487031,166.964693,-295.737039,-0.419894
1462420485.353031,-4029272.656011,-2316093.979259,4353896.471806,168.901971,-294.634901,-0.424913
1462420575.353031,-4013984.572759,-2342561.047297,4353858.005698,170.831973,-293.520073,-0.429914
1462420665.353031,-3998523.119758,-2368927.211540,4353819.090365,172.754618,-292.392602,-0.434896
1462420755.353031,-3982888.962958,-2395191.336356,4353779.727482,174.669822,-291.252538,-0.439859
1462420845.353031,-3967082.775746,-2421352.290508,4353739.918745,176.577502,-290.099929,-0.444804
1462420935.353031,-3951105.238918,-2447408.947205,4353699.665869,178.477578,-288.934825,-0.449729
1462421025.353031,-3934957.040652,-2473360.184143,4353658.970586,180.369965,-287.757276,-0.454635
1462421115.353031,-3918638.876476,-2499204.883565,4353617.834650,182.254584,-286.567333,-0.459521
1462421205.353031,-3902151.449238,-2524941.932299,4353576.259832,184.131353,-285.365047,-0.464388
1462421295.353031,-3885495.469077,-2550570.221810,4353534.247923,186.000191,-284.150470,-0.469234
1462421385.353031,-3868671.653393,-2576088.648248,4353491.800733,187.861018,-282.923654,-0.474061
1462421475.353031,-3851680.726812,-2601496.112495,4353448.920089,189.713754,-281.684653,-0.478866
1462421565.353031,-3834523.421161,-2626791.520212,4353405.607838,191.558318,-280.433518,-0.483652
1462421655.353031,-3817200.475431,-2651973.781886,4353361.865846,193.394631,-279.170305,-0.488416
1462421745.353031,-3799712.635748,-2677041.812879,4353317.695997,195.222615,-277.895068,-0.493160
1462421835.353031,-3782060.655340,-2701994.533472,4353273.100193,197.042190,-276.607861,-0.497882
1462421925.353031,-3764245.294506,-2726830.868912,4353228.080354,198.853278,-275.308740,-0.502583
1462422015.353031,-3746267.320580,-2751549.749459,4353182.638421,200.655801,-273.997762,-0.507262
1462422105.353031,-3728127.507902,-2776150.110434,4353136.776349,202.449682,-272.674981,-0.511919
1462422195.353031,-3709826.637782,-2800630.892261,4353090.496114,204.234842,-271.340457,-0.516554
1462422285.353031,-3691365.498466,-2824991.040514,4353043.799710,206.011207,-269.994245,-0.521167
1462422375.353031,-3672744.885104,-2849229.505964,4352996.689147,207.778697,-268.636404,-0.525758
1462422465.353031,-3653965.599715,-2873345.244623,4352949.166455,209.537239,-267.266993,-0.530325
1462422555.353031,-3635028.451152,-2897337.217789,4352901.233680,211.286755,-265.886070,-0.534870
1462422645.353031,-3615934.255066,-2921204.392090,4352852.892887,213.027171,-264.493694,-0.539392
1462422735.353031,-3596683.833875,-2944945.739530,4352804.146158,214.758412,-263.089927,-0.543891
1462422825.353031,-3577278.016724,-2968560.237532,4352754.995592,216.480403,-261.674828,-0.548366
1462422915.353031,-3557717.639451,-2992046.868983,4352705.443307,218.193069,-260.248458,-0.552818
1462423005.353031,-3538003.544552,-3015404.622278,4352655.491436,219.896338,-258.810879,-0.557246
1462423095.353031,-3518136.581144,-3038632.491362,4352605.142130,221.590135,-257.362153,-0.561650
1462423185.353031,-3498117.604928,-3061729.475775,4352554.397559,223.274388,-255.902342,-0.566030
1462423275.353031,-3477947.478151,-3084694.580694,4352503.259908,224.949024,-254.431508,-0.570385
1462423365.353031,-3457627.069572,-3107526.816976,4352451.731379,226.613972,-252.949716,-0.574716
1462423455.353031,-3437157.254424,-3130225.201201,4352399.814192,228.269158,-251.457029,-0.579022
1462423545.353031,-3416538.914371,-3152788.755715,4352347.510582,229.914513,-249.953511,-0.583303
1462423635.353031,-3395772.937479,-3175216.508670,4352294.822803,231.549965,-248.439227,-0.587559
1462423725.353031,-3374860.218170,-3197507.494069,4352241.753123,233.175444,-246.914243,-0.591789
1462423815.353031,-3353801.657187,-3219660.751804,4352188.303829,234.790880,-245.378623,-0.595995
1462423905.353031,-3332598.161555,-3241675.327700,4352134.477223,236.396203,-243.832435,-0.600174
1462423995.353031,-3311250.644540,-3263550.273555,4352080.275622,237.991343,-242.275744,-0.604328
1462424085.353031,-3289760.025615,-3285284.647181,4352025.701361,239.576234,-240.708619,-0.608455
1462424175.353031,-3268127.230413,-3306877.512446,4351970.756791,241.150805,-239.131125,-0.612557
1462424265.353031,-3246353.190691,-3328327.939310,4351915.444278,242.714990,-237.543332,-0.616632
1462424355.353031,-3224438.844293,-3349635.003871,4351859.766204,244.268720,-235.945308,-0.620680
1462424445.353031,-3202385.135101,-3370797.788401,4351803.724968,245.811929,-234.337121,-0.624702
1462424535.353031,-3180193.013004,-3391815.381385,4351747.322982,247.344551,-232.718841,-0.628697
1462424625.353031,-3157863.433851,-3412686.877564,4351690.562678,248.866520,-231.090537,-0.632664
1462424715.353031,-3135397.359411,-3433411.377969,4351633.446498,250.377769,-229.452280,-0.636605
1462424805.353031,-3112795.757333,-3453987.989964,4351575.976903,251.878234,-227.804140,-0.640518
1462424895.353031,-3090059.601103,-3474415.827283,4351518.156368,253.367851,-226.146188,-0.644404
1462424985.353031,-3067189.870002,-3494694.010067,4351459.987384,254.846554,-224.478495,-0.648261
1462425075.353031,-3044187.549064,-3514821.664903,4351401.472456,256.314281,-222.801134,-0.652091
1462425165.353031,-3021053.629036,-3534797.924863,4351342.614104,257.770968,-221.114177,-0.655893
1462425255.353031,-2997789.106332,-3554621.929536,4351283.414863,259.216552,-219.417695,-0.659666
1462425345.353031,-2974394.982989,-3574292.825074,4351223.877283,260.650972,-217.711763,-0.663411
1462425435.353031,-2950872.266630,-3593809.764220,4351164.003928,262.074165,-215.996454,-0.667128
1462425525.353031,-2927221.970413,-3613171.906349,4351103.797377,263.486070,-214.271842,-0.670816
1462425615.353031,-2903445.112995,-3632378.417503,4351043.260223,264.886626,-212.538001,-0.674475
1462425705.353031,-2879542.718480,-3651428.470429,4350982.395073,266.275773,-210.795005,-0.678104
1462425795.353031,-2855515.816382,-3670321.244611,4350921.204549,267.653451,-209.042930,-0.681705
1462425885.353031,-2831365.441578,-3689055.926308,4350859.691286,269.019601,-207.281851,-0.685276
1462425975.353031,-2807092.634260,-3707631.708589,4350797.857934,270.374164,-205.511845,-0.688818
1462426065.353031,-2782698.439896,-3726047.791365,4350735.707155,271.717081,-203.732986,-0.692330
1462426155.353031,-2758183.909182,-3744303.381427,4350673.241627,273.048295,-201.945353,-0.695812
1462426245.353031,-2733550.097996,-3762397.692479,4350610.464040,274.367749,-200.149021,-0.699265
1462426335.353031,-2708798.067356,-3780329.945171,4350547.377098,275.675385,-198.344069,-0.702687
1462426425.353031,-2683928.883369,-3798099.367132,4350483.983518,276.971147,-196.530573,-0.706079
1462426515.353031,-2658943.617189,-3815705.193007,4350420.286031,278.254980,-194.708613,-0.709440
1462426605.353031,-2633843.344971,-3833146.664485,4350356.287379,279.526828,-192.878266,-0.712771
1462426695.353031,-2608629.147823,-3850423.030335,4350291.990320,280.786636,-191.039612,-0.716071
1462426785.353031,-2583302.111757,-3867533.546437,4350227.397622,282.034350,-189.192730,-0.719341
1462426875.353031,-2557863.327650,-3884477.475814,4350162.512068,283.269917,-187.337698,-0.722579
1462426965.353031,-2532313.891189,-3901254.088666,4350097.336452,284.493283,-185.474598,-0.725786
1462427055.353031,-2506654.902828,-3917862.662397,4350031.873581,285.704395,-183.603509,-0.728962
1462427145.353031,-2480887.467738,-3934302.481651,4349966.126275,286.903201,-181.724512,-0.732107
1462427235.353031,-2455012.695764,-3950572.838338,4349900.097366,288.089650,-179.837688,-0.735220
1462427325.353031,-2429031.701372,-3966673.031671,4349833.789697,289.263691,-177.943117,-0.738302
1462427415.353031,-2402945.603604,-3982602.368187,4349767.206125,290.425273,-176.040883,-0.741351
1462427505.353031,-2376755.526027,-3998360.161786,4349700.349517,291.574345,-174.131066,-0.744369
1462427595.353031,-2350462.596690,-4013945.733756,4349633.222752,292.710859,-172.213749,-0.747355
1462427685.353031,-2324067.948069,-4029358.412802,4349565.828722,293.834766,-170.289015,-0.750308
1462427775.353031,-2297572.717022,-4044597.535075,4349498.170330,294.946016,-168.356946,-0.753229
1462427865.353031,-2270978.044742,-4059662.444203,4349430.250490,296.044563,-166.417626,-0.756118
1462427955.353031,-2244285.076700,-4074552.491317,4349362.072126,297.130359,-164.471137,-0.758974
1462428045.353031,-2217494.962604,-4089267.035080,4349293.638176,298.203356,-162.517565,-0.761797
1462428135.353031,-2190608.856347,-4103805.441713,4349224.951587,299.263510,-160.556993,-0.764588
1462428225.353031,-2163627.915954,-4118167.085025,4349156.015317,300.310774,-158.589505,-0.767346
1462428315.353031,-2136553.303536,-4132351.346438,4349086.832335,301.345103,-156.615187,-0.770070
1462428405.353031,-2109386.185238,-4146357.615013,4349017.405621,302.366453,-154.634123,-0.772762
1462428495.353031,-2082127.731191,-4160185.287479,4348947.738166,303.374779,-152.646399,-0.775420
1462428585.353031,-2054779.115458,-4173833.768256,4348877.832969,304.370039,-150.652100,-0.778045
1462428675.353031,-2027341.515987,-4187302.469483,4348807.693043,305.352189,-148.651312,-0.780636
1462428765.353031,-1999816.114557,-4200590.811042,4348737.321407,306.321187,-146.644122,-0.783194
1462428855.353031,-1972204.096729,-4213698.220584,4348666.721092,307.276991,-144.630615,-0.785718
1462428945.353031,-1944506.651797,-4226624.133553,4348595.895140,308.219560,-142.610879,-0.788208
1462429035.353031,-1916724.972732,-4239367.993208,4348524.846601,309.148854,-140.585000,-0.790664
1462429125.353031,-1888860.256134,-4251929.250654,4348453.578535,310.064832,-138.553067,-0.793086
1462429215.353031,-1860913.702179,-4264307.364856,4348382.094012,310.967455,-136.515165,-0.795474
1462429305.353031,-1832886.514569,-4276501.802669,4348310.396110,311.856684,-134.471384,-0.797828
1462429395.353031,-1804779.900478,-4288512.038862,4348238.487918,312.732482,-132.421810,-0.800147
1462429485.353031,-1776595.070501,-4300337.556134,4348166.372532,313.594809,-130.366533,-0.802432
1462429575.353031,-1748333.238603,-4311977.845141,4348094.053059,314.443629,-128.305641,-0.804682
1462429665.353031,-1719995.622065,-4323432.404520,4348021.532614,315.278906,-126.239223,-0.806898
1462429755.353031,-1691583.441430,-4334700.740903,4347948.814319,316.100603,-124.167367,-0.809079
1462429845.353031,-1663097.920457,-4345782.368946,4347875.901308,316.908686,-122.090164,-0.811225
1462429935.353031,-1634540.286061,-4356676.811346,4347802.796720,317.703118,-120.007701,-0.813336
1462430025.353031,-1605911.768262,-4367383.598864,4347729.503704,318.483867,-117.920070,-0.815412
1462430115.353031,-1577213.600136,-4377902.270339,4347656.025417,319.250898,-115.827360,-0.817453
1462430205.353031,-1548447.017757,-4388232.372719,4347582.365024,320.004178,-113.729661,-0.819459
1462430295.353031,-1519613.260146,-4398373.461068,4347508.525697,320.743675,-111.627063,-0.821429
1462430385.353031,-1490713.569218,-4408325.098594,4347434.510616,321.469357,-109.519658,-0.823364
1462430475.353031,-1461749.189728,-4418086.856666,4347360.322970,322.181194,-107.407535,-0.825264
1462430565.353031,-1432721.369215,-4427658.314828,4347285.965954,322.879153,-105.290786,-0.827128
1462430655.353031,-1403631.357953,-4437039.060823,4347211.442769,323.563205,-103.169502,-0.828956
1462430745.353031,-1374480.408894,-4446228.690609,4347136.756627,324.233321,-101.043774,-0.830749
1462430835.353031,-1345269.777615,-4455226.808372,4347061.910744,324.889472,-98.913694,-0.832506
1462430925.353031,-1316000.722261,-4464033.026552,4346986.908343,325.531629,-96.779354,-0.834227
1462431015.353031,-1286674.503498,-4472646.965849,4346911.752656,326.159766,-94.640846,-0.835912
1462431105.353031,-1257292.384450,-4481068.255249,4346836.446918,326.773854,-92.498261,-0.837561
1462431195.353031,-1227855.630651,-4489296.532033,4346760.994373,327.373867,-90.351692,-0.839174
1462431285.353031,-1198365.509988,-4497331.441796,4346685.398272,327.959780,-88.201231,-0.840751
1462431375.353031,-1168823.292645,-4505172.638463,4346609.661870,328.531567,-86.046972,-0.842292
1462431465.353031,-1139230.251051,-4512819.784302,4346533.788429,329.089203,-83.889006,-0.843796
1462431555.353031,-1109587.659825,-4520272.549937,4346457.781217,329.632666,-81.727427,-0.845265
1462431645.353031,-1079896.795719,-4527530.614366,4346381.643507,330.161930,-79.562328,-0.846696
1462431735.353031,-1050158.937565,-4534593.664974,4346305.378580,330.676974,-77.393802,-0.848092
1462431825.353031,-1020375.366217,-4541461.397544,4346228.989720,331.177775,-75.221943,-0.849450
1462431915.353031,-990547.364500,-4548133.516271,4346152.480217,331.664312,-73.046843,-0.850772
1462432005.353031,-960676.217154,-4554609.733778,4346075.853366,332.136564,-70.868598,-0.852058
1462432095.353031,-930763.210773,-4560889.771124,4345999.112468,332.594510,-68.687300,-0.853307
1462432185.353031,-900809.633758,-4566973.357817,4345922.260828,333.038130,-66.503043,-0.854519
1462432275.353031,-870816.776256,-4572860.231829,4345845.301756,333.467406,-64.315923,-0.855694
1462432365.353031,-840785.930105,-4578550.139602,4345768.238567,333.882319,-62.126032,-0.856832
1462432455.353031,-810718.388780,-4584042.836063,4345691.074579,334.282852,-59.933465,-0.857934
1462432545.353031,-780615.447337,-4589338.084634,4345613.813117,334.668986,-57.738316,-0.858998
1462432635.353031,-750478.402356,-4594435.657239,4345536.457508,335.040705,-55.540681,-0.860026
1462432725.353031,-720308.551887,-4599335.334318,4345459.011084,335.397994,-53.340654,-0.861016
1462432815.353031,-690107.195391,-4604036.904836,4345381.477181,335.740837,-51.138329,-0.861969
1462432905.353031,-659875.633688,-4608540.166286,4345303.859138,336.069219,-48.933801,-0.862886
1462432995.353031,-629615.168897,-4612844.924708,4345226.160297,336.383125,-46.727166,-0.863765
1462433085.353031,-599327.104384,-4616950.994689,4345148.384007,336.682543,-44.518518,-0.864607
1462433175.353031,-569012.744703,-4620858.199373,4345070.533616,336.967460,-42.307953,-0.865411
1462433265.353031,-538673.395539,-4624566.370472,4344992.612478,337.237863,-40.095566,-0.866179
1462433355.353031,-508310.363657,-4628075.348268,4344914.623948,337.493741,-37.881451,-0.866909
1462433445.353031,-477924.956838,-4631384.981625,4344836.571386,337.735082,-35.665705,-0.867601
1462433535.353031,-447518.483828,-4634495.127991,4344758.458154,337.961877,-33.448423,-0.868257
1462433625.353031,-417092.254283,-4637405.653408,4344680.287616,338.174115,-31.229700,-0.868875
1462433715.353031,-386647.578706,-4640116.432515,4344602.063139,338.371787,-29.009632,-0.869455
1462433805.353031,-356185.768397,-4642627.348554,4344523.788092,338.554885,-26.788314,-0.869998
1462433895.353031,-325708.135393,-4644938.293376,4344445.465846,338.723401,-24.565843,-0.870504
1462433985.353031,-295215.992414,-4647049.167446,4344367.099775,338.877328,-22.342314,-0.870972
1462434075.353031,-264710.652801,-4648959.879844,4344288.693254,339.016659,-20.117822,-0.871403
1462434165.353031,-234193.430469,-4650670.348274,4344210.249661,339.141388,-17.892464,-0.871796
1462434255.353031,-203665.639841,-4652180.499062,4344131.772373,339.251509,-15.666335,-0.872151
1462434345.353031,-173128.595796,-4653490.267164,4344053.264772,339.347018,-13.439531,-0.872469
1462434435.353031,-142583.613612,-4654599.596166,4343974.730238,339.427912,-11.212148,-0.872750
1462434525.353031,-112032.008909,-4655508.438289,4343896.172153,339.494185,-8.984283,-0.872993
1462434615.353031,-81475.097591,-4656216.754386,4343817.593902,339.545836,-6.756030,-0.873198
1462434705.353031,-50914.195791,-4656724.513949,4343738.998870,339.582862,-4.527487,-0.873365
1462434795.353031,-20350.619816,-4657031.695108,4343660.390440,339.605262,-2.298748,-0.873495
1462434885.353031,10214.313914,-4657138.284633,4343581.771999,339.613034,-0.069911,-0.873588
1462434975.353031,40779.288921,-4657044.277933,4343503.146933,339.606179,2.158929,-0.873642
1462435065.353031,71342.988723,-4656749.679056,4343424.518628,339.584697,4.387677,-0.873659
1462435155.353031,101904.096895,-4656254.500691,4343345.890472,339.548588,6.616235,-0.873639
1462435245.353031,132461.297123,-4655558.764166,4343267.265850,339.497854,8.844509,-0.873581
1462435335.353031,163013.273260,-4654662.499448,4343188.648149,339.432497,11.072402,-0.873485
1462435425.353031,193558.709385,-4653565.745141,4343110.040756,339.352521,13.299817,-0.873352
1462435515.353031,224096.289860,-4652268.548483,4343031.447056,339.257928,15.526660,-0.873181
1462435605.353031,254624.699384,-4650770.965346,4342952.870433,339.148722,17.752834,-0.872972
1462435695.353031,285142.623050,-4649073.060233,4342874.314274,339.024909,19.978244,-0.872726
1462435785.353031,315648.746406,-4647174.906277,4342795.781960,338.886494,22.202793,-0.872442
1462435875.353031,346141.755503,-4645076.585233,4342717.276874,338.733483,24.426385,-0.872120
1462435965.353031,376620.336963,-4642778.187479,4342638.802399,338.565881,26.648926,-0.871761
1462436055.353031,407083.178024,-4640279.812011,4342560.361913,338.383697,28.870318,-0.871365
1462436145.353031,437528.966605,-4637581.566438,4342481.958795,338.186939,31.090468,-0.870931
1462436235.353031,467956.391359,-4634683.566977,4342403.596423,337.975614,33.309278,-0.870459
1462436325.353031,498364.141730,-4631585.938450,4342325.278170,337.749732,35.526653,-0.869950
1462436415.353031,528750.908009,-4628288.814276,4342247.007412,337.509302,37.742499,-0.869404
1462436505.353031,559115.381391,-4624792.336467,4342168.787518,337.254336,39.956718,-0.868820
1462436595.353031,589456.254031,-4621096.655622,4342090.621858,336.984843,42.169217,-0.868198
1462436685.353031,619772.219100,-4617201.930921,4342012.513798,336.700836,44.379899,-0.867540
1462436775.353031,650061.970843,-4613108.330114,4341934.466703,336.402327,46.588670,-0.866844
1462436865.353031,680324.204634,-4608816.029519,4341856.483935,336.089328,48.795434,-0.866110
1462436955.353031,710557.617031,-4604325.214013,4341778.568851,335.761854,51.000097,-0.865339
1462437045.353031,740760.905835,-4599636.077021,4341700.724808,335.419917,53.202563,-0.864531
1462437135.353031,770932.770142,-4594748.820512,4341622.955160,335.063534,55.402737,-0.863686
1462437225.353031,801071.910405,-4589663.654988,4341545.263254,334.692719,57.600525,-0.862803
1462437315.353031,831177.028484,-4584380.799475,4341467.652439,334.307488,59.795832,-0.861884
1462437405.353031,861246.827705,-4578900.481513,4341390.126056,333.907858,61.988564,-0.860927
1462437495.353031,891280.012914,-4573222.937148,4341312.687444,333.493847,64.178625,-0.859933
1462437585.353031,921275.290537,-4567348.410922,4341235.339940,333.065471,66.365923,-0.858902
1462437675.353031,951231.368630,-4561277.155858,4341158.086874,332.622749,68.550362,-0.857834
1462437765.353031,981146.956939,-4555009.433454,4341080.931574,332.165701,70.731848,-0.856729
1462437855.353031,1011020.766952,-4548545.513673,4341003.877363,331.694346,72.910288,-0.855588
1462437945.353031,1040851.511960,-4541885.674924,4340926.927560,331.208704,75.085587,-0.854409
1462438035.353031,1070637.907104,-4535030.204057,4340850.085480,330.708797,77.257653,-0.853194
1462438125.353031,1100378.669440,-4527979.396348,4340773.354431,330.194645,79.426390,-0.851942
1462438215.353031,1130072.517986,-4520733.555486,4340696.737719,329.666272,81.591707,-0.850653
1462438305.353031,1159718.173783,-4513292.993560,4340620.238644,329.123699,83.753510,-0.849327
1462438395.353031,1189314.359946,-4505658.031048,4340543.860500,328.566951,85.911705,-0.847965
1462438485.353031,1218859.801722,-4497828.996798,4340467.606578,327.996050,88.066199,-0.846567
1462438575.353031,1248353.226543,-4489806.228020,4340391.480162,327.411022,90.216901,-0.845132
1462438665.353031,1277793.364081,-4481590.070266,4340315.484530,326.811893,92.363717,-0.843660
1462438755.353031,1307178.946304,-4473180.877419,4340239.622956,326.198687,94.506554,-0.842152
1462438845.353031,1336508.707530,-4464579.011676,4340163.898708,325.571430,96.645321,-0.840608
1462438935.353031,1365781.384480,-4455784.843532,4340088.315046,324.930152,98.779926,-0.839028
1462439025.353031,1394995.716336,-4446798.751766,4340012.875227,324.274877,100.910276,-0.837412
1462439115.353031,1424150.444789,-4437621.123424,4339937.582500,323.605636,103.036279,-0.835759
1462439205.353031,1453244.314102,-4428252.353799,4339862.440107,322.922457,105.157844,-0.834071
1462439295.353031,1482276.071156,-4418692.846418,4339787.451285,322.225369,107.274881,-0.832346
1462439385.353031,1511244.465508,-4408943.013026,4339712.619265,321.514402,109.387296,-0.830586
1462439475.353031,1540148.249446,-4399003.273561,4339637.947268,320.789587,111.495000,-0.828790
1462439565.353031,1568986.178037,-4388874.056145,4339563.438512,320.050955,113.597902,-0.826958
1462439655.353031,1597757.009189,-4378555.797058,4339489.096205,319.298538,115.695911,-0.825091
1462439745.353031,1626459.503697,-4368048.940723,4339414.923550,318.532368,117.788937,-0.823188
1462439835.353031,1655092.425299,-4357353.939687,4339340.923741,317.752479,119.876890,-0.821250
1462439925.353031,1683654.540732,-4346471.254600,4339267.099966,316.958904,121.959679,-0.819276
1462440015.353031,1712144.619782,-4335401.354197,4339193.455404,316.151676,124.037215,-0.817267
1462440105.353031,1740561.435336,-4324144.715275,4339119.993228,315.330832,126.109409,-0.815223
1462440195.353031,1768903.763437,-4312701.822675,4339046.716600,314.496406,128.176171,-0.813144
1462440285.353031,1797170.383340,-4301073.169259,4338973.628679,313.648433,130.237412,-0.811030
1462440375.353031,1825360.077555,-4289259.255893,4338900.732610,312.786952,132.293044,-0.808880
1462440465.353031,1853471.631910,-4277260.591420,4338828.031536,311.911998,134.342978,-0.806696
1462440555.353031,1881503.835596,-4265077.692640,4338755.528585,311.023610,136.387125,-0.804477
1462440645.353031,1909455.481224,-4252711.084290,4338683.226882,310.121826,138.425398,-0.802224
1462440735.353031,1937325.364871,-4240161.299019,4338611.129541,309.206684,140.457709,-0.799936
1462440825.353031,1965112.286140,-4227428.877365,4338539.239667,308.278224,142.483970,-0.797613
1462440915.353031,1992815.048204,-4214514.367734,4338467.560355,307.336486,144.504094,-0.795256
1462441005.353031,2020432.457863,-4201418.326374,4338396.094695,306.381511,146.517994,-0.792865
1462441095.353031,2047963.325593,-4188141.317351,4338324.845763,305.413339,148.525583,-0.790440
1462441185.353031,2075406.465595,-4174683.912527,4338253.816629,304.432012,150.526775,-0.787981
1462441275.353031,2102760.695852,-4161046.691533,4338183.010352,303.437574,152.521484,-0.785488
1462441365.353031,2130024.838175,-4147230.241744,4338112.429982,302.430066,154.509623,-0.782961
1462441455.353031,2157197.718255,-4133235.158258,4338042.078558,301.409531,156.491107,-0.780400
1462441545.353031,2184278.165713,-4119062.043864,4337971.959111,300.376015,158.465851,-0.777805
1462441635.353031,2211265.014153,-4104711.509019,4337902.074661,299.329560,160.433770,-0.775177
1462441725.353031,2238157.101211,-4090184.171824,4337832.428218,298.270214,162.394778,-0.772516
1462441815.353031,2264953.268601,-4075480.657994,4337763.022782,297.198020,164.348792,-0.769822
1462441905.353031,2291652.362171,-4060601.600831,4337693.861343,296.113025,166.295727,-0.767094
1462441995.353031,2318253.231951,-4045547.641200,4337624.946878,295.015277,168.235500,-0.764333
1462442085.353031,2344754.732200,-4030319.427497,4337556.282357,293.904822,170.168026,-0.761539
1462442175.353031,2371155.721456,-4014917.615626,4337487.870736,292.781707,172.093223,-0.758713
1462442265.353031,2397455.062589,-3999342.868967,4337419.714963,291.645982,174.011007,-0.755854
1462442355.353031,2423651.622845,-3983595.858348,4337351.817974,290.497696,175.921297,-0.752962
1462442445.353031,2449744.273898,-3967677.262017,4337284.182691,289.336897,177.824010,-0.750038
1462442535.353031,2475731.891898,-3951587.765612,4337216.812030,288.163636,179.719063,-0.747082
1462442625.353031,2501613.357516,-3935328.062133,4337149.708890,286.977964,181.606376,-0.744093
1462442715.353031,2527387.555999,-3918898.851912,4337082.876164,285.779931,183.485866,-0.741072
1462442805.353031,2553053.377211,-3902300.842578,4337016.316729,284.569589,185.357453,-0.738020
1462442895.353031,2578609.715686,-3885534.749035,4336950.033452,283.346990,187.221057,-0.734935
1462442985.353031,2604055.470674,-3868601.293423,4336884.029188,282.112187,189.076597,-0.731819
1462443075.353031,2629389.546185,-3851501.205094,4336818.306780,280.865233,190.923993,-0.728672
1462443165.353031,2654610.851043,-3834235.220573,4336752.869058,279.606181,192.763166,-0.725493
1462443255.353031,2679718.298926,-3816804.083534,4336687.718843,278.335087,194.594036,-0.722282
1462443345.353031,2704710.808418,-3799208.544764,4336622.858938,277.052004,196.416525,-0.719041
1462443435.353031,2729587.303054,-3781449.362128,4336558.292139,275.756988,198.230553,-0.715769
1462443525.353031,2754346.711362,-3763527.300543,4336494.021225,274.450095,200.036044,-0.712466
1462443615.353031,2778987.966919,-3745443.131939,4336430.048966,273.131381,201.832919,-0.709132
1462443705.353031,2803510.008386,-3727197.635230,4336366.378117,271.800902,203.621100,-0.705768
1462443795.353031,2827911.779562,-3708791.596276,4336303.011420,270.458717,205.400511,-0.702373
1462443885.353031,2852192.229424,-3690225.807856,4336239.951604,269.104883,207.171076,-0.698948
1462443975.353031,2876350.312176,-3671501.069626,4336177.201386,267.739458,208.932717,-0.695493
1462444065.353031,2900384.987292,-3652618.188090,4336114.763469,266.362501,210.685359,-0.692008
1462444155.353031,2924295.219561,-3633577.976562,4336052.640541,264.974071,212.428926,-0.688493
1462444245.353031,2948079.979133,-3614381.255134,4335990.835278,263.574229,214.163344,-0.684948
1462444335.353031,2971738.241561,-3595028.850638,4335929.350343,262.163034,215.888538,-0.681374
1462444425.353031,2995268.987848,-3575521.596613,4335868.188384,260.740547,217.604432,-0.677771
1462444515.353031,3018671.204486,-3555860.333265,4335807.352035,259.306829,219.310955,-0.674138
1462444605.353031,3041943.883508,-3536045.907437,4335746.843917,257.861943,221.008031,-0.670477
1462444695.353031,3065086.022522,-3516079.172566,4335686.666635,256.405951,222.695588,-0.666786
1462444785.353031,3088096.624761,-3495960.988650,4335626.822782,254.938914,224.373553,-0.663067
1462444875.353031,3110974.699123,-3475692.222210,4335567.314935,253.460897,226.041854,-0.659319
1462444965.353031,3133719.260213,-3455273.746255,4335508.145657,251.971963,227.700419,-0.655543
1462445055.353031,3156329.328388,-3434706.440238,4335449.317497,250.472177,229.349177,-0.651739
1462445145.353031,3178803.929798,-3413991.190026,4335390.832990,248.961602,230.988056,-0.647907
1462445235.353031,3201142.096427,-3393128.887856,4335332.694653,247.440304,232.616987,-0.644046
1462445325.353031,3223342.866135,-3372120.432301,4335274.904990,245.908348,234.235898,-0.640158
1462445415.353031,3245405.282700,-3350966.728227,4335217.466492,244.365800,235.844720,-0.636242
1462445505.353031,3267328.395861,-3329668.686757,4335160.381632,242.812728,237.443384,-0.632299
1462445595.353031,3289111.261355,-3308227.225230,4335103.652869,241.249197,239.031821,-0.628329
1462445685.353031,3310752.940960,-3286643.267163,4335047.282647,239.675275,240.609963,-0.624332
1462445775.353031,3332252.502536,-3264917.742211,4334991.273392,238.091029,242.177741,-0.620307
1462445865.353031,3353609.020063,-3243051.586126,4334935.627518,236.496529,243.735088,-0.616256
1462445955.353031,3374821.573683,-3221045.740716,4334880.347422,234.891843,245.281937,-0.612179
1462446045.353031,3395889.249739,-3198901.153809,4334825.435484,233.277039,246.818221,-0.608075
1462446135.353031,3416811.140812,-3176618.779205,4334770.894069,231.652188,248.343875,-0.603945
1462446225.353031,3437586.345766,-3154199.576640,4334716.725528,230.017360,249.858831,-0.599789
1462446315.353031,3458213.969779,-3131644.511745,4334662.932193,228.372624,251.363027,-0.595607
1462446405.353031,3478693.124388,-3108954.556001,4334609.516381,226.718051,252.856395,-0.591399
1462446495.353031,3499022.927525,-3086130.686700,4334556.480392,225.053714,254.338873,-0.587166
1462446585.353031,3519202.503552,-3063173.886901,4334503.826512,223.379683,255.810396,-0.582908
1462446675.353031,3539230.983305,-3040085.145388,4334451.557008,221.696031,257.270900,-0.578624
1462446765.353031,3559107.504126,-3016865.456630,4334399.674132,220.002830,258.720324,-0.574316
1462446855.353031,3578831.209902,-2993515.820735,4334348.180117,218.300153,260.158604,-0.569983
1462446945.353031,3598401.251103,-2970037.243408,4334297.077183,216.588074,261.585679,-0.565625
1462447035.353031,3617816.784817,-2946430.735906,4334246.367530,214.866666,263.001487,-0.561243
1462447125.353031,3637076.974787,-2922697.315000,4334196.053342,213.136003,264.405967,-0.556837
1462447215.353031,3656180.991447,-2898838.002924,4334146.136788,211.396160,265.799058,-0.552407
1462447305.353031,3675128.011957,-2874853.827336,4334096.620015,209.647212,267.180701,-0.547953
1462447395.353031,3693917.220239,-2850745.821271,4334047.505159,207.889234,268.550837,-0.543475
1462447485.353031,3712547.807014,-2826515.023098,4333998.794333,206.122303,269.909405,-0.538974
1462447575.353031,3731018.969834,-2802162.476476,4333950.489636,204.346493,271.256348,-0.534450
1462447665.353031,3749329.913115,-2777689.230306,4333902.593149,202.561881,272.591608,-0.529903
1462447755.353031,3767479.848179,-2753096.338689,4333855.106935,200.768545,273.915126,-0.525333
1462447845.353031,3785467.993280,-2728384.860879,4333808.033038,198.966561,275.226847,-0.520740
1462447935.353031,3803293.573639,-2703555.861237,4333761.373487,197.156008,276.526713,-0.516125
1462448025.353031,3820955.821482,-2678610.409188,4333715.130292,195.336963,277.814669,-0.511488
1462448115.353031,3838453.976068,-2653549.579169,4333669.305444,193.509504,279.090659,-0.506828
1462448205.353031,3855787.283725,-2628374.450590,4333623.900917,191.673711,280.354628,-0.502147
1462448295.353031,3872954.997880,-2603086.107783,4333578.918666,189.829662,281.606522,-0.497444
1462448385.353031,3889956.379094,-2577685.639955,4333534.360630,187.977437,282.846286,-0.492720
1462448475.353031,3906790.695091,-2552174.141145,4333490.228727,186.117115,284.073868,-0.487974
1462448565.353031,3923457.220790,-2526552.710171,4333446.524858,184.248777,285.289214,-0.483208
1462448655.353031,3939955.238339,-2500822.450589,4333403.250906,182.372503,286.492273,-0.478421
1462448745.353031,3956284.037142,-2474984.470641,4333360.408734,180.488374,287.682992,-0.473613
1462448835.353031,3972442.913893,-2449039.883207,4333318.000189,178.596471,288.861320,-0.468784
1462448925.353031,3988431.172604,-2422989.805764,4333276.027096,176.696875,290.027206,-0.463936
1462449015.353031,4004248.124637,-2396835.360326,4333234.491264,174.789669,291.180600,-0.459067
1462449105.353031,4019893.088729,-2370577.673407,4333193.394481,172.874935,292.321453,-0.454179
1462449195.353031,4035365.391030,-2344217.875965,4333152.738519,170.952754,293.449715,-0.449271
1462449285.353031,4050664.365121,-2317757.103359,4333112.525127,169.023211,294.565337,-0.444344
1462449375.353031,4065789.352054,-2291196.495294,4333072.756038,167.086387,295.668273,-0.439398
1462449465.353031,4080739.700372,-2264537.195778,4333033.432965,165.142366,296.758473,-0.434433
1462449555.353031,4095514.766140,-2237780.353067,4332994.557602,163.191233,297.835891,-0.429449
1462449645.353031,4110113.912972,-2210927.119619,4332956.131623,161.233071,298.900482,-0.424446
1462449735.353031,4124536.512062,-2183978.652046,4332918.156683,159.267964,299.952198,-0.419425
1462449825.353031,4138781.942206,-2156936.111060,4332880.634419,157.295997,300.990994,-0.414387
1462449915.353031,4152849.589830,-2129800.661424,4332843.566446,155.317255,302.016827,-0.409330
1462450005.353031,4166738.849020,-2102573.471905,4332806.954360,153.331824,303.029651,-0.404256
1462450095.353031,4180449.121544,-2075255.715219,4332770.799740,151.339788,304.029423,-0.399164
1462450185.353031,4193979.816879,-2047848.567985,4332735.104142,149.341234,305.016101,-0.394055
1462450275.353031,4207330.352236,-2020353.210671,4332699.869103,147.336248,305.989640,-0.388929
1462450365.353031,4220500.152589,-1992770.827545,4332665.096142,145.324915,306.950001,-0.383787
1462450455.353031,4233488.650693,-1965102.606622,4332630.786756,143.307323,307.897140,-0.378627
1462450545.353031,4246295.287113,-1937349.739615,4332596.942423,141.283559,308.831018,-0.373452
1462450635.353031,4258919.510249,-1909513.421885,4332563.564601,139.253709,309.751594,-0.368260
1462450725.353031,4271360.776354,-1881594.852383,4332530.654728,137.217862,310.658829,-0.363053
1462450815.353031,4283618.549565,-1853595.233606,4332498.214220,135.176104,311.552683,-0.357830
1462450905.353031,4295692.301920,-1825515.771541,4332466.244476,133.128524,312.433118,-0.352592
1462450995.353031,4307581.513385,-1797357.675613,4332434.746872,131.075210,313.300096,-0.347338
1462451085.353031,4319285.671872,-1769122.158636,4332403.722765,129.016250,314.153579,-0.342069
1462451175.353031,4330804.273265,-1740810.436757,4332373.173492,126.951734,314.993532,-0.336786
1462451265.353031,4342136.821440,-1712423.729405,4332343.100368,124.881749,315.819917,-0.331488
1462451355.353031,4353282.828288,-1683963.259241,4332313.504689,122.806386,316.632700,-0.326176
1462451445.353031,4364241.813731,-1655430.252100,4332284.387729,120.725733,317.431844,-0.320850
1462451535.353031,4375013.305750,-1626825.936943,4332255.750743,118.639880,318.217316,-0.315510
1462451625.353031,4385596.840400,-1598151.545803,4332227.594964,116.548917,318.989083,-0.310156
1462451715.353031,4395991.961832,-1569408.313730,4332199.921605,114.452935,319.747109,-0.304789
1462451805.353031,4406198.222311,-1540597.478739,4332172.731857,112.352022,320.491364,-0.299409
1462451895.353031,4416215.182239,-1511720.281757,4332146.026893,110.246271,321.221815,-0.294016
1462451985.353031,4426042.410170,-1482777.966571,4332119.807863,108.135771,321.938430,-0.288611
1462452075.353031,4435679.482829,-1453771.779770,4332094.075895,106.020613,322.641179,-0.283193
1462452165.353031,4445125.985132,-1424702.970697,4332068.832098,103.900889,323.330031,-0.277762
1462452255.353031,4454381.510206,-1395572.791388,4332044.077560,101.776690,324.004957,-0.272320
1462452345.353031,4463445.659399,-1366382.496527,4332019.813346,99.648107,324.665928,-0.266866
1462452435.353031,4472318.042305,-1337133.343385,4331996.040503,97.515232,325.312914,-0.261401
1462452525.353031,4480998.276776,-1307826.591767,4331972.760053,95.378157,325.945889,-0.255924
1462452615.353031,4489485.988942,-1278463.503962,4331949.973000,93.236974,326.564825,-0.250436
1462452705.353031,4497780.813224,-1249045.344683,4331927.680326,91.091775,327.169696,-0.244938
1462452795.353031,4505882.392350,-1219573.381014,4331905.882989,88.942653,327.760474,-0.239429
1462452885.353031,4513790.377373,-1190048.882361,4331884.581931,86.789699,328.337135,-0.233909
1462452975.353031,4521504.427685,-1160473.120387,4331863.778067,84.633008,328.899655,-0.228380
1462453065.353031,4529024.211028,-1130847.368968,4331843.472295,82.472671,329.448008,-0.222841
1462453155.353031,4536349.403515,-1101172.904130,4331823.665488,80.308782,329.982171,-0.217292
1462453245.353031,4543479.689638,-1071451.003998,4331804.358501,78.141434,330.502122,-0.211733
1462453335.353031,4550414.762284,-1041682.948741,4331785.552164,75.970720,331.007837,-0.206166
1462453425.353031,4557154.322750,-1011870.020514,4331767.247287,73.796734,331.499295,-0.200590
1462453515.353031,4563698.080752,-982013.503407,4331749.444660,71.619570,331.976476,-0.195005
1462453605.353031,4570045.754440,-952114.683387,4331732.145049,69.439321,332.439357,-0.189412
1462453695.353031,4576197.070410,-922174.848241,4331715.349199,67.256081,332.887919,-0.183810
1462453785.353031,4582151.763715,-892195.287524,4331699.057834,65.069944,333.322144,-0.178201
1462453875.353031,4587909.577879,-862177.292504,4331683.271656,62.881004,333.742012,-0.172584
1462453965.353031,4593470.264902,-832122.156101,4331667.991344,60.689357,334.147505,-0.166959
1462454055.353031,4598833.585277,-802031.172836,4331653.217557,58.495095,334.538606,-0.161328
1462454145.353031,4603999.307998,-771905.638775,4331638.950931,56.298313,334.915298,-0.155689
1462454235.353031,4608967.210570,-741746.851471,4331625.192081,54.099107,335.277564,-0.150044
1462454325.353031,4613737.079016,-711556.109910,4331611.941599,51.897571,335.625390,-0.144392
1462454415.353031,4618308.707892,-681334.714453,4331599.200057,49.693799,335.958760,-0.138734
1462454505.353031,4622681.900290,-651083.966784,4331586.968003,47.487887,336.277659,-0.133070
1462454595.353031,4626856.467851,-620805.169849,4331575.245963,45.279930,336.582075,-0.127400
1462454685.353031,4630832.230768,-590499.627801,4331564.034444,43.070022,336.871993,-0.121725
1462454775.353031,4634609.017801,-560168.645949,4331553.333928,40.858259,337.147401,-0.116044
1462454865.353031,4638186.666276,-529813.530694,4331543.144875,38.644737,337.408289,-0.110359
1462454955.353031,4641565.022100,-499435.589477,4331533.467726,36.429549,337.654643,-0.104669
1462455045.353031,4644743.939761,-469036.130725,4331524.302896,34.212793,337.886454,-0.098974
1462455135.353031,4647723.282337,-438616.463788,4331515.650781,31.994563,338.103712,-0.093275
1462455225.353031,4650502.921506,-408177.898890,4331507.511753,29.774956,338.306408,-0.087572
1462455315.353031,4653082.737542,-377721.747065,4331499.886163,27.554065,338.494532,-0.081865
1462455405.353031,4655462.619329,-347249.320108,4331492.774340,25.331988,338.668076,-0.076155
1462455495.353031,4657642.464363,-316761.930513,4331486.176589,23.108820,338.827033,-0.070441
1462455585.353031,4659622.178754,-286260.891419,4331480.093196,20.884657,338.971397,-0.064725
1462455675.353031,4661401.677232,-255747.516554,4331474.524422,18.659593,339.101161,-0.059005
1462455765.353031,4662980.883153,-225223.120175,4331469.470507,16.433727,339.216319,-0.053283
1462455855.353031,4664359.728496,-194689.017015,4331464.931669,14.207152,339.316866,-0.047559
1462455945.353031,4665538.153874,-164146.522226,4331460.908104,11.979966,339.402799,-0.041833
1462456035.353031,4666516.108529,-133596.951321,4331457.399984,9.752263,339.474113,-0.036105
1462456125.353031,4667293.550340,-103041.620115,4331454.407462,7.524141,339.530805,-0.030375
1462456215.353031,4667870.445821,-72481.844676,4331451.930666,5.295694,339.572873,-0.024644
1462456305.353031,4668246.770124,-41918.941259,4331449.969702,3.067019,339.600315,-0.018912
1462456395.353031,4668422.507041,-11354.226257,4331448.524656,0.838213,339.613130,-0.013179
1462456485.353031,4668397.649001,19210.983861,4331447.595590,-1.390630,339.611318,-0.007446
1462456575.353031,4668172.197077,49775.372605,4331447.182543,-3.619413,339.594878,-0.001712
1462456665.353031,4667746.160978,80337.623518,4331447.285535,-5.848041,339.563811,0.004022
1462456755.353031,4667119.559055,110896.420238,4331447.904559,-8.076416,339.518118,0.009755
1462456845.353031,4666292.418296,141450.446549,4331449.039590,-10.304443,339.457802,0.015488
1462456935.353031,4665264.774328,171998.386442,4331450.690579,-12.532027,339.382865,0.021221
1462457025.353031,4664036.671413,202538.924171,4331452.857455,-14.759070,339.293310,0.026953
1462457115.353031,4662608.162447,233070.744306,4331455.540125,-16.985478,339.189141,0.032683
1462457205.353031,4660979.308958,263592.531796,4331458.738473,-19.211155,339.070363,0.038412
1462457295.353031,4659150.181104,294102.972020,4331462.452361,-21.436004,338.936981,0.044139
1462457385.353031,4657120.857667,324600.750845,4331466.681630,-23.659930,338.789000,0.049865
1462457475.353031,4654891.426055,355084.554685,4331471.426098,-25.882836,338.626427,0.055588
1462457565.353031,4652461.982293,385553.070556,4331476.685560,-28.104628,338.449268,0.061309
1462457655.353031,4649832.631019,416004.986132,4331482.459790,-30.325210,338.257533,0.067028
1462457745.353031,4647003.485485,446438.989800,4331488.748539,-32.544485,338.051227,0.072743
1462457835.353031,4643974.667546,476853.770722,4331495.551537,-34.762358,337.830362,0.078455
1462457925.353031,4640746.307659,507248.018886,4331502.868490,-36.978734,337.594946,0.084164
1462458015.353031,4637318.544872,537620.425165,4331510.699083,-39.193518,337.344988,0.089870
1462458105.353031,4633691.526827,567969.681372,4331519.042980,-41.406613,337.080501,0.095571
1462458195.353031,4629865.409744,598294.480317,4331527.899821,-43.617925,336.801496,0.101268
1462458285.353031,4625840.358419,628593.515865,4331537.269224,-45.827358,336.507983,0.106961
1462458375.353031,4621616.546218,658865.482989,4331547.150787,-48.034818,336.199977,0.112650
1462458465.353031,4617194.155068,689109.077829,4331557.544083,-50.240208,335.877491,0.118333
1462458555.353031,4612573.375448,719322.997746,4331568.448665,-52.443435,335.540537,0.124012
1462458645.353031,4607754.406380,749505.941379,4331579.864064,-54.644402,335.189131,0.129685
1462458735.353031,4602737.455428,779656.608704,4331591.789787,-56.843016,334.823288,0.135352
1462458825.353031,4597522.738677,809773.701084,4331604.225322,-59.039182,334.443024,0.141014
1462458915.353031,4592110.480734,839855.921328,4331617.170132,-61.232805,334.048355,0.146669
1462459005.353031,4586500.914714,869901.973751,4331630.623661,-63.423790,333.639297,0.152319
1462459095.353031,4580694.282229,899910.564220,4331644.585329,-65.612044,333.215870,0.157961
1462459185.353031,4574690.833379,929880.400220,4331659.054534,-67.797472,332.778090,0.163597
1462459275.353031,4568490.826744,959810.190904,4331674.030654,-69.979979,332.325977,0.169226
1462459365.353031,4562094.529366,989698.647149,4331689.513043,-72.159472,331.859550,0.174848
1462459455.353031,4555502.216744,1019544.481613,4331705.501035,-74.335858,331.378830,0.180462
1462459545.353031,4548714.172819,1049346.408791,4331721.993942,-76.509041,330.883836,0.186068
1462459635.353031,4541730.689963,1079103.145065,4331738.991052,-78.678930,330.374591,0.191666
1462459725.353031,4534552.068966,1108813.408769,4331756.491635,-80.845429,329.851116,0.197256
1462459815.353031,4527178.619021,1138475.920235,4331774.494935,-83.008446,329.313434,0.202838
1462459905.353031,4519610.657715,1168089.401852,4331793.000179,-85.167888,328.761568,0.208411
1462459995.353031,4511848.511011,1197652.578123,4331812.006568,-87.323662,328.195541,0.213974
1462460085.353031,4503892.513237,1227164.175715,4331831.513285,-89.475674,327.615379,0.219529
1462460175.353031,4495743.007071,1256622.923519,4331851.519490,-91.623833,327.021106,0.225074
1462460265.353031,4487400.343524,1286027.552699,4331872.024320,-93.768045,326.412747,0.230610
1462460355.353031,4478864.881928,1315376.796754,4331893.026892,-95.908219,325.790330,0.236135
1462460445.353031,4470136.989918,1344669.391567,4331914.526303,-98.044261,325.153880,0.241650
1462460535.353031,4461217.043418,1373904.075458,4331936.521626,-100.176081,324.503425,0.247155
1462460625.353031,4452105.426625,1403079.589247,4331959.011914,-102.303586,323.838993,0.252650
1462460715.353031,4442802.531989,1432194.676297,4331981.996198,-104.426684,323.160613,0.258133
1462460805.353031,4433308.760201,1461248.082578,4332005.473489,-106.545285,322.468315,0.263605
1462460895.353031,4423624.520172,1490238.556714,4332029.442775,-108.659297,321.762126,0.269066
1462460985.353031,4413750.229017,1519164.850039,4332053.903024,-110.768628,321.042079,0.274516
1462461075.353031,4403686.312038,1548025.716656,4332078.853182,-112.873189,320.308205,0.279953
1462461165.353031,4393433.202703,1576819.913480,4332104.292175,-114.972888,319.560534,0.285379
1462461255.353031,4382991.342630,1605546.200301,4332130.218908,-117.067635,318.799099,0.290792
1462461345.353031,4372361.181564,1634203.339834,4332156.632264,-119.157339,318.023933,0.296192
1462461435.353031,4361543.177365,1662790.097771,4332183.531105,-121.241912,317.235069,0.301580
1462461525.353031,4350537.795981,1691305.242837,4332210.914272,-123.321262,316.432541,0.306955
1462461615.353031,4339345.511429,1719747.546839,4332238.780587,-125.395300,315.616385,0.312317
1462461705.353031,4327966.805780,1748115.784725,4332267.128850,-127.463938,314.786634,0.317665
1462461795.353031,4316402.169131,1776408.734629,4332295.957838,-129.527086,313.943324,0.323000
1462461885.353031,4304652.099590,1804625.177931,4332325.266311,-131.584654,313.086493,0.328320
1462461975.353031,4292717.103250,1832763.899306,4332355.053007,-133.636555,312.216177,0.333627
1462462065.353031,4280597.694170,1860823.686773,4332385.316642,-135.682700,311.332412,0.338919
1462462155.353031,4268294.394352,1888803.331756,4332416.055913,-137.723002,310.435239,0.344196
1462462245.353031,4255807.733718,1916701.629128,4332447.269496,-139.757371,309.524694,0.349459
1462462335.353031,4243138.250089,1944517.377265,4332478.956048,-141.785720,308.600818,0.354707
1462462425.353031,4230286.489157,1972249.378100,4332511.114202,-143.807963,307.663650,0.359939
1462462515.353031,4217253.004469,1999896.437174,4332543.742575,-145.824011,306.713230,0.365156
1462462605.353031,4204038.357396,2027457.363684,4332576.839761,-147.833779,305.749600,0.370357
1462462695.353031,4190643.117116,2054930.970538,4332610.404334,-149.837179,304.772800,0.375542
1462462785.353031,4177067.860580,2082316.074407,4332644.434849,-151.834126,303.782874,0.380711
1462462875.353031,4163313.172496,2109611.495771,4332678.929840,-153.824533,302.779863,0.385864
1462462965.353031,4149379.645301,2136816.058973,4332713.887822,-155.808314,301.763811,0.391000
1462463055.353031,4135267.879132,2163928.592273,4332749.307288,-157.785385,300.734761,0.396119
1462463145.353031,4120978.481806,2190947.927890,4332785.186714,-159.755659,299.692759,0.401221
1462463235.353031,4106512.068789,2217872.902059,4332821.524555,-161.719053,298.637848,0.406306
1462463325.353031,4091869.263172,2244702.355082,4332858.319244,-163.675481,297.570074,0.411373
1462463415.353031,4077050.695643,2271435.131371,4332895.569198,-165.624859,296.489483,0.416423
1462463505.353031,4062057.004461,2298070.079505,4332933.272812,-167.567104,295.396123,0.421455
1462463595.353031,4046888.835427,2324606.052275,4332971.428462,-169.502131,294.290039,0.426468
1462463685.353031,4031546.841858,2351041.906736,4333010.034505,-171.429857,293.171279,0.431463
1462463775.353031,4016031.684558,2377376.504254,4333049.089278,-173.350200,292.039893,0.436440
1462463865.353031,4000344.031788,2403608.710557,4333088.591100,-175.263076,290.895927,0.441398
1462463955.353031,3984484.559239,2429737.395785,4333128.538268,-177.168403,289.739433,0.446337
1462464045.353031,3968453.950005,2455761.434534,4333168.929062,-179.066100,288.570458,0.451256
1462464135.353031,3952252.894548,2481679.705908,4333209.761743,-180.956084,287.389055,0.456156
1462464225.353031,3935882.090673,2507491.093567,4333251.034552,-182.838273,286.195273,0.461037
1462464315.353031,3919342.243495,2533194.485775,4333292.745712,-184.712588,284.989165,0.465897
1462464405.353031,3902634.065412,2558788.775448,4333334.893425,-186.578947,283.770781,0.470738
1462464495.353031,3885758.276070,2584272.860198,4333377.475877,-188.437269,282.540175,0.475558
1462464585.353031,3868715.602337,2609645.642388,4333420.491234,-190.287476,281.297400,0.480358
1462464675.353031,3851506.778266,2634906.029172,4333463.937643,-192.129486,280.042508,0.485137
1462464765.353031,3834132.545068,2660052.932547,4333507.813233,-193.963221,278.775555,0.489895
1462464855.353031,3816593.651078,2685085.269395,4333552.116113,-195.788601,277.496595,0.494632
1462464945.353031,3798890.851725,2710001.961537,4333596.844377,-197.605549,276.205682,0.499348
1462465035.353031,3781024.909494,2734801.935771,4333641.996097,-199.413986,274.902873,0.504042
1462465125.353031,3762996.593899,2759484.123924,4333687.569330,-201.213833,273.588223,0.508715
1462465215.353031,3744806.681449,2784047.462895,4333733.562111,-203.005014,272.261789,0.513366
1462465305.353031,3726455.955611,2808490.894705,4333779.972460,-204.787451,270.923629,0.517994
1462465395.353031,3707945.206778,2832813.366537,4333826.798379,-206.561068,269.573799,0.522600
1462465485.353031,3689275.232239,2857013.830783,4333874.037850,-208.325788,268.212359,0.527184
1462465575.353031,3670446.836136,2881091.245093,4333921.688839,-210.081534,266.839366,0.531745
1462465665.353031,3651460.829440,2905044.572415,4333969.749294,-211.828233,265.454880,0.536283
1462465755.353031,3632318.029906,2928872.781041,4334018.217145,-213.565807,264.058961,0.540798
1462465845.353031,3613019.262044,2952574.844656,4334067.090303,-215.294183,262.651668,0.545290
1462465935.353031,3593565.357083,2976149.742373,4334116.366665,-217.013286,261.233062,0.549758
1462466025.353031,3573957.152932,2999596.458785,4334166.044108,-218.723042,259.803204,0.554203
1462466115.353031,3554195.494147,3022913.984006,4334216.120492,-220.423377,258.362157,0.558624
1462466205.353031,3534281.231893,3046101.313715,4334266.593660,-222.114218,256.909981,0.563020
1462466295.353031,3514215.223909,3069157.449196,4334317.461439,-223.795492,255.446740,0.567393
1462466385.353031,3493998.334468,3092081.397387,4334368.721638,-225.467127,253.972496,0.571741
1462466475.353031,3473631.434343,3114872.170918,4334420.372049,-227.129051,252.487314,0.576064
1462466565.353031,3453115.400769,3137528.788154,4334472.410447,-228.781192,250.991256,0.580363
1462466655.353031,3432451.117402,3160050.273240,4334524.834591,-230.423479,249.484388,0.584636
1462466745.353031,3411639.474285,3182435.656142,4334577.642223,-232.055841,247.966774,0.588884
1462466835.353031,3390681.367809,3204683.972685,4334630.831070,-233.678208,246.438480,0.593107
1462466925.353031,3369577.700670,3226794.264600,4334684.398839,-235.290511,244.899571,0.597305
1462467015.353031,3348329.381838,3248765.579563,4334738.343224,-236.892679,243.350114,0.601477
1462467105.353031,3326937.326509,3270596.971235,4334792.661901,-238.484644,241.790176,0.605622
1462467195.353031,3305402.456074,3292287.499305,4334847.352531,-240.066337,240.219823,0.609742
1462467285.353031,3283725.698071,3313836.229528,4334902.412758,-241.637690,238.639124,0.613836
1462467375.353031,3261907.986153,3335242.233767,4334957.840212,-243.198635,237.048146,0.617903
1462467465.353031,3239950.260043,3356504.590031,4335013.632504,-244.749105,235.446958,0.621943
1462467555.353031,3217853.465493,3377622.382519,4335069.787231,-246.289033,233.835629,0.625957
1462467645.353031,3195618.554247,3398594.701654,4335126.301976,-247.818354,232.214228,0.629943
1462467735.353031,3173246.483998,3419420.644126,4335183.174304,-249.337000,230.582826,0.633903
1462467825.353031,3150738.218344,3440099.312930,4335240.401765,-250.844908,228.941492,0.637835
1462467915.353031,3128094.726751,3460629.817403,4335297.981895,-252.342010,227.290297,0.641740
1462468005.353031,3105316.984511,3481011.273265,4335355.912213,-253.828245,225.629312,0.645617
1462468095.353031,3082405.972695,3501242.802654,4335414.190225,-255.303546,223.958609,0.649466
1462468185.353031,3059362.678116,3521323.534168,4335472.813421,-256.767851,222.278260,0.653288
1462468275.353031,3036188.093285,3541252.602898,4335531.779275,-258.221097,220.588337,0.657081
1462468365.353031,3012883.216368,3561029.150469,4335591.085248,-259.663220,218.888913,0.660846
1462468455.353031,2989449.051141,3580652.325074,4335650.728786,-261.094160,217.180062,0.664582
1462468545.353031,2965886.606950,3600121.281512,4335710.707319,-262.513854,215.461855,0.668290
1462468635.353031,2942196.898666,3619435.181226,4335771.018266,-263.922241,213.734369,0.671969
1462468725.353031,2918380.946641,3638593.192335,4335831.659027,-265.319260,211.997677,0.675619
1462468815.353031,2894439.776666,3657594.489676,4335892.626991,-266.704852,210.251853,0.679240
1462468905.353031,2870374.419924,3676438.254831,4335953.919532,-268.078956,208.496974,0.682832
1462468995.353031,2846185.912947,3695123.676172,4336015.534011,-269.441514,206.733114,0.686394
1462469085.353031,2821875.297572,3713649.948888,4336077.467773,-270.792466,204.960350,0.689927
1462469175.353031,2797443.620894,3732016.275024,4336139.718151,-272.131755,203.178759,0.693430
1462469265.353031,2772891.935224,3750221.863513,4336202.282464,-273.459323,201.388416,0.696903
1462469355.353031,2748221.298040,3768265.930214,4336265.158017,-274.775113,199.589398,0.700346
1462469445.353031,2723432.771946,3786147.697940,4336328.342102,-276.079068,197.781785,0.703759
1462469535.353031,2698527.424622,3803866.396496,4336391.831998,-277.371131,195.965652,0.707142
1462469625.353031,2673506.328779,3821421.262709,4336455.624970,-278.651248,194.141079,0.710494
1462469715.353031,2648370.562115,3838811.540466,4336519.718271,-279.919362,192.308144,0.713816
1462469805.353031,2623121.207267,3856036.480738,4336584.109140,-281.175420,190.466926,0.717107
1462469895.353031,2597759.351762,3873095.341623,4336648.794804,-282.419368,188.617504,0.720367
1462469985.353031,2572286.087977,3889987.388367,4336713.772477,-283.651151,186.759958,0.723596
1462470075.353031,2546702.513083,3906711.893405,4336779.039360,-284.870717,184.894368,0.726794
1462470165.353031,2521009.729004,3923268.136387,4336844.592641,-286.078013,183.020815,0.729960
1462470255.353031,2495208.842370,3939655.404208,4336910.429499,-287.272988,181.139378,0.733095
1462470345.353031,2469300.964464,3955872.991045,4336976.547096,-288.455589,179.250140,0.736199
1462470435.353031,2443287.211178,3971920.198381,4337042.942586,-289.625765,177.353181,0.739271
1462470525.353031,2417168.702966,3987796.335037,4337109.613108,-290.783467,175.448583,0.742310
1462470615.353031,2390946.564792,4003500.717204,4337176.555792,-291.928645,173.536428,0.745318
1462470705.353031,2364621.926083,4019032.668469,4337243.767753,-293.061249,171.616799,0.748294
1462470795.353031,2338195.920683,4034391.519849,4337311.246097,-294.181230,169.689778,0.751238
1462470885.353031,2311669.686802,4049576.609812,4337378.987918,-295.288541,167.755448,0.754149
1462470975.353031,2285044.366964,4064587.284314,4337446.990298,-296.383132,165.813892,0.757028
1462471065.353031,2258321.107964,4079422.896822,4337515.250307,-297.464959,163.865195,0.759874
1462471155.353031,2231501.060814,4094082.808343,4337583.765007,-298.533972,161.909440,0.762688
1462471245.353031,2204585.380696,4108566.387453,4337652.531446,-299.590128,159.946711,0.765468
1462471335.353031,2177575.226908,4122873.010319,4337721.546663,-300.633380,157.977093,0.768216
1462471425.353031,2150471.762820,4137002.060736,4337790.807684,-301.663683,156.000671,0.770931
1462471515.353031,2123276.155821,4150952.930141,4337860.311527,-302.680993,154.017529,0.773612
1462471605.353031,2095989.577267,4164725.017651,4337930.055198,-303.685266,152.027754,0.776260
1462471695.353031,2068613.202434,4178317.730079,4338000.035693,-304.676458,150.031431,0.778875
1462471785.353031,2041148.210465,4191730.481966,4338070.249998,-305.654528,148.028645,0.781456
1462471875.353031,2013595.784319,4204962.695606,4338140.695089,-306.619433,146.019484,0.784003
1462471965.353031,1985957.110721,4218013.801064,4338211.367932,-307.571131,144.004033,0.786517
1462472055.353031,1958233.380114,4230883.236212,4338282.265482,-308.509582,141.982380,0.788996
1462472145.353031,1930425.786599,4243570.446741,4338353.384687,-309.434745,139.954612,0.791442
1462472235.353031,1902535.527895,4256074.886194,4338424.722483,-310.346580,137.920815,0.793854
1462472325.353031,1874563.805277,4268396.015985,4338496.275798,-311.245048,135.881078,0.796231
1462472415.353031,1846511.823531,4280533.305425,4338568.041549,-312.130110,133.835489,0.798575
1462472505.353031,1818380.790899,4292486.231742,4338640.016646,-313.001728,131.784135,0.800883
1462472595.353031,1790171.919029,4304254.280104,4338712.197989,-313.859864,129.727105,0.803158
1462472685.353031,1761886.422919,4315836.943643,4338784.582468,-314.704482,127.664487,0.805398
1462472775.353031,1733525.520871,4327233.723477,4338857.166967,-315.535546,125.596370,0.807603
1462472865.353031,1705090.434432,4338444.128728,4338929.948358,-316.353019,123.522844,0.809773
1462472955.353031,1676582.388346,4349467.676546,4339002.923508,-317.156866,121.443998,0.811908
1462473045.353031,1648002.610498,4360303.892132,4339076.089273,-317.947052,119.359921,0.814009
1462473135.353031,1619352.331864,4370952.308751,4339149.442501,-318.723544,117.270702,0.816074
1462473225.353031,1590632.786456,4381412.467760,4339222.980033,-319.486308,115.176433,0.818104
1462473315.353031,1561845.211268,4391683.918625,4339296.698703,-320.235311,113.077203,0.820099
1462473405.353031,1532990.846227,4401766.218937,4339370.595335,-320.970522,110.973103,0.822059
1462473495.353031,1504070.934134,4411658.934436,4339444.666745,-321.691907,108.864222,0.823983
1462473585.353031,1475086.720616,4421361.639029,4339518.909745,-322.399437,106.750653,0.825872
1462473675.353031,1446039.454067,4430873.914803,4339593.321135,-323.093081,104.632486,0.827725
1462473765.353031,1416930.385597,4440195.352052,4339667.897712,-323.772808,102.509812,0.829542
1462473855.353031,1387760.768980,4449325.549286,4339742.636263,-324.438590,100.382723,0.831324
1462473945.353031,1358531.860596,4458264.113253,4339817.533569,-325.090398,98.251310,0.833070
1462474035.353031,1329244.919380,4467010.658956,4339892.586404,-325.728204,96.115666,0.834780
1462474125.353031,1299901.206765,4475564.809668,4339967.791535,-326.351981,93.975882,0.836454
1462474215.353031,1270501.986630,4483926.196947,4340043.145724,-326.961700,91.832049,0.838092
1462474305.353031,1241048.525247,4492094.460657,4340118.645725,-327.557337,89.684262,0.839695
1462474395.353031,1211542.091220,4500069.248976,4340194.288285,-328.138866,87.532612,0.841260
1462474485.353031,1181983.955438,4507850.218420,4340270.070148,-328.706261,85.377191,0.842790
1462474575.353031,1152375.391016,4515437.033849,4340345.988049,-329.259498,83.218094,0.844283
1462474665.353031,1122717.673239,4522829.368488,4340422.038717,-329.798554,81.055411,0.845740
1462474755.353031,1093012.079513,4530026.903937,4340498.218879,-330.323405,78.889238,0.847161
1462474845.353031,1063259.889303,4537029.330188,4340574.525252,-330.834028,76.719667,0.848545
1462474935.353031,1033462.384081,4543836.345634,4340650.954549,-331.330401,74.546791,0.849892
1462475025.353031,1003620.847274,4550447.657088,4340727.503480,-331.812504,72.370705,0.851203
1462475115.353031,973736.564201,4556862.979790,4340804.168746,-332.280315,70.191501,0.852477
1462475205.353031,943810.822026,4563082.037421,4340880.947047,-332.733814,68.009275,0.853715
1462475295.353031,913844.909696,4569104.562119,4340957.835074,-333.172982,65.824119,0.854916
1462475385.353031,883840.117890,4574930.294482,4341034.829517,-333.597799,63.636127,0.856080
1462475475.353031,853797.738960,4580558.983589,4341111.927059,-334.008248,61.445395,0.857207
1462475565.353031,823719.066879,4585990.387002,4341189.124379,-334.404311,59.252016,0.858297
1462475655.353031,793605.397182,4591224.270783,4341266.418153,-334.785970,57.056086,0.859350
1462475745.353031,763458.026910,4596260.409500,4341343.805051,-335.153210,54.857697,0.860366
1462475835.353031,733278.254558,4601098.586238,4341421.281741,-335.506014,52.656946,0.861345
1462475925.353031,703067.380016,4605738.592611,4341498.844885,-335.844367,50.453927,0.862287
1462476015.353031,672826.704512,4610180.228766,4341576.491142,-336.168255,48.248735,0.863192
1462476105.353031,642557.530560,4614423.303394,4341654.217168,-336.477664,46.041465,0.864060
1462476195.353031,612261.161899,4618467.633741,4341732.019616,-336.772580,43.832211,0.864890
1462476285.353031,581938.903442,4622313.045610,4341809.895135,-337.052990,41.621070,0.865683
1462476375.353031,551592.061214,4625959.373373,4341887.840370,-337.318884,39.408136,0.866439
1462476465.353031,521221.942301,4629406.459979,4341965.851963,-337.570248,37.193505,0.867158
1462476555.353031,490829.854792,4632654.156954,4342043.926556,-337.807073,34.977271,0.867839
1462476645.353031,460417.107721,4635702.324417,4342122.060786,-338.029348,32.759531,0.868483
1462476735.353031,429985.011012,4638550.831077,4342200.251286,-338.237063,30.540380,0.869090
1462476825.353031,399534.875422,4641199.554245,4342278.494689,-338.430210,28.319914,0.869659
1462476915.353031,369068.012486,4643648.379837,4342356.787626,-338.608781,26.098228,0.870190
1462477005.353031,338585.734460,4645897.202378,4342435.126724,-338.772767,23.875418,0.870684
1462477095.353031,308089.354261,4647945.925007,4342513.508609,-338.922161,21.651579,0.871141
1462477185.353031,277580.185416,4649794.459483,4342591.929904,-339.056958,19.426808,0.871560
1462477275.353031,247059.542004,4651442.726187,4342670.387233,-339.177151,17.201200,0.871941
1462477365.353031,216528.738594,4652890.654126,4342748.877216,-339.282735,14.974851,0.872285
1462477455.353031,185989.090196,4654138.180934,4342827.396472,-339.373705,12.747858,0.872592
1462477545.353031,155441.912200,4655185.252879,4342905.941620,-339.450059,10.520315,0.872861
1462477635.353031,124888.520320,4656031.824862,4342984.509276,-339.511791,8.292319,0.873092
1462477725.353031,94330.230539,4656677.860420,4343063.096056,-339.558900,6.063966,0.873286
1462477815.353031,63768.359048,4657123.331727,4343141.698576,-339.591384,3.835351,0.873442
1462477905.353031,33204.222196,4657368.219596,4343220.313450,-339.609242,1.606572,0.873560
1462477995.353031,2639.136427,4657412.513480,4343298.937293,-339.612471,-0.622277,0.873641
1462478085.353031,-27925.581773,4657256.211470,4343377.566716,-339.601073,-2.851099,0.873684
1462478175.353031,-58488.615935,4656899.320298,4343456.198335,-339.575048,-5.079798,0.873689
1462478265.353031,-89048.649662,4656341.855337,4343534.828762,-339.534397,-7.308278,0.873657
1462478355.353031,-119604.366684,4655583.840598,4343613.454611,-339.479122,-9.536443,0.873587
1462478445.353031,-150154.450921,4654625.308729,4343692.072494,-339.409225,-11.764198,0.873480
1462478535.353031,-180697.586533,4653466.301016,4343770.679027,-339.324709,-13.991446,0.873335
1462478625.353031,-211232.457979,4652106.867379,4343849.270823,-339.225577,-16.218092,0.873153
1462478715.353031,-241757.750076,4650547.066371,4343927.844496,-339.111835,-18.444038,0.872932
1462478805.353031,-272272.148051,4648786.965175,4344006.396664,-338.983487,-20.669191,0.872674
1462478895.353031,-302774.337602,4646826.639602,4344084.923942,-338.840538,-22.893453,0.872379
1462478985.353031,-333263.004953,4644666.174085,4344163.422949,-338.682994,-25.116729,0.872046
1462479075.353031,-363736.836910,4642305.661679,4344241.890302,-338.510863,-27.338924,0.871676
1462479165.353031,-394194.520917,4639745.204056,4344320.322624,-338.324152,-29.559940,0.871267
1462479255.353031,-424634.745115,4636984.911498,4344398.716534,-338.122869,-31.779684,0.870822
1462479345.353031,-455056.198396,4634024.902895,4344477.068658,-337.907022,-33.998059,0.870339
1462479435.353031,-485457.570461,4630865.305740,4344555.375620,-337.676621,-36.214969,0.869818
1462479525.353031,-515837.551875,4627506.256120,4344633.634047,-337.431676,-38.430320,0.869260
1462479615.353031,-546194.834127,4623947.898717,4344711.840568,-337.172197,-40.644015,0.868665
1462479705.353031,-576528.109680,4620190.386793,4344789.991816,-336.898196,-42.855960,0.868032
1462479795.353031,-606836.072033,4616233.882190,4344868.084424,-336.609684,-45.066059,0.867361
1462479885.353031,-637117.415776,4612078.555322,4344946.115029,-336.306673,-47.274217,0.866654
1462479975.353031,-667370.836644,4607724.585164,4345024.080269,-335.989178,-49.480339,0.865909
1462480065.353031,-697595.031576,4603172.159250,4345101.976787,-335.657210,-51.684329,0.865126
1462480155.353031,-727788.698768,4598421.473658,4345179.801227,-335.310786,-53.886093,0.864307
1462480245.353031,-757950.537732,4593472.733009,4345257.550238,-334.949919,-56.085537,0.863450
1462480335.353031,-788079.249352,4588326.150452,4345335.220471,-334.574625,-58.282564,0.862556
1462480425.353031,-818173.535937,4582981.947659,4345412.808580,-334.184921,-60.477082,0.861625
1462480515.353031,-848232.101279,4577440.354812,4345490.311224,-333.780823,-62.668994,0.860657
1462480605.353031,-878253.650709,4571701.610597,4345567.725064,-333.362348,-64.858208,0.859651
1462480695.353031,-908236.891154,4565765.962191,4345645.046767,-332.929515,-67.044627,0.858609
1462480785.353031,-938180.531187,4559633.665251,4345722.273001,-332.482342,-69.228159,0.857530
1462480875.353031,-968083.281091,4553304.983904,4345799.400441,-332.020849,-71.408710,0.856413
1462480965.353031,-997943.852907,4546780.190737,4345876.425765,-331.545054,-73.586184,0.855260
1462481055.353031,-1027760.960494,4540059.566782,4345953.345654,-331.054980,-75.760489,0.854070
1462481145.353031,-1057533.319584,4533143.401508,4346030.156796,-330.550647,-77.931531,0.852844
1462481235.353031,-1087259.647834,4526031.992804,4346106.855883,-330.032076,-80.099217,0.851580
1462481325.353031,-1116938.664885,4518725.646969,4346183.439612,-329.499291,-82.263452,0.850280
1462481415.353031,-1146569.092417,4511224.678700,4346259.904682,-328.952313,-84.424144,0.848943
1462481505.353031,-1176149.654201,4503529.411075,4346336.247802,-328.391167,-86.581200,0.847570
1462481595.353031,-1205679.076156,4495640.175540,4346412.465682,-327.815877,-88.734527,0.846160
1462481685.353031,-1235156.086404,4487557.311898,4346488.555041,-327.226467,-90.884031,0.844714
1462481775.353031,-1264579.415325,4479281.168289,4346564.512600,-326.622962,-93.029622,0.843231
1462481865.353031,-1293947.795610,4470812.101181,4346640.335088,-326.005390,-95.171205,0.841712
1462481955.353031,-1323259.962318,4462150.475349,4346716.019240,-325.373776,-97.308689,0.840157
1462482045.353031,-1352514.652928,4453296.663862,4346791.561795,-324.728148,-99.441982,0.838565
1462482135.353031,-1381710.607395,4444251.048069,4346866.959500,-324.068533,-101.570992,0.836938
1462482225.353031,-1410846.568205,4435014.017578,4346942.209107,-323.394960,-103.695627,0.835274
1462482315.353031,-1439921.280426,4425585.970241,4347017.307376,-322.707458,-105.815795,0.833574
1462482405.353031,-1468933.491766,4415967.312140,4347092.251071,-322.006057,-107.931406,0.831839
1462482495.353031,-1497881.952623,4406158.457566,4347167.036965,-321.290786,-110.042369,0.830068
1462482585.353031,-1526765.416142,4396159.829000,4347241.661836,-320.561677,-112.148591,0.828261
1462482675.353031,-1555582.638269,4385971.857099,4347316.122471,-319.818760,-114.249983,0.826418
1462482765.353031,-1584332.377800,4375594.980675,4347390.415662,-319.062069,-116.346454,0.824539
1462482855.353031,-1613013.396440,4365029.646676,4347464.538210,-318.291635,-118.437914,0.822626
1462482945.353031,-1641624.458852,4354276.310168,4347538.486921,-317.507492,-120.524273,0.820676
1462483035.353031,-1670164.332714,4343335.434313,4347612.258610,-316.709673,-122.605440,0.818692
1462483125.353031,-1698631.788770,4332207.490351,4347685.850101,-315.898213,-124.681327,0.816672
1462483215.353031,-1727025.600881,4320892.957582,4347759.258223,-315.073147,-126.751843,0.814617
1462483305.353031,-1755344.546083,4309392.323338,4347832.479815,-314.234510,-128.816901,0.812527
1462483395.353031,-1783587.404635,4297706.082970,4347905.511723,-313.382338,-130.876409,0.810401
1462483485.353031,-1811752.960072,4285834.739823,4347978.350802,-312.516669,-132.930281,0.808241
1462483575.353031,-1839839.999261,4273778.805214,4348050.993913,-311.637539,-134.978427,0.806046
1462483665.353031,-1867847.312449,4261538.798411,4348123.437928,-310.744986,-137.020759,0.803817
1462483755.353031,-1895773.693319,4249115.246609,4348195.679728,-309.839049,-139.057190,0.801553
1462483845.353031,-1923617.939036,4236508.684910,4348267.716199,-308.919767,-141.087631,0.799254
1462483935.353031,-1951378.850308,4223719.656299,4348339.544241,-307.987179,-143.111996,0.796921
1462484025.353031,-1979055.231428,4210748.711619,4348411.160758,-307.041326,-145.130196,0.794553
1462484115.353031,-2006645.890331,4197596.409548,4348482.562666,-306.082248,-147.142146,0.792152
1462484205.353031,-2034149.638645,4184263.316577,4348553.746890,-305.109987,-149.147757,0.789716
1462484295.353031,-2061565.291742,4170750.006982,4348624.710364,-304.124584,-151.146945,0.787246
1462484385.353031,-2088891.668786,4157057.062802,4348695.450032,-303.126081,-153.139623,0.784742
1462484475.353031,-2116127.592788,4143185.073815,4348765.962846,-302.114523,-155.125704,0.782205
1462484565.353031,-2143271.890654,4129134.637508,4348836.245769,-301.089952,-157.105105,0.779633
1462484655.353031,-2170323.393238,4114906.359055,4348906.295774,-300.052413,-159.077738,0.777028
1462484745.353031,-2197280.935389,4100500.851290,4348976.109844,-299.001950,-161.043520,0.774390
1462484835.353031,-2224143.356004,4085918.734681,4349045.684972,-297.938609,-163.002365,0.771719
1462484925.353031,-2250909.498078,4071160.637301,4349115.018161,-296.862435,-164.954189,0.769014
1462485015.353031,-2277578.208751,4056227.194806,4349184.106425,-295.773474,-166.898909,0.766276
1462485105.353031,-2304148.339360,4041119.050402,4349252.946789,-294.671775,-168.836440,0.763505
1462485195.353031,-2330618.745488,4025836.854819,4349321.536286,-293.557383,-170.766699,0.760701
1462485285.353031,-2356988.287014,4010381.266287,4349389.871964,-292.430347,-172.689603,0.757864
1462485375.353031,-2383255.828162,3994752.950500,4349457.950878,-291.290716,-174.605069,0.754995
1462485465.353031,-2409420.237547,3978952.580595,4349525.770096,-290.138538,-176.513014,0.752093
1462485555.353031,-2435480.388227,3962980.837117,4349593.326697,-288.973864,-178.413357,0.749159
1462485645.353031,-2461435.157753,3946838.407996,4349660.617771,-287.796743,-180.306015,0.746192
1462485735.353031,-2487283.428210,3930525.988510,4349727.640421,-286.607226,-182.190907,0.743194
1462485825.353031,-2513024.086276,3914044.281260,4349794.391759,-285.405365,-184.067952,0.740163
1462485915.353031,-2538656.023258,3897393.996140,4349860.868910,-284.191211,-185.937068,0.737100
1462486005.353031,-2564178.135151,3880575.850302,4349927.069011,-282.964816,-187.798177,0.734006
1462486095.353031,-2589589.322676,3863590.568131,4349992.989210,-281.726234,-189.651196,0.730880
1462486185.353031,-2614888.491336,3846438.881208,4350058.626668,-280.475517,-191.496047,0.727723
1462486275.353031,-2640074.551455,3829121.528284,4350123.978559,-279.212720,-193.332649,0.724534
1462486365.353031,-2665146.418231,3811639.255244,4350189.042067,-277.937896,-195.160925,0.721314
1462486455.353031,-2690103.011780,3793992.815076,4350253.814389,-276.651102,-196.980795,0.718063
1462486545.353031,-2714943.257183,3776182.967839,4350318.292737,-275.352391,-198.792180,0.714781
1462486635.353031,-2739666.084531,3758210.480633,4350382.474333,-274.041821,-200.595003,0.711469
1462486725.353031,-2764270.428974,3740076.127558,4350446.356411,-272.719447,-202.389187,0.708125
1462486815.353031,-2788755.230765,3721780.689691,4350509.936222,-271.385327,-204.174653,0.704752
1462486905.353031,-2813119.435306,3703324.955044,4350573.211026,-270.039518,-205.951324,0.701347
1462486995.353031,-2837361.993192,3684709.718534,4350636.178098,-268.682078,-207.719126,0.697913
1462487085.353031,-2861481.860260,3665935.781948,4350698.834726,-267.313065,-209.477980,0.694449
1462487175.353031,-2885477.997628,3647003.953909,4350761.178210,-265.932539,-211.227812,0.690954
1462487265.353031,-2909349.371746,3627915.049840,4350823.205867,-264.540558,-212.968546,0.687430
1462487355.353031,-2933094.954437,3608669.891929,4350884.915024,-263.137184,-214.700107,0.683876
1462487445.353031,-2956713.722943,3589269.309095,4350946.303023,-261.722475,-216.422421,0.680293
1462487535.353031,-2980204.659965,3569714.136953,4351007.367221,-260.296494,-218.135413,0.676681
1462487625.353031,-3003566.753713,3550005.217772,4351068.104986,-258.859302,-219.839009,0.673039
1462487715.353031,-3026798.997945,3530143.400447,4351128.513704,-257.410960,-221.533137,0.669368
1462487805.353031,-3049900.392013,3510129.540456,4351188.590771,-255.951531,-223.217723,0.665669
1462487895.353031,-3072869.940904,3489964.499829,4351248.333601,-254.481077,-224.892695,0.661941
1462487985.353031,-3095706.655283,3469649.147105,4351307.739620,-252.999663,-226.557980,0.658184
1462488075.353031,-3118409.551538,3449184.357296,4351366.806270,-251.507352,-228.213507,0.654399
1462488165.353031,-3140977.651820,3428571.011854,4351425.531005,-250.004208,-229.859205,0.650586
1462488255.353031,-3163409.984086,3407809.998628,4351483.911298,-248.490296,-231.495002,0.646745
1462488345.353031,-3185705.582140,3386902.211825,4351541.944633,-246.965681,-233.120828,0.642876
1462488435.353031,-3207863.485677,3365848.551978,4351599.628510,-245.430428,-234.736613,0.638979
1462488525.353031,-3229882.740322,3344649.925899,4351656.960446,-243.884605,-236.342288,0.635055
1462488615.353031,-3251762.397670,3323307.246647,4351713.937971,-242.328277,-237.937783,0.631103
1462488705.353031,-3273501.515332,3301821.433483,4351770.558630,-240.761512,-239.523030,0.627124
1462488795.353031,-3295099.156969,3280193.411835,4351826.819985,-239.184377,-241.097961,0.623118
1462488885.353031,-3316554.392338,3258424.113255,4351882.719613,-237.596940,-242.662507,0.619086
1462488975.353031,-3337866.297329,3236514.475382,4351938.255105,-235.999269,-244.216600,0.615026
1462489065.353031,-3359033.954004,3214465.441896,4351993.424070,-234.391433,-245.760176,0.610941
1462489155.353031,-3380056.450641,3192277.962484,4352048.224132,-232.773502,-247.293166,0.606828
1462489245.353031,-3400932.881766,3169952.992795,4352102.652930,-231.145545,-248.815504,0.602690
1462489335.353031,-3421662.348201,3147491.494399,4352156.708120,-229.507632,-250.327126,0.598526
1462489425.353031,-3442243.957095,3124894.434750,4352210.387373,-227.859833,-251.827966,0.594336
1462489515.353031,-3462676.821966,3102162.787136,4352263.688378,-226.202221,-253.317959,0.590120
1462489605.353031,-3482960.062739,3079297.530646,4352316.608838,-224.534865,-254.797041,0.585879
1462489695.353031,-3503092.805783,3056299.650121,4352369.146475,-222.857839,-256.265149,0.581613
1462489785.353031,-3523074.183950,3033170.136115,4352421.299026,-221.171213,-257.722219,0.577322
1462489875.353031,-3542903.336611,3009909.984853,4352473.064243,-219.475062,-259.168189,0.573006
1462489965.353031,-3562579.409693,2986520.198186,4352524.439897,-217.769457,-260.602996,0.568665
1462490055.353031,-3582101.555719,2963001.783547,4352575.423777,-216.054473,-262.026578,0.564299
1462490145.353031,-3601468.933837,2939355.753911,4352626.013684,-214.330182,-263.438874,0.559910
1462490235.353031,-3620680.709866,2915583.127750,4352676.207442,-212.596661,-264.839824,0.555496
1462490325.353031,-3639736.056325,2891684.928986,4352726.002886,-210.853982,-266.229367,0.551058
1462490415.353031,-3658634.152470,2867662.186954,4352775.397874,-209.102222,-267.607442,0.546597
1462490505.353031,-3677374.184331,2843515.936349,4352824.390277,-207.341455,-268.973992,0.542112
1462490595.353031,-3695955.344746,2819247.217188,4352872.977985,-205.571758,-270.328956,0.537603
1462490685.353031,-3714376.833394,2794857.074762,4352921.158905,-203.793206,-271.672277,0.533072
1462490775.353031,-3732637.856836,2770346.559593,4352968.930962,-202.005877,-273.003896,0.528518
1462490865.353031,-3750737.628538,2745716.727385,4353016.292098,-200.209847,-274.323757,0.523940
1462490955.353031,-3768675.368917,2720968.638985,4353063.240273,-198.405194,-275.631802,0.519341
1462491045.353031,-3786450.305367,2696103.360331,4353109.773466,-196.591995,-276.927976,0.514718
1462491135.353031,-3804061.672292,2671121.962409,4353155.889671,-194.770329,-278.212221,0.510074
1462491225.353031,-3821508.711145,2646025.521206,4353201.586903,-192.940273,-279.484484,0.505408
1462491315.353031,-3838790.670453,2620815.117665,4353246.863193,-191.101908,-280.744709,0.500720
1462491405.353031,-3855906.805857,2595491.837638,4353291.716592,-189.255311,-281.992841,0.496010
1462491495.353031,-3872856.380138,2570056.771836,4353336.145166,-187.400562,-283.228828,0.491279
1462491585.353031,-3889638.663251,2544511.015788,4353380.147003,-185.537743,-284.452616,0.486527
1462491675.353031,-3906252.932358,2518855.669790,4353423.720207,-183.666931,-285.664151,0.481754
1462491765.353031,-3922698.471856,2493091.838856,4353466.862901,-181.788209,-286.863383,0.476960
1462491855.353031,-3938974.573410,2467220.632674,4353509.573227,-179.901657,-288.050260,0.472146
1462491945.353031,-3955080.535983,2441243.165558,4353551.849346,-178.007356,-289.224729,0.467311
1462492035.353031,-3971015.665867,2415160.556398,4353593.689437,-176.105389,-290.386741,0.462456
1462492125.353031,-3986779.276711,2388973.928611,4353635.091696,-174.195836,-291.536246,0.457581
1462492215.353031,-4002370.689551,2362684.410097,4353676.054342,-172.278780,-292.673193,0.452687
1462492305.353031,-4017789.232842,2336293.133185,4353716.575609,-170.354304,-293.797535,0.447773
1462492395.353031,-4033034.242483,2309801.234589,4353756.653753,-168.422491,-294.909223,0.442839
1462492485.353031,-4048105.061846,2283209.855356,4353796.287047,-166.483423,-296.008208,0.437887
1462492575.353031,-4063001.041810,2256520.140818,4353835.473783,-164.537184,-297.094444,0.432916
1462492665.353031,-4077721.540781,2229733.240543,4353874.212275,-162.583859,-298.167884,0.427926
1462492755.353031,-4092265.924724,2202850.308283,4353912.500853,-160.623531,-299.228480,0.422918
1462492845.353031,-4106633.567181,2175872.501945,4353950.337868,-158.656285,-300.276189,0.417891
1462492935.353031,-4120823.849305,2148800.983529,4353987.721691,-156.682205,-301.310965,0.412847
1462493025.353031,-4134836.159918,2121636.919007,4354024.650710,-154.701377,-302.332762,0.407784
1462493115.353031,-4148669.895489,2094381.478376,4354061.123336,-152.713885,-303.341537,0.402705
1462493205.353031,-4162324.460177,2067035.835572,4354097.137998,-150.719816,-304.337248,0.397607
1462493295.353031,-4175799.265859,2039601.168413,4354132.693144,-148.719255,-305.319849,0.392493
1462493385.353031,-4189093.732155,2012078.658552,4354167.787243,-146.712288,-306.289301,0.387362
1462493475.353031,-4202207.286451,1984469.491428,4354202.418783,-144.699002,-307.245559,0.382214
1462493565.353031,-4215139.363926,1956774.856209,4354236.586273,-142.679484,-308.188585,0.377050
1462493655.353031,-4227889.407574,1928995.945747,4354270.288241,-140.653821,-309.118336,0.371869
1462493745.353031,-4240456.868233,1901133.956522,4354303.523235,-138.622099,-310.034773,0.366672
1462493835.353031,-4252841.204603,1873190.088593,4354336.289824,-136.584407,-310.937856,0.361460
1462493925.353031,-4265041.883269,1845165.545545,4354368.586596,-134.540831,-311.827547,0.356232
1462494015.353031,-4277058.378731,1817061.534440,4354400.412161,-132.491461,-312.703807,0.350989
1462494105.353031,-4288890.173419,1788879.265761,4354431.765147,-130.436384,-313.566598,0.345730
1462494195.353031,-4300536.757720,1760619.953362,4354462.644204,-128.375689,-314.415883,0.340457
1462494285.353031,-4311997.629997,1732284.814414,4354493.048002,-126.309465,-315.251626,0.335169
1462494375.353031,-4323272.296612,1703875.069357,4354522.975231,-124.237801,-316.073791,0.329866
1462494465.353031,-4334360.271949,1675391.941842,4354552.424602,-122.160785,-316.882342,0.324550
1462494555.353031,-4345261.078430,1646836.658681,4354581.394847,-120.078508,-317.677244,0.319219
1462494645.353031,-4355974.246542,1618210.449795,4354609.884718,-117.991058,-318.458463,0.313875
1462494735.353031,-4366499.314850,1589514.548158,4354637.892988,-115.898527,-319.225966,0.308517
1462494825.353031,-4376835.830026,1560750.189749,4354665.418450,-113.801004,-319.979719,0.303145
1462494915.353031,-4386983.346858,1531918.613492,4354692.459919,-111.698579,-320.719691,0.297761
1462495005.353031,-4396941.428277,1503021.061208,4354719.016230,-109.591343,-321.445848,0.292364
1462495095.353031,-4406709.645374,1474058.777560,4354745.086238,-107.479387,-322.158160,0.286954
1462495185.353031,-4416287.577415,1445033.009997,4354770.668822,-105.362801,-322.856597,0.281532
1462495275.353031,-4425674.811866,1415945.008704,4354795.762879,-103.241678,-323.541127,0.276098
1462495365.353031,-4434870.944402,1386796.026548,4354820.367328,-101.116107,-324.211722,0.270652
1462495455.353031,-4443875.578932,1357587.319019,4354844.481110,-98.986182,-324.868353,0.265195
1462495545.353031,-4452688.327614,1328320.144181,4354868.103185,-96.851993,-325.510991,0.259725
1462495635.353031,-4461308.810867,1298995.762619,4354891.232537,-94.713632,-326.139609,0.254245
1462495725.353031,-4469736.657394,1269615.437377,4354913.868169,-92.571192,-326.754179,0.248754
1462495815.353031,-4477971.504195,1240180.433912,4354936.009105,-90.424764,-327.354676,0.243252
1462495905.353031,-4486012.996582,1210692.020036,4354957.654393,-88.274442,-327.941073,0.237739
1462495995.353031,-4493860.788196,1181151.465860,4354978.803100,-86.120318,-328.513345,0.232217
1462496085.353031,-4501514.541021,1151560.043741,4354999.454315,-83.962485,-329.071468,0.226684
1462496175.353031,-4508973.925396,1121919.028228,4355019.607148,-81.801035,-329.615417,0.221141
1462496265.353031,-4516238.620035,1092229.696005,4355039.260732,-79.636062,-330.145169,0.215589
1462496355.353031,-4523308.312036,1062493.325838,4355058.414219,-77.467658,-330.660701,0.210028
1462496445.353031,-4530182.696896,1032711.198518,4355077.066785,-75.295918,-331.161991,0.204458
1462496535.353031,-4536861.478526,1002884.596808,4355095.217627,-73.120935,-331.649017,0.198879
1462496625.353031,-4543344.369259,973014.805386,4355112.865962,-70.942803,-332.121759,0.193291
1462496715.353031,-4549631.089868,943103.110789,4355130.011030,-68.761615,-332.580195,0.187695
1462496805.353031,-4555721.369573,913150.801361,4355146.652092,-66.577465,-333.024307,0.182091
1462496895.353031,-4561614.946057,883159.167194,4355162.788433,-64.390448,-333.454075,0.176479
1462496985.353031,-4567311.565475,853129.500075,4355178.419356,-62.200657,-333.869481,0.170859
1462497075.353031,-4572810.982463,823063.093427,4355193.544189,-60.008187,-334.270506,0.165232
1462497165.353031,-4578112.960154,792961.242258,4355208.162280,-57.813133,-334.657134,0.159598
1462497255.353031,-4583217.270183,762825.243101,4355222.272999,-55.615588,-335.029348,0.153957
1462497345.353031,-4588123.692700,732656.393959,4355235.875739,-53.415648,-335.387131,0.148310
1462497435.353031,-4592832.016377,702455.994252,4355248.969913,-51.213408,-335.730469,0.142656
1462497525.353031,-4597342.038420,672225.344758,4355261.554957,-49.008961,-336.059346,0.136996
1462497615.353031,-4601653.564574,641965.747558,4355273.630330,-46.802404,-336.373749,0.131330
1462497705.353031,-4605766.409137,611678.505979,4355285.195511,-44.593830,-336.673663,0.125658
1462497795.353031,-4609680.394960,581364.924541,4355296.250002,-42.383336,-336.959077,0.119981
1462497885.353031,-4613395.353463,551026.308895,4355306.793326,-40.171017,-337.229977,0.114299
1462497975.353031,-4616911.124637,520663.965773,4355316.825030,-37.956967,-337.486352,0.108612
1462498065.353031,-4620227.557052,490279.202929,4355326.344682,-35.741283,-337.728191,0.102920
1462498155.353031,-4623344.507863,459873.329080,4355335.351871,-33.524058,-337.955484,0.097224
1462498245.353031,-4626261.842820,429447.653856,4355343.846209,-31.305390,-338.168220,0.091523
1462498335.353031,-4628979.436267,399003.487737,4355351.827331,-29.085374,-338.366391,0.085819
1462498425.353031,-4631497.171155,368542.142000,4355359.294892,-26.864105,-338.549988,0.080111
1462498515.353031,-4633814.939039,338064.928663,4355366.248571,-24.641679,-338.719003,0.074399
1462498605.353031,-4635932.640091,307573.160427,4355372.688068,-22.418191,-338.873429,0.068685
1462498695.353031,-4637850.183098,277068.150618,4355378.613106,-20.193738,-339.013260,0.062967
1462498785.353031,-4639567.485467,246551.213137,4355384.023430,-17.968415,-339.138488,0.057246
1462498875.353031,-4641084.473232,216023.662393,4355388.918806,-15.742318,-339.249109,0.051524
1462498965.353031,-4642401.081055,185486.813256,4355393.299023,-13.515544,-339.345118,0.045798
1462499055.353031,-4643517.252226,154941.980996,4355397.163894,-11.288187,-339.426511,0.040071
1462499145.353031,-4644432.938670,124390.481225,4355400.513250,-9.060343,-339.493284,0.034343
1462499235.353031,-4645148.100948,93833.629844,4355403.346949,-6.832110,-339.545435,0.028612
1462499325.353031,-4645662.708256,63272.742985,4355405.664867,-4.603582,-339.582961,0.022881
1462499415.353031,-4645976.738429,32709.136951,4355407.466906,-2.374856,-339.605861,0.017148
1462499505.353031,-4646090.177942,2144.128165,4355408.752986,-0.146028,-339.614134,0.011415
1462499595.353031,-4646003.021908,-28420.966892,4355409.523054,2.082807,-339.607778,0.005681
1462499685.353031,-4645715.274081,-58984.831733,4355409.777075,4.311551,-339.586796,-0.000053
1462499775.353031,-4645226.946856,-89546.149924,4355409.515038,6.540111,-339.551186,-0.005787
1462499865.353031,-4644538.061264,-120103.605144,4355408.736955,8.768388,-339.500952,-0.011520
1462499955.353031,-4643648.646978,-150655.881235,4355407.442860,10.996288,-339.436095,-0.017254
1462500045.353031,-4642558.742305,-181201.662262,4355405.632807,13.223714,-339.356618,-0.022986
1462500135.353031,-4641268.394190,-211739.632573,4355403.306875,15.450571,-339.262524,-0.028718
1462500225.353031,-4639777.658210,-242268.476849,4355400.465164,17.676762,-339.153818,-0.034448
1462500315.353031,-4638086.598573,-272786.880165,4355397.107796,19.902192,-339.030504,-0.040177
1462500405.353031,-4636195.288115,-303293.528047,4355393.234915,22.126764,-338.892587,-0.045904
1462500495.353031,-4634103.808299,-333787.106527,4355388.846690,24.350384,-338.740073,-0.051629
1462500585.353031,-4631812.249208,-364266.302198,4355383.943307,26.572954,-338.572970,-0.057352
1462500675.353031,-4629320.709542,-394729.802274,4355378.524979,28.794381,-338.391284,-0.063072
1462500765.353031,-4626629.296616,-425176.294645,4355372.591939,31.014566,-338.195022,-0.068790
1462500855.353031,-4623738.126353,-455604.467934,4355366.144442,33.233417,-337.984194,-0.074504
1462500945.353031,-4620647.323281,-486013.011552,4355359.182766,35.450835,-337.758809,-0.080216
1462501035.353031,-4617357.020524,-516400.615755,4355351.707211,37.666727,-337.518876,-0.085924
1462501125.353031,-4613867.359803,-546765.971704,4355343.718099,39.880996,-337.264405,-0.091628
1462501215.353031,-4610178.491420,-577107.771515,4355335.215773,42.093548,-336.995408,-0.097329
1462501305.353031,-4606290.574263,-607424.708319,4355326.200599,44.304287,-336.711896,-0.103025
1462501395.353031,-4602203.775788,-637715.476319,4355316.672967,46.513117,-336.413881,-0.108717
1462501485.353031,-4597918.272022,-667978.770845,4355306.633287,48.719944,-336.101376,-0.114404
1462501575.353031,-4593434.247548,-698213.288409,4355296.081989,50.924673,-335.774395,-0.120086
1462501665.353031,-4588751.895498,-728417.726765,4355285.019530,53.127208,-335.432952,-0.125763
1462501755.353031,-4583871.417549,-758590.784960,4355273.446386,55.327455,-335.077061,-0.131434
1462501845.353031,-4578793.023912,-788731.163395,4355261.363054,57.525318,-334.706737,-0.137100
1462501935.353031,-4573516.933320,-818837.563875,4355248.770055,59.720705,-334.321998,-0.142760
1462502025.353031,-4568043.373022,-848908.689673,4355235.667932,61.913518,-333.922858,-0.148414
1462502115.353031,-4562372.578774,-878943.245577,4355222.057249,64.103666,-333.509336,-0.154062
1462502205.353031,-4556504.794825,-908939.937953,4355207.938592,66.291052,-333.081450,-0.159702
1462502295.353031,-4550440.273910,-938897.474798,4355193.312569,68.475583,-332.639217,-0.165336
1462502385.353031,-4544179.277237,-968814.565793,4355178.179809,70.657164,-332.182656,-0.170963
1462502475.353031,-4537722.074476,-998689.922363,4355162.540966,72.835702,-331.711788,-0.176583
1462502565.353031,-4531068.943750,-1028522.257730,4355146.396711,75.011103,-331.226633,-0.182195
1462502655.353031,-4524220.171619,-1058310.286970,4355129.747741,77.183273,-330.727211,-0.187799
1462502745.353031,-4517176.053070,-1088052.727065,4355112.594772,79.352119,-330.213544,-0.193395
1462502835.353031,-4509936.891504,-1117748.296964,4355094.938544,81.517547,-329.685655,-0.198982
1462502925.353031,-4502502.998724,-1147395.717630,4355076.779816,83.679464,-329.143565,-0.204561
1462503015.353031,-4494874.694918,-1176993.712106,4355058.119371,85.837777,-328.587299,-0.210131
1462503105.353031,-4487052.308649,-1206541.005557,4355038.958012,87.992392,-328.016880,-0.215693
1462503195.353031,-4479036.176840,-1236036.325338,4355019.296564,90.143218,-327.432333,-0.221244
1462503285.353031,-4470826.644757,-1265478.401039,4354999.135875,92.290161,-326.833682,-0.226787
1462503375.353031,-4462424.065999,-1294865.964544,4354978.476813,94.433129,-326.220955,-0.232319
1462503465.353031,-4453828.802476,-1324197.750086,4354957.320267,96.572029,-325.594177,-0.237842
1462503555.353031,-4445041.224401,-1353472.494298,4354935.667148,98.706770,-324.953374,-0.243354
1462503645.353031,-4436061.710268,-1382688.936272,4354913.518390,100.837260,-324.298576,-0.248856
1462503735.353031,-4426890.646838,-1411845.817611,4354890.874945,102.963406,-323.629809,-0.254347
1462503825.353031,-4417528.429123,-1440941.882483,4354867.737790,105.085117,-322.947104,-0.259827
1462503915.353031,-4407975.460369,-1469975.877675,4354844.107920,107.202303,-322.250488,-0.265296
1462504005.353031,-4398232.152036,-1498946.552649,4354819.986354,109.314871,-321.539993,-0.270754
1462504095.353031,-4388298.923784,-1527852.659591,4354795.374130,111.422730,-320.815648,-0.276200
1462504185.353031,-4378176.203452,-1556692.953472,4354770.272308,113.525791,-320.077485,-0.281634
1462504275.353031,-4367864.427043,-1585466.192095,4354744.681970,115.623961,-319.325537,-0.287056
1462504365.353031,-4357364.038699,-1614171.136153,4354718.604217,117.717152,-318.559834,-0.292465
1462504455.353031,-4346675.490688,-1642806.549278,4354692.040173,119.805272,-317.780410,-0.297862
1462504545.353031,-4335799.243384,-1671371.198100,4354664.990981,121.888232,-316.987299,-0.303246
1462504635.353031,-4324735.765243,-1699863.852294,4354637.457807,123.965943,-316.180535,-0.308617
1462504725.353031,-4313485.532785,-1728283.284638,4354609.441837,126.038314,-315.360153,-0.313975
1462504815.353031,-4302049.030577,-1756628.271063,4354580.944277,128.105256,-314.526188,-0.319319
1462504905.353031,-4290426.751205,-1784897.590707,4354551.966355,130.166680,-313.678675,-0.324650
1462504995.353031,-4278619.195259,-1813090.025965,4354522.509318,132.222498,-312.817652,-0.329966
1462505085.353031,-4266626.871309,-1841204.362547,4354492.574435,134.272621,-311.943155,-0.335269
1462505175.353031,-4254450.295883,-1869239.389523,4354462.162996,136.316961,-311.055222,-0.340556
1462505265.353031,-4242089.993445,-1897193.899383,4354431.276310,138.355429,-310.153892,-0.345830
1462505355.353031,-4229546.496371,-1925066.688082,4354399.915708,140.387938,-309.239203,-0.351088
1462505445.353031,-4216820.344931,-1952856.555096,4354368.082540,142.414400,-308.311195,-0.356331
1462505535.353031,-4203912.087259,-1980562.303472,4354335.778177,144.434729,-307.369907,-0.361559
1462505625.353031,-4190822.279333,-2008182.739881,4354303.004011,146.448836,-306.415380,-0.366771
1462505715.353031,-4177551.484952,-2035716.674667,4354269.761453,148.456636,-305.447655,-0.371967
1462505805.353031,-4164100.275709,-2063162.921902,4354236.051935,150.458041,-304.466775,-0.377148
1462505895.353031,-4150469.230970,-2090520.299433,4354201.876909,152.452966,-303.472780,-0.382312
1462505985.353031,-4136658.937843,-2117787.628936,4354167.237846,154.441324,-302.465714,-0.387460
1462506075.353031,-4122669.991160,-2144963.735964,4354132.136239,156.423031,-301.445621,-0.392591
1462506165.353031,-4108502.993446,-2172047.450001,4354096.573600,158.398000,-300.412544,-0.397705
1462506255.353031,-4094158.554897,-2199037.604508,4354060.551459,160.366146,-299.366528,-0.402802
1462506345.353031,-4079637.293347,-2225933.036979,4354024.071369,162.327385,-298.307618,-0.407881
1462506435.353031,-4064939.834253,-2252732.588984,4353987.134901,164.281633,-297.235859,-0.412944
1462506525.353031,-4050066.810654,-2279435.106227,4353949.743645,166.228805,-296.151297,-0.417988
1462506615.353031,-4035018.863156,-2306039.438587,4353911.899212,168.168817,-295.053980,-0.423014
1462506705.353031,-4019796.639897,-2332544.440176,4353873.603232,170.101586,-293.943955,-0.428022
1462506795.353031,-4004400.796522,-2358948.969382,4353834.857354,172.027028,-292.821269,-0.433012
1462506885.353031,-3988831.996153,-2385251.888921,4353795.663247,173.945061,-291.685970,-0.437983
1462506975.353031,-3973090.909363,-2411452.065885,4353756.022600,175.855601,-290.538108,-0.442935
1462507065.353031,-3957178.214144,-2437548.371792,4353715.937118,177.758568,-289.377733,-0.447868
1462507155.353031,-3941094.595882,-2463539.682634,4353675.408530,179.653878,-288.204893,-0.452782
1462507245.353031,-3924840.747322,-2489424.878925,4353634.438581,181.541450,-287.019640,-0.457676
1462507335.353031,-3908417.368542,-2515202.845750,4353593.029034,183.421202,-285.822025,-0.462550
1462507425.353031,-3891825.166924,-2540872.472810,4353551.181674,185.293055,-284.612098,-0.467405
1462507515.353031,-3875064.857119,-2566432.654477,4353508.898303,187.156927,-283.389913,-0.472239
1462507605.353031,-3858137.161019,-2591882.289832,4353466.180742,189.012737,-282.155522,-0.477054
1462507695.353031,-3841042.807727,-2617220.282722,4353423.030830,190.860407,-280.908979,-0.481847
1462507785.353031,-3823782.533522,-2642445.541798,4353379.450428,192.699855,-279.650335,-0.486620
1462507875.353031,-3806357.081832,-2667556.980571,4353335.441410,194.531004,-278.379647,-0.491372
1462507965.353031,-3788767.203197,-2692553.517452,4353291.005674,196.353774,-277.096969,-0.496103
1462508055.353031,-3771013.655241,-2717434.075802,4353246.145132,198.168087,-275.802356,-0.500812
1462508145.353031,-3753097.202637,-2742197.583974,4353200.861717,199.973865,-274.495864,-0.505500
1462508235.353031,-3735018.617073,-2766842.975369,4353155.157379,201.771029,-273.177548,-0.510166
1462508325.353031,-3716778.677224,-2791369.188469,4353109.034086,203.559503,-271.847466,-0.514810
1462508415.353031,-3698378.168710,-2815775.166894,4353062.493826,205.339209,-270.505676,-0.519432
1462508505.353031,-3679817.884071,-2840059.859440,4353015.538603,207.110071,-269.152234,-0.524031
1462508595.353031,-3661098.622726,-2864222.220127,4352968.170439,208.872012,-267.787200,-0.528608
1462508685.353031,-3642221.190943,-2888261.208245,4352920.391374,210.624957,-266.410631,-0.533162
1462508775.353031,-3623186.401803,-2912175.788398,4352872.203466,212.368829,-265.022588,-0.537693
1462508865.353031,-3603995.075162,-2935964.930548,4352823.608791,214.103555,-263.623130,-0.542201
1462508955.353031,-3584648.037622,-2959627.610059,4352774.609441,215.829059,-262.212318,-0.546686
1462509045.353031,-3565146.122489,-2983162.807744,4352725.207527,217.545267,-260.790211,-0.551147
1462509135.353031,-3545490.169741,-3006569.509904,4352675.405177,219.252105,-259.356872,-0.555585
1462509225.353031,-3525681.025990,-3029846.708378,4352625.204535,220.949500,-257.912362,-0.559998
1462509315.353031,-3505719.544446,-3052993.400579,4352574.607764,222.637377,-256.456743,-0.564387
1462509405.353031,-3485606.584882,-3076008.589544,4352523.617044,224.315666,-254.990078,-0.568752
1462509495.353031,-3465343.013594,-3098891.283974,4352472.234569,225.984293,-253.512430,-0.573093
1462509585.353031,-3444929.703364,-3121640.498274,4352420.462554,227.643186,-252.023863,-0.577409
1462509675.353031,-3424367.533426,-3144255.252602,4352368.303228,229.292274,-250.524441,-0.581700
1462509765.353031,-3403657.389425,-3166734.572905,4352315.758837,230.931487,-249.014229,-0.585966
1462509855.353031,-3382800.163378,-3189077.490963,4352262.831646,232.560752,-247.493291,-0.590206
1462509945.353031,-3361796.753639,-3211283.044432,4352209.523932,234.180002,-245.961694,-0.594422
1462510035.353031,-3340648.064856,-3233350.276886,4352155.837993,235.789164,-244.419502,-0.598611
1462510125.353031,-3319355.007937,-3255278.237853,4352101.776141,237.388171,-242.866783,-0.602775
1462510215.353031,-3297918.500006,-3277065.982863,4352047.340704,238.976953,-241.303603,-0.606913
1462510305.353031,-3276339.464367,-3298712.573484,4351992.534026,240.555442,-239.730030,-0.611025
1462510395.353031,-3254618.830462,-3320217.077364,4351937.358468,242.123570,-238.146131,-0.615110
1462510485.353031,-3232757.533833,-3341578.568269,4351881.816407,243.681269,-236.551975,-0.619169
1462510575.353031,-3210756.516079,-3362796.126129,4351825.910235,245.228473,-234.947630,-0.623202
1462510665.353031,-3188616.724819,-3383868.837069,4351769.642359,246.765114,-233.333166,-0.627207
1462510755.353031,-3166339.113647,-3404795.793456,4351713.015204,248.291126,-231.708652,-0.631186
1462510845.353031,-3143924.642096,-3425576.093932,4351656.031208,249.806445,-230.074158,-0.635137
1462510935.353031,-3121374.275589,-3446208.843459,4351598.692825,251.311003,-228.429754,-0.639061
1462511025.353031,-3098688.985408,-3466693.153352,4351541.002526,252.804738,-226.775511,-0.642957
1462511115.353031,-3075869.748642,-3487028.141319,4351482.962794,254.287584,-225.111500,-0.646826
1462511205.353031,-3052917.548151,-3507212.931502,4351424.576129,255.759477,-223.437794,-0.650667
1462511295.353031,-3029833.372522,-3527246.654510,4351365.845048,257.220354,-221.754464,-0.654479
1462511385.353031,-3006618.216026,-3547128.447459,4351306.772078,258.670152,-220.061583,-0.658264
1462511475.353031,-2983273.078577,-3566857.454011,4351247.359764,260.108809,-218.359223,-0.662020
1462511565.353031,-2959798.965684,-3586432.824406,4351187.610665,261.536263,-216.647458,-0.665748
1462511655.353031,-2936196.888415,-3605853.715502,4351127.527356,262.952452,-214.926362,-0.669447
1462511745.353031,-2912467.863347,-3625119.290812,4351067.112422,264.357315,-213.196009,-0.673117
1462511835.353031,-2888612.912526,-3644228.720538,4351006.368467,265.750792,-211.456473,-0.676759
1462511925.353031,-2864633.063423,-3663181.181606,4350945.298107,267.132822,-209.707829,-0.680371
1462512015.353031,-2840529.348885,-3681975.857706,4350883.903972,268.503347,-207.950152,-0.683954
1462512105.353031,-2816302.807098,-3700611.939321,4350822.188706,269.862307,-206.183519,-0.687507
1462512195.353031,-2791954.481536,-3719088.623765,4350760.154968,271.209644,-204.408006,-0.691031
1462512285.353031,-2767485.420919,-3737405.115221,4350697.805429,272.545299,-202.623688,-0.694525
1462512375.353031,-2742896.679167,-3755560.624768,4350635.142775,273.869215,-200.830643,-0.697989
1462512465.353031,-2718189.315357,-3773554.370420,4350572.169705,275.181335,-199.028948,-0.701423
1462512555.353031,-2693364.393670,-3791385.577159,4350508.888930,276.481603,-197.218680,-0.704826
1462512645.353031,-2668422.983357,-3809053.476967,4350445.303177,277.769962,-195.399918,-0.708200
1462512735.353031,-2643366.158682,-3826557.308861,4350381.415185,279.046357,-193.572739,-0.711543
1462512825.353031,-2618194.998881,-3843896.318922,4350317.227704,280.310734,-191.737223,-0.714855
1462512915.353031,-2592910.588114,-3861069.760333,4350252.743500,281.563036,-189.893449,-0.718137
1462513005.353031,-2567514.015422,-3878076.893408,4350187.965350,282.803212,-188.041496,-0.721387
1462513095.353031,-2542006.374672,-3894916.985622,4350122.896044,284.031207,-186.181443,-0.724607
1462513185.353031,-2516388.764520,-3911589.311647,4350057.538384,285.246968,-184.313372,-0.727795
1462513275.353031,-2490662.288354,-3928093.153380,4349991.895186,286.450443,-182.437361,-0.730952
1462513365.353031,-2464828.054255,-3944427.799975,4349925.969276,287.641580,-180.553493,-0.734077
1462513455.353031,-2438887.174942,-3960592.547874,4349859.763495,288.820328,-178.661848,-0.737171
1462513545.353031,-2412840.767730,-3976586.700835,4349793.280694,289.986636,-176.762508,-0.740233
1462513635.353031,-2386689.954477,-3992409.569966,4349726.523736,291.140454,-174.855554,-0.743263
1462513725.353031,-2360435.861539,-4008060.473751,4349659.495496,292.281732,-172.941070,-0.746262
1462513815.353031,-2334079.619722,-4023538.738081,4349592.198862,293.410421,-171.019136,-0.749228
1462513905.353031,-2307622.364228,-4038843.696285,4349524.636732,294.526472,-169.089836,-0.752161
1462513995.353031,-2281065.234613,-4053974.689152,4349456.812017,295.629838,-167.153253,-0.755063
1462514085.353031,-2254409.374734,-4068931.064969,4349388.727636,296.720470,-165.209471,-0.757932
1462514175.353031,-2227655.932699,-4083712.179541,4349320.386523,297.798322,-163.258573,-0.760768
1462514265.353031,-2200806.060822,-4098317.396222,4349251.791621,298.863348,-161.300643,-0.763571
1462514355.353031,-2173860.915567,-4112746.085943,4349182.945885,299.915501,-159.335766,-0.766342
1462514445.353031,-2146821.657503,-4126997.627238,4349113.852280,300.954736,-157.364025,-0.769079
1462514535.353031,-2119689.451254,-4141071.406271,4349044.513782,301.981009,-155.385507,-0.771784
1462514625.353031,-2092465.465444,-4154966.816863,4348974.933377,302.994275,-153.400296,-0.774455
1462514715.353031,-2065150.872655,-4168683.260516,4348905.114062,303.994490,-151.408478,-0.777093
1462514805.353031,-2037746.849366,-4182220.146442,4348835.058844,304.981612,-149.410139,-0.779697
1462514895.353031,-2010254.575913,-4195576.891588,4348764.770741,305.955598,-147.405364,-0.782268
1462514985.353031,-1982675.236430,-4208752.920656,4348694.252781,306.916406,-145.394241,-0.784805
1462515075.353031,-1955010.018801,-4221747.666134,4348623.507999,307.863994,-143.376854,-0.787308
1462515165.353031,-1927260.114610,-4234560.568320,4348552.539444,308.798323,-141.353293,-0.789778
1462515255.353031,-1899426.719089,-4247191.075342,4348481.350172,309.719350,-139.323643,-0.792213
1462515345.353031,-1871511.031065,-4259638.643183,4348409.943249,310.627038,-137.287992,-0.794614
1462515435.353031,-1843514.252910,-4271902.735708,4348338.321751,311.521347,-135.246428,-0.796981
1462515525.353031,-1815437.590489,-4283982.824684,4348266.488763,312.402238,-133.199039,-0.799314
1462515615.353031,-1787282.253106,-4295878.389802,4348194.447378,313.269673,-131.145913,-0.801612
1462515705.353031,-1759049.453456,-4307588.918702,4348122.200699,314.123615,-129.087138,-0.803876
1462515795.353031,-1730740.407570,-4319113.906994,4348049.751839,314.964028,-127.022803,-0.806105
1462515885.353031,-1702356.334761,-4330452.858277,4347977.103917,315.790874,-124.952997,-0.808299
1462515975.353031,-1673898.457575,-4341605.284166,4347904.260063,316.604119,-122.877809,-0.810459
1462516065.353031,-1645368.001738,-4352570.704310,4347831.223413,317.403728,-120.797329,-0.812584
1462516155.353031,-1616766.196100,-4363348.646409,4347757.997115,318.189665,-118.711645,-0.814673
1462516245.353031,-1588094.272585,-4373938.646241,4347684.584321,318.961897,-116.620849,-0.816728
1462516335.353031,-1559353.466138,-4384340.247680,4347610.988194,319.720391,-114.525029,-0.818747
1462516425.353031,-1530545.014669,-4394553.002710,4347537.211904,320.465114,-112.424277,-0.820731
1462516515.353031,-1501670.159003,-4404576.471455,4347463.258627,321.196035,-110.318682,-0.822680
1462516605.353031,-1472730.142825,-4414410.222186,4347389.131550,321.913121,-108.208336,-0.824594
1462516695.353031,-1443726.212626,-4424053.831349,4347314.833865,322.616341,-106.093329,-0.826471
1462516785.353031,-1414659.617649,-4433506.883580,4347240.368773,323.305666,-103.973753,-0.828314
1462516875.353031,-1385531.609840,-4442768.971720,4347165.739479,323.981066,-101.849698,-0.830120
1462516965.353031,-1356343.443785,-4451839.696837,4347090.949200,324.642511,-99.721256,-0.831891
1462517055.353031,-1327096.376664,-4460718.668240,4347016.001156,325.289974,-97.588520,-0.833626
1462517145.353031,-1297791.668194,-4469405.503499,4346940.898575,325.923426,-95.451580,-0.835325
1462517235.353031,-1268430.580574,-4477899.828458,4346865.644692,326.542839,-93.310528,-0.836988
1462517325.353031,-1239014.378431,-4486201.277254,4346790.242748,327.148188,-91.165458,-0.838615
1462517415.353031,-1209544.328767,-4494309.492330,4346714.695991,327.739447,-89.016461,-0.840206
1462517505.353031,-1180021.700902,-4502224.124452,4346639.007675,328.316589,-86.863630,-0.841761
1462517595.353031,-1150447.766422,-4509944.832726,4346563.181060,328.879590,-84.707058,-0.843279
1462517685.353031,-1120823.799121,-4517471.284609,4346487.219411,329.428425,-82.546837,-0.844762
1462517775.353031,-1091151.074951,-4524803.155923,4346411.126001,329.963072,-80.383060,-0.846207
1462517865.353031,-1061430.871960,-4531940.130876,4346334.904107,330.483506,-78.215822,-0.847617
1462517955.353031,-1031664.470244,-4538881.902065,4346258.557011,330.989706,-76.045214,-0.848989
1462518045.353031,-1001853.151889,-4545628.170498,4346182.088002,331.481650,-73.871332,-0.850326
1462518135.353031,-971998.200913,-4552178.645602,4346105.500375,331.959317,-71.694267,-0.851625
1462518225.353031,-942100.903217,-4558533.045240,4346028.797427,332.422685,-69.514115,-0.852888
1462518315.353031,-912162.546521,-4564691.095716,4345951.982461,332.871736,-67.330968,-0.854114
1462518405.353031,-882184.420319,-4570652.531794,4345875.058788,333.306449,-65.144921,-0.855304
1462518495.353031,-852167.815814,-4576417.096706,4345798.029719,333.726806,-62.956069,-0.856456
1462518585.353031,-822114.025868,-4581984.542163,4345720.898573,334.132789,-60.764505,-0.857572
1462518675.353031,-792024.344943,-4587354.628366,4345643.668672,334.524380,-58.570323,-0.858651
1462518765.353031,-761900.069051,-4592527.124018,4345566.343342,334.901563,-56.373619,-0.859693
1462518855.353031,-731742.495688,-4597501.806331,4345488.925913,335.264322,-54.174487,-0.860697
1462518945.353031,-701552.923789,-4602278.461037,4345411.419721,335.612639,-51.973022,-0.861665
1462519035.353031,-671332.653666,-4606856.882400,4345333.828102,335.946502,-49.769318,-0.862596
1462519125.353031,-641082.986952,-4611236.873219,4345256.154400,336.265895,-47.563470,-0.863489
1462519215.353031,-610805.226547,-4615418.244841,4345178.401960,336.570804,-45.355573,-0.864345
1462519305.353031,-580500.676561,-4619400.817167,4345100.574131,336.861217,-43.145723,-0.865164
1462519395.353031,-550170.642258,-4623184.418664,4345022.674264,337.137120,-40.934015,-0.865946
1462519485.353031,-519816.429999,-4626768.886364,4344944.705715,337.398503,-38.720544,-0.866691
1462519575.353031,-489439.347188,-4630154.065879,4344866.671843,337.645353,-36.505405,-0.867398
1462519665.353031,-459040.702213,-4633339.811405,4344788.576008,337.877660,-34.288693,-0.868067
1462519755.353031,-428621.804389,-4636325.985726,4344710.421573,338.095414,-32.070505,-0.868700
1462519845.353031,-398183.963907,-4639112.460223,4344632.211906,338.298607,-29.850935,-0.869295
1462519935.353031,-367728.491771,-4641699.114879,4344553.950375,338.487228,-27.630080,-0.869852
1462520025.353031,-337256.699744,-4644085.838282,4344475.640350,338.661269,-25.408034,-0.870372
1462520115.353031,-306769.900296,-4646272.527632,4344397.285204,338.820725,-23.184895,-0.870855
1462520205.353031,-276269.406538,-4648259.088745,4344318.888313,338.965586,-20.960756,-0.871300
1462520295.353031,-245756.532176,-4650045.436057,4344240.453053,339.095848,-18.735715,-0.871707
1462520385.353031,-215232.591444,-4651631.492627,4344161.982802,339.211505,-16.509867,-0.872077
1462520475.353031,-184698.899058,-4653017.190141,4344083.480941,339.312551,-14.283307,-0.872410
1462520565.353031,-154156.770150,-4654202.468916,4344004.950849,339.398982,-12.056133,-0.872704
1462520655.353031,-123607.520216,-4655187.277898,4343926.395910,339.470795,-9.828439,-0.872962
1462520745.353031,-93052.465061,-4655971.574672,4343847.819507,339.527987,-7.600322,-0.873181
1462520835.353031,-62492.920738,-4656555.325455,4343769.225025,339.570554,-5.371877,-0.873363
1462520925.353031,-31930.203494,-4656938.505106,4343690.615849,339.598496,-3.143202,-0.873508
1462521015.353031,-1365.629712,-4657121.097120,4343611.995363,339.611811,-0.914390,-0.873615
1462521105.353031,29199.484144,-4657103.093631,4343533.366956,339.610498,1.314460,-0.873684
1462521195.353031,59763.821588,-4656884.495417,4343454.734013,339.594557,3.543254,-0.873715
1462521285.353031,90326.066166,-4656465.311892,4343376.099921,339.563990,5.771896,-0.873709
1462521375.353031,120884.901514,-4655845.561111,4343297.468067,339.518797,8.000288,-0.873665
1462521465.353031,151439.011418,-4655025.269767,4343218.841838,339.458980,10.228337,-0.873584
1462521555.353031,181987.079863,-4654004.473192,4343140.224621,339.384542,12.455944,-0.873465
1462521645.353031,212527.791097,-4652783.215353,4343061.619801,339.295487,14.683016,-0.873308
1462521735.353031,243059.829685,-4651361.548852,4342983.030764,339.191818,16.909454,-0.873114
1462521825.353031,273581.880563,-4649739.534922,4342904.460895,339.073539,19.135165,-0.872882
1462521915.353031,304092.629102,-4647917.243425,4342825.913578,338.940655,21.360051,-0.872613
1462522005.353031,334590.761155,-4645894.752850,4342747.392197,338.793173,23.584017,-0.872306
1462522095.353031,365074.963119,-4643672.150310,4342668.900133,338.631099,25.806968,-0.871961
1462522185.353031,395543.921995,-4641249.531535,4342590.440767,338.454439,28.028806,-0.871579
1462522275.353031,425996.325437,-4638627.000871,4342512.017479,338.263202,30.249438,-0.871160
1462522365.353031,456430.861811,-4635804.671275,4342433.633645,338.057395,32.468767,-0.870702
1462522455.353031,486846.220256,-4632782.664308,4342355.292644,337.837027,34.686697,-0.870208
1462522545.353031,517241.090736,-4629561.110134,4342276.997848,337.602108,36.903133,-0.869675
1462522635.353031,547614.164096,-4626140.147509,4342198.752629,337.352649,39.117980,-0.869106
1462522725.353031,577964.132120,-4622519.923779,4342120.560359,337.088658,41.331142,-0.868499
1462522815.353031,608289.687589,-4618700.594874,4342042.424405,336.810149,43.542524,-0.867854
1462522905.353031,638589.524334,-4614682.325297,4341964.348131,336.517133,45.752030,-0.867172
1462522995.353031,668862.337295,-4610465.288122,4341886.334902,336.209623,47.959566,-0.866453
1462523085.353031,699106.822573,-4606049.664983,4341808.388078,335.887631,50.165036,-0.865697
1462523175.353031,729321.677493,-4601435.646068,4341730.511015,335.551173,52.368345,-0.864903
1462523265.353031,759505.600654,-4596623.430110,4341652.707067,335.200261,54.569399,-0.864072
1462523355.353031,789657.291988,-4591613.224378,4341574.979587,334.834913,56.768102,-0.863203
1462523445.353031,819775.452815,-4586405.244669,4341497.331922,334.455142,58.964360,-0.862298
1462523535.353031,849858.785898,-4580999.715299,4341419.767415,334.060965,61.158079,-0.861355
1462523625.353031,879905.995502,-4575396.869094,4341342.289409,333.652401,63.349163,-0.860376
1462523715.353031,909915.787448,-4569596.947375,4341264.901240,333.229465,65.537519,-0.859359
1462523805.353031,939886.869167,-4563600.199955,4341187.606241,332.792176,67.723052,-0.858305
1462523895.353031,969817.949758,-4557406.885123,4341110.407742,332.340554,69.905668,-0.857214
1462523985.353031,999707.740043,-4551017.269635,4341033.309067,331.874617,72.085273,-0.856087
1462524075.353031,1029554.952623,-4544431.628700,4340956.313538,331.394386,74.261773,-0.854922
1462524165.353031,1059358.301933,-4537650.245974,4340879.424470,330.899882,76.435075,-0.853721
1462524255.353031,1089116.504295,-4530673.413540,4340802.645176,330.391124,78.605085,-0.852483
1462524345.353031,1118828.277977,-4523501.431901,4340725.978962,329.868137,80.771709,-0.851208
1462524435.353031,1148492.343249,-4516134.609966,4340649.429130,329.330941,82.934854,-0.849896
1462524525.353031,1178107.422432,-4508573.265036,4340572.998979,328.779561,85.094426,-0.848548
1462524615.353031,1207672.239960,-4500817.722788,4340496.691798,328.214020,87.250334,-0.847163
1462524705.353031,1237185.522429,-4492868.317267,4340420.510877,327.634342,89.402484,-0.845742
1462524795.353031,1266645.998658,-4484725.390865,4340344.459494,327.040552,91.550783,-0.844285
1462524885.353031,1296052.399737,-4476389.294311,4340268.540927,326.432676,93.695139,-0.842791
1462524975.353031,1325403.459088,-4467860.386653,4340192.758445,325.810740,95.835459,-0.841260
1462525065.353031,1354697.912515,-4459139.035246,4340117.115312,325.174771,97.971651,-0.839694
1462525155.353031,1383934.498260,-4450225.615730,4340041.614786,324.524796,100.103624,-0.838091
1462525245.353031,1413111.957060,-4441120.512020,4339966.260119,323.860844,102.231285,-0.836453
1462525335.353031,1442229.032194,-4431824.116288,4339891.054557,323.182942,104.354542,-0.834778
1462525425.353031,1471284.469546,-4422336.828944,4339816.001339,322.491120,106.473305,-0.833067
1462525515.353031,1500277.017654,-4412659.058620,4339741.103698,321.785408,108.587482,-0.831320
1462525605.353031,1529205.427762,-4402791.222152,4339666.364860,321.065836,110.696982,-0.829538
1462525695.353031,1558068.453881,-4392733.744563,4339591.788043,320.332436,112.801714,-0.827720
1462525785.353031,1586864.852834,-4382487.059044,4339517.376460,319.585238,114.901588,-0.825866
1462525875.353031,1615593.384316,-4372051.606937,4339443.133316,318.824275,116.996512,-0.823977
1462525965.353031,1644252.810945,-4361427.837712,4339369.061808,318.049580,119.086398,-0.822052
1462526055.353031,1672841.898315,-4350616.208951,4339295.165128,317.261186,121.171154,-0.820092
1462526145.353031,1701359.415049,-4339617.186328,4339221.446457,316.459127,123.250691,-0.818096
1462526235.353031,1729804.132855,-4328431.243588,4339147.908972,315.643438,125.324919,-0.816065
1462526325.353031,1758174.826574,-4317058.862526,4339074.555839,314.814153,127.393750,-0.813999
1462526415.353031,1786470.274237,-4305500.532969,4339001.390218,313.971309,129.457093,-0.811898
1462526505.353031,1814689.257114,-4293756.752752,4338928.415261,313.114942,131.514861,-0.809762
1462526595.353031,1842830.559771,-4281828.027698,4338855.634109,312.245088,133.566964,-0.807591
1462526685.353031,1870892.970117,-4269714.871595,4338783.049899,311.361786,135.613314,-0.805386
1462526775.353031,1898875.279462,-4257417.806175,4338710.665757,310.465072,137.653823,-0.803145
1462526865.353031,1926776.282565,-4244937.361093,4338638.484800,309.554987,139.688403,-0.800870
1462526955.353031,1954594.777685,-4232274.073901,4338566.510137,308.631568,141.716966,-0.798561
1462527045.353031,1982329.566637,-4219428.490025,4338494.744868,307.694856,143.739426,-0.796217
1462527135.353031,2009979.454841,-4206401.162745,4338423.192085,306.744892,145.755694,-0.793839
1462527225.353031,2037543.251373,-4193192.653168,4338351.854869,305.781715,147.765685,-0.791426
1462527315.353031,2065019.769019,-4179803.530206,4338280.736292,304.805368,149.769311,-0.788980
1462527405.353031,2092407.824321,-4166234.370547,4338209.839419,303.815892,151.766486,-0.786500
1462527495.353031,2119706.237635,-4152485.758638,4338139.167303,302.813331,153.757124,-0.783985
1462527585.353031,2146913.833174,-4138558.286652,4338068.722987,301.797727,155.741140,-0.781437
1462527675.353031,2174029.439066,-4124452.554466,4337998.509506,300.769124,157.718448,-0.778856
1462527765.353031,2201051.887400,-4110169.169637,4337928.529884,299.727566,159.688962,-0.776240
1462527855.353031,2227980.014276,-4095708.747372,4337858.787135,298.673099,161.652599,-0.773592
1462527945.353031,2254812.659860,-4081071.910504,4337789.284264,297.605767,163.609273,-0.770910
1462528035.353031,2281548.668427,-4066259.289464,4337720.024263,296.525617,165.558900,-0.768194
1462528125.353031,2308186.888416,-4051271.522254,4337651.010116,295.432696,167.501396,-0.765446
1462528215.353031,2334726.172478,-4036109.254421,4337582.244796,294.327049,169.436678,-0.762665
1462528305.353031,2361165.377524,-4020773.139028,4337513.731264,293.208725,171.364661,-0.759851
1462528395.353031,2387503.364778,-4005263.836623,4337445.472471,292.077773,173.285264,-0.757004
1462528485.353031,2413738.999821,-3989582.015218,4337377.471357,290.934240,175.198403,-0.754124
1462528575.353031,2439871.152644,-3973728.350252,4337309.730852,289.778176,177.103996,-0.751213
1462528665.353031,2465898.697694,-3957703.524568,4337242.253873,288.609631,179.001961,-0.748268
1462528755.353031,2491820.513926,-3941508.228379,4337175.043326,287.428655,180.892216,-0.745292
1462528845.353031,2517635.484845,-3925143.159242,4337108.102106,286.235299,182.774680,-0.742283
1462528935.353031,2543342.498562,-3908609.022025,4337041.433097,285.029615,184.649271,-0.739243
1462529025.353031,2568940.447836,-3891906.528880,4336975.039169,283.811654,186.515909,-0.736170
1462529115.353031,2594428.230123,-3875036.399209,4336908.923184,282.581468,188.374514,-0.733066
1462529205.353031,2619804.747626,-3857999.359634,4336843.087988,281.339112,190.225005,-0.729930
1462529295.353031,2645068.907337,-3840796.143967,4336777.536417,280.084638,192.067303,-0.726763
1462529385.353031,2670219.621091,-3823427.493177,4336712.271295,278.818100,193.901328,-0.723565
1462529475.353031,2695255.805608,-3805894.155360,4336647.295432,277.539552,195.727001,-0.720335
1462529565.353031,2720176.382541,-3788196.885702,4336582.611628,276.249051,197.544245,-0.717074
1462529655.353031,2744980.278520,-3770336.446453,4336518.222668,274.946652,199.352979,-0.713783
1462529745.353031,2769666.425206,-3752313.606889,4336454.131326,273.632410,201.153128,-0.710461
1462529835.353031,2794233.759326,-3734129.143282,4336390.340361,272.306382,202.944612,-0.707108
1462529925.353031,2818681.222728,-3715783.838865,4336326.852523,270.968626,204.727355,-0.703724
1462530015.353031,2843007.762421,-3697278.483800,4336263.670545,269.619198,206.501280,-0.700311
1462530105.353031,2867212.330625,-3678613.875138,4336200.797149,268.258158,208.266311,-0.696867
1462530195.353031,2891293.884810,-3659790.816796,4336138.235043,266.885563,210.022372,-0.693393
1462530285.353031,2915251.387747,-3640810.119510,4336075.986921,265.501473,211.769386,-0.689889
1462530375.353031,2939083.807549,-3621672.600810,4336014.055465,264.105948,213.507280,-0.686356
1462530465.353031,2962790.117718,-3602379.084976,4335952.443342,262.699047,215.235977,-0.682793
1462530555.353031,2986369.297185,-3582930.403012,4335891.153206,261.280831,216.955404,-0.679201
1462530645.353031,3009820.330358,-3563327.392602,4335830.187697,259.851362,218.665486,-0.675579
1462530735.353031,3033142.207167,-3543570.898077,4335769.549440,258.410700,220.366149,-0.671928
1462530825.353031,3056333.923100,-3523661.770381,4335709.241048,256.958908,222.057322,-0.668249
1462530915.353031,3079394.479256,-3503600.867030,4335649.265118,255.496049,223.738930,-0.664540
1462531005.353031,3102322.882380,-3483389.052080,4335589.624233,254.022185,225.410901,-0.660803
1462531095.353031,3125118.144910,-3463027.196083,4335530.320963,252.537379,227.073163,-0.657038
1462531185.353031,3147779.285019,-3442516.176057,4335471.357861,251.041697,228.725645,-0.653244
1462531275.353031,3170305.326657,-3421856.875443,4335412.737468,249.535202,230.368276,-0.649422
1462531365.353031,3192695.299593,-3401050.184069,4335354.462307,248.017959,232.000984,-0.645572
1462531455.353031,3214948.239455,-3380096.998111,4335296.534890,246.490033,233.623699,-0.641694
1462531545.353031,3237063.187775,-3358998.220056,4335238.957711,244.951491,235.236352,-0.637789
1462531635.353031,3259039.192029,-3337754.758660,4335181.733250,243.402399,236.838873,-0.633856
1462531725.353031,3280875.305674,-3316367.528913,4335124.863972,241.842822,238.431193,-0.629896
1462531815.353031,3302570.588197,-3294837.451996,4335068.352327,240.272829,240.013243,-0.625908
1462531905.353031,3324124.105148,-3273165.455241,4335012.200748,238.692487,241.584956,-0.621894
1462531995.353031,3345534.928183,-3251352.472097,4334956.411654,237.101865,243.146263,-0.617853
1462532085.353031,3366802.135106,-3229399.442081,4334900.987448,235.501030,244.697097,-0.613786
1462532175.353031,3387924.809904,-3207307.310744,4334845.930518,233.890051,246.237392,-0.609691
1462532265.353031,3408902.042792,-3185077.029630,4334791.243234,232.268999,247.767082,-0.605571
1462532355.353031,3429732.930247,-3162709.556230,4334736.927952,230.637942,249.286099,-0.601425
1462532445.353031,3450416.575052,-3140205.853946,4334682.987012,228.996952,250.794379,-0.597252
1462532535.353031,3470952.086329,-3117566.892048,4334629.422737,227.346098,252.291857,-0.593054
1462532625.353031,3491338.579582,-3094793.645631,4334576.237434,225.685452,253.778469,-0.588831
1462532715.353031,3511575.176733,-3071887.095573,4334523.433395,224.015085,255.254150,-0.584582
1462532805.353031,3531661.006161,-3048848.228496,4334471.012892,222.335070,256.718837,-0.580308
1462532895.353031,3551595.202739,-3025678.036718,4334418.978185,220.645478,258.172466,-0.576008
1462532985.353031,3571376.907869,-3002377.518217,4334367.331514,218.946383,259.614976,-0.571684
1462533075.353031,3591005.269522,-2978947.676580,4334316.075104,217.237858,261.046303,-0.567336
1462533165.353031,3610479.442275,-2955389.520969,4334265.211163,215.519975,262.466387,-0.562963
1462533255.353031,3629798.587345,-2931704.066069,4334214.741882,213.792810,263.875166,-0.558566
1462533345.353031,3648961.872627,-2907892.332049,4334164.669434,212.056437,265.272580,-0.554144
1462533435.353031,3667968.472728,-2883955.344518,4334114.995976,210.310930,266.658568,-0.549699
1462533525.353031,3686817.569005,-2859894.134479,4334065.723647,208.556365,268.033070,-0.545230
1462533615.353031,3705508.349598,-2835709.738284,4334016.854571,206.792816,269.396028,-0.540738
1462533705.353031,3724040.009466,-2811403.197595,4333968.390851,205.020361,270.747383,-0.536222
1462533795.353031,3742411.750421,-2786975.559330,4333920.334576,203.239075,272.087076,-0.531684
1462533885.353031,3760622.781164,-2762427.875627,4333872.687815,201.449036,273.415049,-0.527122
1462533975.353031,3778672.317319,-2737761.203792,4333825.452621,199.650320,274.731247,-0.522538
1462534065.353031,3796559.581464,-2712976.606256,4333778.631027,197.843004,276.035611,-0.517931
1462534155.353031,3814283.803166,-2688075.150531,4333732.225051,196.027167,277.328086,-0.513302
1462534245.353031,3831844.219016,-2663057.909161,4333686.236692,194.202887,278.608616,-0.508650
1462534335.353031,3849240.072659,-2637925.959677,4333640.667930,192.370242,279.877146,-0.503977
1462534425.353031,3866470.614830,-2612680.384552,4333595.520728,190.529312,281.133622,-0.499282
1462534515.353031,3883535.103383,-2587322.271151,4333550.797031,188.680175,282.377988,-0.494566
1462534605.353031,3900432.803322,-2561852.711687,4333506.498765,186.822912,283.610192,-0.489828
1462534695.353031,3917162.986838,-2536272.803174,4333462.627838,184.957601,284.830180,-0.485069
1462534785.353031,3933724.933337,-2510583.647378,4333419.186140,183.084325,286.037901,-0.480290
1462534875.353031,3950117.929470,-2484786.350770,4333376.175542,181.203162,287.233301,-0.475489
1462534965.353031,3966341.269164,-2458882.024482,4333333.597896,179.314195,288.416329,-0.470669
1462535055.353031,3982394.253656,-2432871.784250,4333291.455036,177.417505,289.586936,-0.465827
1462535145.353031,3998276.191519,-2406756.750378,4333249.748779,175.513172,290.745069,-0.460966
1462535235.353031,4013986.398692,-2380538.047680,4333208.480919,173.601281,291.890679,-0.456085
1462535325.353031,4029524.198514,-2354216.805436,4333167.653234,171.681912,293.023717,-0.451185
1462535415.353031,4044888.921747,-2327794.157343,4333127.267484,169.755148,294.144134,-0.446264
1462535505.353031,4060079.906609,-2301271.241464,4333087.325407,167.821073,295.251882,-0.441325
1462535595.353031,4075096.498800,-2274649.200184,4333047.828725,165.879769,296.346913,-0.436367
1462535685.353031,4089938.051533,-2247929.180155,4333008.779137,163.931321,297.429180,-0.431390
1462535775.353031,4104603.925558,-2221112.332249,4332970.178327,161.975812,298.498636,-0.426394
1462535865.353031,4119093.489195,-2194199.811509,4332932.027957,160.013326,299.555235,-0.421380
1462535955.353031,4133406.118355,-2167192.777100,4332894.329669,158.043949,300.598932,-0.416348
1462536045.353031,4147541.196571,-2140092.392256,4332857.085089,156.067764,301.629682,-0.411297
1462536135.353031,4161498.115023,-2112899.824233,4332820.295819,154.084857,302.647440,-0.406230
1462536225.353031,4175276.272566,-2085616.244256,4332783.963445,152.095314,303.652163,-0.401144
1462536315.353031,4188875.075752,-2058242.827472,4332748.089532,150.099219,304.643806,-0.396041
1462536405.353031,4202293.938861,-2030780.752897,4332712.675625,148.096659,305.622329,-0.390922
1462536495.353031,4215532.283921,-2003231.203364,4332677.723249,146.087721,306.587687,-0.385785
1462536585.353031,4228589.540736,-1975595.365475,4332643.233910,144.072491,307.539841,-0.380632
1462536675.353031,4241465.146909,-1947874.429548,4332609.209092,142.051055,308.478748,-0.375462
1462536765.353031,4254158.547870,-1920069.589567,4332575.650263,140.023500,309.404369,-0.370277
1462536855.353031,4266669.196892,-1892182.043130,4332542.558867,137.989915,310.316663,-0.365075
1462536945.353031,4278996.555124,-1864212.991396,4332509.936330,135.950386,311.215591,-0.359858
1462537035.353031,4291140.091606,-1836163.639036,4332477.784056,133.905002,312.101115,-0.354625
1462537125.353031,4303099.283298,-1808035.194178,4332446.103431,131.853850,312.973196,-0.349377
1462537215.353031,4314873.615100,-1779828.868359,4332414.895819,129.797019,313.831797,-0.344113
1462537305.353031,4326462.579871,-1751545.876468,4332384.162565,127.734598,314.676880,-0.338835
1462537395.353031,4337865.678459,-1723187.436698,4332353.904992,125.666674,315.508410,-0.333543
1462537485.353031,4349082.419712,-1694754.770491,4332324.124404,123.593338,316.326351,-0.328236
1462537575.353031,4360112.320510,-1666249.102485,4332294.822083,121.514679,317.130667,-0.322914
1462537665.353031,4370954.905778,-1637671.660465,4332265.999291,119.430786,317.921323,-0.317579
1462537755.353031,4381609.708507,-1609023.675303,4332237.657271,117.341749,318.698286,-0.312231
1462537845.353031,4392076.269781,-1580306.380915,4332209.797242,115.247657,319.461523,-0.306868
1462537935.353031,4402354.138787,-1551521.014197,4332182.420404,113.148602,320.210999,-0.301493
1462538025.353031,4412442.872841,-1522668.814980,4332155.527938,111.044673,320.946684,-0.296105
1462538115.353031,4422342.037407,-1493751.025974,4332129.121001,108.935962,321.668545,-0.290703
1462538205.353031,4432051.206113,-1464768.892712,4332103.200731,106.822558,322.376551,-0.285290
1462538295.353031,4441569.960769,-1435723.663499,4332077.768244,104.704554,323.070672,-0.279864
1462538385.353031,4450897.891387,-1406616.589359,4332052.824635,102.582039,323.750878,-0.274426
1462538475.353031,4460034.596200,-1377448.923978,4332028.370980,100.455107,324.417139,-0.268976
1462538565.353031,4468979.681675,-1348221.923653,4332004.408331,98.323847,325.069428,-0.263514
1462538655.353031,4477732.762534,-1318936.847235,4331980.937721,96.188353,325.707715,-0.258042
1462538745.353031,4486293.461768,-1289594.956079,4331957.960160,94.048715,326.331973,-0.252558
1462538835.353031,4494661.410655,-1260197.513985,4331935.476639,91.905027,326.942176,-0.247063
1462538925.353031,4502836.248773,-1230745.787147,4331913.488125,89.757380,327.538296,-0.241558
1462539015.353031,4510817.624020,-1201241.044095,4331891.995567,87.605867,328.120309,-0.236042
1462539105.353031,4518605.192627,-1171684.555646,4331870.999888,85.450581,328.688190,-0.230516
1462539195.353031,4526198.619169,-1142077.594842,4331850.501995,83.291615,329.241913,-0.224980
1462539285.353031,4533597.576588,-1112421.436901,4331830.502770,81.129061,329.781456,-0.219434
1462539375.353031,4540801.746197,-1082717.359160,4331811.003074,78.963012,330.306794,-0.213879
1462539465.353031,4547810.817703,-1052966.641020,4331792.003747,76.793563,330.817905,-0.208315
1462539555.353031,4554624.489213,-1023170.563890,4331773.505609,74.620806,331.314768,-0.202742
1462539645.353031,4561242.467254,-993330.411133,4331755.509454,72.444835,331.797360,-0.197160
1462539735.353031,4567664.466777,-963447.468010,4331738.016060,70.265743,332.265662,-0.191569
1462539825.353031,4573890.211177,-933523.021628,4331721.026178,68.083625,332.719652,-0.185971
1462539915.353031,4579919.432303,-903558.360877,4331704.540542,65.898575,333.159311,-0.180364
1462540005.353031,4585751.870466,-873554.776381,4331688.559860,63.710686,333.584621,-0.174749
1462540095.353031,4591387.274454,-843513.560443,4331673.084823,61.520053,333.995562,-0.169127
1462540185.353031,4596825.401541,-813436.006983,4331658.116095,59.326771,334.392118,-0.163498
1462540275.353031,4602066.017500,-783323.411489,4331643.654322,57.130933,334.774271,-0.157862
1462540365.353031,4607108.896608,-753177.070955,4331629.700127,54.932634,335.142005,-0.152219
1462540455.353031,4611953.821661,-722998.283833,4331616.254111,52.731970,335.495304,-0.146569
1462540545.353031,4616600.583981,-692788.349969,4331603.316853,50.529034,335.834153,-0.140913
1462540635.353031,4621048.983424,-662548.570552,4331590.888911,48.323921,336.158536,-0.135251
1462540725.353031,4625298.828392,-632280.248055,4331578.970819,46.116728,336.468441,-0.129583
1462540815.353031,4629349.935835,-601984.686183,4331567.563092,43.907548,336.763854,-0.123909
1462540905.353031,4633202.131268,-571663.189812,4331556.666220,41.696477,337.044761,-0.118230
1462540995.353031,4636855.248770,-541317.064936,4331546.280672,39.483610,337.311152,-0.112546
1462541085.353031,4640309.130996,-510947.618609,4331536.406898,37.269042,337.563014,-0.106858
1462541175.353031,4643563.629181,-480556.158891,4331527.045321,35.052869,337.800336,-0.101164
1462541265.353031,4646618.603150,-450143.994788,4331518.196344,32.835186,338.023110,-0.095467
1462541355.353031,4649473.921320,-419712.436200,4331509.860350,30.616089,338.231323,-0.089765
1462541445.353031,4652129.460708,-389262.793862,4331502.037697,28.395674,338.424969,-0.084059
1462541535.353031,4654585.106935,-358796.379286,4331494.728723,26.174035,338.604039,-0.078350
1462541625.353031,4656840.754234,-328314.504707,4331487.933741,23.951269,338.768524,-0.072637
1462541715.353031,4658896.305451,-297818.483029,4331481.653045,21.727471,338.918417,-0.066921
1462541805.353031,4660751.672049,-267309.627760,4331475.886906,19.502738,339.053714,-0.061202
1462541895.353031,4662406.774114,-236789.252966,4331470.635572,17.277164,339.174406,-0.055481
1462541985.353031,4663861.540360,-206258.673205,4331465.899268,15.050847,339.280490,-0.049757
1462542075.353031,4665115.908127,-175719.203478,4331461.678200,12.823881,339.371960,-0.044031
1462542165.353031,4666169.823388,-145172.159166,4331457.972548,10.596363,339.448813,-0.038304
1462542255.353031,4667023.240749,-114618.855978,4331454.782473,8.368388,339.511046,-0.032574
1462542345.353031,4667676.123451,-84060.609893,4331452.108113,6.140053,339.558655,-0.026843
1462542435.353031,4668128.443375,-53498.737099,4331449.949581,3.911453,339.591639,-0.021111
1462542525.353031,4668380.181038,-22934.553947,4331448.306972,1.682685,339.609996,-0.015378
1462542615.353031,4668431.325598,7630.623119,4331447.180356,-0.546155,339.613726,-0.009645
1462542705.353031,4668281.874851,38195.477609,4331446.569782,-2.774972,339.602828,-0.003911
1462542795.353031,4667931.835234,68758.693047,4331446.475276,-5.003670,339.577303,0.001823
1462542885.353031,4667381.221826,99318.953027,4331446.896842,-7.232152,339.537151,0.007557
1462542975.353031,4666630.058340,129874.941273,4331447.834463,-9.460322,339.482376,0.013291
1462543065.353031,4665678.377132,160425.341691,4331449.288097,-11.688085,339.412978,0.019024
1462543155.353031,4664526.219191,190968.838427,4331451.257682,-13.915345,339.328961,0.024757
1462543245.353031,4663173.634143,221504.115926,4331453.743134,-16.142005,339.230329,0.030488
1462543335.353031,4661620.680245,252029.858986,4331456.744346,-18.367970,339.117085,0.036218
1462543425.353031,4659867.424386,282544.752817,4331460.261187,-20.593144,338.989236,0.041947
1462543515.353031,4657913.942082,313047.483093,4331464.293508,-22.817431,338.846785,0.047673
1462543605.353031,4655760.317471,343536.736017,4331468.841134,-25.040735,338.689740,0.053398
1462543695.353031,4653406.643315,374011.198368,4331473.903869,-27.262960,338.518107,0.059120
1462543785.353031,4650853.020988,404469.557563,4331479.481496,-29.484011,338.331893,0.064840
1462543875.353031,4648099.560480,434910.501715,4331485.573773,-31.703793,338.131107,0.070557
1462543965.353031,4645146.380387,465332.719685,4331492.180440,-33.922208,337.915757,0.076271
1462544055.353031,4641993.607906,495734.901140,4331499.301211,-36.139163,337.685853,0.081981
1462544145.353031,4638641.378833,526115.736612,4331506.935780,-38.354561,337.441404,0.087688
1462544235.353031,4635089.837553,556473.917551,4331515.083818,-40.568307,337.182421,0.093392
1462544325.353031,4631339.137036,586808.136384,4331523.744974,-42.780306,336.908915,0.099091
1462544415.353031,4627389.438832,617117.086567,4331532.918876,-44.990462,336.620897,0.104786
1462544505.353031,4623240.913059,647399.462649,4331542.605127,-47.198681,336.318381,0.110476
1462544595.353031,4618893.738401,677653.960319,4331552.803311,-49.404866,336.001379,0.116162
1462544685.353031,4614348.102098,707879.276471,4331563.512988,-51.608924,335.669905,0.121843
1462544775.353031,4609604.199937,738074.109253,4331574.733699,-53.810759,335.323973,0.127518
1462544865.353031,4604662.236246,768237.158126,4331586.464958,-56.010275,334.963599,0.133188
1462544955.353031,4599522.423883,798367.123923,4331598.706262,-58.207380,334.588797,0.138853
1462545045.353031,4594184.984226,828462.708897,4331611.457082,-60.401977,334.199583,0.144511
1462545135.353031,4588650.147169,858522.616786,4331624.716870,-62.593973,333.795975,0.150163
1462545225.353031,4582918.151105,888545.552863,4331638.485054,-64.783273,333.377990,0.155809
1462545315.353031,4576989.242920,918530.223994,4331652.761042,-66.969782,332.945646,0.161447
1462545405.353031,4570863.677982,948475.338692,4331667.544219,-69.153407,332.498962,0.167079
1462545495.353031,4564541.720128,978379.607175,4331682.833949,-71.334054,332.037956,0.172704
1462545585.353031,4558023.641654,1008241.741420,4331698.629571,-73.511628,331.562649,0.178321
1462545675.353031,4551309.723304,1038060.455218,4331714.930408,-75.686035,331.073061,0.183931
1462545765.353031,4544400.254258,1067834.464232,4331731.735755,-77.857183,330.569213,0.189533
1462545855.353031,4537295.532116,1097562.486049,4331749.044890,-80.024978,330.051126,0.195126
1462545945.353031,4529995.862890,1127243.240236,4331766.857067,-82.189325,329.518825,0.200711
1462546035.353031,4522501.560989,1156875.448398,4331785.171519,-84.350133,328.972330,0.206288
1462546125.353031,4514812.949203,1186457.834229,4331803.987457,-86.507307,328.411666,0.211856
1462546215.353031,4506930.358693,1215989.123571,4331823.304071,-88.660756,327.836856,0.217414
1462546305.353031,4498854.128974,1245468.044465,4331843.120529,-90.810385,327.247927,0.222963
1462546395.353031,4490584.607902,1274893.327209,4331863.435977,-92.956104,326.644902,0.228503
1462546485.353031,4482122.151658,1304263.704409,4331884.249541,-95.097818,326.027808,0.234032
1462546575.353031,4473467.124734,1333577.911038,4331905.560324,-97.235437,325.396671,0.239552
1462546665.353031,4464619.899914,1362834.684489,4331927.367407,-99.368867,324.751519,0.245061
1462546755.353031,4455580.858263,1392032.764625,4331949.669853,-101.498018,324.092380,0.250560
1462546845.353031,4446350.389105,1421170.893842,4331972.466700,-103.622797,323.419282,0.256048
1462546935.353031,4436928.890012,1450247.817114,4331995.756967,-105.743112,322.732253,0.261525
1462547025.353031,4427316.766782,1479262.282054,4332019.539650,-107.858873,322.031324,0.266990
1462547115.353031,4417514.433424,1508213.038963,4332043.813726,-109.969989,321.316524,0.272445
1462547205.353031,4407522.312140,1537098.840887,4332068.578148,-112.076368,320.587885,0.277887
1462547295.353031,4397340.833306,1565918.443671,4332093.831850,-114.177919,319.845437,0.283317
1462547385.353031,4386970.435454,1594670.606010,4332119.573745,-116.274553,319.089213,0.288736
1462547475.353031,4376411.565254,1623354.089503,4332145.802723,-118.366179,318.319246,0.294141
1462547565.353031,4365664.677491,1651967.658708,4332172.517656,-120.452706,317.535568,0.299535
1462547655.353031,4354730.235052,1680510.081194,4332199.717392,-122.534045,316.738214,0.304915
1462547745.353031,4343608.708900,1708980.127596,4332227.400760,-124.610107,315.927217,0.310282
1462547835.353031,4332300.578055,1737376.571664,4332255.566568,-126.680802,315.102612,0.315636
1462547925.353031,4320806.329577,1765698.190319,4332284.213603,-128.746040,314.264436,0.320976
1462548015.353031,4309126.458541,1793943.763706,4332313.340631,-130.805733,313.412723,0.326302
1462548105.353031,4297261.468017,1822112.075244,4332342.946396,-132.859791,312.547512,0.331614
1462548195.353031,4285211.869049,1850201.911680,4332373.029625,-134.908128,311.668838,0.336912
1462548285.353031,4272978.180631,1878212.063140,4332403.589022,-136.950653,310.776741,0.342196
1462548375.353031,4260560.929687,1906141.323186,4332434.623270,-138.987280,309.871258,0.347464
1462548465.353031,4247960.651048,1933988.488860,4332466.131033,-141.017921,308.952428,0.352718
1462548555.353031,4235177.887428,1961752.360742,4332498.110953,-143.042488,308.020291,0.357957
1462548645.353031,4222213.189398,1989431.742998,4332530.561654,-145.060893,307.074887,0.363180
1462548735.353031,4209067.115371,2017025.443435,4332563.481737,-147.073051,306.116258,0.368387
1462548825.353031,4195740.231566,2044532.273550,4332596.869786,-149.078874,305.144443,0.373579
1462548915.353031,4182233.111994,2071951.048581,4332630.724361,-151.078276,304.159485,0.378755
1462549005.353031,4168546.338426,2099280.587558,4332665.044005,-153.071171,303.161427,0.383914
1462549095.353031,4154680.500375,2126519.713356,4332699.827239,-155.057472,302.150310,0.389057
1462549185.353031,4140636.195063,2153667.252744,4332735.072566,-157.037096,301.126180,0.394183
1462549275.353031,4126414.027399,2180722.036435,4332770.778467,-159.009955,300.089080,0.399292
1462549365.353031,4112014.609955,2207682.899138,4332806.943404,-160.975965,299.039055,0.404383
1462549455.353031,4097438.562936,2234548.679607,4332843.565821,-162.935043,297.976149,0.409458
1462549545.353031,4082686.514155,2261318.220690,4332880.644139,-164.887102,296.900409,0.414514
1462549635.353031,4067759.099005,2287990.369383,4332918.176762,-166.832059,295.811882,0.419553
1462549725.353031,4052656.960434,2314563.976875,4332956.162073,-168.769831,294.710613,0.424574
1462549815.353031,4037380.748913,2341037.898599,4332994.598436,-170.700333,293.596650,0.429577
1462549905.353031,4021931.122414,2367410.994281,4333033.484196,-172.623483,292.470042,0.434561
1462549995.353031,4006308.746375,2393682.127994,4333072.817677,-174.539198,291.330837,0.439526
1462550085.353031,3990514.293676,2419850.168197,4333112.597186,-176.447395,290.179083,0.444472
1462550175.353031,3974548.444609,2445913.987793,4333152.821009,-178.347992,289.014832,0.449399
1462550265.353031,3958411.886848,2471872.464173,4333193.487415,-180.240908,287.838131,0.454307
1462550355.353031,3942105.315418,2497724.479265,4333234.594650,-182.126060,286.649034,0.459196
1462550445.353031,3925629.432671,2523468.919582,4333276.140946,-184.003368,285.447589,0.464064
1462550535.353031,3908984.948247,2549104.676273,4333318.124512,-185.872751,284.233851,0.468913
1462550625.353031,3892172.579050,2574630.645164,4333360.543541,-187.734128,283.007869,0.473741
1462550715.353031,3875193.049215,2600045.726814,4333403.396204,-189.587418,281.769698,0.478549
1462550805.353031,3858047.090077,2625348.826555,4333446.680657,-191.432543,280.519391,0.483336
1462550895.353031,3840735.440138,2650538.854543,4333490.395036,-193.269423,279.257002,0.488103
1462550985.353031,3823258.845039,2675614.725805,4333534.537457,-195.097978,277.982584,0.492848
1462551075.353031,3805618.057522,2700575.360285,4333579.106019,-196.918130,276.696194,0.497573
1462551165.353031,3787813.837406,2725419.682889,4333624.098803,-198.729801,275.397885,0.502275
1462551255.353031,3769846.951543,2750146.623533,4333669.513871,-200.532912,274.087715,0.506957
1462551345.353031,3751718.173797,2774755.117191,4333715.349266,-202.327385,272.765739,0.511616
1462551435.353031,3733428.285002,2799244.103936,4333761.603015,-204.113144,271.432015,0.516253
1462551525.353031,3714978.072932,2823612.528990,4333808.273126,-205.890112,270.086600,0.520868
1462551615.353031,3696368.332266,2847859.342766,4333855.357588,-207.658212,268.729552,0.525461
1462551705.353031,3677599.864553,2871983.500917,4333902.854373,-209.417367,267.360929,0.530031
1462551795.353031,3658673.478183,2895983.964379,4333950.761436,-211.167503,265.980791,0.534578
1462551885.353031,3639589.988342,2919859.699413,4333999.076713,-212.908543,264.589197,0.539102
1462551975.353031,3620350.216986,2943609.677656,4334047.798124,-214.640413,263.186206,0.543603
1462552065.353031,3600954.992804,2967232.876159,4334096.923569,-216.363038,261.771879,0.548081
1462552155.353031,3581405.151175,2990728.277434,4334146.450933,-218.076344,260.346278,0.552535
1462552245.353031,3561701.534144,3014094.869497,4334196.378084,-219.780257,258.909462,0.556965
1462552335.353031,3541844.990374,3037331.645914,4334246.702869,-221.474703,257.461496,0.561371
1462552425.353031,3521836.375119,3060437.605841,4334297.423123,-223.159611,256.002440,0.565753
1462552515.353031,3501676.550180,3083411.754067,4334348.536660,-224.834907,254.532357,0.570111
1462552605.353031,3481366.383872,3106253.101062,4334400.041279,-226.500518,253.051312,0.574444
1462552695.353031,3460906.750985,3128960.663013,4334451.934761,-228.156374,251.559367,0.578752
1462552785.353031,3440298.532747,3151533.461869,4334504.214872,-229.802403,250.056587,0.583035
1462552875.353031,3419542.616788,3173970.525386,4334556.879359,-231.438534,248.543037,0.587293
1462552965.353031,3398639.897095,3196270.887164,4334609.925955,-233.064697,247.018782,0.591526
1462553055.353031,3377591.273981,3218433.586693,4334663.352375,-234.680821,245.483887,0.595734
1462553145.353031,3356397.654044,3240457.669390,4334717.156317,-236.286837,243.938419,0.599916
1462553235.353031,3335059.950124,3262342.186644,4334771.335464,-237.882676,242.382444,0.604072
1462553325.353031,3313579.081272,3284086.195856,4334825.887483,-239.468268,240.816029,0.608202
1462553415.353031,3291955.972699,3305688.760476,4334880.810024,-241.043547,239.239242,0.612305
1462553505.353031,3270191.555748,3327148.950050,4334936.100722,-242.608443,237.652150,0.616383
1462553595.353031,3248286.767846,3348465.840253,4334991.757194,-244.162890,236.054823,0.620434
1462553685.353031,3226242.552465,3369638.512935,4335047.777045,-245.706821,234.447328,0.624458
1462553775.353031,3204059.859084,3390666.056154,4335104.157860,-247.240168,232.829735,0.628455
1462553865.353031,3181739.643146,3411547.564223,4335160.897212,-248.762866,231.202114,0.632425
1462553955.353031,3159282.866018,3432282.137743,4335217.992658,-250.274850,229.564535,0.636368
1462554045.353031,3136690.494948,3452868.883643,4335275.441736,-251.776054,227.917068,0.640284
1462554135.353031,3113963.503023,3473306.915220,4335333.241975,-253.266414,226.259784,0.644172
1462554225.353031,3091102.869131,3493595.352177,4335391.390883,-254.745865,224.592755,0.648032
1462554315.353031,3068109.577916,3513733.320659,4335449.885956,-256.214344,222.916052,0.651864
1462554405.353031,3044984.619732,3533719.953293,4335508.724676,-257.671787,221.229748,0.655668
1462554495.353031,3021728.990609,3553554.389223,4335567.904507,-259.118132,219.533915,0.659444
1462554585.353031,2998343.692202,3573235.774151,4335627.422901,-260.553317,217.828627,0.663192
1462554675.353031,2974829.731752,3592763.260367,4335687.277294,-261.977279,216.113956,0.666911
1462554765.353031,2951188.122042,3612136.006793,4335747.465108,-263.389957,214.389977,0.670601
1462554855.353031,2927419.881352,3631353.179015,4335807.983752,-264.791290,212.656764,0.674263
1462554945.353031,2903526.033419,3650413.949319,4335868.830618,-266.181219,210.914391,0.677895
1462555035.353031,2879507.607386,3669317.496729,4335930.003085,-267.559683,209.162934,0.681498
1462555125.353031,2855365.637764,3688063.007039,4335991.498519,-268.926622,207.402468,0.685072
1462555215.353031,2831101.164386,3706649.672852,4336053.314271,-270.281979,205.633069,0.688616
1462555305.353031,2806715.232361,3725076.693610,4336115.447679,-271.625694,203.854813,0.692131
1462555395.353031,2782208.892027,3743343.275634,4336177.896067,-272.957709,202.067777,0.695616
1462555485.353031,2757583.198911,3761448.632153,4336240.656745,-274.277968,200.272037,0.699070
1462555575.353031,2732839.213679,3779391.983342,4336303.727009,-275.586413,198.467671,0.702495
1462555665.353031,2707978.002095,3797172.556353,4336367.104143,-276.882989,196.654757,0.705890
1462555755.353031,2683000.634967,3814789.585349,4336430.785418,-278.167638,194.833373,0.709254
1462555845.353031,2657908.188111,3832242.311537,4336494.768091,-279.440307,193.003596,0.712587
1462555935.353031,2632701.742297,3849529.983202,4336559.049405,-280.700940,191.165507,0.715890
1462556025.353031,2607382.383205,3866651.855737,4336623.626593,-281.949482,189.319185,0.719162
1462556115.353031,2581951.201380,3883607.191675,4336688.496873,-283.185880,187.464707,0.722403
1462556205.353031,2556409.292182,3900395.260725,4336753.657450,-284.410081,185.602156,0.725613
1462556295.353031,2530757.755741,3917015.339798,4336819.105518,-285.622033,183.731610,0.728792
1462556385.353031,2504997.696907,3933466.713042,4336884.838259,-286.821681,181.853151,0.731939
1462556475.353031,2479130.225208,3949748.671871,4336950.852842,-288.008977,179.966859,0.735055
1462556565.353031,2453156.454794,3965860.514995,4337017.146421,-289.183867,178.072815,0.738139
1462556655.353031,2427077.504396,3981801.548453,4337083.716144,-290.346301,176.171102,0.741191
1462556745.353031,2400894.497275,3997571.085639,4337150.559142,-291.496230,174.261801,0.744212
1462556835.353031,2374608.561174,4013168.447335,4337217.672536,-292.633604,172.344994,0.747200
1462556925.353031,2348220.828269,4028592.961739,4337285.053435,-293.758373,170.420764,0.750156
1462557015.353031,2321732.435120,4043843.964493,4337352.698939,-294.870490,168.489193,0.753080
1462557105.353031,2295144.522623,4058920.798713,4337420.606132,-295.969906,166.550366,0.755971
1462557195.353031,2268458.235962,4073822.815015,4337488.772090,-297.056575,164.604365,0.758830
1462557285.353031,2241674.724555,4088549.371547,4337557.193877,-298.130448,162.651274,0.761656
1462557375.353031,2214795.142011,4103099.834014,4337625.868546,-299.191481,160.691177,0.764450
1462557465.353031,2187820.646073,4117473.575705,4337694.793140,-300.239627,158.724159,0.767210
1462557555.353031,2160752.398576,4131669.977520,4337763.964689,-301.274842,156.750305,0.769938
1462557645.353031,2133591.565392,4145688.427998,4337833.380214,-302.297080,154.769699,0.772632
1462557735.353031,2106339.316378,4159528.323342,4337903.036726,-303.306297,152.782427,0.775293
1462557825.353031,2078996.825333,4173189.067448,4337972.931224,-304.302451,150.788575,0.777920
1462557915.353031,2051565.269938,4186670.071926,4338043.060698,-305.285498,148.788228,0.780514
1462558005.353031,2024045.831715,4199970.756128,4338113.422127,-306.255396,146.781472,0.783075
1462558095.353031,1996439.695967,4213090.547172,4338184.012481,-307.212103,144.768394,0.785601
1462558185.353031,1968748.051733,4226028.879970,4338254.828719,-308.155578,142.749081,0.788094
1462558275.353031,1940972.091737,4238785.197247,4338325.867791,-309.085780,140.723619,0.790553
1462558365.353031,1913113.012331,4251358.949569,4338397.126637,-310.002669,138.692097,0.792978
1462558455.353031,1885172.013449,4263749.595365,4338468.602189,-310.906206,136.654600,0.795369
1462558545.353031,1857150.298553,4275956.600950,4338540.291368,-311.796352,134.611218,0.797725
1462558635.353031,1829049.074581,4287979.440551,4338612.191085,-312.673068,132.562037,0.800047
1462558725.353031,1800869.551898,4299817.596323,4338684.298245,-313.536317,130.507147,0.802335
1462558815.353031,1772612.944239,4311470.558381,4338756.609741,-314.386061,128.446636,0.804588
1462558905.353031,1744280.468660,4322937.824813,4338829.122459,-315.222265,126.380593,0.806807
1462558995.353031,1715873.345483,4334218.901706,4338901.833275,-316.044891,124.309106,0.808990
1462559085.353031,1687392.798249,4345313.303166,4338974.739059,-316.853904,122.232264,0.811139
1462559175.353031,1658840.053659,4356220.551340,4339047.836669,-317.649271,120.150159,0.813253
1462559265.353031,1630216.341522,4366940.176437,4339121.122958,-318.430955,118.062878,0.815332
1462559355.353031,1601522.894708,4377471.716745,4339194.594768,-319.198925,115.970512,0.817376
1462559445.353031,1572760.949087,4387814.718656,4339268.248936,-319.953146,113.873150,0.819384
1462559535.353031,1543931.743481,4397968.736678,4339342.082288,-320.693586,111.770885,0.821357
1462559625.353031,1515036.519607,4407933.333464,4339416.091646,-321.420213,109.663805,0.823295
1462559715.353031,1486076.522030,4417708.079823,4339490.273820,-322.132996,107.552001,0.825198
1462559805.353031,1457052.998099,4427292.554741,4339564.625617,-322.831905,105.435566,0.827064
1462559895.353031,1427967.197904,4436686.345401,4339639.143833,-323.516908,103.314589,0.828896
1462559985.353031,1398820.374215,4445889.047196,4339713.825260,-324.187977,101.189162,0.830691
1462560075.353031,1369613.782431,4454900.263753,4339788.666679,-324.845083,99.059376,0.832451
1462560165.353031,1340348.680525,4463719.606944,4339863.664869,-325.488198,96.925324,0.834175
1462560255.353031,1311026.328990,4472346.696906,4339938.816598,-326.117293,94.787098,0.835863
1462560345.353031,1281647.990785,4480781.162058,4340014.118630,-326.732341,92.644788,0.837515
1462560435.353031,1252214.931281,4489022.639114,4340089.567721,-327.333317,90.498489,0.839131
1462560525.353031,1222728.418206,4497070.773101,4340165.160622,-327.920194,88.348291,0.840711
1462560615.353031,1193189.721589,4504925.217373,4340240.894076,-328.492947,86.194288,0.842254
1462560705.353031,1163600.113707,4512585.633628,4340316.764823,-329.051552,84.036573,0.843761
1462560795.353031,1133960.869031,4520051.691918,4340392.769593,-329.595983,81.875238,0.845232
1462560885.353031,1104273.264169,4527323.070670,4340468.905114,-330.126219,79.710376,0.846667
1462560975.353031,1074538.577813,4534399.456694,4340545.168106,-330.642235,77.542082,0.848065
1462561065.353031,1044758.090680,4541280.545199,4340621.555285,-331.144010,75.370447,0.849427
1462561155.353031,1014933.085463,4547966.039806,4340698.063359,-331.631522,73.195566,0.850751
1462561245.353031,985064.846772,4554455.652560,4340774.689035,-332.104751,71.017533,0.852040
1462561335.353031,955154.661077,4560749.103944,4340851.429011,-332.563675,68.836440,0.853291
1462561425.353031,925203.816656,4566846.122889,4340928.279982,-333.008274,66.652383,0.854506
1462561515.353031,895213.603539,4572746.446786,4341005.238639,-333.438531,64.465455,0.855684
1462561605.353031,865185.313451,4578449.821501,4341082.301666,-333.854426,62.275750,0.856825
1462561695.353031,835120.239756,4583956.001379,4341159.465744,-334.255942,60.083363,0.857930
1462561785.353031,805019.677404,4589264.749261,4341236.727550,-334.643060,57.888388,0.858997
1462561875.353031,774884.922873,4594375.836491,4341314.083756,-335.015765,55.690920,0.860027
1462561965.353031,744717.274113,4599289.042926,4341391.531030,-335.374041,53.491053,0.861021
1462562055.353031,714518.030493,4604004.156948,4341469.066037,-335.717871,51.288882,0.861977
1462562145.353031,684288.492739,4608520.975468,4341546.685436,-336.047241,49.084502,0.862896
1462562235.353031,654029.962885,4612839.303941,4341624.385885,-336.362137,46.878008,0.863778
1462562325.353031,623743.744212,4616958.956369,4341702.164037,-336.662546,44.669494,0.864623
1462562415.353031,593431.141196,4620879.755313,4341780.016542,-336.948454,42.459057,0.865430
1462562505.353031,563093.459446,4624601.531898,4341857.940046,-337.219849,40.246791,0.866200
1462562595.353031,532732.005655,4628124.125821,4341935.931194,-337.476720,38.032792,0.866933
1462562685.353031,502348.087535,4631447.385358,4342013.986626,-337.719055,35.817154,0.867629
1462562775.353031,471943.013771,4634571.167371,4342092.102981,-337.946844,33.599974,0.868287
1462562865.353031,441518.093956,4637495.337316,4342170.276893,-338.160076,31.381346,0.868908
1462562955.353031,411074.638538,4640219.769241,4342248.504996,-338.358744,29.161367,0.869491
1462563045.353031,380613.958764,4642744.345804,4342326.783920,-338.542839,26.940132,0.870037
1462563135.353031,350137.366622,4645068.958265,4342405.110293,-338.712351,24.717736,0.870546
1462563225.353031,319646.174787,4647193.506501,4342483.480743,-338.867275,22.494276,0.871016
1462563315.353031,289141.696562,4649117.899003,4342561.891893,-339.007603,20.269847,0.871450
1462563405.353031,258625.245821,4650842.052885,4342640.340367,-339.133330,18.044545,0.871846
1462563495.353031,228098.136955,4652365.893886,4342718.822785,-339.244450,15.818466,0.872204
1462563585.353031,197561.684815,4653689.356371,4342797.335766,-339.340958,13.591705,0.872525
1462563675.353031,167017.204653,4654812.383336,4342875.875930,-339.422849,11.364359,0.872808
1462563765.353031,136466.012066,4655734.926411,4342954.439894,-339.490122,9.136523,0.873054
1462563855.353031,105909.422942,4656456.945860,4343033.024273,-339.542772,6.908294,0.873262
1462563945.353031,75348.753401,4656978.410586,4343111.625683,-339.580798,4.679768,0.873432
1462564035.353031,44785.319737,4657299.298128,4343190.240738,-339.604197,2.451039,0.873565
1462564125.353031,14220.438366,4657419.594664,4343268.866053,-339.612969,0.222206,0.873660
1462564215.353031,-16344.574236,4657339.295013,4343347.498240,-339.607113,-2.006638,0.873717
1462564305.353031,-46908.401586,4657058.402634,4343426.133913,-339.586630,-4.235395,0.873737
1462564395.353031,-77469.727253,4656576.929626,4343504.769685,-339.551520,-6.463969,0.873720
1462564485.353031,-108027.234914,4655894.896726,4343583.402170,-339.501786,-8.692265,0.873664
1462564575.353031,-138579.608408,4655012.333310,4343662.027979,-339.437428,-10.920187,0.873571
1462564665.353031,-169125.531799,4653929.277392,4343740.643727,-339.358450,-13.147638,0.873441
1462564755.353031,-199663.689426,4652645.775621,4343819.246028,-339.264856,-15.374523,0.873272
1462564845.353031,-230192.765963,4651161.883279,4343897.831496,-339.156649,-17.600746,0.873066
1462564935.353031,-260711.446475,4649477.664280,4343976.396746,-339.033834,-19.826211,0.872823
1462565025.353031,-291218.416476,4647593.191165,4344054.938394,-338.896417,-22.050821,0.872542
1462565115.353031,-321712.361983,4645508.545102,4344133.453058,-338.744402,-24.274482,0.872223
1462565205.353031,-352191.969575,4643223.815879,4344211.937356,-338.577797,-26.497098,0.871867
1462565295.353031,-382655.926448,4640739.101904,4344290.387906,-338.396610,-28.718572,0.871473
1462565385.353031,-413102.920471,4638054.510197,4344368.801331,-338.200846,-30.938809,0.871042
1462565475.353031,-443531.640246,4635170.156388,4344447.174253,-337.990517,-33.157714,0.870573
1462565565.353031,-473940.775161,4632086.164710,4344525.503296,-337.765629,-35.375191,0.870067
1462565655.353031,-504329.015447,4628802.667995,4344603.785087,-337.526193,-37.591143,0.869523
1462565745.353031,-534695.052236,4625319.807668,4344682.016253,-337.272220,-39.805477,0.868942
1462565835.353031,-565037.577614,4621637.733743,4344760.193425,-337.003719,-42.018096,0.868323
1462565925.353031,-595355.284684,4617756.604811,4344838.313236,-336.720704,-44.228906,0.867667
1462566015.353031,-625646.867613,4613676.588039,4344916.372322,-336.423185,-46.437810,0.866973
1462566105.353031,-655911.021697,4609397.859160,4344994.367319,-336.111176,-48.644715,0.866243
1462566195.353031,-686146.443412,4604920.602464,4345072.294870,-335.784690,-50.849524,0.865474
1462566285.353031,-716351.830471,4600245.010794,4345150.151616,-335.443741,-53.052143,0.864669
1462566375.353031,-746525.881882,4595371.285536,4345227.934205,-335.088345,-55.252477,0.863826
1462566465.353031,-776667.298000,4590299.636608,4345305.639287,-334.718515,-57.450431,0.862947
1462566555.353031,-806774.780590,4585030.282453,4345383.263515,-334.334269,-59.645910,0.862030
1462566645.353031,-836847.032874,4579563.450032,4345460.803545,-333.935622,-61.838821,0.861075
1462566735.353031,-866882.759595,4573899.374809,4345538.256037,-333.522593,-64.029068,0.860084
1462566825.353031,-896880.667066,4568038.300745,4345615.617656,-333.095198,-66.216557,0.859056
1462566915.353031,-926839.463233,4561980.480284,4345692.885070,-332.653456,-68.401195,0.857991
1462567005.353031,-956757.857722,4555726.174348,4345770.054949,-332.197386,-70.582886,0.856889
1462567095.353031,-986634.561902,4549275.652318,4345847.123972,-331.727008,-72.761537,0.855749
1462567185.353031,-1016468.288938,4542629.192028,4345924.088817,-331.242342,-74.937054,0.854573
1462567275.353031,-1046257.753845,4535787.079753,4346000.946171,-330.743408,-77.109343,0.853361
1462567365.353031,-1076001.673544,4528749.610191,4346077.692722,-330.230230,-79.278311,0.852111
1462567455.353031,-1105698.766918,4521517.086458,4346154.325165,-329.702827,-81.443865,0.850825
1462567545.353031,-1135347.754868,4514089.820070,4346230.840199,-329.161224,-83.605910,0.849502
1462567635.353031,-1164947.360365,4506468.130931,4346307.234530,-328.605443,-85.764355,0.848142
1462567725.353031,-1194496.308510,4498652.347319,4346383.504865,-328.035509,-87.919105,0.846746
1462567815.353031,-1223993.326582,4490642.805871,4346459.647921,-327.451446,-90.070069,0.845314
1462567905.353031,-1253437.144100,4482439.851571,4346535.660418,-326.853279,-92.217153,0.843845
1462567995.353031,-1282826.492873,4474043.837733,4346611.539081,-326.241034,-94.360266,0.842340
1462568085.353031,-1312160.107057,4465455.125986,4346687.280642,-325.614737,-96.499314,0.840798
1462568175.353031,-1341436.723205,4456674.086260,4346762.881840,-324.974415,-98.634205,0.839220
1462568265.353031,-1370655.080331,4447701.096767,4346838.339417,-324.320096,-100.764849,0.837607
1462568355.353031,-1399813.919953,4438536.543988,4346913.650124,-323.651809,-102.891152,0.835957
1462568445.353031,-1428911.986156,4429180.822654,4346988.810717,-322.969581,-105.013024,0.834271
1462568535.353031,-1457948.025640,4419634.335731,4347063.817959,-322.273442,-107.130372,0.832549
1462568625.353031,-1486920.787778,4409897.494401,4347138.668618,-321.563423,-109.243106,0.830791
1462568715.353031,-1515829.024669,4399970.718044,4347213.359472,-320.839553,-111.351135,0.828997
1462568805.353031,-1544671.491190,4389854.434223,4347287.887302,-320.101864,-113.454368,0.827168
1462568895.353031,-1573446.945052,4379549.078660,4347362.248899,-319.350388,-115.552715,0.825303
1462568985.353031,-1602154.146850,4369055.095225,4347436.441061,-318.585157,-117.646084,0.823403
1462569075.353031,-1630791.860122,4358372.935909,4347510.460591,-317.806204,-119.734386,0.821467
1462569165.353031,-1659358.851396,4347503.060808,4347584.304301,-317.013563,-121.817531,0.819496
1462569255.353031,-1687853.890248,4336445.938107,4347657.969010,-316.207267,-123.895429,0.817489
1462569345.353031,-1716275.749353,4325202.044051,4347731.451547,-315.387352,-125.967990,0.815447
1462569435.353031,-1744623.204537,4313771.862933,4347804.748745,-314.553852,-128.035126,0.813370
1462569525.353031,-1772895.034831,4302155.887068,4347877.857448,-313.706805,-130.096748,0.811259
1462569615.353031,-1801090.022524,4290354.616775,4347950.774506,-312.846245,-132.152766,0.809112
1462569705.353031,-1829206.953213,4278368.560352,4348023.496780,-311.972211,-134.203091,0.806930
1462569795.353031,-1857244.615860,4266198.234058,4348096.021137,-311.084739,-136.247637,0.804713
1462569885.353031,-1885201.802838,4253844.162087,4348168.344453,-310.183869,-138.286314,0.802462
1462569975.353031,-1913077.309989,4241306.876548,4348240.463613,-309.269639,-140.319035,0.800177
1462570065.353031,-1940869.936671,4228586.917442,4348312.375510,-308.342087,-142.345712,0.797856
1462570155.353031,-1968578.485811,4215684.832637,4348384.077048,-307.401255,-144.366258,0.795502
1462570245.353031,-1996201.763962,4202601.177845,4348455.565137,-306.447183,-146.380586,0.793113
1462570335.353031,-2023738.581344,4189336.516601,4348526.836700,-305.479912,-148.388610,0.790690
1462570425.353031,-2051187.751905,4175891.420233,4348597.888666,-304.499483,-150.390241,0.788233
1462570515.353031,-2078548.093365,4162266.467842,4348668.717974,-303.505939,-152.385396,0.785742
1462570605.353031,-2105818.427274,4148462.246278,4348739.321574,-302.499322,-154.373987,0.783217
1462570695.353031,-2132997.579055,4134479.350107,4348809.696426,-301.479677,-156.355928,0.780659
1462570785.353031,-2160084.378061,4120318.381596,4348879.839497,-300.447046,-158.331135,0.778067
1462570875.353031,-2187077.657620,4105979.950680,4348949.747766,-299.401474,-160.299523,0.775441
1462570965.353031,-2213976.255091,4091464.674937,4349019.418223,-298.343007,-162.261006,0.772782
1462571055.353031,-2240779.011909,4076773.179562,4349088.847867,-297.271690,-164.215501,0.770089
1462571145.353031,-2267484.773638,4061906.097340,4349158.033707,-296.187568,-166.162922,0.767364
1462571235.353031,-2294092.390019,4046864.068621,4349226.972763,-295.090690,-168.103187,0.764605
1462571325.353031,-2320600.715021,4031647.741287,4349295.662066,-293.981101,-170.036211,0.761814
1462571415.353031,-2347008.606890,4016257.770729,4349364.098657,-292.858850,-171.961911,0.758989
1462571505.353031,-2373314.928196,4000694.819818,4349432.279589,-291.723986,-173.880205,0.756132
1462571595.353031,-2399518.545887,3984959.558873,4349500.201924,-290.576556,-175.791010,0.753243
1462571685.353031,-2425618.331330,3969052.665636,4349567.862738,-289.416611,-177.694242,0.750321
1462571775.353031,-2451613.160369,3952974.825243,4349635.259116,-288.244200,-179.589822,0.747366
1462571865.353031,-2477501.913365,3936726.730190,4349702.388156,-287.059374,-181.477666,0.744380
1462571955.353031,-2503283.475249,3920309.080309,4349769.246965,-285.862183,-183.357693,0.741361
1462572045.353031,-2528956.735571,3903722.582732,4349835.832664,-284.652681,-185.229823,0.738311
1462572135.353031,-2554520.588543,3886967.951866,4349902.142385,-283.430918,-187.093975,0.735228
1462572225.353031,-2579973.933089,3870045.909359,4349968.173272,-282.196947,-188.950069,0.732114
1462572315.353031,-2605315.672896,3852957.184069,4350033.922481,-280.950821,-190.798024,0.728969
1462572405.353031,-2630544.716455,3835702.512035,4350099.387180,-279.692595,-192.637761,0.725792
1462572495.353031,-2655659.977112,3818282.636442,4350164.564549,-278.422321,-194.469201,0.722584
1462572585.353031,-2680660.373115,3800698.307590,4350229.451781,-277.140056,-196.292265,0.719344
1462572675.353031,-2705544.827656,3782950.282864,4350294.046081,-275.845854,-198.106874,0.716074
1462572765.353031,-2730312.268924,3765039.326699,4350358.344667,-274.539770,-199.912950,0.712773
1462572855.353031,-2754961.630148,3746966.210548,4350422.344770,-273.221862,-201.710416,0.709441
1462572945.353031,-2779491.849640,3728731.712847,4350486.043632,-271.892186,-203.499194,0.706079
1462573035.353031,-2803901.870847,3710336.618985,4350549.438511,-270.550799,-205.279207,0.702686
1462573125.353031,-2828190.642391,3691781.721267,4350612.526675,-269.197758,-207.050378,0.699263
1462573215.353031,-2852357.118116,3673067.818881,4350675.305407,-267.833123,-208.812631,0.695809
1462573305.353031,-2876400.257136,3654195.717864,4350737.772004,-266.456952,-210.565891,0.692326
1462573395.353031,-2900319.023875,3635166.231066,4350799.923774,-265.069305,-212.310081,0.688813
1462573485.353031,-2924112.388115,3615980.178117,4350861.758041,-263.670240,-214.045126,0.685271
1462573575.353031,-2947779.325038,3596638.385390,4350923.272141,-262.259819,-215.770952,0.681698
1462573665.353031,-2971318.815274,3577141.685966,4350984.463425,-260.838102,-217.487485,0.678097
1462573755.353031,-2994729.844939,3557490.919598,4351045.329258,-259.405150,-219.194650,0.674466
1462573845.353031,-3018011.405684,3537686.932675,4351105.867017,-257.961025,-220.892374,0.670806
1462573935.353031,-3041162.494737,3517730.578185,4351166.074095,-256.505789,-222.580584,0.667118
1462574025.353031,-3064182.114944,3497622.715679,4351225.947898,-255.039506,-224.259207,0.663400
1462574115.353031,-3087069.274815,3477364.211235,4351285.485849,-253.562237,-225.928170,0.659654
1462574205.353031,-3109822.988564,3456955.937416,4351344.685382,-252.074047,-227.587403,0.655880
1462574295.353031,-3132442.276153,3436398.773240,4351403.543948,-250.574999,-229.236833,0.652077
1462574385.353031,-3154926.163335,3415693.604135,4351462.059011,-249.065160,-230.876390,0.648246
1462574475.353031,-3177273.681694,3394841.321905,4351520.228052,-247.544592,-232.506002,0.644388
1462574565.353031,-3199483.868687,3373842.824690,4351578.048564,-246.013362,-234.125600,0.640501
1462574655.353031,-3221555.767687,3352699.016928,4351635.518057,-244.471537,-235.735114,0.636587
1462574745.353031,-3243488.428024,3331410.809314,4351692.634056,-242.919181,-237.334474,0.632646
1462574835.353031,-3265280.905024,3309979.118766,4351749.394101,-241.356362,-238.923612,0.628677
1462574925.353031,-3286932.260051,3288404.868380,4351805.795747,-239.783148,-240.502459,0.624681
1462575015.353031,-3308441.560547,3266688.987391,4351861.836564,-238.199606,-242.070947,0.620659
1462575105.353031,-3329807.880074,3244832.411137,4351917.514140,-236.605805,-243.629009,0.616609
1462575195.353031,-3351030.298352,3222836.081014,4351972.826074,-235.001812,-245.176578,0.612533
1462575285.353031,-3372107.901297,3200700.944438,4352027.769987,-233.387698,-246.713586,0.608431
1462575375.353031,-3393039.781065,3178427.954803,4352082.343509,-231.763531,-248.239968,0.604302
1462575465.353031,-3413825.036087,3156018.071442,4352136.544292,-230.129382,-249.755658,0.600148
1462575555.353031,-3434462.771110,3133472.259583,4352190.370001,-228.485321,-251.260591,0.595967
1462575645.353031,-3454952.097235,3110791.490310,4352243.818316,-226.831418,-252.754701,0.591761
1462575735.353031,-3475292.131956,3087976.740517,4352296.886936,-225.167746,-254.237925,0.587530
1462575825.353031,-3495481.999194,3065028.992872,4352349.573576,-223.494375,-255.710198,0.583273
1462575915.353031,-3515520.829341,3041949.235770,4352401.875966,-221.811378,-257.171458,0.578991
1462576005.353031,-3535407.759294,3018738.463292,4352453.791852,-220.118827,-258.621641,0.574684
1462576095.353031,-3555141.932492,2995397.675161,4352505.319000,-218.416795,-260.060684,0.570352
1462576185.353031,-3574722.498954,2971927.876701,4352556.455189,-216.705356,-261.488526,0.565996
1462576275.353031,-3594148.615314,2948330.078793,4352607.198217,-214.984583,-262.905106,0.561615
1462576365.353031,-3613419.444858,2924605.297831,4352657.545898,-213.254550,-264.310362,0.557210
1462576455.353031,-3632534.157564,2900754.555677,4352707.496065,-211.515333,-265.704234,0.552781
1462576545.353031,-3651491.930130,2876778.879620,4352757.046564,-209.767004,-267.086661,0.548329
1462576635.353031,-3670291.946015,2852679.302331,4352806.195263,-208.009641,-268.457584,0.543853
1462576725.353031,-3688933.395475,2828456.861814,4352854.940043,-206.243319,-269.816945,0.539353
1462576815.353031,-3707415.475592,2804112.601367,4352903.278806,-204.468113,-271.164684,0.534830
1462576905.353031,-3725737.390315,2779647.569536,4352951.209470,-202.684100,-272.500744,0.530284
1462576995.353031,-3743898.350491,2755062.820068,4352998.729969,-200.891358,-273.825067,0.525715
1462577085.353031,-3761897.573899,2730359.411865,4353045.838258,-199.089963,-275.137595,0.521124
1462577175.353031,-3779734.285285,2705538.408942,4353092.532307,-197.279992,-276.438273,0.516510
1462577265.353031,-3797407.716393,2680600.880379,4353138.810104,-195.461525,-277.727045,0.511874
1462577355.353031,-3814917.106002,2655547.900271,4353184.669657,-193.634639,-279.003854,0.507215
1462577445.353031,-3832261.699956,2630380.547692,4353230.108991,-191.799413,-280.268646,0.502535
1462577535.353031,-3849440.751195,2605099.906636,4353275.126147,-189.955925,-281.521367,0.497834
1462577625.353031,-3866453.519791,2579707.065982,4353319.719188,-188.104256,-282.761962,0.493111
1462577715.353031,-3883299.272978,2554203.119436,4353363.886192,-186.244485,-283.990378,0.488366
1462577805.353031,-3899977.285183,2528589.165495,4353407.625256,-184.376692,-285.206562,0.483601
1462577895.353031,-3916486.838059,2502866.307391,4353450.934498,-182.500958,-286.410461,0.478815
1462577985.353031,-3932827.220513,2477035.653047,4353493.812051,-180.617363,-287.602025,0.474008
1462578075.353031,-3948997.728740,2451098.315029,4353536.256069,-178.725988,-288.781201,0.469181
1462578165.353031,-3964997.666251,2425055.410499,4353578.264724,-176.826916,-289.947939,0.464333
1462578255.353031,-3980826.343904,2398908.061165,4353619.836206,-174.920227,-291.102189,0.459466
1462578345.353031,-3996483.079933,2372657.393234,4353660.968724,-173.006005,-292.243900,0.454578
1462578435.353031,-4011967.199978,2346304.537362,4353701.660507,-171.084330,-293.373024,0.449671
1462578525.353031,-4027278.037115,2319850.628608,4353741.909802,-169.155287,-294.489511,0.444745
1462578615.353031,-4042414.931881,2293296.806383,4353781.714875,-167.218958,-295.593315,0.439800
1462578705.353031,-4057377.232308,2266644.214401,4353821.074013,-165.275427,-296.684387,0.434836
1462578795.353031,-4072164.293945,2239894.000631,4353859.985519,-163.324777,-297.762680,0.429852
1462578885.353031,-4086775.479892,2213047.317245,4353898.447718,-161.367092,-298.828149,0.424851
1462578975.353031,-4101210.160821,2186105.320571,4353936.458952,-159.402457,-299.880746,0.419831
1462579065.353031,-4115467.715008,2159069.171045,4353974.017586,-157.430956,-300.920427,0.414793
1462579155.353031,-4129547.528360,2131940.033153,4354011.122000,-155.452675,-301.947146,0.409737
1462579245.353031,-4143448.994431,2104719.075400,4354047.770597,-153.467698,-302.960861,0.404664
1462579335.353031,-4157171.514457,2077407.470249,4354083.961798,-151.476110,-303.961526,0.399573
1462579425.353031,-4170714.497400,2050006.394028,4354119.694045,-149.477999,-304.949100,0.394465
1462579515.353031,-4184077.359942,2022517.026946,4354154.965797,-147.473449,-305.923539,0.389340
1462579605.353031,-4197259.526525,1994940.553011,4354189.775537,-145.462548,-306.884801,0.384198
1462579695.353031,-4210260.429372,1967278.159985,4354224.121764,-143.445381,-307.832845,0.379040
1462579785.353031,-4223079.508514,1939531.039331,4354258.003000,-141.422035,-308.767630,0.373865
1462579875.353031,-4235716.211813,1911700.386159,4354291.417784,-139.392599,-309.689116,0.368674
1462579965.353031,-4248169.994987,1883787.399179,4354324.364678,-137.357158,-310.597264,0.363467
1462580055.353031,-4260440.321633,1855793.280647,4354356.842263,-135.315801,-311.492033,0.358245
1462580145.353031,-4272526.663247,1827719.236312,4354388.849139,-133.268616,-312.373386,0.353007
1462580235.353031,-4284428.499253,1799566.475368,4354420.383927,-131.215691,-313.241285,0.347754
1462580325.353031,-4296145.317021,1771336.210396,4354451.445271,-129.157115,-314.095692,0.342486
1462580415.353031,-4307676.611888,1743029.657319,4354482.031831,-127.092975,-314.936570,0.337203
1462580505.353031,-4319021.887184,1714648.035343,4354512.142291,-125.023361,-315.763884,0.331906
1462580595.353031,-4330180.654251,1686192.566910,4354541.775353,-122.948363,-316.577597,0.326595
1462580685.353031,-4341152.432463,1657664.477639,4354570.929741,-120.868068,-317.377674,0.321269
1462580775.353031,-4351936.749248,1629064.996280,4354599.604199,-118.782568,-318.164082,0.315929
1462580865.353031,-4362533.140109,1600395.354657,4354627.797492,-116.691952,-318.936786,0.310576
1462580955.353031,-4372941.148644,1571656.787615,4354655.508406,-114.596309,-319.695752,0.305210
1462581045.353031,-4383160.326563,1542850.532970,4354682.735746,-112.495731,-320.440949,0.299830
1462581135.353031,-4393190.233710,1513977.831451,4354709.478341,-110.390307,-321.172344,0.294438
1462581225.353031,-4403030.438082,1485039.926651,4354735.735039,-108.280128,-321.889906,0.289033
1462581315.353031,-4412680.515845,1456038.064969,4354761.504708,-106.165286,-322.593603,0.283615
1462581405.353031,-4422140.051357,1426973.495561,4354786.786238,-104.045871,-323.283406,0.278185
1462581495.353031,-4431408.637180,1397847.470283,4354811.578541,-101.921975,-323.959284,0.272743
1462581585.353031,-4440485.874102,1368661.243637,4354835.880548,-99.793689,-324.621209,0.267290
1462581675.353031,-4449371.371152,1339416.072720,4354859.691214,-97.661104,-325.269152,0.261825
1462581765.353031,-4458064.745618,1310113.217167,4354883.009511,-95.524313,-325.903085,0.256348
1462581855.353031,-4466565.623063,1280753.939096,4354905.834436,-93.383408,-326.522981,0.250861
1462581945.353031,-4474873.637341,1251339.503058,4354928.165006,-91.238480,-327.128814,0.245363
1462582035.353031,-4482988.430612,1221871.175977,4354950.000259,-89.089623,-327.720556,0.239854
1462582125.353031,-4490909.653361,1192350.227101,4354971.339254,-86.936929,-328.298183,0.234335
1462582215.353031,-4498636.964408,1162777.927942,4354992.181072,-84.780490,-328.861669,0.228805
1462582305.353031,-4506170.030925,1133155.552225,4355012.524815,-82.620399,-329.410991,0.223266
1462582395.353031,-4513508.528452,1103484.375832,4355032.369608,-80.456750,-329.946125,0.217718
1462582485.353031,-4520652.140908,1073765.676745,4355051.714595,-78.289635,-330.467047,0.212160
1462582575.353031,-4527600.560607,1044000.734996,4355070.558943,-76.119148,-330.973736,0.206592
1462582665.353031,-4534353.488269,1014190.832606,4355088.901840,-73.945383,-331.466169,0.201016
1462582755.353031,-4540910.633036,984337.253535,4355106.742496,-71.768433,-331.944325,0.195431
1462582845.353031,-4547271.712480,954441.283622,4355124.080143,-69.588392,-332.408184,0.189838
1462582935.353031,-4553436.452622,924504.210532,4355140.914034,-67.405353,-332.857726,0.184237
1462583025.353031,-4559404.587934,894527.323702,4355157.243444,-65.219411,-333.292931,0.178628
1462583115.353031,-4565175.861362,864511.914283,4355173.067669,-63.030660,-333.713780,0.173011
1462583205.353031,-4570750.024326,834459.275085,4355188.386028,-60.839194,-334.120256,0.167386
1462583295.353031,-4576126.836740,804370.700522,4355203.197860,-58.645108,-334.512341,0.161755
1462583385.353031,-4581306.067015,774247.486555,4355217.502529,-56.448496,-334.890018,0.156116
1462583475.353031,-4586287.492074,744090.930638,4355231.299418,-54.249452,-335.253271,0.150471
1462583565.353031,-4591070.897360,713902.331660,4355244.587932,-52.048072,-335.602083,0.144819
1462583655.353031,-4595656.076843,683682.989890,4355257.367499,-49.844450,-335.936441,0.139161
1462583745.353031,-4600042.833033,653434.206924,4355269.637569,-47.638681,-336.256330,0.133497
1462583835.353031,-4604230.976985,623157.285622,4355281.397612,-45.430861,-336.561735,0.127827
1462583925.353031,-4608220.328310,592853.530058,4355292.647124,-43.221083,-336.852645,0.122151
1462584015.353031,-4612010.715180,562524.245463,4355303.385618,-41.009444,-337.129045,0.116471
1462584105.353031,-4615601.974337,532170.738166,4355313.612632,-38.796039,-337.390925,0.110785
1462584195.353031,-4618993.951101,501794.315538,4355323.327726,-36.580962,-337.638273,0.105095
1462584285.353031,-4622186.499372,471396.285940,4355332.530481,-34.364310,-337.871078,0.099400
1462584375.353031,-4625179.481644,440977.958662,4355341.220502,-32.146178,-338.089331,0.093701
1462584465.353031,-4627972.769004,410540.643868,4355349.397412,-29.926661,-338.293022,0.087998
1462584555.353031,-4630566.241140,380085.652540,4355357.060861,-27.705856,-338.482141,0.082291
1462584645.353031,-4632959.786348,349614.296423,4355364.210518,-25.483857,-338.656682,0.076580
1462584735.353031,-4635153.301534,319127.887964,4355370.846075,-23.260760,-338.816637,0.070866
1462584825.353031,-4637146.692221,288627.740261,4355376.967247,-21.036662,-338.961998,0.065149
1462584915.353031,-4638939.872549,258115.167002,4355382.573769,-18.811657,-339.092759,0.059430
1462585005.353031,-4640532.765283,227591.482410,4355387.665400,-16.585842,-339.208915,0.053707
1462585095.353031,-4641925.301815,197058.001189,4355392.241920,-14.359313,-339.310461,0.047983
1462585185.353031,-4643117.422167,166516.038463,4355396.303134,-12.132165,-339.397392,0.042256
1462585275.353031,-4644109.074991,135966.909720,4355399.848864,-9.904495,-339.469705,0.036528
1462585365.353031,-4644900.217577,105411.930760,4355402.878960,-7.676398,-339.527397,0.030798
1462585455.353031,-4645490.815847,74852.417633,4355405.393290,-5.447970,-339.570464,0.025066
1462585545.353031,-4645880.844365,44289.686584,4355407.391745,-3.219308,-339.598906,0.019334
1462585635.353031,-4646070.286330,13725.053997,4355408.874241,-0.990507,-339.612721,0.013601
1462585725.353031,-4646059.133584,-16840.163661,4355409.840712,1.238336,-339.611907,0.007867
1462585815.353031,-4645847.386607,-47404.649900,4355410.291117,3.467126,-339.596467,0.002132
1462585905.353031,-4645435.054518,-77967.088260,4355410.225437,5.695767,-339.566399,-0.003602
1462585995.353031,-4644822.155079,-108526.162368,4355409.643675,7.924163,-339.521706,-0.009336
1462586085.353031,-4644008.714686,-139080.555999,4355408.545855,10.152217,-339.462389,-0.015070
1462586175.353031,-4642994.768377,-169628.953127,4355406.932025,12.379834,-339.388451,-0.020803
1462586265.353031,-4641780.359823,-200170.037985,4355404.802254,14.606917,-339.299895,-0.026535
1462586355.353031,-4640365.541332,-230702.495123,4355402.156634,16.833372,-339.196724,-0.032266
1462586445.353031,-4638750.373841,-261225.009459,4355398.995278,19.059101,-339.078944,-0.037996
1462586535.353031,-4636934.926918,-291736.266341,4355395.318324,21.284010,-338.946560,-0.043724
1462586625.353031,-4634919.278757,-322234.951603,4355391.125929,23.508002,-338.799576,-0.049450
1462586715.353031,-4632703.516175,-352719.751619,4355386.418273,25.730981,-338.638000,-0.055174
1462586805.353031,-4630287.734609,-383189.353362,4355381.195560,27.952852,-338.461838,-0.060896
1462586895.353031,-4627672.038111,-413642.444458,4355375.458015,30.173519,-338.271098,-0.066615
1462586985.353031,-4624856.539341,-444077.713246,4355369.205884,32.392887,-338.065788,-0.072331
1462587075.353031,-4621841.359568,-474493.848831,4355362.439436,34.610859,-337.845917,-0.078044
1462587165.353031,-4618626.628661,-504889.541143,4355355.158964,36.827341,-337.611494,-0.083753
1462587255.353031,-4615212.485083,-535263.480994,4355347.364780,39.042236,-337.362531,-0.089460
1462587345.353031,-4611599.075886,-565614.360130,4355339.057220,41.255450,-337.099036,-0.095162
1462587435.353031,-4607786.556705,-595940.871292,4355330.236643,43.466886,-336.821022,-0.100860
1462587525.353031,-4603775.091752,-626241.708269,4355320.903427,45.676451,-336.528501,-0.106554
1462587615.353031,-4599564.853807,-656515.565960,4355311.057976,47.884048,-336.221484,-0.112243
1462587705.353031,-4595156.024210,-686761.140420,4355300.700712,50.089583,-335.899987,-0.117927
1462587795.353031,-4590548.792857,-716977.128927,4355289.832082,52.292960,-335.564021,-0.123606
1462587885.353031,-4585743.358190,-747162.230031,4355278.452554,54.494085,-335.213602,-0.129280
1462587975.353031,-4580739.927184,-777315.143614,4355266.562618,56.692863,-334.848745,-0.134949
1462588065.353031,-4575538.715345,-807434.570941,4355254.162786,58.889199,-334.469466,-0.140611
1462588155.353031,-4570139.946699,-837519.214724,4355241.253593,61.082999,-334.075780,-0.146268
1462588245.353031,-4564543.853778,-867567.779170,4355227.835594,63.274168,-333.667706,-0.151918
1462588335.353031,-4558750.677614,-897578.970040,4355213.909366,65.462611,-333.245260,-0.157562
1462588425.353031,-4552760.667729,-927551.494706,4355199.475511,67.648235,-332.808460,-0.163199
1462588515.353031,-4546574.082122,-957484.062206,4355184.534649,69.830945,-332.357326,-0.168829
1462588605.353031,-4540191.187257,-987375.383297,4355169.087424,72.010647,-331.891876,-0.174451
1462588695.353031,-4533612.258058,-1017224.170513,4355153.134502,74.187248,-331.412132,-0.180066
1462588785.353031,-4526837.577887,-1047029.138222,4355136.676568,76.360653,-330.918113,-0.185673
1462588875.353031,-4519867.438542,-1076789.002676,4355119.714333,78.530769,-330.409841,-0.191273
1462588965.353031,-4512702.140236,-1106502.482073,4355102.248526,80.697503,-329.887338,-0.196864
1462589055.353031,-4505341.991591,-1136168.296607,4355084.279901,82.860761,-329.350625,-0.202446
1462589145.353031,-4497787.309619,-1165785.168526,4355065.809230,85.020451,-328.799728,-0.208020
1462589235.353031,-4490038.419711,-1195351.822185,4355046.837310,87.176478,-328.234668,-0.213585
1462589325.353031,-4482095.655626,-1224866.984102,4355027.364956,89.328750,-327.655471,-0.219141
1462589415.353031,-4473959.359470,-1254329.383014,4355007.393010,91.477175,-327.062161,-0.224687
1462589505.353031,-4465629.881685,-1283737.749929,4354986.922329,93.621660,-326.454764,-0.230224
1462589595.353031,-4457107.581035,-1313090.818184,4354965.953796,95.762112,-325.833306,-0.235751
1462589685.353031,-4448392.824590,-1342387.323496,4354944.488314,97.898440,-325.197814,-0.241267
1462589775.353031,-4439485.987706,-1371626.004020,4354922.526808,100.030551,-324.548316,-0.246773
1462589865.353031,-4430387.454016,-1400805.600401,4354900.070223,102.158354,-323.884838,-0.252269
1462589955.353031,-4421097.615406,-1429924.855827,4354877.119527,104.281756,-323.207410,-0.257753
1462590045.353031,-4411616.872006,-1458982.516088,4354853.675708,106.400667,-322.516061,-0.263227
1462590135.353031,-4401945.632164,-1487977.329626,4354829.739776,108.514996,-321.810821,-0.268689
1462590225.353031,-4392084.312437,-1516908.047588,4354805.312762,110.624650,-321.091720,-0.274140
1462590315.353031,-4382033.337566,-1545773.423884,4354780.395717,112.729539,-320.358790,-0.279579
1462590405.353031,-4371793.140463,-1574572.215237,4354754.989715,114.829573,-319.612060,-0.285006
1462590495.353031,-4361364.162189,-1603303.181239,4354729.095851,116.924661,-318.851565,-0.290420
1462590585.353031,-4350746.851936,-1631965.084403,4354702.715238,119.014713,-318.077336,-0.295822
1462590675.353031,-4339941.667008,-1660556.690216,4354675.849015,121.099639,-317.289407,-0.301211
1462590765.353031,-4328949.072801,-1689076.767194,4354648.498337,123.179349,-316.487812,-0.306588
1462590855.353031,-4317769.542782,-1717524.086932,4354620.664383,125.253753,-315.672585,-0.311951
1462590945.353031,-4306403.558473,-1745897.424160,4354592.348352,127.322763,-314.843762,-0.317300
1462591035.353031,-4294851.609423,-1774195.556796,4354563.551463,129.386288,-314.001378,-0.322636
1462591125.353031,-4283114.193192,-1802417.265993,4354534.274956,131.444241,-313.145470,-0.327958
1462591215.353031,-4271191.815330,-1830561.336201,4354504.520093,133.496532,-312.276073,-0.333266
1462591305.353031,-4259084.989351,-1858626.555209,4354474.288155,135.543074,-311.393227,-0.338560
1462591395.353031,-4246794.236715,-1886611.714207,4354443.580443,137.583777,-310.496968,-0.343839
1462591485.353031,-4234320.086805,-1914515.607829,4354412.398282,139.618554,-309.587336,-0.349103
1462591575.353031,-4221663.076900,-1942337.034211,4354380.743013,141.647318,-308.664370,-0.354352
1462591665.353031,-4208823.752158,-1970074.795042,4354348.616000,143.669980,-307.728108,-0.359586
1462591755.353031,-4195802.665588,-1997727.695614,4354316.018626,145.686455,-306.778593,-0.364805
1462591845.353031,-4182600.378030,-2025294.544872,4354282.952297,147.696655,-305.815864,-0.370008
1462591935.353031,-4169217.458125,-2052774.155471,4354249.418435,149.700493,-304.839963,-0.375194
1462592025.353031,-4155654.482296,-2080165.343821,4354215.418486,151.697883,-303.850932,-0.380365
1462592115.353031,-4141912.034723,-2107466.930141,4354180.953913,153.688739,-302.848814,-0.385519
1462592205.353031,-4127990.707314,-2134677.738509,4354146.026202,155.672976,-301.833651,-0.390657
1462592295.353031,-4113891.099682,-2161796.596914,4354110.636855,157.650508,-300.805489,-0.395778
1462592385.353031,-4099613.819118,-2188822.337304,4354074.787399,159.621249,-299.764370,-0.400881
1462592475.353031,-4085159.480567,-2215753.795640,4354038.479376,161.585116,-298.710339,-0.405968
1462592565.353031,-4070528.706600,-2242589.811941,4354001.714351,163.542022,-297.643443,-0.411037
1462592655.353031,-4055722.127387,-2269329.230339,4353964.493906,165.491885,-296.563727,-0.416088
1462592745.353031,-4040740.380671,-2295970.899125,4353926.819646,167.434620,-295.471237,-0.421122
1462592835.353031,-4025584.111738,-2322513.670802,4353888.693192,169.370143,-294.366021,-0.426137
1462592925.353031,-4010253.973392,-2348956.402131,4353850.116188,171.298371,-293.248126,-0.431134
1462593015.353031,-3994750.625927,-2375297.954183,4353811.090293,173.219220,-292.117601,-0.436112
1462593105.353031,-3979074.737094,-2401537.192386,4353771.617190,175.132610,-290.974493,-0.441072
1462593195.353031,-3963226.982080,-2427672.986577,4353731.698579,177.038455,-289.818853,-0.446012
1462593285.353031,-3947208.043470,-2453704.211045,4353691.336178,178.936676,-288.650730,-0.450934
1462593375.353031,-3931018.611227,-2479629.744586,4353650.531726,180.827189,-287.470174,-0.455836
1462593465.353031,-3914659.382654,-2505448.470546,4353609.286981,182.709914,-286.277237,-0.460718
1462593555.353031,-3898131.062367,-2531159.276874,4353567.603719,184.584769,-285.071969,-0.465580
1462593645.353031,-3881434.362268,-2556761.056165,4353525.483735,186.451674,-283.854422,-0.470423
1462593735.353031,-3864570.001509,-2582252.705710,4353482.928844,188.310548,-282.624650,-0.475245
1462593825.353031,-3847538.706464,-2607633.127546,4353439.940878,190.161312,-281.382704,-0.480046
1462593915.353031,-3830341.210697,-2632901.228497,4353396.521690,192.003885,-280.128639,-0.484827
1462594005.353031,-3812978.254931,-2658055.920228,4353352.673148,193.838188,-278.862508,-0.489588
1462594095.353031,-3795450.587016,-2683096.119287,4353308.397142,195.664142,-277.584367,-0.494327
1462594185.353031,-3777758.961896,-2708020.747154,4353263.695579,197.481668,-276.294269,-0.499044
1462594275.353031,-3759904.141575,-2732828.730287,4353218.570383,199.290689,-274.992271,-0.503741
1462594365.353031,-3741886.895089,-2757519.000167,4353173.023500,201.091125,-273.678428,-0.508415
1462594455.353031,-3723707.998468,-2782090.493346,4353127.056889,202.882901,-272.352798,-0.513068
1462594545.353031,-3705368.234707,-2806542.151493,4353080.672532,204.665938,-271.015437,-0.517698
1462594635.353031,-3686868.393725,-2830872.921435,4353033.872425,206.440160,-269.666403,-0.522306
1462594725.353031,-3668209.272341,-2855081.755210,4352986.658585,208.205490,-268.305754,-0.526892
1462594815.353031,-3649391.674232,-2879167.610105,4352939.033046,209.961852,-266.933549,-0.531455
1462594905.353031,-3630416.409900,-2903129.448705,4352890.997858,211.709171,-265.549846,-0.535995
1462594995.353031,-3611284.296641,-2926966.238938,4352842.555090,213.447371,-264.154706,-0.540512
1462595085.353031,-3591996.158502,-2950676.954114,4352793.706829,215.176378,-262.748188,-0.545006
1462595175.353031,-3572552.826255,-2974260.572978,4352744.455179,216.896117,-261.330354,-0.549477
1462595265.353031,-3552955.137354,-2997716.079746,4352694.802261,218.606514,-259.901263,-0.553923
1462595355.353031,-3533203.935901,-3021042.464153,4352644.750214,220.307495,-258.460978,-0.558346
1462595445.353031,-3513300.072612,-3044238.721495,4352594.301193,221.998987,-257.009561,-0.562745
1462595535.353031,-3493244.404776,-3067303.852675,4352543.457372,223.680917,-255.547074,-0.567119
1462595625.353031,-3473037.796223,-3090236.864240,4352492.220940,225.353213,-254.073580,-0.571469
1462595715.353031,-3452681.117282,-3113036.768432,4352440.594104,227.015803,-252.589143,-0.575795
1462595805.353031,-3432175.244746,-3135702.583221,4352388.579088,228.668614,-251.093826,-0.580095
1462595895.353031,-3411521.061837,-3158233.332358,4352336.178132,230.311577,-249.587694,-0.584371
1462595985.353031,-3390719.458160,-3180628.045407,4352283.393493,231.944620,-248.070813,-0.588622
1462596075.353031,-3369771.329673,-3202885.757794,4352230.227444,233.567672,-246.543246,-0.592847
1462596165.353031,-3348677.578646,-3225005.510844,4352176.682276,235.180665,-245.005061,-0.597046
1462596255.353031,-3327439.113617,-3246986.351825,4352122.760295,236.783528,-243.456322,-0.601220
1462596345.353031,-3306056.849361,-3268827.333989,4352068.463823,238.376192,-241.897098,-0.605368
1462596435.353031,-3284531.706846,-3290527.516611,4352013.795198,239.958589,-240.327455,-0.609490
1462596525.353031,-3262864.613191,-3312085.965030,4351958.756776,241.530650,-238.747460,-0.613586
1462596615.353031,-3241056.501633,-3333501.750690,4351903.350927,243.092309,-237.157183,-0.617655
1462596705.353031,-3219108.311480,-3354773.951181,4351847.580038,244.643497,-235.556690,-0.621698
1462596795.353031,-3197020.988076,-3375901.650276,4351791.446510,246.184148,-233.946052,-0.625714
1462596885.353031,-3174795.482754,-3396883.937971,4351734.952761,247.714195,-232.325337,-0.629703
1462596975.353031,-3152432.752803,-3417719.910529,4351678.101224,249.233573,-230.694616,-0.633665
1462597065.353031,-3129933.761420,-3438408.670510,4351620.894349,250.742216,-229.053958,-0.637599
1462597155.353031,-3107299.477670,-3458949.326817,4351563.334599,252.240059,-227.403435,-0.641506
1462597245.353031,-3084530.876448,-3479340.994735,4351505.424453,253.727038,-225.743117,-0.645386
1462597335.353031,-3061628.938433,-3499582.795960,4351447.166405,255.203088,-224.073076,-0.649237
1462597425.353031,-3038594.650046,-3519673.858648,4351388.562966,256.668147,-222.393384,-0.653061
1462597515.353031,-3015429.003409,-3539613.317446,4351329.616658,258.122150,-220.704113,-0.656856
1462597605.353031,-2992132.996304,-3559400.313529,4351270.330021,259.565036,-219.005336,-0.660624
1462597695.353031,-2968707.632125,-3579033.994642,4351210.705608,260.996742,-217.297126,-0.664362
1462597785.353031,-2945153.919839,-3598513.515132,4351150.745988,262.417206,-215.579556,-0.668073
1462597875.353031,-2921472.873941,-3617838.035985,4351090.453743,263.826367,-213.852701,-0.671754
1462597965.353031,-2897665.514410,-3637006.724865,4351029.831469,265.224165,-212.116636,-0.675406
1462598055.353031,-2873732.866665,-3656018.756145,4350968.881779,266.610540,-210.371434,-0.679030
1462598145.353031,-2849675.961524,-3674873.310950,4350907.607296,267.985431,-208.617171,-0.682624
1462598235.353031,-2825495.835153,-3693569.577183,4350846.010661,269.348780,-206.853923,-0.686189
1462598325.353031,-2801193.529030,-3712106.749568,4350784.094526,270.700527,-205.081765,-0.689724
1462598415.353031,-2776770.089891,-3730484.029680,4350721.861558,272.040615,-203.300774,-0.693229
1462598505.353031,-2752226.569691,-3748700.625980,4350659.314438,273.368985,-201.511026,-0.696705
1462598595.353031,-2727564.025560,-3766755.753853,4350596.455859,274.685582,-199.712599,-0.700150
1462598685.353031,-2702783.519749,-3784648.635636,4350533.288529,275.990347,-197.905570,-0.703566
1462598775.353031,-2677886.119594,-3802378.500654,4350469.815169,277.283224,-196.090018,-0.706951
1462598865.353031,-2652872.897465,-3819944.585255,4350406.038512,278.564159,-194.266019,-0.710306
1462598955.353031,-2627744.930720,-3837346.132840,4350341.961306,279.833096,-192.433652,-0.713630
1462599045.353031,-2602503.301659,-3854582.393898,4350277.586310,281.089979,-190.592998,-0.716923
1462599135.353031,-2577149.097478,-3871652.626037,4350212.916297,282.334756,-188.744134,-0.720186
1462599225.353031,-2551683.410222,-3888556.094014,4350147.954053,283.567372,-186.887141,-0.723417
1462599315.353031,-2526107.336737,-3905292.069772,4350082.702375,284.787774,-185.022098,-0.726617
1462599405.353031,-2500421.978626,-3921859.832467,4350017.164074,285.995911,-183.149086,-0.729786
1462599495.353031,-2474628.442195,-3938258.668498,4349951.341973,287.191729,-181.268186,-0.732924
1462599585.353031,-2448727.838412,-3954487.871542,4349885.238906,288.375177,-179.379478,-0.736030
1462599675.353031,-2422721.282857,-3970546.742584,4349818.857722,289.546204,-177.483044,-0.739104
1462599765.353031,-2396609.895672,-3986434.589942,4349752.201279,290.704760,-175.578965,-0.742147
1462599855.353031,-2370394.801514,-4002150.729302,4349685.272448,291.850795,-173.667324,-0.745157
1462599945.353031,-2344077.129509,-4017694.483745,4349618.074112,292.984260,-171.748203,-0.748136
1462600035.353031,-2317658.013200,-4033065.183779,4349550.609164,294.105105,-169.821684,-0.751082
1462600125.353031,-2291138.590499,-4048262.167363,4349482.880512,295.213283,-167.887851,-0.753996
1462600215.353031,-2264520.003637,-4063284.779940,4349414.891072,296.308745,-165.946787,-0.756877
1462600305.353031,-2237803.399120,-4078132.374462,4349346.643773,297.391445,-163.998575,-0.759726
1462600395.353031,-2210989.927672,-4092804.311421,4349278.141553,298.461336,-162.043299,-0.762542
1462600485.353031,-2184080.744191,-4107299.958873,4349209.387364,299.518371,-160.081044,-0.765325
1462600575.353031,-2157077.007698,-4121618.692469,4349140.384167,300.562506,-158.111894,-0.768075
1462600665.353031,-2129979.881285,-4135759.895479,4349071.134934,301.593696,-156.135934,-0.770792
1462600755.353031,-2102790.532067,-4149722.958818,4349001.642648,302.611895,-154.153249,-0.773476
1462600845.353031,-2075510.131132,-4163507.281077,4348931.910301,303.617060,-152.163924,-0.776127
1462600935.353031,-2048139.853488,-4177112.268543,4348861.940897,304.609148,-150.168046,-0.778744
1462601025.353031,-2020680.878017,-4190537.335229,4348791.737450,305.588116,-148.165699,-0.781328
1462601115.353031,-1993134.387418,-4203781.902895,4348721.302984,306.553921,-146.156971,-0.783878
1462601205.353031,-1965501.568161,-4216845.401079,4348650.640532,307.506523,-144.141947,-0.786394
1462601295.353031,-1937783.610436,-4229727.267114,4348579.753138,308.445881,-142.120715,-0.788876
1462601385.353031,-1909981.708097,-4242426.946159,4348508.643856,309.371953,-140.093362,-0.791325
1462601475.353031,-1882097.058614,-4254943.891219,4348437.315747,310.284699,-138.059974,-0.793739
1462601565.353031,-1854130.863024,-4267277.563170,4348365.771884,311.184082,-136.020641,-0.796119
1462601655.353031,-1826084.325874,-4279427.430781,4348294.015349,312.070061,-133.975448,-0.798465
1462601745.353031,-1797958.655171,-4291392.970740,4348222.049232,312.942599,-131.924485,-0.800777
1462601835.353031,-1769755.062331,-4303173.667671,4348149.876633,313.801658,-129.867840,-0.803054
1462601925.353031,-1741474.762127,-4314769.014162,4348077.500661,314.647201,-127.805601,-0.805296
1462602015.353031,-1713118.972635,-4326178.510783,4348004.924432,315.479192,-125.737858,-0.807504
1462602105.353031,-1684688.915183,-4337401.666109,4347932.151074,316.297594,-123.664698,-0.809676
1462602195.353031,-1656185.814297,-4348437.996742,4347859.183719,317.102373,-121.586213,-0.811814
1462602285.353031,-1627610.897651,-4359287.027331,4347786.025512,317.893494,-119.502490,-0.813918
1462602375.353031,-1598965.396010,-4369948.290590,4347712.679603,318.670923,-117.413620,-0.815986
1462602465.353031,-1570250.543180,-4380421.327322,4347639.149151,319.434626,-115.319693,-0.818018
1462602555.353031,-1541467.575954,-4390705.686437,4347565.437324,320.184571,-113.220799,-0.820016
1462602645.353031,-1512617.734059,-4400800.924973,4347491.547296,320.920725,-111.117029,-0.821978
1462602735.353031,-1483702.260103,-4410706.608112,4347417.482249,321.643056,-109.008472,-0.823905
1462602825.353031,-1454722.399520,-4420422.309200,4347343.245375,322.351533,-106.895221,-0.825797
1462602915.353031,-1425679.400517,-4429947.609767,4347268.839870,323.046127,-104.777365,-0.827652
1462603005.353031,-1396574.514021,-4439282.099544,4347194.268939,323.726806,-102.654996,-0.829473
1462603095.353031,-1367408.993625,-4448425.376480,4347119.535794,324.393542,-100.528206,-0.831257
1462603185.353031,-1338184.095533,-4457377.046760,4347044.643654,325.046306,-98.397085,-0.833006
1462603275.353031,-1308901.078506,-4466136.724822,4346969.595745,325.685069,-96.261727,-0.834719
1462603365.353031,-1279561.203809,-4474704.033372,4346894.395299,326.309805,-94.122223,-0.836395
1462603455.353031,-1250165.735157,-4483078.603403,4346819.045554,326.920486,-91.978664,-0.838036
1462603545.353031,-1220715.938657,-4491260.074210,4346743.549758,327.517086,-89.831144,-0.839641
1462603635.353031,-1191213.082758,-4499248.093404,4346667.911160,328.099580,-87.679755,-0.841210
1462603725.353031,-1161658.438193,-4507042.316929,4346592.133020,328.667941,-85.524589,-0.842742
1462603815.353031,-1132053.277927,-4514642.409076,4346516.218601,329.222147,-83.365740,-0.844238
1462603905.353031,-1102398.877099,-4522048.042496,4346440.171172,329.762172,-81.203300,-0.845697
1462603995.353031,-1072696.512972,-4529258.898217,4346363.994010,330.287994,-79.037362,-0.847121
1462604085.353031,-1042947.464871,-4536274.665658,4346287.690395,330.799590,-76.868020,-0.848507
1462604175.353031,-1013153.014133,-4543095.042638,4346211.263613,331.296938,-74.695367,-0.849858
1462604265.353031,-983314.444054,-4549719.735392,4346134.716958,331.780016,-72.519497,-0.851171
1462604355.353031,-953433.039825,-4556148.458585,4346058.053725,332.248805,-70.340504,-0.852448
1462604445.353031,-923510.088485,-4562380.935323,4345981.277217,332.703282,-68.158480,-0.853688
1462604535.353031,-893546.878861,-4568416.897162,4345904.390740,333.143430,-65.973521,-0.854892
1462604625.353031,-863544.701516,-4574256.084124,4345827.397606,333.569229,-63.785721,-0.856058
1462604715.353031,-833504.848690,-4579898.244706,4345750.301132,333.980660,-61.595173,-0.857188
1462604805.353031,-803428.614246,-4585343.135893,4345673.104638,334.377706,-59.401972,-0.858281
1462604895.353031,-773317.293614,-4590590.523164,4345595.811449,334.760350,-57.206213,-0.859337
1462604985.353031,-743172.183734,-4595640.180505,4345518.424894,335.128575,-55.007990,-0.860356
1462605075.353031,-712994.583004,-4600491.890421,4345440.948307,335.482366,-52.807397,-0.861338
1462605165.353031,-682785.791219,-4605145.443941,4345363.385024,335.821708,-50.604530,-0.862282
1462605255.353031,-652547.109520,-4609600.640628,4345285.738386,336.146584,-48.399483,-0.863190
1462605345.353031,-622279.840331,-4613857.288592,4345208.011738,336.456983,-46.192352,-0.864060
1462605435.353031,-591985.287313,-4617915.204491,4345130.208427,336.752890,-43.983231,-0.864893
1462605525.353031,-561664.755298,-4621774.213544,4345052.331804,337.034292,-41.772215,-0.865689
1462605615.353031,-531319.550239,-4625434.149539,4344974.385225,337.301177,-39.559401,-0.866448
1462605705.353031,-500950.979150,-4628894.854835,4344896.372045,337.553535,-37.344882,-0.867169
1462605795.353031,-470560.350052,-4632156.180376,4344818.295626,337.791354,-35.128755,-0.867853
1462605885.353031,-440148.971917,-4635217.985691,4344740.159330,338.014623,-32.911115,-0.868500
1462605975.353031,-409718.154611,-4638080.138902,4344661.966523,338.223334,-30.692058,-0.869109
1462606065.353031,-379269.208836,-4640742.516734,4344583.720572,338.417477,-28.471678,-0.869681
1462606155.353031,-348803.446074,-4643205.004512,4344505.424847,338.597043,-26.250073,-0.870215
1462606245.353031,-318322.178534,-4645467.496174,4344427.082722,338.762026,-24.027336,-0.870712
1462606335.353031,-287826.719091,-4647529.894271,4344348.697570,338.912418,-21.803565,-0.871171
1462606425.353031,-257318.381231,-4649392.109973,4344270.272767,339.048212,-19.578854,-0.871593
1462606515.353031,-226798.478996,-4651054.063069,4344191.811692,339.169403,-17.353301,-0.871977
1462606605.353031,-196268.326926,-4652515.681979,4344113.317724,339.275985,-15.126999,-0.872324
1462606695.353031,-165729.240000,-4653776.903747,4344034.794244,339.367955,-12.900047,-0.872633
1462606785.353031,-135182.533586,-4654837.674052,4343956.244633,339.445307,-10.672538,-0.872904
1462606875.353031,-104629.523376,-4655697.947202,4343877.672276,339.508038,-8.444570,-0.873138
1462606965.353031,-74071.525336,-4656357.686147,4343799.080556,339.556147,-6.216239,-0.873334
1462607055.353031,-43509.855648,-4656816.862469,4343720.472859,339.589630,-3.987639,-0.873493
1462607145.353031,-12945.830648,-4657075.456391,4343641.852570,339.608487,-1.758868,-0.873614
1462607235.353031,17619.233223,-4657133.456775,4343563.223075,339.612716,0.469979,-0.873698
1462607325.353031,48184.019481,-4656990.861123,4343484.587762,339.602318,2.698806,-0.873743
1462607415.353031,78747.211652,-4656647.675577,4343405.950017,339.577292,4.927516,-0.873751
1462607505.353031,109307.493333,-4656103.914919,4343327.313227,339.537640,7.156015,-0.873722
1462607595.353031,139863.548246,-4655359.602568,4343248.680780,339.483364,9.384205,-0.873655
1462607685.353031,170414.060293,-4654414.770583,4343170.056062,339.414466,11.611991,-0.873550
1462607775.353031,200957.713617,-4653269.459661,4343091.442460,339.330949,13.839276,-0.873408
1462607865.353031,231493.192655,-4651923.719131,4343012.843359,339.232816,16.065966,-0.873228
1462607955.353031,262019.182198,-4650377.606957,4342934.262146,339.120072,18.291964,-0.873010
1462608045.353031,292534.367442,-4648631.189731,4342855.702204,338.992721,20.517173,-0.872755
1462608135.353031,323037.434053,-4646684.542676,4342777.166918,338.850770,22.741499,-0.872462
1462608225.353031,353527.068216,-4644537.749635,4342698.659670,338.694224,24.964846,-0.872132
1462608315.353031,384001.956695,-4642190.903075,4342620.183842,338.523089,27.187117,-0.871764
1462608405.353031,414460.786889,-4639644.104077,4342541.742813,338.337374,29.408218,-0.871359
1462608495.353031,444902.246890,-4636897.462338,4342463.339963,338.137086,31.628051,-0.870916
1462608585.353031,475325.025537,-4633951.096158,4342384.978668,337.922234,33.846523,-0.870435
1462608675.353031,505727.812473,-4630805.132442,4342306.662304,337.692828,36.063536,-0.869917
1462608765.353031,536109.298204,-4627459.706692,4342228.394243,337.448876,38.278996,-0.869362
1462608855.353031,566468.174151,-4623914.963000,4342150.177857,337.190390,40.492808,-0.868769
1462608945.353031,596803.132711,-4620171.054045,4342072.016515,336.917380,42.704875,-0.868138
1462609035.353031,627112.867311,-4616228.141081,4341993.913583,336.629859,44.915103,-0.867471
1462609125.353031,657396.072463,-4612086.393937,4341915.872425,336.327839,47.123397,-0.866765
1462609215.353031,687651.443823,-4607745.991004,4341837.896403,336.011333,49.329661,-0.866023
1462609305.353031,717877.678245,-4603207.119229,4341759.988876,335.680354,51.533800,-0.865243
1462609395.353031,748073.473838,-4598469.974109,4341682.153198,335.334917,53.735719,-0.864426
1462609485.353031,778237.530023,-4593534.759681,4341604.392723,334.975036,55.935324,-0.863572
1462609575.353031,808368.547587,-4588401.688511,4341526.710800,334.600728,58.132520,-0.862681
1462609665.353031,838465.228741,-4583070.981689,4341449.110774,334.212008,60.327212,-0.861752
1462609755.353031,868526.277173,-4577542.868817,4341371.595988,333.808893,62.519306,-0.860786
1462609845.353031,898550.398108,-4571817.587998,4341294.169781,333.391400,64.708706,-0.859784
1462609935.353031,928536.298361,-4565895.385830,4341216.835488,332.959547,66.895320,-0.858744
1462610025.353031,958482.686393,-4559776.517392,4341139.596439,332.513353,69.079052,-0.857667
1462610115.353031,988388.272366,-4553461.246232,4341062.455962,332.052838,71.259809,-0.856553
1462610205.353031,1018251.768200,-4546949.844358,4340985.417379,331.578020,73.437497,-0.855403
1462610295.353031,1048071.887628,-4540242.592228,4340908.484007,331.088921,75.612022,-0.854215
1462610385.353031,1077847.346252,-4533339.778732,4340831.659162,330.585562,77.783290,-0.852991
1462610475.353031,1107576.861596,-4526241.701186,4340754.946152,330.067963,79.951207,-0.851730
1462610565.353031,1137259.153165,-4518948.665315,4340678.348281,329.536148,82.115681,-0.850432
1462610655.353031,1166892.942496,-4511460.985241,4340601.868848,328.990139,84.276618,-0.849098
1462610745.353031,1196476.953215,-4503778.983471,4340525.511147,328.429961,86.433926,-0.847727
1462610835.353031,1226009.911095,-4495902.990879,4340449.278468,327.855636,88.587510,-0.846320
1462610925.353031,1255490.544104,-4487833.346697,4340373.174093,327.267190,90.737279,-0.844876
1462611015.353031,1284917.582465,-4479570.398497,4340297.201301,326.664648,92.883140,-0.843395
1462611105.353031,1314289.758712,-4471114.502178,4340221.363364,326.048036,95.025000,-0.841879
1462611195.353031,1343605.807739,-4462466.021947,4340145.663549,325.417381,97.162767,-0.840326
1462611285.353031,1372864.466858,-4453625.330308,4340070.105116,324.772709,99.296349,-0.838737
1462611375.353031,1402064.475853,-4444592.808044,4339994.691319,324.114050,101.425654,-0.837112
1462611465.353031,1431204.577035,-4435368.844199,4339919.425407,323.441430,103.550591,-0.835451
1462611555.353031,1460283.515295,-4425953.836064,4339844.310622,322.754878,105.671068,-0.833753
1462611645.353031,1489300.038157,-4416348.189157,4339769.350198,322.054426,107.786993,-0.832020
1462611735.353031,1518252.895836,-4406552.317209,4339694.547365,321.340102,109.898276,-0.830251
1462611825.353031,1547140.841286,-4396566.642143,4339619.905345,320.611937,112.004825,-0.828447
1462611915.353031,1575962.630260,-4386391.594057,4339545.427352,319.869963,114.106550,-0.826606
1462612005.353031,1604717.021358,-4376027.611207,4339471.116595,319.114212,116.203360,-0.824730
1462612095.353031,1633402.776084,-4365475.139986,4339396.976274,318.344716,118.295166,-0.822819
1462612185.353031,1662018.658898,-4354734.634904,4339323.009582,317.561508,120.381876,-0.820872
1462612275.353031,1690563.437270,-4343806.558572,4339249.219706,316.764623,122.463401,-0.818889
1462612365.353031,1719035.881732,-4332691.381679,4339175.609823,315.954094,124.539651,-0.816872
1462612455.353031,1747434.765932,-4321389.582973,4339102.183105,315.129956,126.610537,-0.814819
1462612545.353031,1775758.866686,-4309901.649241,4339028.942713,314.292245,128.675970,-0.812731
1462612635.353031,1804006.964031,-4298228.075284,4338955.891803,313.440997,130.735861,-0.810608
1462612725.353031,1832177.841277,-4286369.363902,4338883.033521,312.576249,132.790121,-0.808451
1462612815.353031,1860270.285062,-4274326.025868,4338810.371006,311.698038,134.838661,-0.806258
1462612905.353031,1888283.085400,-4262098.579908,4338737.907385,310.806401,136.881393,-0.804031
1462612995.353031,1916215.035737,-4249687.552676,4338665.645782,309.901378,138.918230,-0.801769
1462613085.353031,1944064.933001,-4237093.478734,4338593.589309,308.983006,140.949083,-0.799472
1462613175.353031,1971831.577653,-4224316.900529,4338521.741068,308.051326,142.973866,-0.797141
1462613265.353031,1999513.773740,-4211358.368368,4338450.104155,307.106378,144.992490,-0.794776
1462613355.353031,2027110.328949,-4198218.440395,4338378.681656,306.148202,147.004869,-0.792377
1462613445.353031,2054620.054652,-4184897.682567,4338307.476646,305.176840,149.010917,-0.789943
1462613535.353031,2082041.765962,-4171396.668629,4338236.492192,304.192334,151.010546,-0.787475
1462613625.353031,2109374.281786,-4157715.980091,4338165.731353,303.194725,153.003672,-0.784974
1462613715.353031,2136616.424868,-4143856.206202,4338095.197175,302.184058,154.990207,-0.782438
1462613805.353031,2163767.021847,-4129817.943924,4338024.892697,301.160375,156.970066,-0.779869
1462613895.353031,2190824.903306,-4115601.797905,4337954.820947,300.123720,158.943165,-0.777267
1462613985.353031,2217788.903819,-4101208.380459,4337884.984944,299.074139,160.909417,-0.774630
1462614075.353031,2244657.862005,-4086638.311531,4337815.387694,298.011676,162.868739,-0.771961
1462614165.353031,2271430.620576,-4071892.218676,4337746.032196,296.936378,164.821046,-0.769258
1462614255.353031,2298106.026389,-4056970.737033,4337676.921438,295.848289,166.766254,-0.766522
1462614345.353031,2324682.930492,-4041874.509292,4337608.058395,294.747459,168.704279,-0.763753
1462614435.353031,2351160.188177,-4026604.185671,4337539.446035,293.633932,170.635037,-0.760951
1462614525.353031,2377536.659028,-4011160.423887,4337471.087312,292.507759,172.558446,-0.758117
1462614615.353031,2403811.206968,-3995543.889127,4337402.985170,291.368987,174.474423,-0.755250
1462614705.353031,2429982.700314,-3979755.254018,4337335.142543,290.217665,176.382885,-0.752350
1462614795.353031,2456050.011816,-3963795.198602,4337267.562353,289.053843,178.283750,-0.749418
1462614885.353031,2482012.018718,-3947664.410303,4337200.247512,287.877571,180.176935,-0.746453
1462614975.353031,2507867.602794,-3931363.583899,4337133.200917,286.688900,182.062361,-0.743457
1462615065.353031,2533615.650404,-3914893.421492,4337066.425458,285.487881,183.939944,-0.740428
1462615155.353031,2559255.052541,-3898254.632477,4336999.924009,284.274565,185.809605,-0.737367
1462615245.353031,2584784.704875,-3881447.933514,4336933.699437,283.049005,187.671263,-0.734275
1462615335.353031,2610203.507805,-3864474.048491,4336867.754593,281.811254,189.524838,-0.731151
1462615425.353031,2635510.366504,-3847333.708502,4336802.092317,280.561364,191.370249,-0.727996
1462615515.353031,2660704.190966,-3830027.651806,4336736.715438,279.299391,193.207418,-0.724809
1462615605.353031,2685783.896054,-3812556.623803,4336671.626771,278.025387,195.036265,-0.721591
1462615695.353031,2710748.401546,-3794921.376996,4336606.829121,276.739409,196.856712,-0.718342
1462615785.353031,2735596.632183,-3777122.670964,4336542.325278,275.441511,198.668679,-0.715062
1462615875.353031,2760327.517712,-3759161.272324,4336478.118020,274.131749,200.472090,-0.711751
1462615965.353031,2784939.992937,-3741037.954701,4336414.210113,272.810180,202.266866,-0.708410
1462616055.353031,2809432.997760,-3722753.498695,4336350.604310,271.476861,204.052930,-0.705038
1462616145.353031,2833805.477229,-3704308.691845,4336287.303350,270.131848,205.830205,-0.701635
1462616235.353031,2858056.381584,-3685704.328598,4336224.309960,268.775201,207.598615,-0.698203
1462616325.353031,2882184.666300,-3666941.210272,4336161.626854,267.406977,209.358083,-0.694740
1462616415.353031,2906189.292136,-3648020.145025,4336099.256730,266.027236,211.108534,-0.691248
1462616505.353031,2930069.225174,-3628941.947816,4336037.202275,264.636036,212.849892,-0.687725
1462616595.353031,2953823.436870,-3609707.440372,4335975.466163,263.233438,214.582083,-0.684173
1462616685.353031,2977450.904092,-3590317.451153,4335914.051053,261.819502,216.305030,-0.680592
1462616775.353031,3000950.609169,-3570772.815316,4335852.959589,260.394290,218.018662,-0.676981
1462616865.353031,3024321.539932,-3551074.374679,4335792.194403,258.957861,219.722903,-0.673341
1462616955.353031,3047562.689760,-3531222.977685,4335731.758112,257.510279,221.417680,-0.669672
1462617045.353031,3070673.057619,-3511219.479363,4335671.653320,256.051606,223.102920,-0.665975
1462617135.353031,3093651.648110,-3491064.741296,4335611.882615,254.581904,224.778551,-0.662248
1462617225.353031,3116497.471511,-3470759.631579,4335552.448572,253.101236,226.444500,-0.658493
1462617315.353031,3139209.543815,-3450305.024784,4335493.353750,251.609668,228.100696,-0.654710
1462617405.353031,3161786.886780,-3429701.801924,4335434.600696,250.107262,229.747068,-0.650899
1462617495.353031,3184228.527963,-3408950.850411,4335376.191939,248.594083,231.383544,-0.647059
1462617585.353031,3206533.500769,-3388053.064020,4335318.129996,247.070198,233.010053,-0.643192
1462617675.353031,3228700.844488,-3367009.342852,4335260.417368,245.535670,234.626527,-0.639296
1462617765.353031,3250729.604338,-3345820.593292,4335203.056539,243.990567,236.232895,-0.635374
1462617855.353031,3272618.831506,-3324487.727973,4335146.049982,242.434955,237.829088,-0.631424
1462617945.353031,3294367.583189,-3303011.665734,4335089.400151,240.868901,239.415037,-0.627447
1462618035.353031,3315974.922636,-3281393.331583,4335033.109486,239.292472,240.990675,-0.623442
1462618125.353031,3337439.919184,-3259633.656654,4334977.180412,237.705737,242.555932,-0.619411
1462618215.353031,3358761.648303,-3237733.578170,4334921.615338,236.108763,244.110743,-0.615353
1462618305.353031,3379939.191633,-3215694.039402,4334866.416657,234.501619,245.655039,-0.611269
1462618395.353031,3400971.637024,-3193515.989627,4334811.586747,232.884376,247.188754,-0.607159
1462618485.353031,3421858.078577,-3171200.384088,4334757.127970,231.257101,248.711823,-0.603022
1462618575.353031,3442597.616680,-3148748.183952,4334703.042670,229.619866,250.224179,-0.598859
1462618665.353031,3463189.358048,-3126160.356271,4334649.333178,227.972741,251.725757,-0.594671
1462618755.353031,3483632.415765,-3103437.873937,4334596.001808,226.315797,253.216494,-0.590456
1462618845.353031,3503925.909316,-3080581.715643,4334543.050855,224.649105,254.696324,-0.586217
1462618935.353031,3524068.964628,-3057592.865839,4334490.482602,222.972737,256.165183,-0.581952
1462619025.353031,3544060.714109,-3034472.314689,4334438.299312,221.286765,257.623010,-0.577662
1462619115.353031,3563900.296683,-3011221.058033,4334386.503232,219.591262,259.069740,-0.573347
1462619205.353031,3583586.857829,-2987840.097338,4334335.096595,217.886301,260.505311,-0.569008
1462619295.353031,3603119.549617,-2964330.439659,4334284.081614,216.171955,261.929663,-0.564644
1462619385.353031,3622497.530742,-2940693.097591,4334233.460486,214.448299,263.342732,-0.560256
1462619475.353031,3641719.966566,-2916929.089233,4334183.235391,212.715406,264.744459,-0.555843
1462619565.353031,3660786.029148,-2893039.438137,4334133.408494,210.973350,266.134783,-0.551407
1462619655.353031,3679694.897284,-2869025.173266,4334083.981941,209.222208,267.513644,-0.546947
1462619745.353031,3698445.756538,-2844887.328954,4334034.957859,207.462054,268.880983,-0.542463
1462619835.353031,3717037.799284,-2820626.944854,4333986.338361,205.692965,270.236741,-0.537956
1462619925.353031,3735470.224732,-2796245.065899,4333938.125542,203.915016,271.580859,-0.533426
1462620015.353031,3753742.238969,-2771742.742254,4333890.321477,202.128284,272.913280,-0.528872
1462620105.353031,3771853.054992,-2747121.029271,4333842.928225,200.332846,274.233946,-0.524297
1462620195.353031,3789801.892740,-2722380.987446,4333795.947829,198.528780,275.542800,-0.519698
1462620285.353031,3807587.979129,-2697523.682372,4333749.382311,196.716162,276.839787,-0.515077
1462620375.353031,3825210.548084,-2672550.184690,4333703.233678,194.895072,278.124849,-0.510434
1462620465.353031,3842668.840573,-2647461.570048,4333657.503916,193.065587,279.397932,-0.505769
1462620555.353031,3859962.104642,-2622258.919052,4333612.194997,191.227787,280.658981,-0.501082
1462620645.353031,3877089.595443,-2596943.317218,4333567.308870,189.381750,281.907942,-0.496373
1462620735.353031,3894050.575267,-2571515.854930,4333522.847471,187.527556,283.144760,-0.491644
1462620825.353031,3910844.313580,-2545977.627386,4333478.812713,185.665285,284.369383,-0.486893
1462620915.353031,3927470.087049,-2520329.734558,4333435.206494,183.795018,285.581758,-0.482120
1462621005.353031,3943927.179577,-2494573.281141,4333392.030691,181.916833,286.781832,-0.477328
1462621095.353031,3960214.882330,-2468709.376504,4333349.287165,180.030814,287.969554,-0.472514
1462621185.353031,3976332.493773,-2442739.134647,4333306.977756,178.137040,289.144873,-0.467681
1462621275.353031,3992279.319695,-2416663.674148,4333265.104288,176.235594,290.307738,-0.462827
1462621365.353031,4008054.673241,-2390484.118117,4333223.668562,174.326556,291.458099,-0.457953
1462621455.353031,4023657.874942,-2364201.594148,4333182.672365,172.410011,292.595906,-0.453060
1462621545.353031,4039088.252745,-2337817.234271,4333142.117462,170.486039,293.721111,-0.448147
1462621635.353031,4054345.142040,-2311332.174900,4333102.005600,168.554724,294.833664,-0.443214
1462621725.353031,4069427.885687,-2284747.556789,4333062.338507,166.616150,295.933519,-0.438263
1462621815.353031,4084335.834051,-2258064.524977,4333023.117890,164.670399,297.020628,-0.433293
1462621905.353031,4099068.345023,-2231284.228745,4332984.345441,162.717555,298.094943,-0.428304
1462621995.353031,4113624.784050,-2204407.821561,4332946.022827,160.757703,299.156419,-0.423296
1462622085.353031,4128004.524165,-2177436.461033,4332908.151701,158.790926,300.205010,-0.418271
1462622175.353031,4142206.946010,-2150371.308860,4332870.733694,156.817311,301.240670,-0.413227
1462622265.353031,4156231.437865,-2123213.530781,4332833.770417,154.836941,302.263356,-0.408166
1462622355.353031,4170077.395672,-2095964.296521,4332797.263462,152.849902,303.273023,-0.403087
1462622445.353031,4183744.223065,-2068624.779749,4332761.214401,150.856279,304.269627,-0.397990
1462622535.353031,4197231.331393,-2041196.158020,4332725.624788,148.856159,305.253126,-0.392877
1462622625.353031,4210538.139746,-2013679.612726,4332690.496156,146.849627,306.223477,-0.387746
1462622715.353031,4223664.074977,-1986076.329049,4332655.830017,144.836771,307.180639,-0.382599
1462622805.353031,4236608.571734,-1958387.495904,4332621.627865,142.817676,308.124569,-0.377435
1462622895.353031,4249371.072476,-1930614.305891,4332587.891173,140.792429,309.055229,-0.372256
1462622985.353031,4261951.027503,-1902757.955246,4332554.621394,138.761119,309.972577,-0.367060
1462623075.353031,4274347.894976,-1874819.643785,4332521.819961,136.723832,310.876574,-0.361848
1462623165.353031,4286561.140944,-1846800.574854,4332489.488287,134.680655,311.767181,-0.356621
1462623255.353031,4298590.239363,-1818701.955278,4332457.627764,132.631678,312.644360,-0.351378
1462623345.353031,4310434.672120,-1790524.995307,4332426.239765,130.576989,313.508072,-0.346120
1462623435.353031,4322093.929059,-1762270.908567,4332395.325643,128.516675,314.358282,-0.340847
1462623525.353031,4333567.507997,-1733940.912006,4332364.886727,126.450826,315.194951,-0.335560
1462623615.353031,4344854.914749,-1705536.225839,4332334.924331,124.379530,316.018045,-0.330258
1462623705.353031,4355955.663149,-1677058.073502,4332305.439743,122.302877,316.827527,-0.324942
1462623795.353031,4366869.275070,-1648507.681592,4332276.434235,120.220957,317.623363,-0.319612
1462623885.353031,4377595.280447,-1619886.279819,4332247.909055,118.133858,318.405518,-0.314268
1462623975.353031,4388133.217293,-1591195.100950,4332219.865432,116.041671,319.173960,-0.308911
1462624065.353031,4398482.631725,-1562435.380760,4332192.304574,113.944486,319.928653,-0.303540
1462624155.353031,4408643.077975,-1533608.357974,4332165.227669,111.842393,320.669567,-0.298156
1462624245.353031,4418614.118418,-1504715.274216,4332138.635882,109.735483,321.396670,-0.292760
1462624335.353031,4428395.323586,-1475757.373957,4332112.530359,107.623846,322.109929,-0.287351
1462624425.353031,4437986.272188,-1446735.904458,4332086.912225,105.507574,322.809314,-0.281929
1462624515.353031,4447386.551126,-1417652.115718,4332061.782582,103.386758,323.494796,-0.276495
1462624605.353031,4456595.755516,-1388507.260422,4332037.142514,101.261488,324.166344,-0.271050
1462624695.353031,4465613.488703,-1359302.593884,4332012.993081,99.131858,324.823930,-0.265592
1462624785.353031,4474439.362279,-1330039.373993,4331989.335324,96.997957,325.467525,-0.260124
1462624875.353031,4483072.996100,-1300718.861163,4331966.170262,94.859878,326.097102,-0.254644
1462624965.353031,4491514.018303,-1271342.318272,4331943.498893,92.717714,326.712633,-0.249153
1462625055.353031,4499762.065320,-1241911.010614,4331921.322193,90.571556,327.314092,-0.243651
1462625145.353031,4507816.781894,-1212426.205842,4331899.641117,88.421497,327.901454,-0.238139
1462625235.353031,4515677.821096,-1182889.173911,4331878.456600,86.267630,328.474692,-0.232616
1462625325.353031,4523344.844339,-1153301.187027,4331857.769554,84.110047,329.033782,-0.227084
1462625415.353031,4530817.521393,-1123663.519590,4331837.580869,81.948841,329.578700,-0.221542
1462625505.353031,4538095.530397,-1093977.448141,4331817.891416,79.784106,330.109423,-0.215990
1462625595.353031,4545178.557878,-1064244.251306,4331798.702043,77.615934,330.625927,-0.210429
1462625685.353031,4552066.298757,-1034465.209737,4331780.013575,75.444419,331.128191,-0.204859
1462625775.353031,4558758.456369,-1004641.606066,4331761.826819,73.269655,331.616193,-0.199280
1462625865.353031,4565254.742473,-974774.724840,4331744.142558,71.091734,332.089911,-0.193692
1462625955.353031,4571554.877264,-944865.852473,4331726.961553,68.910752,332.549326,-0.188097
1462626045.353031,4577658.589384,-914916.277187,4331710.284544,66.726802,332.994417,-0.182493
1462626135.353031,4583565.615938,-884927.288955,4331694.112250,64.539977,333.425166,-0.176881
1462626225.353031,4589275.702501,-854900.179450,4331678.445367,62.350373,333.841554,-0.171261
1462626315.353031,4594788.603130,-824836.241987,4331663.284570,60.158084,334.243562,-0.165634
1462626405.353031,4600104.080377,-794736.771464,4331648.630513,57.963203,334.631174,-0.160001
1462626495.353031,4605221.905296,-764603.064314,4331634.483826,55.765825,335.004373,-0.154360
1462626585.353031,4610141.857453,-734436.418442,4331620.845119,53.566046,335.363143,-0.148712
1462626675.353031,4614863.724940,-704238.133171,4331607.714979,51.363959,335.707469,-0.143058
1462626765.353031,4619387.304377,-674009.509190,4331595.093973,49.159661,336.037334,-0.137398
1462626855.353031,4623712.400928,-643751.848490,4331582.982642,46.953244,336.352727,-0.131732
1462626945.353031,4627838.828304,-613466.454318,4331571.381510,44.744806,336.653632,-0.126061
1462627035.353031,4631766.408772,-583154.631111,4331560.291076,42.534440,336.940036,-0.120383
1462627125.353031,4635494.973167,-552817.684446,4331549.711818,40.322242,337.211929,-0.114701
1462627215.353031,4639024.360894,-522456.920984,4331539.644191,38.108308,337.469297,-0.109014
1462627305.353031,4642354.419935,-492073.648409,4331530.088629,35.892732,337.712129,-0.103322
1462627395.353031,4645485.006860,-461669.175376,4331521.045544,33.675610,337.940416,-0.097626
1462627485.353031,4648415.986831,-431244.811452,4331512.515325,31.457038,338.154148,-0.091925
1462627575.353031,4651147.233605,-400801.867062,4331504.498340,29.237110,338.353314,-0.086221
1462627665.353031,4653678.629543,-370341.653431,4331496.994934,27.015924,338.537907,-0.080512
1462627755.353031,4656010.065614,-339865.482527,4331490.005430,24.793574,338.707919,-0.074801
1462627845.353031,4658141.441399,-309374.667006,4331483.530129,22.570156,338.863342,-0.069086
1462627935.353031,4660072.665097,-278870.520156,4331477.569311,20.345765,339.004170,-0.063368
1462628025.353031,4661803.653528,-248354.355836,4331472.123232,18.120499,339.130396,-0.057647
1462628115.353031,4663334.332134,-217827.488425,4331467.192127,15.894452,339.242015,-0.051924
1462628205.353031,4664664.634987,-187291.232763,4331462.776208,13.667720,339.339023,-0.046199
1462628295.353031,4665794.504789,-156746.904093,4331458.875666,11.440400,339.421415,-0.040471
1462628385.353031,4666723.892875,-126195.818007,4331455.490668,9.212587,339.489187,-0.034742
1462628475.353031,4667452.759214,-95639.290388,4331452.621360,6.984377,339.542337,-0.029012
1462628565.353031,4667981.072413,-65078.637353,4331450.267866,4.755866,339.580863,-0.023280
1462628655.353031,4668308.809717,-34515.175196,4331448.430288,2.527151,339.604762,-0.017547
1462628745.353031,4668435.957010,-3950.220333,4331447.108704,0.298327,339.614034,-0.011813
1462628835.353031,4668362.508815,26614.910757,4331446.303171,-1.930511,339.608678,-0.006079
1462628925.353031,4668088.468296,57178.901585,4331446.013725,-4.159265,339.588695,-0.000345
1462629015.353031,4667613.847257,87740.435713,4331446.240378,-6.387840,339.554085,0.005390
1462629105.353031,4666938.666139,118298.196809,4331446.983120,-8.616139,339.504850,0.011124
1462629195.353031,4666062.954024,148850.868702,4331448.241919,-10.844068,339.440992,0.016858
1462629285.353031,4664986.748630,179397.135441,4331450.016721,-13.071530,339.362514,0.022590
1462629375.353031,4663710.096311,209935.681353,4331452.307449,-15.298428,339.269419,0.028322
1462629465.353031,4662233.052055,240465.191093,4331455.114005,-17.524668,339.161711,0.034053
1462629555.353031,4660555.679480,270984.349709,4331458.436268,-19.750153,339.039395,0.039783
1462629645.353031,4658678.050834,301491.842693,4331462.274096,-21.974787,338.902476,0.045510
1462629735.353031,4656600.246987,331986.356041,4331466.627322,-24.198475,338.750959,0.051236
1462629825.353031,4654322.357436,362466.576306,4331471.495759,-26.421120,338.584853,0.056959
1462629915.353031,4651844.480292,392931.190659,4331476.879199,-28.642627,338.404163,0.062680
1462630005.353031,4649166.722281,423378.886940,4331482.777407,-30.862901,338.208897,0.068398
1462630095.353031,4646289.198738,453808.353721,4331489.190132,-33.081845,337.999064,0.074114
1462630185.353031,4643212.033602,484218.280357,4331496.117097,-35.299365,337.774673,0.079826
1462630275.353031,4639935.359413,514607.357046,4331503.558002,-37.515364,337.535734,0.085535
1462630365.353031,4636459.317301,544974.274883,4331511.512529,-39.729747,337.282256,0.091240
1462630455.353031,4632784.056985,575317.725918,4331519.980334,-41.942420,337.014251,0.096941
1462630545.353031,4628909.736765,605636.403211,4331528.961052,-44.153285,336.731730,0.102637
1462630635.353031,4624836.523512,635929.000890,4331538.454298,-46.362249,336.434706,0.108330
1462630725.353031,4620564.592667,666194.214206,4331548.459661,-48.569216,336.123191,0.114018
1462630815.353031,4616094.128229,696430.739590,4331558.976712,-50.774091,335.797199,0.119701
1462630905.353031,4611425.322746,726637.274707,4331570.004997,-52.976779,335.456743,0.125378
1462630995.353031,4606558.377313,756812.518514,4331581.544041,-55.177185,335.101839,0.131051
1462631085.353031,4601493.501555,786955.171319,4331593.593347,-57.375215,334.732501,0.136717
1462631175.353031,4596230.913626,817063.934829,4331606.152396,-59.570773,334.348746,0.142378
1462631265.353031,4590770.840192,847137.512214,4331619.220648,-61.763766,333.950590,0.148033
1462631355.353031,4585113.516428,877174.608159,4331632.797540,-63.954098,333.538050,0.153681
1462631445.353031,4579259.186003,907173.928918,4331646.882486,-66.141676,333.111145,0.159323
1462631535.353031,4573208.101072,937134.182375,4331661.474880,-68.326405,332.669891,0.164958
1462631625.353031,4566960.522265,967054.078095,4331676.574094,-70.508191,332.214309,0.170586
1462631715.353031,4560516.718675,996932.327382,4331692.179478,-72.686940,331.744418,0.176206
1462631805.353031,4553876.967847,1026767.643334,4331708.290359,-74.862558,331.260238,0.181819
1462631895.353031,4547041.555764,1056558.740897,4331724.906043,-77.034952,330.761791,0.187424
1462631985.353031,4540010.776840,1086304.336922,4331742.025815,-79.204028,330.249097,0.193021
1462632075.353031,4532784.933899,1116003.150221,4331759.648937,-81.369693,329.722178,0.198609
1462632165.353031,4525364.338171,1145653.901620,4331777.774651,-83.531852,329.181058,0.204189
1462632255.353031,4517749.309272,1175255.314014,4331796.402176,-85.690414,328.625760,0.209760
1462632345.353031,4509940.175193,1204806.112426,4331815.530709,-87.845285,328.056307,0.215323
1462632435.353031,4501937.272285,1234305.024056,4331835.159426,-89.996373,327.472725,0.220875
1462632525.353031,4493740.945247,1263750.778342,4331855.287483,-92.143584,326.875037,0.226419
1462632615.353031,4485351.547107,1293142.107007,4331875.914012,-94.286826,326.263271,0.231953
1462632705.353031,4476769.439208,1322477.744123,4331897.038125,-96.426008,325.637452,0.237476
1462632795.353031,4467994.991196,1351756.426158,4331918.658912,-98.561036,324.997607,0.242990
1462632885.353031,4459028.581000,1380976.892034,4331940.775442,-100.691819,324.343764,0.248493
1462632975.353031,4449870.594816,1410137.883181,4331963.386763,-102.818265,323.675951,0.253985
1462633065.353031,4440521.427094,1439238.143588,4331986.491900,-104.940282,322.994197,0.259466
1462633155.353031,4430981.480517,1468276.419863,4332010.089858,-107.057780,322.298531,0.264936
1462633245.353031,4421251.165986,1497251.461283,4332034.179621,-109.170666,321.588983,0.270395
1462633335.353031,4411330.902598,1526162.019847,4332058.760151,-111.278850,320.865583,0.275842
1462633425.353031,4401221.117637,1555006.850333,4332083.830390,-113.382242,320.128364,0.281277
1462633515.353031,4390922.246546,1583784.710349,4332109.389258,-115.480749,319.377356,0.286700
1462633605.353031,4380434.732913,1612494.360388,4332135.435655,-117.574283,318.612592,0.292111
1462633695.353031,4369759.028451,1641134.563882,4332161.968457,-119.662753,317.834105,0.297509
1462633785.353031,4358895.592981,1669704.087252,4332188.986523,-121.746068,317.041928,0.302895
1462633875.353031,4347844.894407,1698201.699965,4332216.488689,-123.824140,316.236096,0.308267
1462633965.353031,4336607.408699,1726626.174584,4332244.473769,-125.896879,315.416643,0.313626
1462634055.353031,4325183.619874,1754976.286823,4332272.940560,-127.964195,314.583605,0.318972
1462634145.353031,4313574.019972,1783250.815599,4332301.887835,-130.025999,313.737017,0.324303
1462634235.353031,4301779.109036,1811448.543084,4332331.314347,-132.082203,312.876916,0.329621
1462634325.353031,4289799.395091,1839568.254759,4332361.218828,-134.132718,312.003338,0.334925
1462634415.353031,4277635.394123,1867608.739463,4332391.599991,-136.177455,311.116323,0.340214
1462634505.353031,4265287.630053,1895568.789450,4332422.456528,-138.216328,310.215907,0.345489
1462634595.353031,4252756.634719,1923447.200438,4332453.787108,-140.249247,309.302129,0.350748
1462634685.353031,4240042.947851,1951242.771659,4332485.590383,-142.276125,308.375029,0.355993
1462634775.353031,4227147.117046,1978954.305915,4332517.864983,-144.296875,307.434648,0.361222
1462634865.353031,4214069.697748,2006580.609628,4332550.609517,-146.311410,306.481024,0.366436
1462634955.353031,4200811.253222,2034120.492890,4332583.822576,-148.319644,305.514200,0.371633
1462635045.353031,4187372.354530,2061572.769516,4332617.502730,-150.321489,304.534217,0.376815
1462635135.353031,4173753.580504,2088936.257093,4332651.648526,-152.316859,303.541117,0.381981
1462635225.353031,4159955.517729,2116209.777034,4332686.258495,-154.305669,302.534943,0.387130
1462635315.353031,4145978.760506,2143392.154626,4332721.331146,-156.287833,301.515739,0.392263
1462635405.353031,4131823.910837,2170482.219082,4332756.864968,-158.263265,300.483548,0.397378
1462635495.353031,4117491.578394,2197478.803590,4332792.858431,-160.231880,299.438414,0.402477
1462635585.353031,4102982.380491,2224380.745366,4332829.309985,-162.193594,298.380383,0.407558
1462635675.353031,4088296.942063,2251186.885703,4332866.218059,-164.148322,297.309501,0.412622
1462635765.353031,4073435.895635,2277896.070017,4332903.581064,-166.095980,296.225813,0.417667
1462635855.353031,4058399.881293,2304507.147903,4332941.397391,-168.036484,295.129366,0.422695
1462635945.353031,4043189.546664,2331018.973180,4332979.665411,-169.969750,294.020207,0.427705
1462636035.353031,4027805.546879,2357430.403944,4333018.383476,-171.895696,292.898385,0.432696
1462636125.353031,4012248.544551,2383740.302612,4333057.549917,-173.814238,291.763947,0.437669
1462636215.353031,3996519.209745,2409947.535977,4333097.163048,-175.725293,290.616942,0.442622
1462636305.353031,3980618.219948,2436050.975253,4333137.221164,-177.628779,289.457419,0.447557
1462636395.353031,3964546.260038,2462049.496124,4333177.722538,-179.524615,288.285430,0.452473
1462636485.353031,3948304.022262,2487941.978794,4333218.665426,-181.412718,287.101023,0.457368
1462636575.353031,3931892.206196,2513727.308032,4333260.048064,-183.293008,285.904251,0.462245
1462636665.353031,3915311.518725,2539404.373226,4333301.868671,-185.165403,284.695164,0.467101
1462636755.353031,3898562.674002,2564972.068424,4333344.125445,-187.029822,283.473815,0.471937
1462636845.353031,3881646.393428,2590429.292386,4333386.816566,-188.886186,282.240257,0.476753
1462636935.353031,3864563.405612,2615774.948629,4333429.940195,-190.734415,280.994542,0.481548
1462637025.353031,3847314.446345,2641007.945478,4333473.494475,-192.574428,279.736724,0.486323
1462637115.353031,3829900.258567,2666127.196107,4333517.477529,-194.406146,278.466857,0.491077
1462637205.353031,3812321.592333,2691131.618593,4333561.887465,-196.229491,277.184996,0.495809
1462637295.353031,3794579.204785,2716020.135955,4333606.722367,-198.044385,275.891197,0.500520
1462637385.353031,3776673.860114,2740791.676206,4333651.980307,-199.850748,274.585514,0.505210
1462637475.353031,3758606.329531,2765445.172399,4333697.659333,-201.648503,273.268005,0.509877
1462637565.353031,3740377.391232,2789979.562668,4333743.757480,-203.437573,271.938725,0.514523
1462637655.353031,3721987.830367,2814393.790280,4333790.272761,-205.217881,270.597733,0.519147
1462637745.353031,3703438.439002,2838686.803676,4333837.203172,-206.989349,269.245086,0.523748
1462637835.353031,3684730.016089,2862857.556518,4333884.546694,-208.751902,267.880842,0.528327
1462637925.353031,3665863.367427,2886905.007734,4333932.301285,-210.505464,266.505060,0.532883
1462638015.353031,3646839.305633,2910828.121564,4333980.464890,-212.249960,265.117799,0.537416
1462638105.353031,3627658.650102,2934625.867602,4334029.035434,-213.985313,263.719119,0.541926
1462638195.353031,3608322.226976,2958297.220842,4334078.010825,-215.711449,262.309080,0.546413
1462638285.353031,3588830.869103,2981841.161722,4334127.388954,-217.428295,260.887743,0.550876
1462638375.353031,3569185.416007,3005256.676169,4334177.167693,-219.135775,259.455169,0.555315
1462638465.353031,3549386.713848,3028542.755639,4334227.344899,-220.833817,258.011420,0.559730
1462638555.353031,3529435.615387,3051698.397165,4334277.918411,-222.522348,256.556559,0.564122
1462638645.353031,3509332.979947,3074722.603399,4334328.886050,-224.201294,255.090647,0.568489
1462638735.353031,3489079.673383,3097614.382650,4334380.245621,-225.870583,253.613747,0.572831
1462638825.353031,3468676.568033,3120372.748937,4334431.994912,-227.530144,252.125925,0.577149
1462638915.353031,3448124.542692,3142996.722019,4334484.131694,-229.179904,250.627243,0.581442
1462639005.353031,3427424.482567,3165485.327448,4334536.653722,-230.819794,249.117765,0.585710
1462639095.353031,3406577.279242,3187837.596605,4334589.558732,-232.449741,247.597558,0.589953
1462639185.353031,3385583.830638,3210052.566742,4334642.844448,-234.069677,246.066687,0.594170
1462639275.353031,3364445.040976,3232129.281026,4334696.508572,-235.679531,244.525217,0.598362
1462639365.353031,3343161.820736,3254066.788580,4334750.548795,-237.279234,242.973215,0.602527
1462639455.353031,3321735.086619,3275864.144521,4334804.962788,-238.868717,241.410748,0.606667
1462639545.353031,3300165.761508,3297520.410002,4334859.748208,-240.447912,239.837883,0.610781
1462639635.353031,3278454.774428,3319034.652255,4334914.902695,-242.016750,238.254688,0.614869
1462639725.353031,3256603.060503,3340405.944629,4334970.423873,-243.575164,236.661230,0.618930
1462639815.353031,3234611.560921,3361633.366628,4335026.309352,-245.123086,235.057580,0.622964
1462639905.353031,3212481.222891,3382716.003955,4335082.556723,-246.660451,233.443805,0.626972
1462639995.353031,3190212.999600,3403652.948547,4335139.163565,-248.187192,231.819975,0.630952
1462640085.353031,3167807.850174,3424443.298619,4335196.127439,-249.703243,230.186160,0.634906
1462640175.353031,3145266.739639,3445086.158697,4335253.445892,-251.208539,228.542431,0.638832
1462640265.353031,3122590.638875,3465580.639661,4335311.116455,-252.703016,226.888858,0.642730
1462640355.353031,3099780.524577,3485925.858783,4335369.136644,-254.186607,225.225513,0.646601
1462640445.353031,3076837.379212,3506120.939763,4335427.503960,-255.659251,223.552467,0.650444
1462640535.353031,3053762.190976,3526165.012766,4335486.215888,-257.120883,221.869792,0.654259
1462640625.353031,3030555.953753,3546057.214464,4335545.269901,-258.571440,220.177561,0.658046
1462640715.353031,3007219.667073,3565796.688069,4335604.663455,-260.010860,218.475847,0.661804
1462640805.353031,2983754.336065,3585382.583371,4335664.393991,-261.439082,216.764722,0.665534
1462640895.353031,2960160.971418,3604814.056775,4335724.458936,-262.856042,215.044262,0.669235
1462640985.353031,2936440.589334,3624090.271337,4335784.855705,-264.261681,213.314538,0.672908
1462641075.353031,2912594.211486,3643210.396802,4335845.581694,-265.655938,211.575627,0.676551
1462641165.353031,2888622.864976,3662173.609635,4335906.634289,-267.038753,209.827603,0.680166
1462641255.353031,2864527.582286,3680979.093062,4335968.010861,-268.410066,208.070542,0.683751
1462641345.353031,2840309.401238,3699626.037101,4336029.708765,-269.769818,206.304519,0.687306
1462641435.353031,2815969.364945,3718113.638600,4336091.725344,-271.117950,204.529609,0.690832
1462641525.353031,2791508.521772,3736441.101268,4336154.057927,-272.454405,202.745891,0.694328
1462641615.353031,2766927.925284,3754607.635715,4336216.703829,-273.779125,200.953439,0.697795
1462641705.353031,2742228.634205,3772612.459478,4336279.660352,-275.092053,199.152333,0.701231
1462641795.353031,2717411.712374,3790454.797063,4336342.924784,-276.393133,197.342648,0.704637
1462641885.353031,2692478.228692,3808133.879972,4336406.494400,-277.682308,195.524464,0.708013
1462641975.353031,2667429.257083,3825648.946739,4336470.366463,-278.959522,193.697858,0.711358
1462642065.353031,2642265.876446,3842999.242965,4336534.538221,-280.224721,191.862910,0.714673
1462642155.353031,2616989.170607,3860184.021343,4336599.006910,-281.477851,190.019697,0.717956
1462642245.353031,2591600.228272,3877202.541700,4336663.769754,-282.718857,188.168300,0.721209
1462642335.353031,2566100.142982,3894054.071022,4336728.823963,-283.947685,186.308799,0.724431
1462642425.353031,2540490.013066,3910737.883486,4336794.166735,-285.164284,184.441272,0.727622
1462642515.353031,2514770.941591,3927253.260496,4336859.795255,-286.368600,182.565802,0.730781
1462642605.353031,2488944.036318,3943599.490708,4336925.706697,-287.560582,180.682468,0.733909
1462642695.353031,2463010.409651,3959775.870065,4336991.898223,-288.740178,178.791352,0.737005
1462642785.353031,2436971.178592,3975781.701825,4337058.366980,-289.907338,176.892535,0.740069
1462642875.353031,2410827.464692,3991616.296592,4337125.110106,-291.062011,174.986099,0.743102
1462642965.353031,2384580.393999,4007278.972346,4337192.124727,-292.204147,173.072126,0.746102
1462643055.353031,2358231.097017,4022769.054471,4337259.407955,-293.333698,171.150699,0.749071
1462643145.353031,2331780.708650,4038085.875785,4337326.956894,-294.450615,169.221900,0.752007
1462643235.353031,2305230.368158,4053228.776569,4337394.768632,-295.554849,167.285812,0.754911
1462643325.353031,2278581.219105,4068197.104595,4337462.840251,-296.646353,165.342519,0.757782
1462643415.353031,2251834.409310,4082990.215153,4337531.168817,-297.725079,163.392104,0.760621
1462643505.353031,2224991.090801,4097607.471082,4337599.751388,-298.790983,161.434652,0.763426
1462643595.353031,2198052.419761,4112048.242793,4337668.585009,-299.844017,159.470247,0.766199
1462643685.353031,2171019.556479,4126311.908300,4337737.666716,-300.884136,157.498973,0.768939
1462643775.353031,2143893.665304,4140397.853245,4337806.993534,-301.911296,155.520915,0.771646
1462643865.353031,2116675.914590,4154305.470925,4337876.562477,-302.925452,153.536159,0.774320
1462643955.353031,2089367.476647,4168034.162316,4337946.370547,-303.926561,151.544790,0.776960
1462644045.353031,2061969.527691,4181583.336104,4338016.414738,-304.914579,149.546893,0.779567
1462644135.353031,2034483.247796,4194952.408703,4338086.692034,-305.889463,147.542555,0.782140
1462644225.353031,2006909.820837,4208140.804287,4338157.199407,-306.851173,145.531863,0.784679
1462644315.353031,1979250.434446,4221147.954812,4338227.933820,-307.799666,143.514902,0.787185
1462644405.353031,1951506.279953,4233973.300040,4338298.892227,-308.734902,141.491760,0.789657
1462644495.353031,1923678.552344,4246616.287562,4338370.071572,-309.656840,139.462523,0.792095
1462644585.353031,1895768.450201,4259076.372826,4338441.468788,-310.565441,137.427279,0.794498
1462644675.353031,1867777.175657,4271353.019157,4338513.080801,-311.460665,135.386117,0.796868
1462644765.353031,1839705.934337,4283445.697781,4338584.904525,-312.342474,133.339123,0.799203
1462644855.353031,1811555.935316,4295353.887846,4338656.936868,-313.210830,131.286386,0.801504
1462644945.353031,1783328.391055,4307077.076449,4338729.174727,-314.065695,129.227994,0.803770
1462645035.353031,1755024.517359,4318614.758655,4338801.614990,-314.907033,127.164036,0.806002
1462645125.353031,1726645.533322,4329966.437516,4338874.254538,-315.734808,125.094601,0.808198
1462645215.353031,1698192.661267,4341131.624099,4338947.090241,-316.548983,123.019778,0.810360
1462645305.353031,1669667.126706,4352109.837503,4339020.118962,-317.349524,120.939656,0.812488
1462645395.353031,1641070.158277,4362900.604877,4339093.337556,-318.136397,118.854326,0.814580
1462645485.353031,1612402.987695,4373503.461447,4339166.742870,-318.909567,116.763876,0.816637
1462645575.353031,1583666.849702,4383917.950532,4339240.331741,-319.669001,114.668397,0.818659
1462645665.353031,1554862.982005,4394143.623563,4339314.101000,-320.414666,112.567978,0.820645
1462645755.353031,1525992.625232,4404180.040105,4339388.047470,-321.146530,110.462712,0.822597
1462645845.353031,1497057.022876,4414026.767874,4339462.167965,-321.864562,108.352687,0.824512
1462645935.353031,1468057.421235,4423683.382756,4339536.459293,-322.568731,106.237996,0.826393
1462646025.353031,1438995.069369,4433149.468825,4339610.918254,-323.259007,104.118729,0.828238
1462646115.353031,1409871.219039,4442424.618363,4339685.541642,-323.935359,101.994977,0.830047
1462646205.353031,1380687.124652,4451508.431875,4339760.326241,-324.597759,99.866833,0.831820
1462646295.353031,1351444.043214,4460400.518106,4339835.268831,-325.246178,97.734386,0.833557
1462646385.353031,1322143.234269,4469100.494061,4339910.366184,-325.880588,95.597731,0.835259
1462646475.353031,1292785.959848,4477607.985018,4339985.615065,-326.500962,93.456957,0.836925
1462646565.353031,1263373.484416,4485922.624546,4340061.012233,-327.107273,91.312159,0.838554
1462646655.353031,1233907.074811,4494044.054521,4340136.554441,-327.699495,89.163427,0.840148
1462646745.353031,1204388.000200,4501971.925141,4340212.238435,-328.277602,87.010855,0.841705
1462646835.353031,1174817.532013,4509705.894939,4340288.060955,-328.841570,84.854535,0.843226
1462646925.353031,1145196.943897,4517245.630802,4340364.018736,-329.391374,82.694561,0.844711
1462647015.353031,1115527.511656,4524590.807981,4340440.108504,-329.926991,80.531025,0.846159
1462647105.353031,1085810.513199,4531741.110109,4340516.326985,-330.448397,78.364020,0.847571
1462647195.353031,1056047.228483,4538696.229210,4340592.670893,-330.955571,76.193639,0.848946
1462647285.353031,1026238.939458,4545455.865718,4340669.136942,-331.448490,74.019978,0.850285
1462647375.353031,996386.930014,4552019.728483,4340745.721837,-331.927132,71.843127,0.851587
1462647465.353031,966492.485923,4558387.534790,4340822.422280,-332.391478,69.663183,0.852853
1462647555.353031,936556.894785,4564559.010369,4340899.234967,-332.841508,67.480238,0.854081
1462647645.353031,906581.445973,4570533.889403,4340976.156590,-333.277201,65.294387,0.855273
1462647735.353031,876567.430575,4576311.914545,4341053.183836,-333.698540,63.105723,0.856428
1462647825.353031,846516.141341,4581892.836928,4341130.313387,-334.105506,60.914341,0.857547
1462647915.353031,816428.872627,4587276.416171,4341207.541920,-334.498081,58.720335,0.858628
1462648005.353031,786306.920339,4592462.420397,4341284.866110,-334.876249,56.523801,0.859672
1462648095.353031,756151.581876,4597450.626235,4341362.282625,-335.239993,54.324831,0.860679
1462648185.353031,725964.156074,4602240.818836,4341439.788133,-335.589299,52.123522,0.861650
1462648275.353031,695745.943153,4606832.791879,4341517.379293,-335.924149,49.919968,0.862583
1462648365.353031,665498.244658,4611226.347580,4341595.052764,-336.244531,47.714264,0.863479
1462648455.353031,635222.363404,4615421.296703,4341672.805201,-336.550430,45.506504,0.864338
1462648545.353031,604919.603421,4619417.458563,4341750.633254,-336.841834,43.296785,0.865159
1462648635.353031,574591.269895,4623214.661041,4341828.533572,-337.118729,41.085201,0.865943
1462648725.353031,544238.669114,4626812.740585,4341906.502799,-337.381104,38.871847,0.866690
1462648815.353031,513863.108412,4630211.542220,4341984.537576,-337.628948,36.656818,0.867400
1462648905.353031,483465.896112,4633410.919554,4342062.634543,-337.862249,34.440211,0.868072
1462648995.353031,453048.341468,4636410.734786,4342140.790336,-338.080999,32.222121,0.868707
1462649085.353031,422611.754612,4639210.858708,4342219.001589,-338.285186,30.002643,0.869305
1462649175.353031,392157.446495,4641811.170714,4342297.264932,-338.474803,27.781872,0.869865
1462649265.353031,361686.728831,4644211.558806,4342375.576995,-338.649841,25.559905,0.870387
1462649355.353031,331200.914040,4646411.919595,4342453.934405,-338.810293,23.336837,0.870872
1462649445.353031,300701.315195,4648412.158308,4342532.333787,-338.956152,21.112764,0.871320
1462649535.353031,270189.245960,4650212.188791,4342610.771763,-339.087412,18.887781,0.871730
1462649625.353031,239666.020536,4651811.933514,4342689.244956,-339.204067,16.661985,0.872102
1462649715.353031,209132.953608,4653211.323575,4342767.749986,-339.306112,14.435471,0.872437
1462649805.353031,178591.360281,4654410.298698,4342846.283470,-339.393542,12.208335,0.872735
1462649895.353031,148042.556029,4655408.807243,4342924.842027,-339.466354,9.980674,0.872994
1462649985.353031,117487.856636,4656206.806201,4343003.422273,-339.524544,7.752583,0.873216
1462650075.353031,86928.578141,4656804.261202,4343082.020823,-339.568111,5.524158,0.873401
1462650165.353031,56366.036779,4657201.146513,4343160.634292,-339.597052,3.295495,0.873548
1462650255.353031,25801.548926,4657397.445039,4343239.259293,-339.611366,1.066690,0.873657
1462650345.353031,-4763.568959,4657393.148325,4343317.892441,-339.611053,-1.162161,0.873729
1462650435.353031,-35328.000387,4657188.256556,4343396.530348,-339.596112,-3.390962,0.873763
1462650525.353031,-65890.428902,4656782.778557,4343475.169627,-339.566544,-5.619617,0.873759
1462650615.353031,-96449.538133,4656176.731792,4343553.806891,-339.522350,-7.848030,0.873718
1462650705.353031,-127004.011852,4655370.142366,4343632.438753,-339.463533,-10.076105,0.873639
1462650795.353031,-157552.534029,4654363.045019,4343711.061826,-339.390094,-12.303746,0.873523
1462650885.353031,-188093.788893,4653155.483128,4343789.672724,-339.302038,-14.530857,0.873369
1462650975.353031,-218626.460985,4651747.508705,4343868.268060,-339.199367,-16.757342,0.873177
1462651065.353031,-249149.235215,4650139.182393,4343946.844450,-339.082086,-18.983105,0.872947
1462651155.353031,-279660.796920,4648330.573466,4344025.398509,-338.950200,-21.208050,0.872680
1462651245.353031,-310159.831920,4646321.759823,4344103.926854,-338.803716,-23.432083,0.872376
1462651335.353031,-340645.026574,4644112.827986,4344182.426101,-338.642638,-25.655105,0.872034
1462651425.353031,-371115.067837,4641703.873099,4344260.892871,-338.466975,-27.877023,0.871654
1462651515.353031,-401568.643318,4639094.998918,4344339.323783,-338.276733,-30.097741,0.871237
1462651605.353031,-432004.441334,4636286.317811,4344417.715459,-338.071921,-32.317161,0.870782
1462651695.353031,-462421.150968,4633277.950753,4344496.064522,-337.852548,-34.535190,0.870290
1462651785.353031,-492817.462125,4630070.027319,4344574.367598,-337.618624,-36.751732,0.869760
1462651875.353031,-523192.065589,4626662.685679,4344652.621315,-337.370157,-38.966690,0.869193
1462651965.353031,-553543.653079,4623056.072592,4344730.822301,-337.107159,-41.179970,0.868588
1462652055.353031,-583870.917305,4619250.343401,4344808.967189,-336.829642,-43.391477,0.867946
1462652145.353031,-614172.552025,4615245.662024,4344887.052612,-336.537617,-45.601114,0.867267
1462652235.353031,-644447.252100,4611042.200950,4344965.075207,-336.231096,-47.808787,0.866550
1462652325.353031,-674693.713552,4606640.141227,4345043.031614,-335.910094,-50.014401,0.865796
1462652415.353031,-704910.633619,4602039.672460,4345120.918474,-335.574624,-52.217861,0.865005
1462652505.353031,-735096.710812,4597240.992797,4345198.732434,-335.224699,-54.419072,0.864176
1462652595.353031,-765250.644970,4592244.308925,4345276.470141,-334.860336,-56.617939,0.863310
1462652685.353031,-795371.137315,4587049.836059,4345354.128248,-334.481551,-58.814368,0.862407
1462652775.353031,-825456.890512,4581657.797934,4345431.703408,-334.088358,-61.008263,0.861467
1462652865.353031,-855506.608720,4576068.426791,4345509.192282,-333.680776,-63.199530,0.860489
1462652955.353031,-885518.997652,4570281.963375,4345586.591530,-333.258822,-65.388075,0.859475
1462653045.353031,-915492.764628,4564298.656918,4345663.897820,-332.822513,-67.573804,0.858424
1462653135.353031,-945426.618631,4558118.765128,4345741.107822,-332.371870,-69.756622,0.857335
1462653225.353031,-975319.270363,4551742.554184,4345818.218210,-331.906911,-71.936436,0.856210
1462653315.353031,-1005169.432302,4545170.298720,4345895.225663,-331.427656,-74.113152,0.855048
1462653405.353031,-1034975.818755,4538402.281812,4345972.126864,-330.934126,-76.286675,0.853849
1462653495.353031,-1064737.145915,4531438.794969,4346048.918501,-330.426342,-78.456913,0.852613
1462653585.353031,-1094452.131915,4524280.138120,4346125.597265,-329.904326,-80.623771,0.851340
1462653675.353031,-1124119.496886,4516926.619599,4346202.159855,-329.368100,-82.787156,0.850031
1462653765.353031,-1153737.963006,4509378.556132,4346278.602972,-328.817688,-84.946976,0.848685
1462653855.353031,-1183306.254564,4501636.272828,4346354.923325,-328.253114,-87.103137,0.847303
1462653945.353031,-1212823.098008,4493700.103158,4346431.117625,-327.674401,-89.255547,0.845884
1462654035.353031,-1242287.222000,4485570.388946,4346507.182591,-327.081575,-91.404112,0.844429
1462654125.353031,-1271697.357476,4477247.480349,4346583.114947,-326.474661,-93.548740,0.842937
1462654215.353031,-1301052.237695,4468731.735850,4346658.911421,-325.853685,-95.689339,0.841409
1462654305.353031,-1330350.598298,4460023.522235,4346734.568750,-325.218674,-97.825816,0.839845
1462654395.353031,-1359591.177358,4451123.214579,4346810.083675,-324.569655,-99.958080,0.838245
1462654485.353031,-1388772.715438,4442031.196232,4346885.452942,-323.906657,-102.086038,0.836608
1462654575.353031,-1417893.955645,4432747.858803,4346960.673306,-323.229707,-104.209600,0.834936
1462654665.353031,-1446953.643682,4423273.602138,4347035.741526,-322.538835,-106.328673,0.833227
1462654755.353031,-1475950.527902,4413608.834309,4347110.654370,-321.834072,-108.443166,0.831483
1462654845.353031,-1504883.359366,4403753.971592,4347185.408611,-321.115446,-110.552989,0.829703
1462654935.353031,-1533750.891890,4393709.438451,4347260.001028,-320.382989,-112.658049,0.827887
1462655025.353031,-1562551.882107,4383475.667519,4347334.428410,-319.636733,-114.758258,0.826035
1462655115.353031,-1591285.089512,4373053.099582,4347408.687549,-318.876710,-116.853523,0.824148
1462655205.353031,-1619949.276521,4362442.183555,4347482.775248,-318.102952,-118.943756,0.822225
1462655295.353031,-1648543.208525,4351643.376467,4347556.688316,-317.315493,-121.028865,0.820267
1462655385.353031,-1677065.653938,4340657.143439,4347630.423569,-316.514367,-123.108762,0.818274
1462655475.353031,-1705515.384253,4329483.957665,4347703.977830,-315.699608,-125.183356,0.816245
1462655565.353031,-1733891.174098,4318124.300392,4347777.347933,-314.871251,-127.252558,0.814182
1462655655.353031,-1762191.801282,4306578.660897,4347850.530716,-314.029333,-129.316279,0.812083
1462655745.353031,-1790416.046855,4294847.536469,4347923.523028,-313.173888,-131.374431,0.809949
1462655835.353031,-1818562.695153,4282931.432386,4347996.321724,-312.304955,-133.426924,0.807780
1462655925.353031,-1846630.533858,4270830.861893,4348068.923669,-311.422570,-135.473670,0.805577
1462656015.353031,-1874618.354044,4258546.346180,4348141.325735,-310.526772,-137.514581,0.803338
1462656105.353031,-1902524.950232,4246078.414360,4348213.524805,-309.617599,-139.549569,0.801066
1462656195.353031,-1930349.120442,4233427.603446,4348285.517768,-308.695090,-141.578546,0.798758
1462656285.353031,-1958089.666244,4220594.458329,4348357.301524,-307.759285,-143.601425,0.796416
1462656375.353031,-1985745.392809,4207579.531751,4348428.872981,-306.810225,-145.618119,0.794040
1462656465.353031,-2013315.108963,4194383.384286,4348500.229055,-305.847950,-147.628542,0.791630
1462656555.353031,-2040797.627235,4181006.584312,4348571.366674,-304.872501,-149.632605,0.789186
1462656645.353031,-2068191.763911,4167449.707989,4348642.282773,-303.883921,-151.630224,0.786707
1462656735.353031,-2095496.339082,4153713.339233,4348712.974297,-302.882253,-153.621312,0.784195
1462656825.353031,-2122710.176698,4139798.069689,4348783.438203,-301.867538,-155.605783,0.781649
1462656915.353031,-2149832.104618,4125704.498710,4348853.671455,-300.839822,-157.583552,0.779070
1462657005.353031,-2176860.954657,4111433.233328,4348923.671027,-299.799148,-159.554533,0.776456
1462657095.353031,-2203795.562641,4096984.888229,4348993.433905,-298.745562,-161.518642,0.773810
1462657185.353031,-2230634.768456,4082360.085725,4349062.957084,-297.679108,-163.475795,0.771130
1462657275.353031,-2257377.416094,4067559.455729,4349132.237569,-296.599832,-165.425906,0.768417
1462657365.353031,-2284022.353708,4052583.635727,4349201.272377,-295.507782,-167.368892,0.765670
1462657455.353031,-2310568.433661,4037433.270750,4349270.058533,-294.403003,-169.304669,0.762891
1462657545.353031,-2337014.512570,4022109.013349,4349338.593075,-293.285544,-171.233154,0.760079
1462657635.353031,-2363359.451363,4006611.523563,4349406.873052,-292.155453,-173.154264,0.757234
1462657725.353031,-2389602.115322,3990941.468893,4349474.895521,-291.012778,-175.067916,0.754356
1462657815.353031,-2415741.374135,3975099.524271,4349542.657553,-289.857569,-176.974027,0.751446
1462657905.353031,-2441776.101943,3959086.372036,4349610.156230,-288.689875,-178.872516,0.748504
1462657995.353031,-2467705.177391,3942902.701899,4349677.388644,-287.509747,-180.763300,0.745530
1462658085.353031,-2493527.483673,3926549.210914,4349744.351899,-286.317236,-182.646299,0.742523
1462658175.353031,-2519241.908583,3910026.603454,4349811.043111,-285.112392,-184.521431,0.739484
1462658265.353031,-2544847.344559,3893335.591170,4349877.459408,-283.895268,-186.388615,0.736414
1462658355.353031,-2570342.688737,3876476.892972,4349943.597928,-282.665916,-188.247771,0.733311
1462658445.353031,-2595726.842992,3859451.234990,4350009.455823,-281.424390,-190.098819,0.730177
1462658535.353031,-2620998.713990,3842259.350545,4350075.030256,-280.170742,-191.941679,0.727012
1462658625.353031,-2646157.213232,3824901.980117,4350140.318404,-278.905026,-193.776272,0.723816
1462658715.353031,-2671201.257102,3807379.871317,4350205.317452,-277.627298,-195.602519,0.720588
1462658805.353031,-2696129.766915,3789693.778848,4350270.024603,-276.337612,-197.420341,0.717329
1462658895.353031,-2720941.668961,3771844.464477,4350334.437069,-275.036024,-199.229659,0.714039
1462658985.353031,-2745635.894553,3753832.697003,4350398.552075,-273.722589,-201.030397,0.710719
1462659075.353031,-2770211.380073,3735659.252219,4350462.366861,-272.397365,-202.822475,0.707368
1462659165.353031,-2794667.067015,3717324.912885,4350525.878676,-271.060408,-204.605818,0.703986
1462659255.353031,-2819001.902037,3698830.468688,4350589.084786,-269.711776,-206.380348,0.700574
1462659345.353031,-2843214.836999,3680176.716213,4350651.982468,-268.351528,-208.145990,0.697132
1462659435.353031,-2867304.829012,3661364.458907,4350714.569013,-266.979721,-209.902665,0.693660
1462659525.353031,-2891270.840483,3642394.507041,4350776.841726,-265.596414,-211.650301,0.690158
1462659615.353031,-2915111.839159,3623267.677681,4350838.797923,-264.201668,-213.388819,0.686626
1462659705.353031,-2938826.798171,3603984.794649,4350900.434937,-262.795543,-215.118147,0.683065
1462659795.353031,-2962414.696079,3584546.688489,4350961.750112,-261.378098,-216.838210,0.679475
1462659885.353031,-2985874.516916,3564954.196431,4351022.740808,-259.949396,-218.548933,0.675855
1462659975.353031,-3009205.250231,3545208.162353,4351083.404397,-258.509497,-220.250243,0.672206
1462660065.353031,-3032405.891132,3525309.436746,4351143.738267,-257.058464,-221.942066,0.668528
1462660155.353031,-3055475.440333,3505258.876682,4351203.739818,-255.596359,-223.624330,0.664821
1462660245.353031,-3078412.904193,3485057.345767,4351263.406467,-254.123244,-225.296962,0.661085
1462660335.353031,-3101217.294759,3464705.714113,4351322.735644,-252.639185,-226.959890,0.657321
1462660425.353031,-3123887.629810,3444204.858296,4351381.724792,-251.144244,-228.613042,0.653529
1462660515.353031,-3146422.932901,3423555.661321,4351440.371371,-249.638485,-230.256348,0.649709
1462660605.353031,-3168822.233401,3402759.012579,4351498.672855,-248.121975,-231.889736,0.645860
1462660695.353031,-3191084.566537,3381815.807815,4351556.626733,-246.594777,-233.513137,0.641984
1462660785.353031,-3213208.973436,3360726.949085,4351614.230509,-245.056958,-235.126480,0.638080
1462660875.353031,-3235194.501166,3339493.344719,4351671.481701,-243.508584,-236.729695,0.634149
1462660965.353031,-3257040.202776,3318115.909280,4351728.377843,-241.949722,-238.322714,0.630190
1462661055.353031,-3278745.137338,3296595.563529,4351784.916486,-240.380439,-239.905468,0.626205
1462661145.353031,-3300308.369986,3274933.234379,4351841.095192,-238.800802,-241.477890,0.622192
1462661235.353031,-3321728.971959,3253129.854861,4351896.911544,-237.210880,-243.039910,0.618152
1462661325.353031,-3343006.020638,3231186.364080,4351952.363136,-235.610740,-244.591462,0.614086
1462661415.353031,-3364138.599588,3209103.707176,4352007.447581,-234.000453,-246.132479,0.609994
1462661505.353031,-3385125.798596,3186882.835283,4352062.162504,-232.380086,-247.662895,0.605875
1462661595.353031,-3405966.713711,3164524.705489,4352116.505551,-230.749711,-249.182644,0.601730
1462661685.353031,-3426660.447281,3142030.280793,4352170.474380,-229.109397,-250.691660,0.597559
1462661775.353031,-3447206.107997,3119400.530065,4352224.066666,-227.459215,-252.189878,0.593362
1462661865.353031,-3467602.810925,3096636.428002,4352277.280101,-225.799236,-253.677234,0.589140
1462661955.353031,-3487849.677546,3073738.955091,4352330.112393,-224.129531,-255.153664,0.584892
1462662045.353031,-3507945.835798,3050709.097560,4352382.561267,-222.450173,-256.619104,0.580620
1462662135.353031,-3527890.420107,3027547.847342,4352434.624463,-220.761233,-258.073491,0.576322
1462662225.353031,-3547682.571429,3004256.202026,4352486.299739,-219.062785,-259.516763,0.571999
1462662315.353031,-3567321.437286,2980835.164821,4352537.584868,-217.354902,-260.948856,0.567652
1462662405.353031,-3586806.171801,2957285.744507,4352588.477643,-215.637657,-262.369711,0.563280
1462662495.353031,-3606135.935737,2933608.955393,4352638.975871,-213.911124,-263.779264,0.558884
1462662585.353031,-3625309.896530,2909805.817276,4352689.077376,-212.175377,-265.177456,0.554464
1462662675.353031,-3644327.228329,2885877.355394,4352738.780002,-210.430492,-266.564227,0.550020
1462662765.353031,-3663187.112027,2861824.600382,4352788.081606,-208.676543,-267.939516,0.545553
1462662855.353031,-3681888.735301,2837648.588230,4352836.980066,-206.913606,-269.303264,0.541062
1462662945.353031,-3700431.292642,2813350.360236,4352885.473274,-205.141757,-270.655414,0.536547
1462663035.353031,-3718813.985394,2788930.962962,4352933.559144,-203.361072,-271.995905,0.532010
1462663125.353031,-3737036.021785,2764391.448190,4352981.235602,-201.571628,-273.324682,0.527449
1462663215.353031,-3755096.616964,2739732.872875,4353028.500596,-199.773503,-274.641686,0.522866
1462663305.353031,-3772994.993033,2714956.299099,4353075.352090,-197.966772,-275.946860,0.518260
1462663395.353031,-3790730.379083,2690062.794027,4353121.788066,-196.151515,-277.240150,0.513632
1462663485.353031,-3808302.011221,2665053.429863,4353167.806523,-194.327809,-278.521498,0.508982
1462663575.353031,-3825709.132611,2639929.283797,4353213.405480,-192.495734,-279.790849,0.504310
1462663665.353031,-3842950.993501,2614691.437966,4353258.582973,-190.655367,-281.048150,0.499616
1462663755.353031,-3860026.851257,2589340.979402,4353303.337055,-188.806788,-282.293346,0.494901
1462663845.353031,-3876935.970395,2563878.999989,4353347.665799,-186.950078,-283.526382,0.490165
1462663935.353031,-3893677.622615,2538306.596415,4353391.567295,-185.085315,-284.747207,0.485407
1462664025.353031,-3910251.086826,2512624.870121,4353435.039652,-183.212580,-285.955767,0.480628
1462664115.353031,-3926655.649184,2486834.927260,4353478.080999,-181.331954,-287.152011,0.475829
1462664205.353031,-3942890.603119,2460937.878644,4353520.689481,-179.443517,-288.335887,0.471009
1462664295.353031,-3958955.249366,2434934.839700,4353562.863262,-177.547352,-289.507343,0.466169
1462664385.353031,-3974848.895997,2408826.930418,4353604.600527,-175.643539,-290.666330,0.461309
1462664475.353031,-3990570.858447,2382615.275306,4353645.899477,-173.732162,-291.812798,0.456429
1462664565.353031,-4006120.459547,2356301.003342,4353686.758334,-171.813301,-292.946697,0.451529
1462664655.353031,-4021497.029552,2329885.247921,4353727.175337,-169.887040,-294.067978,0.446610
1462664745.353031,-4036699.906168,2303369.146811,4353767.148746,-167.953462,-295.176593,0.441671
1462664835.353031,-4051728.434585,2276753.842102,4353806.676840,-166.012649,-296.272494,0.436714
1462664925.353031,-4066581.967500,2250040.480155,4353845.757914,-164.064687,-297.355635,0.431738
1462665015.353031,-4081259.865149,2223230.211557,4353884.390287,-162.109657,-298.425968,0.426743
1462665105.353031,-4095761.495332,2196324.191068,4353922.572294,-160.147646,-299.483447,0.421730
1462665195.353031,-4110086.233441,2169323.577571,4353960.302290,-158.178736,-300.528027,0.416698
1462665285.353031,-4124233.462488,2142229.534024,4353997.578650,-156.203014,-301.559663,0.411649
1462665375.353031,-4138202.573129,2115043.227410,4354034.399770,-154.220564,-302.578310,0.406582
1462665465.353031,-4151992.963694,2087765.828686,4354070.764061,-152.231471,-303.583925,0.401497
1462665555.353031,-4165604.040208,2060398.512731,4354106.669959,-150.235821,-304.576464,0.396395
1462665645.353031,-4179035.216421,2032942.458298,4354142.115917,-148.233701,-305.555884,0.391277
1462665735.353031,-4192285.913832,2005398.847963,4354177.100408,-146.225196,-306.522143,0.386141
1462665825.353031,-4205355.561713,1977768.868071,4354211.621925,-144.210392,-307.475200,0.380988
1462665915.353031,-4218243.597134,1950053.708687,4354245.678981,-142.189378,-308.415014,0.375819
1462666005.353031,-4230949.464987,1922254.563546,4354279.270109,-140.162239,-309.341544,0.370634
1462666095.353031,-4243472.618011,1894372.630001,4354312.393862,-138.129063,-310.254750,0.365433
1462666185.353031,-4255812.516814,1866409.108969,4354345.048814,-136.089937,-311.154593,0.360217
1462666275.353031,-4267968.629898,1838365.204883,4354377.233558,-134.044950,-312.041034,0.354984
1462666365.353031,-4279940.433680,1810242.125636,4354408.946708,-131.994190,-312.914034,0.349737
1462666455.353031,-4291727.412517,1782041.082534,4354440.186897,-129.937744,-313.773557,0.344474
1462666545.353031,-4303329.058723,1753763.290239,4354470.952780,-127.875701,-314.619566,0.339197
1462666635.353031,-4314744.872600,1725409.966719,4354501.243032,-125.808151,-315.452023,0.333905
1462666725.353031,-4325974.362449,1696982.333196,4354531.056348,-123.735182,-316.270893,0.328598
1462666815.353031,-4337017.044600,1668481.614092,4354560.391444,-121.656884,-317.076141,0.323278
1462666905.353031,-4347872.443427,1639909.036977,4354589.247056,-119.573346,-317.867732,0.317943
1462666995.353031,-4358540.091370,1611265.832516,4354617.621942,-117.484657,-318.645632,0.312595
1462667085.353031,-4369019.528959,1582553.234417,4354645.514879,-115.390908,-319.409808,0.307233
1462667175.353031,-4379310.304827,1553772.479375,4354672.924666,-113.292189,-320.160226,0.301859
1462667265.353031,-4389411.975734,1524924.807022,4354699.850122,-111.188591,-320.896854,0.296471
1462667355.353031,-4399324.106587,1496011.459871,4354726.290088,-109.080203,-321.619660,0.291070
1462667445.353031,-4409046.270454,1467033.683267,4354752.243424,-106.967117,-322.328614,0.285657
1462667535.353031,-4418578.048586,1437992.725325,4354777.709013,-104.849424,-323.023685,0.280231
1462667625.353031,-4427919.030435,1408889.836886,4354802.685757,-102.727215,-323.704843,0.274794
1462667715.353031,-4437068.813671,1379726.271455,4354827.172581,-100.600581,-324.372058,0.269344
1462667805.353031,-4446027.004198,1350503.285153,4354851.168430,-98.469615,-325.025302,0.263883
1462667895.353031,-4454793.216173,1321222.136659,4354874.672271,-96.334407,-325.664546,0.258411
1462667985.353031,-4463367.072022,1291884.087156,4354897.683091,-94.195049,-326.289764,0.252927
1462668075.353031,-4471748.202454,1262490.400282,4354920.199899,-92.051635,-326.900928,0.247433
1462668165.353031,-4479936.246484,1233042.342066,4354942.221725,-89.904256,-327.498012,0.241928
1462668255.353031,-4487930.851437,1203541.180882,4354963.747620,-87.753004,-328.080990,0.236412
1462668345.353031,-4495731.672975,1173988.187392,4354984.776658,-85.597973,-328.649836,0.230887
1462668435.353031,-4503338.375103,1144384.634488,4355005.307932,-83.439255,-329.204528,0.225351
1462668525.353031,-4510750.630191,1114731.797241,4355025.340558,-81.276943,-329.745040,0.219806
1462668615.353031,-4517968.118979,1085030.952844,4355044.873673,-79.111130,-330.271350,0.214251
1462668705.353031,-4524990.530599,1055283.380559,4355063.906437,-76.941910,-330.783434,0.208687
1462668795.353031,-4531817.562587,1025490.361661,4355082.438028,-74.769376,-331.281271,0.203114
1462668885.353031,-4538448.920889,995653.179380,4355100.467649,-72.593622,-331.764839,0.197532
1462668975.353031,-4544884.319885,965773.118850,4355117.994523,-70.414741,-332.234117,0.191942
1462669065.353031,-4551123.482391,935851.467051,4355135.017895,-68.232827,-332.689086,0.186343
1462669155.353031,-4557166.139676,905889.512756,4355151.537032,-66.047974,-333.129725,0.180737
1462669245.353031,-4563012.031475,875888.546471,4355167.551222,-63.860276,-333.556016,0.175122
1462669335.353031,-4568660.905995,845849.860386,4355183.059776,-61.669827,-333.967940,0.169500
1462669425.353031,-4574112.519931,815774.748313,4355198.062026,-59.476723,-334.365479,0.163871
1462669515.353031,-4579366.638473,785664.505633,4355212.557325,-57.281057,-334.748617,0.158235
1462669605.353031,-4584423.035318,755520.429241,4355226.545048,-55.082923,-335.117337,0.152592
1462669695.353031,-4589281.492679,725343.817489,4355240.024594,-52.882417,-335.471623,0.146942
1462669785.353031,-4593941.801296,695135.970131,4355252.995382,-50.679633,-335.811459,0.141286
1462669875.353031,-4598403.760441,664898.188265,4355265.456852,-48.474667,-336.136832,0.135624
1462669965.353031,-4602667.177930,634631.774280,4355277.408469,-46.267612,-336.447726,0.129956
1462670055.353031,-4606731.870133,604338.031796,4355288.849717,-44.058565,-336.744129,0.124283
1462670145.353031,-4610597.661975,574018.265612,4355299.780104,-41.847620,-337.026029,0.118604
1462670235.353031,-4614264.386953,543673.781648,4355310.199159,-39.634873,-337.293411,0.112920
1462670325.353031,-4617731.887133,513305.886887,4355320.106432,-37.420418,-337.546267,0.107231
1462670415.353031,-4621000.013165,482915.889321,4355329.501497,-35.204352,-337.784583,0.101538
1462670505.353031,-4624068.624287,452505.097894,4355338.383950,-32.986770,-338.008351,0.095840
1462670595.353031,-4626937.588328,422074.822447,4355346.753408,-30.767766,-338.217560,0.090138
1462670685.353031,-4629606.781717,391626.373659,4355354.609510,-28.547438,-338.412201,0.084432
1462670775.353031,-4632076.089489,361161.062991,4355361.951917,-26.325880,-338.592267,0.078723
1462670865.353031,-4634345.405286,330680.202632,4355368.780314,-24.103187,-338.757749,0.073010
1462670955.353031,-4636414.631366,300185.105438,4355375.094407,-21.879457,-338.908640,0.067294
1462671045.353031,-4638283.678602,269677.084882,4355380.893922,-19.654785,-339.044934,0.061575
1462671135.353031,-4639952.466494,239157.454991,4355386.178612,-17.429266,-339.166624,0.055853
1462671225.353031,-4641420.923163,208627.530292,4355390.948247,-15.202996,-339.273706,0.050129
1462671315.353031,-4642688.985361,178088.625758,4355395.202622,-12.976071,-339.366175,0.044403
1462671405.353031,-4643756.598471,147542.056744,4355398.941555,-10.748587,-339.444027,0.038675
1462671495.353031,-4644623.716508,116989.138941,4355402.164883,-8.520641,-339.507259,0.032946
1462671585.353031,-4645290.302124,86431.188308,4355404.872469,-6.292327,-339.555868,0.027214
1462671675.353031,-4645756.326609,55869.521025,4355407.064195,-4.063743,-339.589851,0.021482
1462671765.353031,-4646021.769890,25305.453429,4355408.739967,-1.834983,-339.609208,0.015749
1462671855.353031,-4646086.620534,-5259.698037,4355409.899713,0.393855,-339.613937,0.010015
1462671945.353031,-4645950.875748,-35824.616885,4355410.543382,2.622677,-339.604038,0.004281
1462672035.353031,-4645614.541379,-66387.986638,4355410.670948,4.851386,-339.579513,-0.001454
1462672125.353031,-4645077.631913,-96948.490883,4355410.282404,7.079886,-339.540361,-0.007188
1462672215.353031,-4644340.170475,-127504.813332,4355409.377767,9.308080,-339.486584,-0.012922
1462672305.353031,-4643402.188829,-158055.637877,4355407.957076,11.535874,-339.418185,-0.018656
1462672395.353031,-4642263.727376,-188599.648647,4355406.020392,13.763171,-339.335167,-0.024389
1462672485.353031,-4640924.835150,-219135.530064,4355403.567799,15.989875,-339.237534,-0.030120
1462672575.353031,-4639385.569820,-249661.966900,4355400.599402,18.215891,-339.125289,-0.035851
1462672665.353031,-4637645.997685,-280177.644334,4355397.115329,20.441122,-338.998437,-0.041580
1462672755.353031,-4635706.193670,-310681.248010,4355393.115730,22.665472,-338.856984,-0.047307
1462672845.353031,-4633566.241326,-341171.464089,4355388.600778,24.888847,-338.700936,-0.053032
1462672935.353031,-4631226.232823,-371646.979310,4355383.570666,27.111149,-338.530299,-0.058755
1462673025.353031,-4628686.268950,-402106.481047,4355378.025611,29.332283,-338.345082,-0.064475
1462673115.353031,-4625946.459107,-432548.657361,4355371.965852,31.552154,-338.145291,-0.070192
1462673205.353031,-4623006.921302,-462972.197060,4355365.391651,33.770667,-337.930936,-0.075907
1462673295.353031,-4619867.782144,-493375.789757,4355358.303289,35.987724,-337.702026,-0.081618
1462673385.353031,-4616529.176843,-523758.125919,4355350.701073,38.203232,-337.458570,-0.087326
1462673475.353031,-4612991.249195,-554117.896935,4355342.585330,40.417094,-337.200580,-0.093030
1462673565.353031,-4609254.151586,-584453.795161,4355333.956409,42.629215,-336.928066,-0.098730
1462673655.353031,-4605318.044978,-614764.513983,4355324.814682,44.839500,-336.641040,-0.104425
1462673745.353031,-4601183.098906,-645048.747872,4355315.160543,47.047854,-336.339514,-0.110116
1462673835.353031,-4596849.491467,-675305.192439,4355304.994408,49.254181,-336.023501,-0.115803
1462673925.353031,-4592317.409317,-705532.544491,4355294.316713,51.458387,-335.693016,-0.121484
1462674015.353031,-4587587.047660,-735729.502091,4355283.127920,53.660377,-335.348072,-0.127160
1462674105.353031,-4582658.610239,-765894.764608,4355271.428510,55.860055,-334.988683,-0.132831
1462674195.353031,-4577532.309331,-796027.032778,4355259.218986,58.057328,-334.614866,-0.138496
1462674285.353031,-4572208.365732,-826125.008757,4355246.499876,60.252099,-334.226637,-0.144155
1462674375.353031,-4566687.008754,-856187.396180,4355233.271726,62.444276,-333.824012,-0.149808
1462674465.353031,-4560968.476209,-886212.900211,4355219.535106,64.633763,-333.407009,-0.155454
1462674555.353031,-4555053.014404,-916200.227608,4355205.290609,66.820466,-332.975646,-0.161094
1462674645.353031,-4548940.878127,-946148.086768,4355190.538847,69.004291,-332.529940,-0.166727
1462674735.353031,-4542632.330636,-976055.187792,4355175.280455,71.185144,-332.069913,-0.172352
1462674825.353031,-4536127.643652,-1005920.242534,4355159.516091,73.362931,-331.595582,-0.177970
1462674915.353031,-4529427.097340,-1035741.964660,4355143.246435,75.537558,-331.106969,-0.183581
1462675005.353031,-4522530.980304,-1065519.069702,4355126.472186,77.708931,-330.604095,-0.189183
1462675095.353031,-4515439.589570,-1095250.275115,4355109.194067,79.876958,-330.086981,-0.194778
1462675185.353031,-4508153.230576,-1124934.300329,4355091.412822,82.041544,-329.555650,-0.200364
1462675275.353031,-4500672.217155,-1154569.866808,4355073.129218,84.202596,-329.010124,-0.205941
1462675365.353031,-4492996.871527,-1184155.698101,4355054.344041,86.360022,-328.450427,-0.211510
1462675455.353031,-4485127.524281,-1213690.519901,4355035.058100,88.513728,-327.876584,-0.217069
1462675545.353031,-4477064.514362,-1243173.060098,4355015.272227,90.663622,-327.288618,-0.222619
1462675635.353031,-4468808.189056,-1272602.048833,4354994.987274,92.809610,-326.686555,-0.228160
1462675725.353031,-4460358.903975,-1301976.218554,4354974.204113,94.951601,-326.070422,-0.233690
1462675815.353031,-4451717.023044,-1331294.304071,4354952.923641,97.089503,-325.440244,-0.239211
1462675905.353031,-4442882.918482,-1360555.042606,4354931.146774,99.223222,-324.796049,-0.244721
1462675995.353031,-4433856.970788,-1389757.173857,4354908.874449,101.352668,-324.137865,-0.250221
1462676085.353031,-4424639.568722,-1418899.440041,4354886.107627,103.477749,-323.465719,-0.255710
1462676175.353031,-4415231.109292,-1447980.585955,4354862.847287,105.598372,-322.779641,-0.261188
1462676265.353031,-4405631.997736,-1476999.359031,4354839.094432,107.714447,-322.079661,-0.266654
1462676355.353031,-4395842.647502,-1505954.509384,4354814.850084,109.825883,-321.365808,-0.272110
1462676445.353031,-4385863.480233,-1534844.789872,4354790.115288,111.932589,-320.638114,-0.277553
1462676535.353031,-4375694.925746,-1563668.956145,4354764.891109,114.034473,-319.896609,-0.282985
1462676625.353031,-4365337.422018,-1592425.766701,4354739.178633,116.131446,-319.141325,-0.288404
1462676715.353031,-4354791.415161,-1621113.982941,4354712.978968,118.223416,-318.372296,-0.293811
1462676805.353031,-4344057.359409,-1649732.369219,4354686.293243,120.310295,-317.589554,-0.299205
1462676895.353031,-4333135.717094,-1678279.692897,4354659.122607,122.391992,-316.793133,-0.304587
1462676985.353031,-4322026.958628,-1706754.724396,4354631.468229,124.468417,-315.983067,-0.309955
1462677075.353031,-4310731.562482,-1735156.237254,4354603.331302,126.539481,-315.159391,-0.315310
1462677165.353031,-4299250.015167,-1763483.008173,4354574.713037,128.605095,-314.322141,-0.320651
1462677255.353031,-4287582.811210,-1791733.817075,4354545.614666,130.665169,-313.471352,-0.325979
1462677345.353031,-4275730.453137,-1819907.447155,4354516.037443,132.719616,-312.607062,-0.331292
1462677435.353031,-4263693.451446,-1848002.684931,4354485.982642,134.768346,-311.729307,-0.336591
1462677525.353031,-4251472.324590,-1876018.320296,4354455.451558,136.811272,-310.838126,-0.341876
1462677615.353031,-4239067.598952,-1903953.146575,4354424.445505,138.848304,-309.933556,-0.347146
1462677705.353031,-4226479.808822,-1931805.960571,4354392.965818,140.879357,-309.015637,-0.352401
1462677795.353031,-4213709.496377,-1959575.562620,4354361.013854,142.904341,-308.084408,-0.357641
1462677885.353031,-4200757.211652,-1987260.756644,4354328.590989,144.923171,-307.139910,-0.362865
1462677975.353031,-4187623.512523,-2014860.350196,4354295.698619,146.935758,-306.182182,-0.368074
1462678065.353031,-4174308.964680,-2042373.154521,4354262.338162,148.942017,-305.211267,-0.373267
1462678155.353031,-4160814.141599,-2069797.984599,4354228.511053,150.941860,-304.227206,-0.378444
1462678245.353031,-4147139.624524,-2097133.659201,4354194.218750,152.935202,-303.230041,-0.383605
1462678335.353031,-4133286.002438,-2124379.000936,4354159.462730,154.921957,-302.219816,-0.388749
1462678425.353031,-4119253.872037,-2151532.836305,4354124.244490,156.902040,-301.196574,-0.393876
1462678515.353031,-4105043.837707,-2178593.995752,4354088.565547,158.875364,-300.160359,-0.398986
1462678605.353031,-4090656.511496,-2205561.313709,4354052.427437,160.841845,-299.111215,-0.404080
1462678695.353031,-4076092.513089,-2232433.628653,4354015.831717,162.801399,-298.049188,-0.409155
1462678785.353031,-4061352.469780,-2259209.783152,4353978.779963,164.753940,-296.974324,-0.414213
1462678875.353031,-4046437.016444,-2285888.623914,4353941.273772,166.699385,-295.886668,-0.419254
1462678965.353031,-4031346.795514,-2312469.001842,4353903.314758,168.637650,-294.786269,-0.424276
1462679055.353031,-4016082.456949,-2338949.772077,4353864.904557,170.568652,-293.673172,-0.429280
1462679145.353031,-4000644.658208,-2365329.794051,4353826.044822,172.492307,-292.547426,-0.434265
1462679235.353031,-3985034.064220,-2391607.931537,4353786.737228,174.408533,-291.409080,-0.439232
1462679325.353031,-3969251.347358,-2417783.052693,4353746.983468,176.317246,-290.258183,-0.444180
1462679415.353031,-3953297.187407,-2443854.030117,4353706.785253,178.218366,-289.094783,-0.449109
1462679505.353031,-3937172.271539,-2469819.740892,4353666.144316,180.111809,-287.918932,-0.454018
1462679595.353031,-3920877.294279,-2495679.066635,4353625.062407,181.997494,-286.730680,-0.458908
1462679685.353031,-3904412.957475,-2521430.893543,4353583.541295,183.875341,-285.530078,-0.463778
1462679775.353031,-3887779.970273,-2547074.112447,4353541.582768,185.745267,-284.317177,-0.468628
1462679865.353031,-3870979.049082,-2572607.618852,4353499.188634,187.607194,-283.092031,-0.473458
1462679955.353031,-3854010.917542,-2598030.312992,4353456.360719,189.461039,-281.854691,-0.478268
1462680045.353031,-3836876.306498,-2623341.099872,4353413.100867,191.306725,-280.605212,-0.483057
1462680135.353031,-3819575.953963,-2648538.889317,4353369.410942,193.144171,-279.343646,-0.487825
1462680225.353031,-3802110.605091,-2673622.596018,4353325.292826,194.973297,-278.070049,-0.492572
1462680315.353031,-3784481.012142,-2698591.139583,4353280.748418,196.794026,-276.784475,-0.497298
1462680405.353031,-3766687.934449,-2723443.444577,4353235.779638,198.606278,-275.486979,-0.502002
1462680495.353031,-3748732.138387,-2748178.440573,4353190.388421,200.409977,-274.177617,-0.506685
1462680585.353031,-3730614.397341,-2772795.062196,4353144.576724,202.205043,-272.856447,-0.511346
1462680675.353031,-3712335.491669,-2797292.249170,4353098.346520,203.991400,-271.523523,-0.515985
1462680765.353031,-3693896.208673,-2821668.946365,4353051.699799,205.768971,-270.178905,-0.520602
1462680855.353031,-3675297.342560,-2845924.103837,4353004.638570,207.537679,-268.822650,-0.525196
1462680945.353031,-3656539.694414,-2870056.676879,4352957.164862,209.297448,-267.454817,-0.529768
1462681035.353031,-3637624.072154,-2894065.626065,4352909.280718,211.048202,-266.075463,-0.534317
1462681125.353031,-3618551.290506,-2917949.917291,4352860.988201,212.789866,-264.684650,-0.538843
1462681215.353031,-3599322.170964,-2941708.521825,4352812.289391,214.522365,-263.282436,-0.543345
1462681305.353031,-3579937.541756,-2965340.416346,4352763.186386,216.245624,-261.868882,-0.547825
1462681395.353031,-3560398.237808,-2988844.582992,4352713.681300,217.959569,-260.444049,-0.552280
1462681485.353031,-3540705.100709,-3012220.009402,4352663.776266,219.664126,-259.007998,-0.556712
1462681575.353031,-3520858.978671,-3035465.688761,4352613.473433,221.359222,-257.560791,-0.561120
1462681665.353031,-3500860.726498,-3058580.619841,4352562.774968,223.044784,-256.102491,-0.565504
1462681755.353031,-3480711.205546,-3081563.807047,4352511.683055,224.720739,-254.633160,-0.569863
1462681845.353031,-3460411.283686,-3104414.260456,4352460.199894,226.387014,-253.152862,-0.574198
1462681935.353031,-3439961.835267,-3127130.995865,4352408.327702,228.043539,-251.661659,-0.578508
1462682025.353031,-3419363.741079,-3149713.034828,4352356.068715,229.690242,-250.159618,-0.582793
1462682115.353031,-3398617.888312,-3172159.404702,4352303.425182,231.327051,-248.646802,-0.587054
1462682205.353031,-3377725.170523,-3194469.138688,4352250.399371,232.953897,-247.123276,-0.591288
1462682295.353031,-3356686.487595,-3216641.275870,4352196.993567,234.570710,-245.589106,-0.595498
1462682385.353031,-3335502.745695,-3238674.861261,4352143.210069,236.177419,-244.044358,-0.599681
1462682475.353031,-3314174.857239,-3260568.945839,4352089.051193,237.773955,-242.489099,-0.603839
1462682565.353031,-3292703.740854,-3282322.586593,4352034.519274,239.360250,-240.923395,-0.607971
1462682655.353031,-3271090.321333,-3303934.846560,4351979.616659,240.936236,-239.347315,-0.612077
1462682745.353031,-3249335.529600,-3325404.794865,4351924.345713,242.501844,-237.760925,-0.616156
1462682835.353031,-3227440.302668,-3346731.506766,4351868.708817,244.057007,-236.164295,-0.620209
1462682925.353031,-3205405.583597,-3367914.063688,4351812.708367,245.601658,-234.557493,-0.624235
1462683015.353031,-3183232.321457,-3388951.553265,4351756.346775,247.135730,-232.940588,-0.628234
1462683105.353031,-3160921.471285,-3409843.069380,4351699.626470,248.659159,-231.313650,-0.632206
1462683195.353031,-3138473.994044,-3430587.712203,4351642.549893,250.171877,-229.676748,-0.636151
1462683285.353031,-3115890.856581,-3451184.588231,4351585.119503,251.673819,-228.029955,-0.640068
1462683375.353031,-3093173.031587,-3471632.810323,4351527.337774,253.164922,-226.373339,-0.643958
1462683465.353031,-3070321.497554,-3491931.497744,4351469.207195,254.645121,-224.706974,-0.647821
1462683555.353031,-3047337.238732,-3512079.776198,4351410.730269,256.114351,-223.030930,-0.651655
1462683645.353031,-3024221.245090,-3532076.777866,4351351.909516,257.572551,-221.345280,-0.655461
1462683735.353031,-3000974.512269,-3551921.641448,4351292.747468,259.019656,-219.650096,-0.659239
1462683825.353031,-2977598.041542,-3571613.512194,4351233.246674,260.455605,-217.945451,-0.662989
1462683915.353031,-2954092.839769,-3591151.541945,4351173.409697,261.880336,-216.231419,-0.666710
1462684005.353031,-2930459.919356,-3610534.889168,4351113.239114,263.293787,-214.508074,-0.670402
1462684095.353031,-2906700.298210,-3629762.718992,4351052.737516,264.695898,-212.775489,-0.674065
1462684185.353031,-2882814.999694,-3648834.203244,4350991.907510,266.086607,-211.033740,-0.677700
1462684275.353031,-2858805.052585,-3667748.520487,4350930.751716,267.465856,-209.282901,-0.681305
1462684365.353031,-2834671.491028,-3686504.856051,4350869.272768,268.833585,-207.523049,-0.684881
1462684455.353031,-2810415.354494,-3705102.402072,4350807.473313,270.189735,-205.754258,-0.688427
1462684545.353031,-2786037.687731,-3723540.357525,4350745.356014,271.534247,-203.976604,-0.691944
1462684635.353031,-2761539.540723,-3741817.928259,4350682.923545,272.867064,-202.190165,-0.695431
1462684725.353031,-2736921.968645,-3759934.327030,4350620.178597,274.188128,-200.395018,-0.698888
1462684815.353031,-2712186.031811,-3777888.773537,4350557.123872,275.497383,-198.591239,-0.702315
1462684905.353031,-2687332.795639,-3795680.494455,4350493.762086,276.794771,-196.778907,-0.705711
1462684995.353031,-2662363.330594,-3813308.723466,4350430.095967,278.080237,-194.958099,-0.709077
1462685085.353031,-2637278.712151,-3830772.701295,4350366.128258,279.353726,-193.128893,-0.712413
1462685175.353031,-2612080.020743,-3848071.675742,4350301.861714,280.615183,-191.291370,-0.715718
1462685265.353031,-2586768.341716,-3865204.901714,4350237.299103,281.864553,-189.445607,-0.718992
1462685355.353031,-2561344.765284,-3882171.641255,4350172.443207,283.101783,-187.591685,-0.722235
1462685445.353031,-2535810.386479,-3898971.163581,4350107.296818,284.326819,-185.729682,-0.725447
1462685535.353031,-2510166.305108,-3915602.745113,4350041.862743,285.539609,-183.859680,-0.728628
1462685625.353031,-2484413.625699,-3932065.669501,4349976.143799,286.740100,-181.981759,-0.731778
1462685715.353031,-2458553.457460,-3948359.227662,4349910.142818,287.928241,-180.096000,-0.734896
1462685805.353031,-2432586.914230,-3964482.717807,4349843.862643,289.103981,-178.202483,-0.737982
1462685895.353031,-2406515.114428,-3980435.445473,4349777.306127,290.267268,-176.301292,-0.741036
1462685985.353031,-2380339.181005,-3996216.723550,4349710.476139,291.418053,-174.392506,-0.744059
1462686075.353031,-2354060.241401,-4011825.872316,4349643.375556,292.556286,-172.476209,-0.747049
1462686165.353031,-2327679.427489,-4027262.219459,4349576.007269,293.681918,-170.552484,-0.750008
1462686255.353031,-2301197.875533,-4042525.100113,4349508.374178,294.794901,-168.621412,-0.752934
1462686345.353031,-2274616.726133,-4057613.856881,4349440.479199,295.895187,-166.683078,-0.755827
1462686435.353031,-2247937.124181,-4072527.839867,4349372.325253,296.982728,-164.737564,-0.758688
1462686525.353031,-2221160.218809,-4087266.406704,4349303.915279,298.057477,-162.784955,-0.761517
1462686615.353031,-2194287.163340,-4101828.922577,4349235.252220,299.119389,-160.825335,-0.764312
1462686705.353031,-2167319.115237,-4116214.760258,4349166.339037,300.168417,-158.858787,-0.767075
1462686795.353031,-2140257.236056,-4130423.300126,4349097.178695,301.204517,-156.885397,-0.769805
1462686885.353031,-2113102.691394,-4144453.930196,4349027.774175,302.227643,-154.905250,-0.772501
1462686975.353031,-2085856.650839,-4158306.046149,4348958.128466,303.237751,-152.918431,-0.775164
1462687065.353031,-2058520.287922,-4171979.051352,4348888.244568,304.234799,-150.925026,-0.777794
1462687155.353031,-2031094.780060,-4185472.356888,4348818.125490,305.218743,-148.925120,-0.780390
1462687245.353031,-2003581.308513,-4198785.381578,4348747.774253,306.189541,-146.918799,-0.782953
1462687335.353031,-1975981.058329,-4211917.552011,4348677.193886,307.147150,-144.906150,-0.785482
1462687425.353031,-1948295.218294,-4224868.302564,4348606.387431,308.091531,-142.887260,-0.787977
1462687515.353031,-1920524.980879,-4237637.075428,4348535.357937,309.022641,-140.862216,-0.790438
1462687605.353031,-1892671.542191,-4250223.320631,4348464.108463,309.940441,-138.831105,-0.792865
1462687695.353031,-1864736.101922,-4262626.496066,4348392.642077,310.844892,-136.794014,-0.795258
1462687785.353031,-1836719.863294,-4274846.067507,4348320.961859,311.735954,-134.751031,-0.797617
1462687875.353031,-1808624.033009,-4286881.508640,4348249.070896,312.613589,-132.702244,-0.799941
1462687965.353031,-1780449.821198,-4298732.301079,4348176.972284,313.477759,-130.647741,-0.802231
1462688055.353031,-1752198.441370,-4310397.934392,4348104.669129,314.328428,-128.587611,-0.804487
1462688145.353031,-1723871.110353,-4321877.906122,4348032.164544,315.165557,-126.521943,-0.806707
1462688235.353031,-1695469.048250,-4333171.721810,4347959.461653,315.989112,-124.450825,-0.808893
1462688325.353031,-1666993.478382,-4344278.895012,4347886.563588,316.799057,-122.374347,-0.811044
1462688415.353031,-1638445.627236,-4355198.947327,4347813.473487,317.595357,-120.292598,-0.813161
1462688505.353031,-1609826.724412,-4365931.408410,4347740.194500,318.377978,-118.205668,-0.815242
1462688595.353031,-1581138.002571,-4376475.815998,4347666.729783,319.146885,-116.113646,-0.817288
1462688685.353031,-1552380.697379,-4386831.715927,4347593.082499,319.902047,-114.016624,-0.819299
1462688775.353031,-1523556.047459,-4396998.662151,4347519.255821,320.643430,-111.914690,-0.821274
1462688865.353031,-1494665.294333,-4406976.216766,4347445.252929,321.371002,-109.807936,-0.823215
1462688955.353031,-1465709.682370,-4416763.950023,4347371.077011,322.084732,-107.696453,-0.825119
1462689045.353031,-1436690.458733,-4426361.440348,4347296.731261,322.784589,-105.580331,-0.826988
1462689135.353031,-1407608.873326,-4435768.274363,4347222.218881,323.470544,-103.459661,-0.828822
1462689225.353031,-1378466.178738,-4444984.046901,4347147.543081,324.142566,-101.334535,-0.830620
1462689315.353031,-1349263.630188,-4454008.361025,4347072.707078,324.800627,-99.205045,-0.832382
1462689405.353031,-1320002.485476,-4462840.828042,4346997.714094,325.444699,-97.071281,-0.834108
1462689495.353031,-1290684.004926,-4471481.067526,4346922.567360,326.074753,-94.933337,-0.835799
1462689585.353031,-1261309.451329,-4479928.707328,4346847.270113,326.690762,-92.791304,-0.837453
1462689675.353031,-1231880.089892,-4488183.383595,4346771.825596,327.292700,-90.645274,-0.839071
1462689765.353031,-1202397.188184,-4496244.740786,4346696.237057,327.880541,-88.495340,-0.840653
1462689855.353031,-1172862.016080,-4504112.431684,4346620.507754,328.454260,-86.341594,-0.842199
1462689945.353031,-1143275.845704,-4511786.117417,4346544.640948,329.013832,-84.184129,-0.843709
1462690035.353031,-1113639.951379,-4519265.467467,4346468.639907,329.559233,-82.023038,-0.845182
1462690125.353031,-1083955.609569,-4526550.159687,4346392.507904,330.090439,-79.858415,-0.846619
1462690215.353031,-1054224.098825,-4533639.880314,4346316.248218,330.607428,-77.690352,-0.848019
1462690305.353031,-1024446.699727,-4540534.323983,4346239.864135,331.110177,-75.518943,-0.849383
1462690395.353031,-994624.694836,-4547233.193740,4346163.358943,331.598664,-73.344280,-0.850710
1462690485.353031,-964759.368631,-4553736.201053,4346086.735939,332.072869,-71.166459,-0.852001
1462690575.353031,-934852.007457,-4560043.065828,4346009.998423,332.532771,-68.985573,-0.853255
1462690665.353031,-904903.899472,-4566153.516419,4345933.149699,332.978351,-66.801715,-0.854472
1462690755.353031,-874916.334587,-4572067.289640,4345856.193079,333.409588,-64.614980,-0.855653
1462690845.353031,-844890.604412,-4577784.130774,4345779.131876,333.826465,-62.425462,-0.856796
1462690935.353031,-814828.002202,-4583303.793590,4345701.969411,334.228964,-60.233256,-0.857903
1462691025.353031,-784729.822800,-4588626.040345,4345624.709005,334.617067,-58.038455,-0.858973
1462691115.353031,-754597.362581,-4593750.641804,4345547.353988,334.990757,-55.841154,-0.860005
1462691205.353031,-724431.919396,-4598677.377241,4345469.907692,335.350019,-53.641448,-0.861001
1462691295.353031,-694234.792519,-4603406.034455,4345392.373451,335.694837,-51.439431,-0.861959
1462691385.353031,-664007.282586,-4607936.409775,4345314.754605,336.025195,-49.235199,-0.862881
1462691475.353031,-633750.691543,-4612268.308070,4345237.054499,336.341081,-47.028846,-0.863765
1462691565.353031,-603466.322588,-4616401.542759,4345159.276477,336.642480,-44.820468,-0.864612
1462691655.353031,-573155.480116,-4620335.935818,4345081.423892,336.929379,-42.610159,-0.865422
1462691745.353031,-542819.469661,-4624071.317785,4345003.500095,337.201767,-40.398015,-0.866195
1462691835.353031,-512459.597842,-4627607.527773,4344925.508443,337.459630,-38.184131,-0.866930
1462691925.353031,-482077.172307,-4630944.413472,4344847.452296,337.702959,-35.968602,-0.867628
1462692015.353031,-451673.501673,-4634081.831155,4344769.335015,337.931742,-33.751524,-0.868288
1462692105.353031,-421249.895473,-4637019.645691,4344691.159966,338.145970,-31.532993,-0.868911
1462692195.353031,-390807.664100,-4639757.730543,4344612.930515,338.345633,-29.313103,-0.869497
1462692285.353031,-360348.118746,-4642295.967777,4344534.650031,338.530723,-27.091950,-0.870045
1462692375.353031,-329872.571353,-4644634.248068,4344456.321888,338.701233,-24.869631,-0.870556
1462692465.353031,-299382.334549,-4646772.470702,4344377.949458,338.857153,-22.646240,-0.871029
1462692555.353031,-268878.721596,-4648710.543582,4344299.536117,338.998479,-20.421875,-0.871465
1462692645.353031,-238363.046331,-4650448.383234,4344221.085243,339.125204,-18.196629,-0.871863
1462692735.353031,-207836.623112,-4651985.914805,4344142.600214,339.237322,-15.970600,-0.872224
1462692825.353031,-177300.766759,-4653323.072072,4344064.084411,339.334828,-13.743883,-0.872547
1462692915.353031,-146756.792499,-4654459.797442,4343985.541217,339.417719,-11.516574,-0.872833
1462693005.353031,-116206.015908,-4655396.041953,4343906.974013,339.485991,-9.288768,-0.873081
1462693095.353031,-85649.752855,-4656131.765280,4343828.386185,339.539640,-7.060563,-0.873291
1462693185.353031,-55089.319446,-4656666.935736,4343749.781117,339.578665,-4.832054,-0.873464
1462693275.353031,-24526.031966,-4657001.530268,4343671.162195,339.603064,-2.603336,-0.873599
1462693365.353031,6038.793176,-4657135.534466,4343592.532805,339.612835,-0.374507,-0.873696
1462693455.353031,36603.839507,-4657068.942558,4343513.896333,339.607979,1.854339,-0.873756
1462693545.353031,67167.790543,-4656801.757412,4343435.256168,339.588495,4.083105,-0.873778
1462693635.353031,97729.329847,-4656333.990536,4343356.615696,339.554385,6.311695,-0.873763
1462693725.353031,128287.141086,-4655665.662078,4343277.978304,339.505650,8.540013,-0.873710
1462693815.353031,158839.908088,-4654796.800824,4343199.347380,339.442291,10.767963,-0.873619
1462693905.353031,189386.314898,-4653727.444196,4343120.726310,339.364313,12.995450,-0.873491
1462693995.353031,219925.045835,-4652457.638255,4343042.118481,339.271717,15.222376,-0.873325
1462694085.353031,250454.785548,-4650987.437692,4342963.527279,339.164508,17.448648,-0.873121
1462694175.353031,280974.219076,-4649316.905831,4342884.956088,339.042691,19.674167,-0.872880
1462694265.353031,311482.031897,-4647446.114624,4342806.408294,338.906271,21.898839,-0.872601
1462694355.353031,341976.909993,-4645375.144650,4342727.887278,338.755254,24.122568,-0.872285
1462694445.353031,372457.539903,-4643104.085109,4342649.396424,338.589646,26.345258,-0.871931
1462694535.353031,402922.608780,-4640633.033818,4342570.939112,338.409455,28.566814,-0.871539
1462694625.353031,433370.804444,-4637962.097210,4342492.518721,338.214687,30.787138,-0.871110
1462694715.353031,463800.815446,-4635091.390325,4342414.138630,338.005352,33.006137,-0.870644
1462694805.353031,494211.331118,-4632021.036811,4342335.802213,337.781459,35.223714,-0.870140
1462694895.353031,524601.041631,-4628751.168911,4342257.512846,337.543017,37.439774,-0.869598
1462694985.353031,554968.638054,-4625281.927464,4342179.273901,337.290037,39.654222,-0.869019
1462695075.353031,585312.812407,-4621613.461896,4342101.088747,337.022529,41.866961,-0.868403
1462695165.353031,615632.257720,-4617745.930213,4342022.960752,336.740504,44.077897,-0.867749
1462695255.353031,645925.668088,-4613679.498996,4341944.893282,336.443976,46.286935,-0.867058
1462695345.353031,676191.738726,-4609414.343392,4341866.889698,336.132957,48.493979,-0.866329
1462695435.353031,706429.166027,-4604950.647109,4341788.953361,335.807460,50.698934,-0.865563
1462695525.353031,736636.647620,-4600288.602404,4341711.087627,335.467499,52.901706,-0.864760
1462695615.353031,766812.882421,-4595428.410079,4341633.295851,335.113089,55.102199,-0.863920
1462695705.353031,796956.570692,-4590370.279470,4341555.581383,334.744246,57.300319,-0.863042
1462695795.353031,827066.414100,-4585114.428439,4341477.947570,334.360984,59.495971,-0.862127
1462695885.353031,857141.115765,-4579661.083363,4341400.397757,333.963321,61.689060,-0.861175
1462695975.353031,887179.380324,-4574010.479126,4341322.935283,333.551273,63.879492,-0.860186
1462696065.353031,917179.913983,-4568162.859110,4341245.563486,333.124859,66.067172,-0.859160
1462696155.353031,947141.424571,-4562118.475179,4341168.285697,332.684097,68.252008,-0.858097
1462696245.353031,977062.621602,-4555877.587675,4341091.105245,332.229006,70.433903,-0.856997
1462696335.353031,1006942.216321,-4549440.465402,4341014.025455,331.759605,72.612765,-0.855860
1462696425.353031,1036778.921769,-4542807.385618,4340937.049647,331.275914,74.788499,-0.854687
1462696515.353031,1066571.452833,-4535978.634019,4340860.181136,330.777955,76.961012,-0.853476
1462696605.353031,1096318.526302,-4528954.504731,4340783.423233,330.265749,79.130210,-0.852229
1462696695.353031,1126018.860924,-4521735.300293,4340706.779244,329.739318,81.295999,-0.850944
1462696785.353031,1155671.177459,-4514321.331648,4340630.252471,329.198684,83.458288,-0.849624
1462696875.353031,1185274.198736,-4506712.918127,4340553.846210,328.643872,85.616981,-0.848266
1462696965.353031,1214826.649707,-4498910.387436,4340477.563751,328.074904,87.771987,-0.846873
1462697055.353031,1244327.257503,-4490914.075643,4340401.408381,327.491805,89.923213,-0.845442
1462697145.353031,1273774.751487,-4482724.327160,4340325.383379,326.894601,92.070565,-0.843975
1462697235.353031,1303167.863309,-4474341.494734,4340249.492021,326.283317,94.213952,-0.842472
1462697325.353031,1332505.326962,-4465765.939425,4340173.737575,325.657979,96.353280,-0.840933
1462697415.353031,1361785.878837,-4456998.030596,4340098.123304,325.018615,98.488459,-0.839357
1462697505.353031,1391008.257776,-4448038.145895,4340022.652465,324.365252,100.619396,-0.837746
1462697595.353031,1420171.205124,-4438886.671238,4339947.328308,323.697918,102.745998,-0.836098
1462697685.353031,1449273.464788,-4429544.000793,4339872.154079,323.016642,104.868176,-0.834414
1462697775.353031,1478313.783290,-4420010.536963,4339797.133014,322.321453,106.985836,-0.832694
1462697865.353031,1507290.909817,-4410286.690369,4339722.268346,321.612381,109.098889,-0.830938
1462697955.353031,1536203.596281,-4400372.879833,4339647.563299,320.889456,111.207242,-0.829147
1462698045.353031,1565050.597366,-4390269.532358,4339573.021091,320.152711,113.310806,-0.827320
1462698135.353031,1593830.670588,-4379977.083110,4339498.644932,319.402176,115.409489,-0.825457
1462698225.353031,1622542.576345,-4369495.975402,4339424.438027,318.637884,117.503201,-0.823558
1462698315.353031,1651185.077970,-4358826.660670,4339350.403570,317.859867,119.591852,-0.821625
1462698405.353031,1679756.941786,-4347969.598459,4339276.544752,317.068160,121.675352,-0.819655
1462698495.353031,1708256.937160,-4336925.256400,4339202.864754,316.262796,123.753611,-0.817651
1462698585.353031,1736683.836552,-4325694.110189,4339129.366748,315.443811,125.826541,-0.815611
1462698675.353031,1765036.415571,-4314276.643570,4339056.053902,314.611239,127.894050,-0.813536
1462698765.353031,1793313.453029,-4302673.348309,4338982.929372,313.765115,129.956051,-0.811426
1462698855.353031,1821513.730989,-4290884.724180,4338909.996308,312.905478,132.012455,-0.809281
1462698945.353031,1849636.034821,-4278911.278936,4338837.257852,312.032363,134.063172,-0.807102
1462699035.353031,1877679.153256,-4266753.528293,4338764.717137,311.145809,136.108116,-0.804887
1462699125.353031,1905641.878431,-4254411.995903,4338692.377288,310.245853,138.147197,-0.802638
1462699215.353031,1933523.005949,-4241887.213335,4338620.241419,309.332534,140.180327,-0.800354
1462699305.353031,1961321.334927,-4229179.720052,4338548.312639,308.405892,142.207420,-0.798036
1462699395.353031,1989035.668048,-4216290.063385,4338476.594045,307.465966,144.228388,-0.795683
1462699485.353031,2016664.811613,-4203218.798511,4338405.088727,306.512797,146.243144,-0.793297
1462699575.353031,2044207.575591,-4189966.488430,4338333.799764,305.546427,148.251600,-0.790876
1462699665.353031,2071662.773674,-4176533.703939,4338262.730228,304.566895,150.253672,-0.788420
1462699755.353031,2099029.223323,-4162921.023609,4338191.883178,303.574246,152.249272,-0.785931
1462699845.353031,2126305.745822,-4149129.033761,4338121.261668,302.568522,154.238314,-0.783408
1462699935.353031,2153491.166331,-4135158.328435,4338050.868738,301.549765,156.220712,-0.780852
1462700025.353031,2180584.313930,-4121009.509372,4337980.707421,300.518020,158.196382,-0.778262
1462700115.353031,2207584.021676,-4106683.185983,4337910.780739,299.473331,160.165239,-0.775638
1462700205.353031,2234489.126650,-4092179.975326,4337841.091703,298.415743,162.127197,-0.772980
1462700295.353031,2261298.470007,-4077500.502077,4337771.643316,297.345303,164.082171,-0.770290
1462700385.353031,2288010.897027,-4062645.398502,4337702.438569,296.262055,166.030079,-0.767566
1462700475.353031,2314625.257165,-4047615.304434,4337633.480442,295.166046,167.970835,-0.764810
1462700565.353031,2341140.404099,-4032410.867243,4337564.771906,294.057325,169.904357,-0.762020
1462700655.353031,2367555.195781,-4017032.741808,4337496.315920,292.935938,171.830560,-0.759197
1462700745.353031,2393868.494484,-4001481.590487,4337428.115433,291.801933,173.749362,-0.756342
1462700835.353031,2420079.166854,-3985758.083094,4337360.173383,290.655361,175.660681,-0.753454
1462700925.353031,2446186.083958,-3969862.896865,4337292.492696,289.496269,177.564434,-0.750534
1462701015.353031,2472188.121329,-3953796.716428,4337225.076286,288.324708,179.460539,-0.747581
1462701105.353031,2498084.159019,-3937560.233781,4337157.927059,287.140729,181.348914,-0.744597
1462701195.353031,2523873.081646,-3921154.148253,4337091.047906,285.944382,183.229478,-0.741580
1462701285.353031,2549553.778442,-3904579.166479,4337024.441708,284.735719,185.102151,-0.738531
1462701375.353031,2575125.143299,-3887836.002371,4336958.111334,283.514792,186.966850,-0.735450
1462701465.353031,2600586.074819,-3870925.377082,4336892.059640,282.281654,188.823497,-0.732338
1462701555.353031,2625935.476359,-3853848.018978,4336826.289473,281.036357,190.672011,-0.729194
1462701645.353031,2651172.256083,-3836604.663609,4336760.803664,279.778956,192.512312,-0.726019
1462701735.353031,2676295.327003,-3819196.053672,4336695.605035,278.509504,194.344321,-0.722813
1462701825.353031,2701303.607028,-3801622.938983,4336630.696393,277.228056,196.167960,-0.719575
1462701915.353031,2726196.019015,-3783886.076443,4336566.080535,275.934668,197.983149,-0.716306
1462702005.353031,2750971.490808,-3765986.230007,4336501.760244,274.629394,199.789811,-0.713007
1462702095.353031,2775628.955289,-3747924.170649,4336437.738291,273.312292,201.587868,-0.709677
1462702185.353031,2800167.350424,-3729700.676329,4336374.017432,271.983418,203.377242,-0.706316
1462702275.353031,2824585.619305,-3711316.531962,4336310.600412,270.642830,205.157856,-0.702925
1462702365.353031,2848882.710200,-3692772.529381,4336247.489964,269.290584,206.929634,-0.699503
1462702455.353031,2873057.576595,-3674069.467306,4336184.688805,267.926739,208.692499,-0.696052
1462702545.353031,2897109.177242,-3655208.151305,4336122.199640,266.551355,210.446376,-0.692570
1462702635.353031,2921036.476202,-3636189.393766,4336060.025162,265.164489,212.191188,-0.689059
1462702725.353031,2944838.442887,-3617014.013856,4335998.168047,263.766203,213.926860,-0.685518
1462702815.353031,2968514.052111,-3597682.837487,4335936.630961,262.356556,215.653319,-0.681947
1462702905.353031,2992062.284128,-3578196.697285,4335875.416555,260.935609,217.370489,-0.678347
1462702995.353031,3015482.124681,-3558556.432546,4335814.527463,259.503422,219.078296,-0.674718
1462703085.353031,3038772.565039,-3538762.889208,4335753.966311,258.060059,220.776668,-0.671060
1462703175.353031,3061932.602048,-3518816.919809,4335693.735705,256.605581,222.465530,-0.667372
1462703265.353031,3084961.238168,-3498719.383453,4335633.838240,255.140050,224.144810,-0.663656
1462703355.353031,3107857.481522,-3478471.145773,4335574.276497,253.663530,225.814436,-0.659912
1462703445.353031,3130620.345932,-3458073.078890,4335515.053040,252.176084,227.474336,-0.656139
1462703535.353031,3153248.850967,-3437526.061382,4335456.170421,250.677776,229.124438,-0.652338
1462703625.353031,3175742.021981,-3416830.978240,4335397.631176,249.168672,230.764672,-0.648509
1462703715.353031,3198098.890160,-3395988.720834,4335339.437826,247.648835,232.394966,-0.644651
1462703805.353031,3220318.492557,-3375000.186872,4335281.592879,246.118332,234.015250,-0.640766
1462703895.353031,3242399.872142,-3353866.280363,4335224.098824,244.577228,235.625455,-0.636854
1462703985.353031,3264342.077833,-3332587.911576,4335166.958140,243.025590,237.225512,-0.632914
1462704075.353031,3286144.164547,-3311165.997005,4335110.173287,241.463484,238.815350,-0.628947
1462704165.353031,3307805.193235,-3289601.459324,4335053.746711,239.890978,240.394903,-0.624952
1462704255.353031,3329324.230921,-3267895.227351,4334997.680842,238.308140,241.964101,-0.620931
1462704345.353031,3350700.350747,-3246048.236007,4334941.978096,236.715037,243.522878,-0.616883
1462704435.353031,3371932.632012,-3224061.426277,4334886.640872,235.111739,245.071165,-0.612808
1462704525.353031,3393020.160208,-3201935.745165,4334831.671553,233.498314,246.608897,-0.608707
1462704615.353031,3413962.027062,-3179672.145661,4334777.072507,231.874832,248.136007,-0.604580
1462704705.353031,3434757.330576,-3157271.586690,4334722.846086,230.241362,249.652430,-0.600427
1462704795.353031,3455405.175064,-3134735.033080,4334668.994625,228.597976,251.158100,-0.596248
1462704885.353031,3475904.671191,-3112063.455516,4334615.520444,226.944744,252.652952,-0.592043
1462704975.353031,3496254.936012,-3089257.830497,4334562.425847,225.281737,254.136921,-0.587813
1462705065.353031,3516455.093011,-3066319.140297,4334509.713120,223.609027,255.609945,-0.583557
1462705155.353031,3536504.272134,-3043248.372921,4334457.384534,221.926685,257.071959,-0.579276
1462705245.353031,3556401.609832,-3020046.522063,4334405.442342,220.234785,258.522901,-0.574970
1462705335.353031,3576146.249098,-2996714.587061,4334353.888783,218.533399,259.962708,-0.570640
1462705425.353031,3595737.339497,-2973253.572860,4334302.726076,216.822600,261.391317,-0.566285
1462705515.353031,3615174.037213,-2949664.489961,4334251.956425,215.102462,262.808669,-0.561905
1462705605.353031,3634455.505075,-2925948.354382,4334201.582018,213.373060,264.214700,-0.557502
1462705695.353031,3653580.912602,-2902106.187614,4334151.605023,211.634467,265.609352,-0.553074
1462705785.353031,3672549.436032,-2878139.016577,4334102.027595,209.886759,266.992563,-0.548623
1462705875.353031,3691360.258363,-2854047.873574,4334052.851867,208.130011,268.364274,-0.544148
1462705965.353031,3710012.569382,-2829833.796246,4334004.079959,206.364298,269.724427,-0.539649
1462706055.353031,3728505.565706,-2805497.827533,4333955.713970,204.589697,271.072962,-0.535127
1462706145.353031,3746838.450812,-2781041.015622,4333907.755985,202.806284,272.409822,-0.530582
1462706235.353031,3765010.435076,-2756464.413906,4333860.208069,201.014136,273.734948,-0.526015
1462706325.353031,3783020.735801,-2731769.080937,4333813.072271,199.213329,275.048285,-0.521424
1462706415.353031,3800868.577256,-2706956.080381,4333766.350619,197.403942,276.349774,-0.516811
1462706505.353031,3818553.190708,-2682026.480974,4333720.045127,195.586053,277.639361,-0.512176
1462706595.353031,3836073.814451,-2656981.356470,4333674.157790,193.759740,278.916989,-0.507519
1462706685.353031,3853429.693846,-2631821.785604,4333628.690584,191.925081,280.182604,-0.502840
1462706775.353031,3870620.081349,-2606548.852036,4333583.645467,190.082155,281.436152,-0.498140
1462706865.353031,3887644.236542,-2581163.644311,4333539.024379,188.231043,282.677577,-0.493417
1462706955.353031,3904501.426169,-2555667.255809,4333494.829243,186.371823,283.906827,-0.488674
1462707045.353031,3921190.924165,-2530060.784699,4333451.061962,184.504575,285.123848,-0.483910
1462707135.353031,3937712.011687,-2504345.333891,4333407.724422,182.629381,286.328589,-0.479124
1462707225.353031,3954063.977147,-2478522.010990,4333364.818488,180.746321,287.520997,-0.474318
1462707315.353031,3970246.116239,-2452591.928247,4333322.346010,178.855475,288.701022,-0.469492
1462707405.353031,3986257.731975,-2426556.202510,4333280.308817,176.956926,289.868611,-0.464646
1462707495.353031,4002098.134709,-2400415.955177,4333238.708718,175.050756,291.023715,-0.459779
1462707585.353031,4017766.642170,-2374172.312152,4333197.547507,173.137045,292.166285,-0.454893
1462707675.353031,4033262.579492,-2347826.403786,4333156.826957,171.215877,293.296270,-0.449987
1462707765.353031,4048585.279240,-2321379.364841,4333116.548820,169.287335,294.413623,-0.445061
1462707855.353031,4063734.081443,-2294832.334430,4333076.714832,167.351501,295.518295,-0.440117
1462707945.353031,4078708.333618,-2268186.455975,4333037.326709,165.408459,296.610238,-0.435153
1462708035.353031,4093507.390800,-2241442.877156,4332998.386148,163.458293,297.689406,-0.430171
1462708125.353031,4108130.615571,-2214602.749861,4332959.894825,161.501086,298.755753,-0.425170
1462708215.353031,4122577.378087,-2187667.230134,4332921.854399,159.536924,299.809231,-0.420151
1462708305.353031,4136847.056103,-2160637.478130,4332884.266508,157.565889,300.849796,-0.415114
1462708395.353031,4150939.035002,-2133514.658064,4332847.132771,155.588068,301.877402,-0.410059
1462708485.353031,4164852.707821,-2106299.938156,4332810.454789,153.603546,302.892007,-0.404986
1462708575.353031,4178587.475276,-2078994.490587,4332774.234139,151.612408,303.893566,-0.399896
1462708665.353031,4192142.745789,-2051599.491445,4332738.472384,149.614740,304.882035,-0.394789
1462708755.353031,4205517.935514,-2024116.120676,4332703.171063,147.610627,305.857372,-0.389665
1462708845.353031,4218712.468361,-1996545.562029,4332668.331696,145.600157,306.819536,-0.384523
1462708935.353031,4231725.776021,-1968889.003012,4332633.955785,143.583415,307.768485,-0.379366
1462709025.353031,4244557.297991,-1941147.634836,4332600.044810,141.560489,308.704178,-0.374192
1462709115.353031,4257206.481596,-1913322.652365,4332566.600232,139.531466,309.626574,-0.369001
1462709205.353031,4269672.782018,-1885415.254063,4332533.623491,137.496433,310.535634,-0.363795
1462709295.353031,4281955.662314,-1857426.641946,4332501.116008,135.455478,311.431319,-0.358574
1462709385.353031,4294054.593440,-1829358.021527,4332469.079183,133.408688,312.313590,-0.353336
1462709475.353031,4305969.054277,-1801210.601764,4332437.514396,131.356153,313.182409,-0.348084
1462709565.353031,4317698.531651,-1772985.595010,4332406.423007,129.297959,314.037739,-0.342817
1462709655.353031,4329242.520355,-1744684.216961,4332375.806354,127.234197,314.879543,-0.337534
1462709745.353031,4340600.523172,-1716307.686600,4332345.665757,125.164954,315.707784,-0.332238
1462709835.353031,4351772.050895,-1687857.226149,4332316.002514,123.090321,316.522428,-0.326927
1462709925.353031,4362756.622348,-1659334.061012,4332286.817902,121.010385,317.323438,-0.321602
1462710015.353031,4373553.764410,-1630739.419728,4332258.113179,118.925238,318.110781,-0.316263
1462710105.353031,4384163.012030,-1602074.533911,4332229.889582,116.834968,318.884422,-0.310910
1462710195.353031,4394583.908253,-1573340.638203,4332202.148325,114.739666,319.644329,-0.305544
1462710285.353031,4404816.004233,-1544538.970217,4332174.890604,112.639422,320.390468,-0.300165
1462710375.353031,4414858.859260,-1515670.770485,4332148.117592,110.534327,321.122807,-0.294773
1462710465.353031,4424712.040771,-1486737.282406,4332121.830444,108.424470,321.841315,-0.289368
1462710555.353031,4434375.124374,-1457739.752189,4332096.030291,106.309944,322.545960,-0.283951
1462710645.353031,4443847.693866,-1428679.428804,4332070.718245,104.190839,323.236713,-0.278521
1462710735.353031,4453129.341249,-1399557.563923,4332045.895396,102.067246,323.913544,-0.273080
1462710825.353031,4462219.666747,-1370375.411870,4332021.562814,99.939256,324.576424,-0.267627
1462710915.353031,4471118.278827,-1341134.229567,4331997.721545,97.806963,325.225323,-0.262162
1462711005.353031,4479824.794210,-1311835.276475,4331974.372618,95.670456,325.860214,-0.256686
1462711095.353031,4488338.837895,-1282479.814546,4331951.517038,93.529829,326.481070,-0.251199
1462711185.353031,4496660.043168,-1253069.108166,4331929.155790,91.385173,327.087864,-0.245701
1462711275.353031,4504788.051622,-1223604.424099,4331907.289836,89.236582,327.680570,-0.240193
1462711365.353031,4512722.513171,-1194087.031434,4331885.920119,87.084147,328.259162,-0.234674
1462711455.353031,4520463.086066,-1164518.201532,4331865.047559,84.927960,328.823616,-0.229145
1462711545.353031,4528009.436907,-1134899.207968,4331844.673055,82.768116,329.373906,-0.223606
1462711635.353031,4535361.240663,-1105231.326478,4331824.797485,80.604707,329.910010,-0.218058
1462711725.353031,4542518.180679,-1075515.834903,4331805.421705,78.437827,330.431905,-0.212500
1462711815.353031,4549479.948695,-1045754.013137,4331786.546550,76.267567,330.939567,-0.206933
1462711905.353031,4556246.244858,-1015947.143065,4331768.172832,74.094023,331.432974,-0.201357
1462711995.353031,4562816.777731,-986096.508517,4331750.301344,71.917288,331.912107,-0.195772
1462712085.353031,4569191.264312,-956203.395207,4331732.932854,69.737454,332.376944,-0.190179
1462712175.353031,4575369.430043,-926269.090675,4331716.068111,67.554618,332.827464,-0.184578
1462712265.353031,4581351.008819,-896294.884240,4331699.707842,65.368871,333.263649,-0.178969
1462712355.353031,4587135.743006,-866282.066937,4331683.852751,63.180309,333.685480,-0.173352
1462712445.353031,4592723.383445,-836231.931464,4331668.503522,60.989026,334.092939,-0.167728
1462712535.353031,4598113.689469,-806145.772127,4331653.660814,58.795115,334.486008,-0.162096
1462712625.353031,4603306.428908,-776024.884785,4331639.325269,56.598673,334.864670,-0.156458
1462712715.353031,4608301.378103,-745870.566789,4331625.497503,54.399792,335.228909,-0.150812
1462712805.353031,4613098.321915,-715684.116934,4331612.178111,52.198569,335.578709,-0.145160
1462712895.353031,4617697.053731,-685466.835396,4331599.367668,49.995097,335.914055,-0.139502
1462712985.353031,4622097.375476,-655220.023681,4331587.066726,47.789472,336.234932,-0.133838
1462713075.353031,4626299.097623,-624944.984566,4331575.275814,45.581788,336.541328,-0.128169
1462713165.353031,4630302.039196,-594643.022043,4331563.995441,43.372142,336.833228,-0.122493
1462713255.353031,4634106.027783,-564315.441265,4331553.226091,41.160627,337.110621,-0.116813
1462713345.353031,4637710.899540,-533963.548489,4331542.968230,38.947339,337.373493,-0.111127
1462713435.353031,4641116.499199,-503588.651016,4331533.222298,36.732374,337.621834,-0.105437
1462713525.353031,4644322.680077,-473192.057141,4331523.988717,34.515826,337.855634,-0.099742
1462713615.353031,4647329.304077,-442775.076093,4331515.267883,32.297792,338.074881,-0.094042
1462713705.353031,4650136.241700,-412339.017978,4331507.060172,30.078367,338.279567,-0.088339
1462713795.353031,4652743.372048,-381885.193723,4331499.365939,27.857647,338.469683,-0.082632
1462713885.353031,4655150.582826,-351414.915023,4331492.185513,25.635726,338.645220,-0.076921
1462713975.353031,4657357.770353,-320929.494280,4331485.519205,23.412701,338.806171,-0.071207
1462714065.353031,4659364.839561,-290430.244547,4331479.367302,21.188668,338.952530,-0.065490
1462714155.353031,4661171.704003,-259918.479475,4331473.730069,18.963722,339.084289,-0.059770
1462714245.353031,4662778.285855,-229395.513254,4331468.607748,16.737960,339.201443,-0.054048
1462714335.353031,4664184.515918,-198862.660553,4331464.000561,14.511476,339.303988,-0.048323
1462714425.353031,4665390.333624,-168321.236471,4331459.908706,12.284368,339.391918,-0.042596
1462714515.353031,4666395.687037,-137772.556475,4331456.332359,10.056730,339.465230,-0.036868
1462714605.353031,4667200.532855,-107217.936342,4331453.271674,7.828660,339.523920,-0.031137
1462714695.353031,4667804.836411,-76658.692108,4331450.726783,5.600252,339.567987,-0.025406
1462714785.353031,4668208.571678,-46096.140007,4331448.697796,3.371602,339.597428,-0.019673
1462714875.353031,4668411.721265,-15531.596416,4331447.184800,1.142808,339.612242,-0.013939
1462714965.353031,4668414.276423,15033.622204,4331446.187861,-1.086036,339.612429,-0.008205
1462715055.353031,4668216.237043,45598.199361,4331445.707021,-3.314833,339.597988,-0.002471
1462715145.353031,4667817.611653,76160.818591,4331445.742302,-5.543487,339.568919,0.003264
1462715235.353031,4667218.417423,106720.163515,4331446.293701,-7.771902,339.525226,0.008998
1462715325.353031,4666418.680162,137274.917895,4331447.361195,-9.999982,339.466908,0.014733
1462715415.353031,4665418.434315,167823.765689,4331448.944738,-12.227632,339.393969,0.020466
1462715505.353031,4664217.722964,198365.391112,4331451.044262,-14.454756,339.306411,0.026199
1462715595.353031,4662816.597827,228898.478689,4331453.659677,-16.681256,339.204239,0.031930
1462715685.353031,4661215.119251,259421.713312,4331456.790870,-18.907038,339.087457,0.037660
1462715775.353031,4659413.356215,289933.780299,4331460.437706,-21.132006,338.956071,0.043389
1462715865.353031,4657411.386324,320433.365446,4331464.600028,-23.356064,338.810084,0.049115
1462715955.353031,4655209.295805,350919.155090,4331469.277657,-25.579115,338.649505,0.054840
1462716045.353031,4652807.179507,381389.836161,4331474.470391,-27.801065,338.474339,0.060562
1462716135.353031,4650205.140891,411844.096238,4331480.178007,-30.021817,338.284595,0.066281
1462716225.353031,4647403.292032,442280.623611,4331486.400259,-32.241277,338.080281,0.071998
1462716315.353031,4644401.753610,472698.107330,4331493.136880,-34.459347,337.861405,0.077712
1462716405.353031,4641200.654906,503095.237268,4331500.387578,-36.675934,337.627976,0.083422
1462716495.353031,4637800.133795,533470.704172,4331508.152042,-38.890941,337.380006,0.089128
1462716585.353031,4634200.336744,563823.199725,4331516.429937,-41.104272,337.117503,0.094831
1462716675.353031,4630401.418802,594151.416597,4331525.220907,-43.315833,336.840481,0.100530
1462716765.353031,4626403.543594,624454.048505,4331534.524574,-45.525529,336.548951,0.106224
1462716855.353031,4622206.883314,654729.790268,4331544.340536,-47.733264,336.242925,0.111914
1462716945.353031,4617811.618719,684977.337862,4331554.668370,-49.938942,335.922416,0.117599
1462717035.353031,4613217.939121,715195.388480,4331565.507633,-52.142470,335.587439,0.123279
1462717125.353031,4608426.042375,745382.640582,4331576.857857,-54.343752,335.238007,0.128953
1462717215.353031,4603436.134877,775537.793957,4331588.718553,-56.542693,334.874136,0.134622
1462717305.353031,4598248.431550,805659.549775,4331601.089211,-58.739199,334.495842,0.140286
1462717395.353031,4592863.155835,835746.610647,4331613.969297,-60.933175,334.103140,0.145943
1462717485.353031,4587280.539686,865797.680675,4331627.358257,-63.124527,333.696048,0.151594
1462717575.353031,4581500.823553,895811.465514,4331641.255515,-65.313159,333.274583,0.157238
1462717665.353031,4575524.256379,925786.672423,4331655.660472,-67.498979,332.838764,0.162876
1462717755.353031,4569351.095583,955722.010324,4331670.572507,-69.681891,332.388609,0.168506
1462717845.353031,4562981.607054,985616.189855,4331685.990978,-71.861801,331.924137,0.174130
1462717935.353031,4556416.065134,1015467.923427,4331701.915221,-74.038617,331.445368,0.179746
1462718025.353031,4549654.752612,1045275.925281,4331718.344550,-76.212244,330.952324,0.185354
1462718115.353031,4542697.960708,1075038.911539,4331735.278258,-78.382588,330.445025,0.190954
1462718205.353031,4535545.989062,1104755.600263,4331752.715615,-80.549556,329.923494,0.196546
1462718295.353031,4528199.145720,1134424.711510,4331770.655871,-82.713054,329.387752,0.202129
1462718385.353031,4520657.747123,1164044.967384,4331789.098252,-84.872990,328.837823,0.207704
1462718475.353031,4512922.118089,1193615.092097,4331808.041964,-87.029271,328.273730,0.213270
1462718565.353031,4504992.591806,1223133.812016,4331827.486192,-89.181803,327.695498,0.218826
1462718655.353031,4496869.509809,1252599.855724,4331847.430097,-91.330494,327.103152,0.224373
1462718745.353031,4488553.221972,1282011.954073,4331867.872822,-93.475251,326.496717,0.229911
1462718835.353031,4480044.086491,1311368.840240,4331888.813484,-95.615981,325.876219,0.235438
1462718925.353031,4471342.469867,1340669.249776,4331910.251184,-97.752594,325.241685,0.240956
1462719015.353031,4462448.746893,1369911.920669,4331932.184996,-99.884996,324.593142,0.246463
1462719105.353031,4453363.300635,1399095.593390,4331954.613977,-102.013096,323.930619,0.251959
1462719195.353031,4444086.522417,1428219.010954,4331977.537161,-104.136802,323.254144,0.257445
1462719285.353031,4434618.811805,1457280.918970,4332000.953559,-106.256023,322.563745,0.262920
1462719375.353031,4424960.576587,1486280.065697,4332024.862164,-108.370667,321.859453,0.268383
1462719465.353031,4415112.232758,1515215.202096,4332049.261946,-110.480644,321.141299,0.273834
1462719555.353031,4405074.204503,1544085.081887,4332074.151854,-112.585862,320.409312,0.279274
1462719645.353031,4394846.924174,1572888.461598,4332099.530816,-114.686230,319.663524,0.284702
1462719735.353031,4384430.832276,1601624.100624,4332125.397739,-116.781659,318.903969,0.290118
1462719825.353031,4373826.377447,1630290.761276,4332151.751508,-118.872058,318.130677,0.295521
1462719915.353031,4363034.016437,1658887.208837,4332178.590988,-120.957337,317.343683,0.300911
1462720005.353031,4352054.214089,1687412.211614,4332205.915025,-123.037407,316.543021,0.306288
1462720095.353031,4340887.443320,1715864.540989,4332233.722440,-125.112176,315.728725,0.311653
1462720185.353031,4329534.185102,1744242.971477,4332262.012036,-127.181557,314.900829,0.317003
1462720275.353031,4317994.928436,1772546.280777,4332290.782595,-129.245460,314.059371,0.322340
1462720365.353031,4306270.170335,1800773.249819,4332320.032877,-131.303797,313.204385,0.327664
1462720455.353031,4294360.415804,1828922.662824,4332349.761622,-133.356477,312.335910,0.332973
1462720545.353031,4282266.177814,1856993.307354,4332379.967551,-135.403414,311.453981,0.338268
1462720635.353031,4269987.977282,1884983.974363,4332410.649362,-137.444519,310.558638,0.343548
1462720725.353031,4257526.343050,1912893.458249,4332441.805733,-139.479704,309.649918,0.348813
1462720815.353031,4244881.811860,1940720.556908,4332473.435323,-141.508882,308.727861,0.354063
1462720905.353031,4232054.928331,1968464.071782,4332505.536770,-143.531964,307.792507,0.359299
1462720995.353031,4219046.244936,1996122.807917,4332538.108690,-145.548864,306.843896,0.364518
1462721085.353031,4205856.321981,2023695.574007,4332571.149681,-147.559495,305.882069,0.369722
1462721175.353031,4192485.727575,2051181.182451,4332604.658319,-149.563771,304.907067,0.374910
1462721265.353031,4178935.037611,2078578.449400,4332638.633162,-151.561605,303.918931,0.380082
1462721355.353031,4165204.835737,2105886.194812,4332673.072746,-153.552910,302.917706,0.385238
1462721445.353031,4151295.713336,2133103.242501,4332707.975588,-155.537602,301.903434,0.390377
1462721535.353031,4137208.269493,2160228.420185,4332743.340184,-157.515595,300.876158,0.395499
1462721625.353031,4122943.110979,2187260.559541,4332779.165011,-159.486803,299.835923,0.400604
1462721715.353031,4108500.852214,2214198.496254,4332815.448526,-161.451142,298.782773,0.405691
1462721805.353031,4093882.115250,2241041.070064,4332852.189167,-163.408527,297.716755,0.410762
1462721895.353031,4079087.529738,2267787.124820,4332889.385350,-165.358873,296.637913,0.415814
1462721985.353031,4064117.732903,2294435.508529,4332927.035475,-167.302098,295.546295,0.420849
1462722075.353031,4048973.369519,2320985.073402,4332965.137918,-169.238116,294.441947,0.425866
1462722165.353031,4033655.091876,2347434.675910,4333003.691040,-171.166845,293.324917,0.430864
1462722255.353031,4018163.559756,2373783.176826,4333042.693179,-173.088202,292.195253,0.435844
1462722345.353031,4002499.440404,2400029.441279,4333082.142656,-175.002103,291.053004,0.440805
1462722435.353031,3986663.408498,2426172.338804,4333122.037771,-176.908467,289.898218,0.445747
1462722525.353031,3970656.146119,2452210.743384,4333162.376806,-178.807211,288.730946,0.450669
1462722615.353031,3954478.342726,2478143.533504,4333203.158024,-180.698254,287.551239,0.455573
1462722705.353031,3938130.695121,2503969.592201,4333244.379668,-182.581514,286.359146,0.460456
1462722795.353031,3921613.907424,2529687.807105,4333286.039962,-184.456909,285.154718,0.465320
1462722885.353031,3904928.691037,2555297.070492,4333328.137113,-186.324360,283.938009,0.470164
1462722975.353031,3888075.764619,2580796.279332,4333370.669307,-188.183785,282.709071,0.474988
1462723065.353031,3871055.854051,2606184.335335,4333413.634713,-190.035106,281.467955,0.479791
1462723155.353031,3853869.692408,2631460.144998,4333457.031478,-191.878241,280.214716,0.484573
1462723245.353031,3836518.019924,2656622.619653,4333500.857735,-193.713111,278.949408,0.489335
1462723335.353031,3819001.583963,2681670.675511,4333545.111596,-195.539638,277.672086,0.494075
1462723425.353031,3801321.138984,2706603.233716,4333589.791154,-197.357743,276.382803,0.498795
1462723515.353031,3783477.446511,2731419.220383,4333634.894486,-199.167347,275.081616,0.503492
1462723605.353031,3765471.275101,2756117.566649,4333680.419648,-200.968373,273.768581,0.508168
1462723695.353031,3747303.400306,2780697.208719,4333726.364680,-202.760743,272.443755,0.512823
1462723785.353031,3728974.604646,2805157.087907,4333772.727602,-204.544379,271.107194,0.517455
1462723875.353031,3710485.677570,2829496.150691,4333819.506419,-206.319206,269.758955,0.522064
1462723965.353031,3691837.415425,2853713.348748,4333866.699114,-208.085146,268.399098,0.526652
1462724055.353031,3673030.621420,2877807.639007,4333914.303656,-209.842124,267.027681,0.531216
1462724145.353031,3654066.105593,2901777.983689,4333962.317993,-211.590063,265.644762,0.535758
1462724235.353031,3634944.684775,2925623.350353,4334010.740058,-213.328889,264.250401,0.540277
1462724325.353031,3615667.182555,2949342.711944,4334059.567766,-215.058526,262.844659,0.544772
1462724415.353031,3596234.429246,2972935.046832,4334108.799012,-216.778901,261.427596,0.549244
1462724505.353031,3576647.261845,2996399.338857,4334158.431677,-218.489938,259.999273,0.553692
1462724595.353031,3556906.524004,3019734.577377,4334208.463623,-220.191565,258.559751,0.558117
1462724685.353031,3537013.065985,3042939.757307,4334258.892694,-221.883708,257.109092,0.562517
1462724775.353031,3516967.744631,3066013.879163,4334309.716720,-223.566294,255.647359,0.566893
1462724865.353031,3496771.423325,3088955.949108,4334360.933510,-225.239250,254.174616,0.571245
1462724955.353031,3476424.971953,3111764.978990,4334412.540859,-226.902505,252.690924,0.575572
1462725045.353031,3455929.266870,3134439.986390,4334464.536544,-228.555988,251.196349,0.579875
1462725135.353031,3435285.190857,3156979.994660,4334516.918324,-230.199625,249.690954,0.584152
1462725225.353031,3414493.633085,3179384.032967,4334569.683946,-231.833348,248.174805,0.588404
1462725315.353031,3393555.489080,3201651.136334,4334622.831134,-233.457086,246.647966,0.592631
1462725405.353031,3372471.660681,3223780.345683,4334676.357601,-235.070768,245.110504,0.596832
1462725495.353031,3351243.055999,3245770.707873,4334730.261040,-236.674325,243.562485,0.601008
1462725585.353031,3329870.589384,3267621.275747,4334784.539130,-238.267688,242.003975,0.605158
1462725675.353031,3308355.181382,3289331.108166,4334839.189534,-239.850789,240.435042,0.609282
1462725765.353031,3286697.758694,3310899.270054,4334894.209897,-241.423559,238.855752,0.613379
1462725855.353031,3264899.254139,3332324.832437,4334949.597849,-242.985930,237.266175,0.617450
1462725945.353031,3242960.606612,3353606.872483,4335005.351005,-244.537836,235.666379,0.621494
1462726035.353031,3220882.761045,3374744.473541,4335061.466963,-246.079209,234.056431,0.625512
1462726125.353031,3198666.668366,3395736.725182,4335117.943307,-247.609983,232.436403,0.629503
1462726215.353031,3176313.285454,3416582.723237,4335174.777603,-249.130092,230.806363,0.633466
1462726305.353031,3153823.575106,3437281.569837,4335231.967405,-250.639471,229.166382,0.637403
1462726395.353031,3131198.505988,3457832.373451,4335289.510247,-252.138054,227.516531,0.641312
1462726485.353031,3108439.052596,3478234.248923,4335347.403653,-253.625777,225.856880,0.645193
1462726575.353031,3085546.195217,3498486.317512,4335405.645128,-255.102576,224.187501,0.649046
1462726665.353031,3062520.919879,3518587.706932,4335464.232164,-256.568388,222.508466,0.652872
1462726755.353031,3039364.218319,3538537.551384,4335523.162237,-258.023149,220.819847,0.656669
1462726845.353031,3016077.087930,3558334.991597,4335582.432810,-259.466796,219.121717,0.660438
1462726935.353031,2992660.531726,3577979.174864,4335642.041328,-260.899268,217.414149,0.664179
1462727025.353031,2969115.558294,3597469.255081,4335701.985226,-262.320502,215.697217,0.667891
1462727115.353031,2945443.181752,3616804.392779,4335762.261920,-263.730438,213.970995,0.671574
1462727205.353031,2921644.421706,3635983.755164,4335822.868815,-265.129014,212.235556,0.675228
1462727295.353031,2897720.303206,3655006.516152,4335883.803300,-266.516171,210.490976,0.678854
1462727385.353031,2873671.856701,3673871.856401,4335945.062750,-267.891849,208.737330,0.682450
1462727475.353031,2849500.117995,3692578.963354,4336006.644528,-269.255988,206.974693,0.686016
1462727565.353031,2825206.128201,3711127.031265,4336068.545980,-270.608530,205.203142,0.689553
1462727655.353031,2800790.933699,3729515.261241,4336130.764440,-271.949416,203.422752,0.693061
1462727745.353031,2776255.586091,3747742.861271,4336193.297229,-273.278589,201.633600,0.696538
1462727835.353031,2751601.142150,3765809.046266,4336256.141653,-274.595992,199.835764,0.699986
1462727925.353031,2726828.663783,3783713.038087,4336319.295004,-275.901567,198.029320,0.703403
1462728015.353031,2701939.217978,3801454.065580,4336382.754564,-277.195259,196.214347,0.706790
1462728105.353031,2676933.876763,3819031.364612,4336446.517599,-278.477012,194.390923,0.710147
1462728195.353031,2651813.717155,3836444.178102,4336510.581361,-279.746770,192.559126,0.713473
1462728285.353031,2626579.821120,3853691.756053,4336574.943092,-281.004479,190.719035,0.716768
1462728375.353031,2601233.275520,3870773.355585,4336639.600021,-282.250085,188.870730,0.720033
1462728465.353031,2575775.172070,3887688.240966,4336704.549360,-283.483533,187.014290,0.723266
1462728555.353031,2550206.607291,3904435.683647,4336769.788314,-284.704772,185.149795,0.726468
1462728645.353031,2524528.682459,3921014.962290,4336835.314072,-285.913748,183.277325,0.729639
1462728735.353031,2498742.503564,3937425.362798,4336901.123812,-287.110409,181.396961,0.732779
1462728825.353031,2472849.181255,3953666.178350,4336967.214700,-288.294704,179.508783,0.735887
1462728915.353031,2446849.830798,3969736.709431,4337033.583888,-289.466582,177.612875,0.738963
1462729005.353031,2420745.572025,3985636.263855,4337100.228518,-290.625992,175.709316,0.742008
1462729095.353031,2394537.529288,4001364.156806,4337167.145719,-291.772884,173.798189,0.745020
1462729185.353031,2368226.831407,4016919.710859,4337234.332609,-292.907209,171.879576,0.748001
1462729275.353031,2341814.611624,4032302.256011,4337301.786295,-294.028918,169.953560,0.750949
1462729365.353031,2315302.007556,4047511.129713,4337369.503870,-295.137963,168.020225,0.753865
1462729455.353031,2288690.161141,4062545.676894,4337437.482419,-296.234296,166.079652,0.756748
1462729545.353031,2261980.218592,4077405.249994,4337505.719013,-297.317869,164.131926,0.759599
1462729635.353031,2235173.330348,4092089.208987,4337574.210712,-298.388637,162.177130,0.762417
1462729725.353031,2208270.651023,4106596.921414,4337642.954568,-299.446552,160.215349,0.765202
1462729815.353031,2181273.339357,4120927.762403,4337711.947618,-300.491570,158.246668,0.767954
1462729905.353031,2154182.558167,4135081.114704,4337781.186892,-301.523645,156.271170,0.770674
1462729995.353031,2126999.474294,4149056.368709,4337850.669407,-302.542734,154.288942,0.773360
1462730085.353031,2099725.258556,4162852.922484,4337920.392169,-303.548791,152.300068,0.776012
1462730175.353031,2072361.085695,4176470.181788,4337990.352177,-304.541774,150.304635,0.778631
1462730265.353031,2044908.134329,4189907.560105,4338060.546417,-305.521639,148.302727,0.781217
1462730355.353031,2017367.586899,4203164.478667,4338130.971864,-306.488346,146.294432,0.783769
1462730445.353031,1989740.629619,4216240.366477,4338201.625487,-307.441851,144.279836,0.786288
1462730535.353031,1962028.452424,4229134.660337,4338272.504241,-308.382115,142.259026,0.788772
1462730625.353031,1934232.248922,4241846.804870,4338343.605074,-309.309096,140.232088,0.791223
1462730715.353031,1906353.216338,4254376.252543,4338414.924924,-310.222755,138.199110,0.793639
1462730805.353031,1878392.555464,4266722.463695,4338486.460717,-311.123052,136.160180,0.796021
1462730895.353031,1850351.470611,4278884.906553,4338558.209374,-312.009948,134.115385,0.798369
1462730985.353031,1822231.169550,4290863.057264,4338630.167803,-312.883405,132.064813,0.800683
1462731075.353031,1794032.863467,4302656.399909,4338702.332906,-313.743387,130.008553,0.802962
1462731165.353031,1765757.766907,4314264.426532,4338774.701574,-314.589854,127.946694,0.805206
1462731255.353031,1737407.097721,4325686.637156,4338847.270689,-315.422772,125.879324,0.807416
1462731345.353031,1708982.077017,4336922.539808,4338920.037127,-316.242104,123.806532,0.809591
1462731435.353031,1680483.929105,4347971.650542,4338992.997752,-317.047816,121.728407,0.811731
1462731525.353031,1651913.881444,4358833.493455,4339066.149423,-317.839871,119.645040,0.813836
1462731615.353031,1623273.164590,4369507.600710,4339139.488989,-318.618236,117.556519,0.815906
1462731705.353031,1594563.012144,4379993.512558,4339213.013290,-319.382879,115.462934,0.817941
1462731795.353031,1565784.660695,4390290.777352,4339286.719159,-320.133764,113.364377,0.819941
1462731885.353031,1536939.349772,4400398.951575,4339360.603423,-320.870862,111.260937,0.821905
1462731975.353031,1508028.321788,4410317.599852,4339434.662898,-321.594138,109.152704,0.823834
1462732065.353031,1479052.821985,4420046.294971,4339508.894396,-322.303564,107.039771,0.825728
1462732155.353031,1450014.098383,4429584.617901,4339583.294717,-322.999107,104.922226,0.827586
1462732245.353031,1420913.401725,4438932.157814,4339657.860658,-323.680738,102.800163,0.829408
1462732335.353031,1391751.985422,4448088.512094,4339732.589007,-324.348427,100.673672,0.831195
1462732425.353031,1362531.105502,4457053.286365,4339807.476546,-325.002147,98.542845,0.832946
1462732515.353031,1333252.020555,4465826.094500,4339882.520048,-325.641868,96.407773,0.834661
1462732605.353031,1303915.991674,4474406.558639,4339957.716282,-326.267563,94.268549,0.836340
1462732695.353031,1274524.282409,4482794.309209,4340033.062008,-326.879205,92.125265,0.837983
1462732785.353031,1245078.158705,4490988.984936,4340108.553981,-327.476768,89.978012,0.839589
1462732875.353031,1215578.888853,4498990.232864,4340184.188950,-328.060226,87.826885,0.841160
1462732965.353031,1186027.743434,4506797.708366,4340259.963656,-328.629555,85.671974,0.842695
1462733055.353031,1156425.995258,4514411.075162,4340335.874837,-329.184728,83.513373,0.844193
1462733145.353031,1126774.919321,4521830.005331,4340411.919221,-329.725723,81.351175,0.845655
1462733235.353031,1097075.792740,4529054.179331,4340488.093535,-330.252516,79.185474,0.847080
1462733325.353031,1067329.894702,4536083.286003,4340564.394496,-330.765085,77.016361,0.848469
1462733415.353031,1037538.506408,4542917.022594,4340640.818819,-331.263407,74.843932,0.849821
1462733505.353031,1007702.911022,4549555.094763,4340717.363211,-331.747461,72.668279,0.851137
1462733595.353031,977824.393607,4555997.216599,4340794.024375,-332.217227,70.489496,0.852416
1462733685.353031,947904.241077,4562243.110630,4340870.799011,-332.672683,68.307677,0.853658
1462733775.353031,917943.742141,4568292.507835,4340947.683809,-333.113810,66.122915,0.854864
1462733865.353031,887944.187243,4574145.147657,4341024.675460,-333.540590,63.935306,0.856033
1462733955.353031,857906.868510,4579800.778014,4341101.770647,-333.953004,61.744943,0.857165
1462734045.353031,827833.079697,4585259.155308,4341178.966049,-334.351033,59.551920,0.858260
1462734135.353031,797724.116127,4590520.044441,4341256.258341,-334.734662,57.356333,0.859318
1462734225.353031,767581.274642,4595583.218815,4341333.644194,-335.103873,55.158275,0.860339
1462734315.353031,737405.853538,4600448.460354,4341411.120274,-335.458651,52.957841,0.861323
1462734405.353031,707199.152520,4605115.559503,4341488.683245,-335.798980,50.755126,0.862269
1462734495.353031,676962.472635,4609584.315242,4341566.329767,-336.124846,48.550225,0.863179
1462734585.353031,646697.116225,4613854.535097,4341644.056493,-336.436234,46.343233,0.864052
1462734675.353031,616404.386866,4617926.035141,4341721.860077,-336.733131,44.134245,0.864887
1462734765.353031,586085.589312,4621798.640009,4341799.737167,-337.015525,41.923356,0.865685
1462734855.353031,555742.029441,4625472.182901,4341877.684409,-337.283403,39.710662,0.866446
1462734945.353031,525375.014196,4628946.505593,4341955.698445,-337.536754,37.496257,0.867169
1462735035.353031,494985.851533,4632221.458440,4342033.775916,-337.775566,35.280237,0.867855
1462735125.353031,464575.850360,4635296.900385,4342111.913457,-337.999830,33.062697,0.868504
1462735215.353031,434146.320483,4638172.698963,4342190.107705,-338.209536,30.843733,0.869115
1462735305.353031,403698.572548,4640848.730310,4342268.355290,-338.404674,28.623441,0.869689
1462735395.353031,373233.917986,4643324.879164,4342346.652842,-338.585237,26.401916,0.870226
1462735485.353031,342753.668960,4645601.038874,4342424.996989,-338.751217,24.179254,0.870724
1462735575.353031,312259.138299,4647677.111402,4342503.384356,-338.902606,21.955550,0.871186
1462735665.353031,281751.639450,4649553.007329,4342581.811567,-339.039398,19.730901,0.871610
1462735755.353031,251232.486418,4651228.645856,4342660.275244,-339.161587,17.505402,0.871996
1462735845.353031,220702.993712,4652703.954812,4342738.772007,-339.269167,15.279149,0.872345
1462735935.353031,190164.476282,4653978.870652,4342817.298475,-339.362135,13.052237,0.872656
1462736025.353031,159618.249471,4655053.338463,4342895.851266,-339.440486,10.824764,0.872930
1462736115.353031,129065.628952,4655927.311967,4342974.426996,-339.504217,8.596824,0.873166
1462736205.353031,98507.930674,4656600.753521,4343053.022281,-339.553325,6.368514,0.873364
1462736295.353031,67946.470803,4657073.634118,4343131.633736,-339.587808,4.139930,0.873525
1462736385.353031,37382.565670,4657345.933390,4343210.257974,-339.607664,1.911167,0.873648
1462736475.353031,6817.531709,4657417.639608,4343288.891609,-339.612893,-0.317677,0.873734
1462736565.353031,-23747.314597,4657288.749685,4343367.531254,-339.603494,-2.546509,0.873782
1462736655.353031,-54310.656772,4656959.269172,4343446.173521,-339.579468,-4.775230,0.873792
1462736745.353031,-84871.178406,4656429.212260,4343524.815024,-339.540816,-7.003746,0.873765
1462736835.353031,-115427.563209,4655698.601779,4343603.452375,-339.487539,-9.231960,0.873700
1462736925.353031,-145978.495071,4654767.469198,4343682.082187,-339.419640,-11.459777,0.873597
1462737015.353031,-176522.658117,4653635.854622,4343760.701074,-339.337121,-13.687100,0.873457
1462737105.353031,-207058.736761,4652303.806792,4343839.305648,-339.239987,-15.913833,0.873279
1462737195.353031,-237585.415767,4650771.383080,4343917.892524,-339.128241,-18.139881,0.873063
1462737285.353031,-268101.380305,4649038.649490,4343996.458317,-339.001888,-20.365148,0.872810
1462737375.353031,-298605.316003,4647105.680655,4344074.999643,-338.860934,-22.589537,0.872520
1462737465.353031,-329095.909011,4644972.559829,4344153.513120,-338.705385,-24.812954,0.872191
1462737555.353031,-359571.846051,4642639.378891,4344231.995364,-338.535247,-27.035302,0.871826
1462737645.353031,-390031.814478,4640106.238332,4344310.442997,-338.350528,-29.256485,0.871422
1462737735.353031,-420474.502333,4637373.247260,4344388.852638,-338.151236,-31.476408,0.870981
1462737825.353031,-450898.598402,4634440.523389,4344467.220911,-337.937379,-33.694976,0.870503
1462737915.353031,-481302.792274,4631308.193035,4344545.544440,-337.708967,-35.912092,0.869987
1462738005.353031,-511685.774391,4627976.391114,4344623.819852,-337.466008,-38.127661,0.869433
1462738095.353031,-542046.236113,4624445.261130,4344702.043774,-337.208515,-40.341589,0.868843
1462738185.353031,-572382.869766,4620714.955175,4344780.212838,-336.936498,-42.553778,0.868214
1462738275.353031,-602694.368706,4616785.633919,4344858.323676,-336.649968,-44.764135,0.867549
1462738365.353031,-632979.427367,4612657.466603,4344936.372925,-336.348938,-46.972564,0.866846
1462738455.353031,-663236.741328,4608330.631035,4345014.357222,-336.033421,-49.178969,0.866105
1462738545.353031,-693465.007358,4603805.313578,4345092.273208,-335.703431,-51.383257,0.865327
1462738635.353031,-723662.923478,4599081.709144,4345170.117527,-335.358981,-53.585331,0.864513
1462738725.353031,-753829.189018,4594160.021186,4345247.886827,-335.000087,-55.785097,0.863660
1462738815.353031,-783962.504670,4589040.461688,4345325.577757,-334.626764,-57.982460,0.862771
1462738905.353031,-814061.572545,4583723.251159,4345403.186971,-334.239028,-60.177326,0.861844
1462738995.353031,-844125.096230,4578208.618618,4345480.711126,-333.836896,-62.369600,0.860881
1462739085.353031,-874151.780843,4572496.801589,4345558.146884,-333.420385,-64.559188,0.859880
1462739175.353031,-904140.333087,4566588.046090,4345635.490908,-332.989513,-66.745995,0.858842
1462739265.353031,-934089.461309,4560482.606618,4345712.739868,-332.544299,-68.929927,0.857767
1462739355.353031,-963997.875554,4554180.746146,4345789.890435,-332.084761,-71.110891,0.856656
1462739445.353031,-993864.287620,4547682.736103,4345866.939288,-331.610920,-73.288791,0.855507
1462739535.353031,-1023687.411114,4540988.856369,4345943.883106,-331.122797,-75.463535,0.854321
1462739625.353031,-1053465.961509,4534099.395259,4346020.718576,-330.620411,-77.635028,0.853099
1462739715.353031,-1083198.656196,4527014.649515,4346097.442389,-330.103784,-79.803178,0.851840
1462739805.353031,-1112884.214541,4519734.924285,4346174.051240,-329.572940,-81.967890,0.850544
1462739895.353031,-1142521.357942,4512260.533120,4346250.541828,-329.027901,-84.129072,0.849212
1462739985.353031,-1172108.809882,4504591.797953,4346326.910859,-328.468689,-86.286630,0.847843
1462740075.353031,-1201645.295982,4496729.049088,4346403.155045,-327.895331,-88.440472,0.846438
1462740165.353031,-1231129.544060,4488672.625185,4346479.271100,-327.307849,-90.590505,0.844996
1462740255.353031,-1260560.284185,4480422.873248,4346555.255746,-326.706269,-92.736635,0.843517
1462740345.353031,-1289936.248728,4471980.148607,4346631.105710,-326.090618,-94.878772,0.842003
1462740435.353031,-1319256.172422,4463344.814901,4346706.817726,-325.460921,-97.016822,0.840452
1462740525.353031,-1348518.792412,4454517.244069,4346782.388532,-324.817207,-99.150693,0.838865
1462740615.353031,-1377722.848311,4445497.816327,4346857.814873,-324.159502,-101.280293,0.837242
1462740705.353031,-1406867.082256,4436286.920156,4346933.093500,-323.487835,-103.405531,0.835582
1462740795.353031,-1435950.238959,4426884.952284,4347008.221170,-322.802235,-105.526316,0.833887
1462740885.353031,-1464971.065763,4417292.317668,4347083.194649,-322.102731,-107.642555,0.832156
1462740975.353031,-1493928.312697,4407509.429477,4347158.010705,-321.389354,-109.754158,0.830389
1462741065.353031,-1522820.732527,4397536.709076,4347232.666118,-320.662134,-111.861033,0.828586
1462741155.353031,-1551647.080813,4387374.586004,4347307.157671,-319.921102,-113.963091,0.826747
1462741245.353031,-1580406.115957,4377023.497961,4347381.482155,-319.166292,-116.060240,0.824873
1462741335.353031,-1609096.599265,4366483.890784,4347455.636370,-318.397734,-118.152390,0.822964
1462741425.353031,-1637717.294993,4355756.218430,4347529.617120,-317.615462,-120.239451,0.821018
1462741515.353031,-1666266.970402,4344840.942956,4347603.421221,-316.819510,-122.321333,0.819038
1462741605.353031,-1694744.395815,4333738.534499,4347677.045492,-316.009912,-124.397947,0.817022
1462741695.353031,-1723148.344664,4322449.471259,4347750.486762,-315.186703,-126.469203,0.814971
1462741785.353031,-1751477.593547,4310974.239472,4347823.741869,-314.349919,-128.535011,0.812885
1462741875.353031,-1779730.922280,4299313.333394,4347896.807656,-313.499595,-130.595283,0.810764
1462741965.353031,-1807907.113948,4287467.255279,4347969.680977,-312.635768,-132.649930,0.808608
1462742055.353031,-1836004.954958,4275436.515355,4348042.358692,-311.758475,-134.698864,0.806417
1462742145.353031,-1864023.235095,4263221.631805,4348114.837672,-310.867755,-136.741996,0.804192
1462742235.353031,-1891960.747565,4250823.130743,4348187.114794,-309.963645,-138.779239,0.801932
1462742325.353031,-1919816.289058,4238241.546191,4348259.186945,-309.046184,-140.810504,0.799637
1462742415.353031,-1947588.659792,4225477.420058,4348331.051021,-308.115412,-142.835704,0.797308
1462742505.353031,-1975276.663569,4212531.302114,4348402.703927,-307.171370,-144.854752,0.794944
1462742595.353031,-2002879.107822,4199403.749968,4348474.142575,-306.214097,-146.867561,0.792547
1462742685.353031,-2030394.803673,4186095.329046,4348545.363890,-305.243634,-148.874044,0.790115
1462742775.353031,-2057822.565976,4172606.612560,4348616.364802,-304.260025,-150.874114,0.787649
1462742865.353031,-2085161.213377,4158938.181490,4348687.142255,-303.263310,-152.867687,0.785149
1462742955.353031,-2112409.568357,4145090.624558,4348757.693199,-302.253534,-154.854675,0.782615
1462743045.353031,-2139566.457288,4131064.538198,4348828.014596,-301.230739,-156.834993,0.780048
1462743135.353031,-2166630.710479,4116860.526537,4348898.103416,-300.194969,-158.808556,0.777447
1462743225.353031,-2193601.162232,4102479.201362,4348967.956641,-299.146270,-160.775279,0.774812
1462743315.353031,-2220476.650888,4087921.182100,4349037.571262,-298.084686,-162.735077,0.772145
1462743405.353031,-2247256.018877,4073187.095786,4349106.944280,-297.010262,-164.687866,0.769443
1462743495.353031,-2273938.112772,4058277.577042,4349176.072707,-295.923047,-166.633562,0.766709
1462743585.353031,-2300521.783332,4043193.268042,4349244.953566,-294.823085,-168.572080,0.763942
1462743675.353031,-2327005.885557,4027934.818492,4349313.583890,-293.710425,-170.503338,0.761142
1462743765.353031,-2353389.278738,4012502.885596,4349381.960722,-292.585114,-172.427252,0.758309
1462743855.353031,-2379670.826499,3996898.134032,4349450.081117,-291.447202,-174.343739,0.755443
1462743945.353031,-2405849.396854,3981121.235920,4349517.942142,-290.296736,-176.252717,0.752545
1462744035.353031,-2431923.862251,3965172.870795,4349585.540873,-289.133766,-178.154104,0.749615
1462744125.353031,-2457893.099623,3949053.725579,4349652.874398,-287.958344,-180.047817,0.746652
1462744215.353031,-2483755.990434,3932764.494548,4349719.939818,-286.770518,-181.933775,0.743657
1462744305.353031,-2509511.420730,3916305.879305,4349786.734243,-285.570341,-183.811897,0.740630
1462744395.353031,-2535158.281185,3899678.588746,4349853.254796,-284.357863,-185.682102,0.737571
1462744485.353031,-2560695.467147,3882883.339036,4349919.498613,-283.133138,-187.544309,0.734480
1462744575.353031,-2586121.878692,3865920.853572,4349985.462840,-281.896218,-189.398438,0.731358
1462744665.353031,-2611436.420664,3848791.862953,4350051.144635,-280.647157,-191.244410,0.728204
1462744755.353031,-2636638.002727,3831497.104954,4350116.541169,-279.386007,-193.082145,0.725019
1462744845.353031,-2661725.539409,3814037.324484,4350181.649626,-278.112824,-194.911563,0.721802
1462744935.353031,-2686697.950152,3796413.273564,4350246.467202,-276.827662,-196.732586,0.718555
1462745025.353031,-2711554.159355,3778625.711290,4350310.991103,-275.530577,-198.545136,0.715276
1462745115.353031,-2736293.096422,3760675.403798,4350375.218552,-274.221624,-200.349134,0.711967
1462745205.353031,-2760913.695809,3742563.124237,4350439.146781,-272.900860,-202.144502,0.708627
1462745295.353031,-2785414.897070,3724289.652730,4350502.773036,-271.568342,-203.931164,0.705256
1462745385.353031,-2809795.644898,3705855.776344,4350566.094579,-270.224127,-205.709042,0.701855
1462745475.353031,-2834054.889178,3687262.289054,4350629.108679,-268.868273,-207.478060,0.698424
1462745565.353031,-2858191.585026,3668509.991712,4350691.812625,-267.500838,-209.238142,0.694963
1462745655.353031,-2882204.692838,3649599.692006,4350754.203714,-266.121882,-210.989211,0.691472
1462745745.353031,-2906093.178332,3630532.204433,4350816.279260,-264.731463,-212.731193,0.687951
1462745835.353031,-2929856.012593,3611308.350260,4350878.036588,-263.329642,-214.464012,0.684401
1462745925.353031,-2953492.172120,3591928.957486,4350939.473038,-261.916479,-216.187594,0.680821
1462746015.353031,-2977000.638866,3572394.860814,4351000.585965,-260.492035,-217.901864,0.677211
1462746105.353031,-3000380.400285,3552706.901606,4351061.372735,-259.056371,-219.606749,0.673573
1462746195.353031,-3023630.449376,3532865.927853,4351121.830731,-257.609549,-221.302175,0.669905
1462746285.353031,-3046749.784722,3512872.794137,4351181.957349,-256.151631,-222.988070,0.666209
1462746375.353031,-3069737.410537,3492728.361593,4351241.749998,-254.682681,-224.664360,0.662484
1462746465.353031,-3092592.336709,3472433.497872,4351301.206102,-253.202761,-226.330973,0.658730
1462746555.353031,-3115313.578841,3451989.077106,4351360.323102,-251.711935,-227.987838,0.654948
1462746645.353031,-3137900.158294,3431395.979869,4351419.098451,-250.210268,-229.634883,0.651138
1462746735.353031,-3160351.102229,3410655.093135,4351477.529616,-248.697823,-231.272037,0.647300
1462746825.353031,-3182665.443649,3389767.310247,4351535.614082,-247.174667,-232.899230,0.643434
1462746915.353031,-3204842.221440,3368733.530875,4351593.349346,-245.640865,-234.516392,0.639540
1462747005.353031,-3226880.480415,3347554.660976,4351650.732922,-244.096482,-236.123452,0.635618
1462747095.353031,-3248779.271352,3326231.612756,4351707.762337,-242.541586,-237.720343,0.631670
1462747185.353031,-3270537.651035,3304765.304632,4351764.435136,-240.976243,-239.306994,0.627694
1462747275.353031,-3292154.682297,3283156.661192,4351820.748876,-239.400521,-240.883338,0.623691
1462747365.353031,-3313629.434060,3261406.613152,4351876.701133,-237.814488,-242.449307,0.619661
1462747455.353031,-3334960.981372,3239516.097321,4351932.289497,-236.218212,-244.004834,0.615604
1462747545.353031,-3356148.405452,3217486.056558,4351987.511573,-234.611761,-245.549850,0.611521
1462747635.353031,-3377190.793723,3195317.439730,4352042.364982,-232.995205,-247.084291,0.607412
1462747725.353031,-3398087.239857,3173011.201674,4352096.847362,-231.368614,-248.608089,0.603276
1462747815.353031,-3418836.843813,3150568.303155,4352150.956365,-229.732057,-250.121179,0.599115
1462747905.353031,-3439438.711872,3127989.710821,4352204.689663,-228.085606,-251.623496,0.594927
1462747995.353031,-3459891.956680,3105276.397169,4352258.044939,-226.429330,-253.114975,0.590714
1462748085.353031,-3480195.697284,3082429.340496,4352311.019895,-224.763302,-254.595553,0.586476
1462748175.353031,-3500349.059171,3059449.524860,4352363.612250,-223.087593,-256.065164,0.582212
1462748265.353031,-3520351.174304,3036337.940037,4352415.819739,-221.402275,-257.523746,0.577923
1462748355.353031,-3540201.181160,3013095.581479,4352467.640113,-219.707421,-258.971237,0.573610
1462748445.353031,-3559898.224771,2989723.450270,4352519.071139,-218.003104,-260.407573,0.569271
1462748535.353031,-3579441.456752,2966222.553084,4352570.110602,-216.289397,-261.832693,0.564908
1462748625.353031,-3598830.035348,2942593.902140,4352620.756304,-214.566374,-263.246535,0.560521
1462748715.353031,-3618063.125461,2918838.515163,4352671.006064,-212.834110,-264.649039,0.556110
1462748805.353031,-3637139.898693,2894957.415332,4352720.857716,-211.092678,-266.040144,0.551674
1462748895.353031,-3656059.533378,2870951.631244,4352770.309114,-209.342155,-267.419790,0.547215
1462748985.353031,-3674821.214617,2846822.196865,4352819.358127,-207.582614,-268.787918,0.542733
1462749075.353031,-3693424.134316,2822570.151486,4352868.002643,-205.814133,-270.144469,0.538227
1462749165.353031,-3711867.491219,2798196.539682,4352916.240566,-204.036787,-271.489385,0.533697
1462749255.353031,-3730150.490941,2773702.411261,4352964.069820,-202.250653,-272.822607,0.529145
1462749345.353031,-3748272.346006,2749088.821223,4353011.488342,-200.455808,-274.144078,0.524570
1462749435.353031,-3766232.275876,2724356.829714,4353058.494092,-198.652328,-275.453741,0.519972
1462749525.353031,-3784029.506990,2699507.501978,4353105.085044,-196.840293,-276.751540,0.515352
1462749615.353031,-3801663.272794,2674541.908315,4353151.259191,-195.019779,-278.037419,0.510710
1462749705.353031,-3819132.813774,2649461.124031,4353197.014545,-193.190865,-279.311323,0.506046
1462749795.353031,-3836437.377490,2624266.229395,4353242.349135,-191.353630,-280.573196,0.501360
1462749885.353031,-3853576.218607,2598958.309590,4353287.261007,-189.508154,-281.822984,0.496652
1462749975.353031,-3870548.598928,2573538.454666,4353331.748228,-187.654515,-283.060634,0.491923
1462750065.353031,-3887353.787429,2548007.759497,4353375.808881,-185.792793,-284.286092,0.487173
1462750155.353031,-3903991.060281,2522367.323729,4353419.441069,-183.923069,-285.499305,0.482402
1462750245.353031,-3920459.700894,2496618.251734,4353462.642911,-182.045424,-286.700221,0.477610
1462750335.353031,-3936758.999936,2470761.652566,4353505.412547,-180.159937,-287.888789,0.472798
1462750425.353031,-3952888.255371,2444798.639909,4353547.748135,-178.266690,-289.064957,0.467965
1462750515.353031,-3968846.772489,2418730.332028,4353589.647851,-176.365766,-290.228675,0.463112
1462750605.353031,-3984633.863930,2392557.851728,4353631.109891,-174.457245,-291.379892,0.458239
1462750695.353031,-4000248.849719,2366282.326295,4353672.132468,-172.541209,-292.518558,0.453346
1462750785.353031,-4015691.057297,2339904.887460,4353712.713815,-170.617742,-293.644626,0.448434
1462750875.353031,-4030959.821541,2313426.671337,4353752.852185,-168.686927,-294.758045,0.443502
1462750965.353031,-4046054.484804,2286848.818386,4353792.545848,-166.748846,-295.858770,0.438552
1462751055.353031,-4060974.396935,2260172.473355,4353831.793095,-164.803582,-296.946751,0.433582
1462751145.353031,-4075718.915310,2233398.785236,4353870.592236,-162.851221,-298.021942,0.428594
1462751235.353031,-4090287.404859,2206528.907213,4353908.941598,-160.891845,-299.084296,0.423587
1462751325.353031,-4104679.238096,2179563.996613,4353946.839530,-158.925539,-300.133769,0.418562
1462751415.353031,-4118893.795142,2152505.214856,4353984.284400,-156.952388,-301.170315,0.413519
1462751505.353031,-4132930.463753,2125353.727407,4354021.274595,-154.972477,-302.193888,0.408458
1462751595.353031,-4146788.639349,2098110.703721,4354057.808521,-152.985891,-303.204446,0.403380
1462751685.353031,-4160467.725036,2070777.317198,4354093.884605,-150.992715,-304.201944,0.398284
1462751775.353031,-4173967.131635,2043354.745129,4354129.501293,-148.993036,-305.186340,0.393171
1462751865.353031,-4187286.277706,2015844.168647,4354164.657051,-146.986940,-306.157591,0.388042
1462751955.353031,-4200424.589573,1988246.772675,4354199.350363,-144.974513,-307.115655,0.382895
1462752045.353031,-4213381.501354,1960563.745862,4354233.579737,-142.955841,-308.060491,0.377732
1462752135.353031,-4226156.454981,1932796.280542,4354267.343698,-140.931012,-308.992059,0.372553
1462752225.353031,-4238748.900205,1904945.572732,4354300.640790,-138.900113,-309.910318,0.367357
1462752315.353031,-4251158.294648,1877012.822007,4354333.469581,-136.863232,-310.815228,0.362146
1462752405.353031,-4263384.103820,1848999.231471,4354365.828655,-134.820455,-311.706751,0.356919
1462752495.353031,-4275425.801135,1820906.007714,4354397.716619,-132.771872,-312.584849,0.351677
1462752585.353031,-4287282.867940,1792734.360755,4354429.132100,-130.717570,-313.449483,0.346420
1462752675.353031,-4298954.793531,1764485.503990,4354460.073744,-128.657637,-314.300616,0.341148
1462752765.353031,-4310441.075181,1736160.654141,4354490.540219,-126.592164,-315.138212,0.335861
1462752855.353031,-4321741.218157,1707761.031203,4354520.530211,-124.521237,-315.962234,0.330559
1462752945.353031,-4332854.735746,1679287.858392,4354550.042430,-122.444948,-316.772648,0.325244
1462753035.353031,-4343781.149271,1650742.362091,4354579.075603,-120.363384,-317.569417,0.319914
1462753125.353031,-4354519.988114,1622125.771799,4354607.628482,-118.276636,-318.352509,0.314571
1462753215.353031,-4365070.789736,1593439.320077,4354635.699834,-116.184794,-319.121888,0.309214
1462753305.353031,-4375433.099699,1564684.242494,4354663.288452,-114.087948,-319.877522,0.303843
1462753395.353031,-4385606.471681,1535861.777577,4354690.393147,-111.986187,-320.619379,0.298460
1462753485.353031,-4395590.467500,1506973.166754,4354717.012752,-109.879604,-321.347426,0.293064
1462753575.353031,-4405384.657130,1478019.654301,4354743.146119,-107.768287,-322.061632,0.287655
1462753665.353031,-4414988.618719,1449002.487291,4354768.792124,-105.652329,-322.761967,0.282234
1462753755.353031,-4424401.938610,1419922.915539,4354793.949660,-103.531820,-323.448399,0.276800
1462753845.353031,-4433624.211357,1390782.191546,4354818.617646,-101.406852,-324.120900,0.271355
1462753935.353031,-4442655.039742,1361581.570449,4354842.795018,-99.277516,-324.779441,0.265898
1462754025.353031,-4451494.034793,1332322.309963,4354866.480734,-97.143904,-325.423993,0.260429
1462754115.353031,-4460140.815801,1303005.670331,4354889.673775,-95.006108,-326.054529,0.254950
1462754205.353031,-4468595.010337,1273632.914265,4354912.373141,-92.864220,-326.671021,0.249459
1462754295.353031,-4476856.254264,1244205.306895,4354934.577855,-90.718332,-327.273442,0.243958
1462754385.353031,-4484924.191757,1214724.115714,4354956.286960,-88.568537,-327.861768,0.238446
1462754475.353031,-4492798.475320,1185190.610522,4354977.499522,-86.414927,-328.435972,0.232924
1462754565.353031,-4500478.765793,1155606.063374,4354998.214625,-84.257595,-328.996029,0.227391
1462754655.353031,-4507964.732375,1125971.748520,4355018.431378,-82.096634,-329.541917,0.221849
1462754745.353031,-4515256.052633,1096288.942358,4355038.148911,-79.932137,-330.073610,0.216298
1462754835.353031,-4522352.412520,1066558.923371,4355057.366373,-77.764197,-330.591087,0.210737
1462754925.353031,-4529253.506383,1036782.972078,4355076.082937,-75.592907,-331.094324,0.205167
1462755015.353031,-4535959.036983,1006962.370974,4355094.297797,-73.418362,-331.583301,0.199588
1462755105.353031,-4542468.715500,977098.404479,4355112.010168,-71.240654,-332.057996,0.194001
1462755195.353031,-4548782.261555,947192.358881,4355129.219287,-69.059878,-332.518389,0.188405
1462755285.353031,-4554899.403211,917245.522278,4355145.924413,-66.876128,-332.964460,0.182801
1462755375.353031,-4560819.876996,887259.184528,4355162.124826,-64.689497,-333.396189,0.177189
1462755465.353031,-4566543.427903,857234.637188,4355177.819828,-62.500080,-333.813559,0.171570
1462755555.353031,-4572069.809412,827173.173463,4355193.008744,-60.307970,-334.216550,0.165943
1462755645.353031,-4577398.783492,797076.088145,4355207.690919,-58.113264,-334.605147,0.160309
1462755735.353031,-4582530.120617,766944.677564,4355221.865720,-55.916054,-334.979331,0.154668
1462755825.353031,-4587463.599771,736780.239524,4355235.532537,-53.716436,-335.339088,0.149021
1462755915.353031,-4592199.008462,706584.073256,4355248.690781,-51.514504,-335.684401,0.143367
1462756005.353031,-4596736.142728,676357.479355,4355261.339886,-49.310353,-336.015255,0.137707
1462756095.353031,-4601074.807149,646101.759728,4355273.479306,-47.104078,-336.331637,0.132041
1462756185.353031,-4605214.814850,615818.217534,4355285.108518,-44.895775,-336.633532,0.126369
1462756275.353031,-4609155.987517,585508.157132,4355296.227023,-42.685538,-336.920928,0.120692
1462756365.353031,-4612898.155395,555172.884025,4355306.834339,-40.473462,-337.193812,0.115010
1462756455.353031,-4616441.157304,524813.704799,4355316.930012,-38.259643,-337.452173,0.109322
1462756545.353031,-4619784.840643,494431.927071,4355326.513605,-36.044177,-337.695999,0.103630
1462756635.353031,-4622929.061391,464028.859430,4355335.584706,-33.827157,-337.925281,0.097934
1462756725.353031,-4625873.684125,433605.811385,4355344.142924,-31.608681,-338.140007,0.092233
1462756815.353031,-4628618.582013,403164.093303,4355352.187890,-29.388843,-338.340169,0.086528
1462756905.353031,-4631163.636829,372705.016356,4355359.719259,-27.167740,-338.525758,0.080820
1462756995.353031,-4633508.738953,342229.892463,4355366.736704,-24.945466,-338.696766,0.075108
1462757085.353031,-4635653.787379,311740.034236,4355373.239925,-22.722118,-338.853186,0.069393
1462757175.353031,-4637598.689715,281236.754919,4355379.228641,-20.497791,-338.995012,0.063675
1462757265.353031,-4639343.362192,250721.368336,4355384.702594,-18.272581,-339.122236,0.057954
1462757355.353031,-4640887.729664,220195.188831,4355389.661547,-16.046585,-339.234853,0.052231
1462757445.353031,-4642231.725613,189659.531216,4355394.105288,-13.819897,-339.332860,0.046505
1462757535.353031,-4643375.292150,159115.710707,4355398.033625,-11.592614,-339.416250,0.040777
1462757625.353031,-4644318.380020,128565.042874,4355401.446389,-9.364831,-339.485022,0.035048
1462757715.353031,-4645060.948603,98008.843582,4355404.343432,-7.136645,-339.539171,0.029317
1462757805.353031,-4645602.965916,67448.428933,4355406.724630,-4.908152,-339.578696,0.023585
1462757895.353031,-4645944.408613,36885.115212,4355408.589880,-2.679448,-339.603595,0.017852
1462757985.353031,-4646085.261987,6320.218829,4355409.939102,-0.450628,-339.613866,0.012118
1462758075.353031,-4646025.519972,-24244.943741,4355410.772237,1.778212,-339.609510,0.006384
1462758165.353031,-4645765.185141,-54809.056007,4355411.089250,4.006974,-339.590526,0.000649
1462758255.353031,-4645304.268706,-85370.801526,4355410.890127,6.235565,-339.556916,-0.005086
1462758345.353031,-4644642.790521,-115928.863957,4355410.174876,8.463886,-339.508680,-0.010820
1462758435.353031,-4643780.779075,-146481.927116,4355408.943528,10.691843,-339.445821,-0.016554
1462758525.353031,-4642718.271498,-177028.675036,4355407.196137,12.919340,-339.368342,-0.022288
1462758615.353031,-4641455.313553,-207567.792022,4355404.932776,15.146280,-339.276246,-0.028020
1462758705.353031,-4639991.959637,-238097.962705,4355402.153545,17.372568,-339.169536,-0.033751
1462758795.353031,-4638328.272780,-268617.872105,4355398.858562,19.598107,-339.048218,-0.039481
1462758885.353031,-4636464.324638,-299126.205681,4355395.047969,21.822803,-338.912296,-0.045209
1462758975.353031,-4634400.195496,-329621.649394,4355390.721931,24.046558,-338.761777,-0.050935
1462759065.353031,-4632135.974258,-360102.889755,4355385.880633,26.269278,-338.596667,-0.056659
1462759155.353031,-4629671.758448,-390568.613893,4355380.524285,28.490866,-338.416974,-0.062381
1462759245.353031,-4627007.654203,-421017.509600,4355374.653116,30.711227,-338.222704,-0.068099
1462759335.353031,-4624143.776271,-451448.265395,4355368.267379,32.930265,-338.013866,-0.073815
1462759425.353031,-4621080.248002,-481859.570580,4355361.367351,35.147885,-337.790469,-0.079528
1462759515.353031,-4617817.201349,-512250.115291,4355353.953327,37.363991,-337.552524,-0.085237
1462759605.353031,-4614354.776855,-542618.590562,4355346.025626,39.578488,-337.300039,-0.090943
1462759695.353031,-4610693.123652,-572963.688374,4355337.584592,41.791280,-337.033026,-0.096644
1462759785.353031,-4606832.399454,-603284.101718,4355328.630586,44.002272,-336.751497,-0.102342
1462759875.353031,-4602772.770547,-633578.524647,4355319.163995,46.211369,-336.455464,-0.108035
1462759965.353031,-4598514.411787,-663845.652332,4355309.185226,48.418475,-336.144939,-0.113723
1462760055.353031,-4594057.506587,-694084.181123,4355298.694709,50.623496,-335.819935,-0.119407
1462760145.353031,-4589402.246913,-724292.808598,4355287.692896,52.826337,-335.480467,-0.125085
1462760235.353031,-4584548.833274,-754470.233625,4355276.180260,55.026902,-335.126550,-0.130758
1462760325.353031,-4579497.474715,-784615.156417,4355264.157298,57.225097,-334.758198,-0.136425
1462760415.353031,-4574248.388805,-814726.278584,4355251.624527,59.420827,-334.375427,-0.142087
1462760505.353031,-4568801.801630,-844802.303194,4355238.582487,61.613998,-333.978255,-0.147742
1462760595.353031,-4563157.947784,-874841.934826,4355225.031740,63.804515,-333.566697,-0.153391
1462760685.353031,-4557317.070355,-904843.879626,4355210.972869,65.992284,-333.140773,-0.159034
1462760775.353031,-4551279.420920,-934806.845365,4355196.406480,68.177211,-332.700499,-0.164669
1462760865.353031,-4545045.259529,-964729.541491,4355181.333200,70.359201,-332.245896,-0.170298
1462760955.353031,-4538614.854697,-994610.679188,4355165.753678,72.538161,-331.776982,-0.175919
1462761045.353031,-4531988.483392,-1024448.971428,4355149.668586,74.713996,-331.293778,-0.181532
1462761135.353031,-4525166.431022,-1054243.133030,4355133.078616,76.886613,-330.796304,-0.187138
1462761225.353031,-4518148.991423,-1083991.880714,4355115.984482,79.055919,-330.284583,-0.192736
1462761315.353031,-4510936.466847,-1113693.933154,4355098.386922,81.221819,-329.758636,-0.198325
1462761405.353031,-4503529.167949,-1143348.011039,4355080.286692,83.384222,-329.218486,-0.203906
1462761495.353031,-4495927.413772,-1172952.837119,4355061.684572,85.543032,-328.664156,-0.209478
1462761585.353031,-4488131.531736,-1202507.136271,4355042.581364,87.698159,-328.095669,-0.215041
1462761675.353031,-4480141.857622,-1232009.635545,4355022.977890,89.849508,-327.513051,-0.220595
1462761765.353031,-4471958.735557,-1261459.064221,4355002.874995,91.996987,-326.916327,-0.226139
1462761855.353031,-4463582.518000,-1290854.153869,4354982.273545,94.140503,-326.305522,-0.231673
1462761945.353031,-4455013.565729,-1320193.638395,4354961.174426,96.279965,-325.680662,-0.237198
1462762035.353031,-4446252.247821,-1349476.254103,4354939.578548,98.415280,-325.041775,-0.242712
1462762125.353031,-4437298.941640,-1378700.739746,4354917.486840,100.546356,-324.388887,-0.248216
1462762215.353031,-4428154.032819,-1407865.836579,4354894.900255,102.673101,-323.722028,-0.253709
1462762305.353031,-4418817.915243,-1436970.288416,4354871.819764,104.795424,-323.041225,-0.259192
1462762395.353031,-4409290.991033,-1466012.841685,4354848.246363,106.913233,-322.346509,-0.264663
1462762485.353031,-4399573.670529,-1494992.245477,4354824.181066,109.026438,-321.637909,-0.270122
1462762575.353031,-4389666.372270,-1523907.251605,4354799.624910,111.134946,-320.915455,-0.275570
1462762665.353031,-4379569.522979,-1552756.614654,4354774.578952,113.238668,-320.179179,-0.281007
1462762755.353031,-4369283.557543,-1581539.092037,4354749.044272,115.337512,-319.429112,-0.286431
1462762845.353031,-4358808.918995,-1610253.444050,4354723.021968,117.431388,-318.665287,-0.291842
1462762935.353031,-4348146.058493,-1638898.433920,4354696.513163,119.520207,-317.887737,-0.297242
1462763025.353031,-4337295.435303,-1667472.827863,4354669.518997,121.603878,-317.096494,-0.302628
1462763115.353031,-4326257.516779,-1695975.395137,4354642.040633,123.682311,-316.291594,-0.308001
1462763205.353031,-4315032.778340,-1724404.908091,4354614.079256,125.755416,-315.473071,-0.313361
1462763295.353031,-4303621.703453,-1752760.142222,4354585.636068,127.823106,-314.640960,-0.318708
1462763385.353031,-4292024.783612,-1781039.876227,4354556.712296,129.885290,-313.795296,-0.324041
1462763475.353031,-4280242.518313,-1809242.892053,4354527.309184,131.941879,-312.936117,-0.329360
1462763565.353031,-4268275.415036,-1837367.974954,4354497.428000,133.992785,-312.063460,-0.334664
1462763655.353031,-4256123.989224,-1865413.913537,4354467.070030,136.037921,-311.177361,-0.339955
1462763745.353031,-4243788.764257,-1893379.499822,4354436.236582,138.077196,-310.277859,-0.345230
1462763835.353031,-4231270.271433,-1921263.529288,4354404.928985,140.110525,-309.364994,-0.350491
1462763925.353031,-4218569.049941,-1949064.800925,4354373.148585,142.137819,-308.438803,-0.355737
1462764015.353031,-4205685.646844,-1976782.117291,4354340.896753,144.158991,-307.499328,-0.360967
1462764105.353031,-4192620.617049,-2004414.284557,4354308.174877,146.173953,-306.546608,-0.366182
1462764195.353031,-4179374.523288,-2031960.112563,4354274.984367,148.182620,-305.580684,-0.371381
1462764285.353031,-4165947.936090,-2059418.414869,4354241.326653,150.184904,-304.601599,-0.376564
1462764375.353031,-4152341.433759,-2086788.008802,4354207.203183,152.180720,-303.609394,-0.381731
1462764465.353031,-4138555.602349,-2114067.715511,4354172.615428,154.169981,-302.604112,-0.386881
1462764555.353031,-4124591.035636,-2141256.360018,4354137.564878,156.152601,-301.585797,-0.392015
1462764645.353031,-4110448.335096,-2168352.771266,4354102.053041,158.128496,-300.554492,-0.397132
1462764735.353031,-4096128.109876,-2195355.782170,4354066.081449,160.097580,-299.510241,-0.402231
1462764825.353031,-4081630.976772,-2222264.229668,4354029.651649,162.059768,-298.453090,-0.407314
1462764915.353031,-4066957.560196,-2249076.954773,4353992.765212,164.014976,-297.383084,-0.412379
1462765005.353031,-4052108.492157,-2275792.802619,4353955.423725,165.963120,-296.300270,-0.417426
1462765095.353031,-4037084.412225,-2302410.622512,4353917.628798,167.904116,-295.204693,-0.422455
1462765185.353031,-4021885.967512,-2328929.267983,4353879.382057,169.837879,-294.096402,-0.427466
1462765275.353031,-4006513.812638,-2355347.596832,4353840.685152,171.764328,-292.975443,-0.432458
1462765365.353031,-3990968.609706,-2381664.471181,4353801.539747,173.683378,-291.841865,-0.437432
1462765455.353031,-3975251.028271,-2407878.757521,4353761.947530,175.594947,-290.695718,-0.442387
1462765545.353031,-3959361.745314,-2433989.326763,4353721.910205,177.498953,-289.537049,-0.447323
1462765635.353031,-3943301.445210,-2459995.054283,4353681.429497,179.395315,-288.365910,-0.452240
1462765725.353031,-3927070.819703,-2485894.819976,4353640.507150,181.283949,-287.182350,-0.457137
1462765815.353031,-3910670.567870,-2511687.508298,4353599.144926,183.164775,-285.986421,-0.462015
1462765905.353031,-3894101.396095,-2537372.008318,4353557.344607,185.037712,-284.778174,-0.466872
1462765995.353031,-3877364.018039,-2562947.213765,4353515.107993,186.902679,-283.557662,-0.471710
1462766085.353031,-3860459.154605,-2588412.023075,4353472.436903,188.759596,-282.324936,-0.476527
1462766175.353031,-3843387.533913,-2613765.339440,4353429.333176,190.608383,-281.080049,-0.481324
1462766265.353031,-3826149.891263,-2639006.070852,4353385.798667,192.448960,-279.823057,-0.486100
1462766355.353031,-3808746.969109,-2664133.130156,4353341.835252,194.281247,-278.554012,-0.490855
1462766445.353031,-3791179.517019,-2689145.435089,4353297.444825,196.105167,-277.272969,-0.495589
1462766535.353031,-3773448.291652,-2714041.908333,4353252.629297,197.920640,-275.979983,-0.500301
1462766625.353031,-3755554.056720,-2738821.477558,4353207.390599,199.727589,-274.675111,-0.504992
1462766715.353031,-3737497.582954,-2763483.075469,4353161.730680,201.525935,-273.358408,-0.509661
1462766805.353031,-3719279.648074,-2788025.639855,4353115.651505,203.315601,-272.029931,-0.514309
1462766895.353031,-3700901.036756,-2812448.113628,4353069.155060,205.096510,-270.689737,-0.518934
1462766985.353031,-3682362.540595,-2836749.444874,4353022.243347,206.868585,-269.337884,-0.523537
1462767075.353031,-3663664.958071,-2860928.586899,4352974.918387,208.631750,-267.974431,-0.528117
1462767165.353031,-3644809.094520,-2884984.498268,4352927.182219,210.385928,-266.599435,-0.532674
1462767255.353031,-3625795.762093,-2908916.142857,4352879.036898,212.131045,-265.212957,-0.537209
1462767345.353031,-3606625.779722,-2932722.489892,4352830.484498,213.867026,-263.815055,-0.541720
1462767435.353031,-3587299.973089,-2956402.513998,4352781.527110,215.593794,-262.405790,-0.546208
1462767525.353031,-3567819.174586,-2979955.195239,4352732.166844,217.311277,-260.985224,-0.550673
1462767615.353031,-3548184.223281,-3003379.519164,4352682.405824,219.019400,-259.553416,-0.555114
1462767705.353031,-3528395.964882,-3026674.476852,4352632.246195,220.718089,-258.110429,-0.559531
1462767795.353031,-3508455.251701,-3049839.064954,4352581.690117,222.407272,-256.656324,-0.563924
1462767885.353031,-3488362.942613,-3072872.285734,4352530.739767,224.086875,-255.191165,-0.568292
1462767975.353031,-3468119.903027,-3095773.147115,4352479.397340,225.756826,-253.715015,-0.572636
1462768065.353031,-3447727.004841,-3118540.662724,4352427.665048,227.417054,-252.227937,-0.576956
1462768155.353031,-3427185.126409,-3141173.851926,4352375.545118,229.067487,-250.729994,-0.581250
1462768245.353031,-3406495.152501,-3163671.739877,4352323.039796,230.708053,-249.221253,-0.585520
1462768335.353031,-3385657.974267,-3186033.357556,4352270.151342,232.338682,-247.701777,-0.589764
1462768425.353031,-3364674.489196,-3208257.741816,4352216.882036,233.959304,-246.171632,-0.593983
1462768515.353031,-3343545.601079,-3230343.935416,4352163.234171,235.569850,-244.630884,-0.598176
1462768605.353031,-3322272.219971,-3252290.987071,4352109.210059,237.170248,-243.079600,-0.602344
1462768695.353031,-3300855.262148,-3274097.951486,4352054.812025,238.760432,-241.517846,-0.606485
1462768785.353031,-3279295.650071,-3295763.889404,4352000.042414,240.340331,-239.945689,-0.610601
1462768875.353031,-3257594.312348,-3317287.867637,4351944.903584,241.909879,-238.363197,-0.614690
1462768965.353031,-3235752.183689,-3338668.959116,4351889.397910,243.469008,-236.770439,-0.618752
1462769055.353031,-3213770.204866,-3359906.242922,4351833.527783,245.017650,-235.167483,-0.622788
1462769145.353031,-3191649.322679,-3380998.804334,4351777.295609,246.555738,-233.554397,-0.626798
1462769235.353031,-3169390.489908,-3401945.734863,4351720.703811,248.083207,-231.931252,-0.630780
1462769325.353031,-3146994.665275,-3422746.132292,4351663.754825,249.599991,-230.298118,-0.634735
1462769415.353031,-3124462.813403,-3443399.100715,4351606.451106,251.106024,-228.655064,-0.638663
1462769505.353031,-3101795.904774,-3463903.750577,4351548.795121,252.601241,-227.002162,-0.642563
1462769595.353031,-3078994.915686,-3484259.198711,4351490.789353,254.085579,-225.339482,-0.646435
1462769685.353031,-3056060.828214,-3504464.568377,4351432.436301,255.558973,-223.667097,-0.650280
1462769775.353031,-3032994.630165,-3524518.989298,4351373.738478,257.021359,-221.985077,-0.654097
1462769865.353031,-3009797.315034,-3544421.597699,4351314.698412,258.472675,-220.293497,-0.657885
1462769955.353031,-2986469.881967,-3564171.536345,4351255.318648,259.912858,-218.592428,-0.661645
1462770045.353031,-2963013.335711,-3583767.954574,4351195.601741,261.341847,-216.881944,-0.665377
1462770135.353031,-2939428.686578,-3603210.008339,4351135.550265,262.759579,-215.162119,-0.669080
1462770225.353031,-2915716.950393,-3622496.860240,4351075.166805,264.165993,-213.433026,-0.672754
1462770315.353031,-2891879.148459,-3641627.679563,4351014.453963,265.561030,-211.694741,-0.676399
1462770405.353031,-2867916.307505,-3660601.642314,4350953.414354,266.944628,-209.947337,-0.680015
1462770495.353031,-2843829.459650,-3679417.931255,4350892.050607,268.316729,-208.190891,-0.683602
1462770585.353031,-2819619.642350,-3698075.735939,4350830.365365,269.677273,-206.425478,-0.687159
1462770675.353031,-2795287.898360,-3716574.252746,4350768.361284,271.026201,-204.651173,-0.690687
1462770765.353031,-2770835.275687,-3734912.684916,4350706.041036,272.363456,-202.868054,-0.694185
1462770855.353031,-2746262.827541,-3753090.242585,4350643.407305,273.688980,-201.076197,-0.697653
1462770945.353031,-2721571.612297,-3771106.142817,4350580.462788,275.002716,-199.275679,-0.701091
1462771035.353031,-2696762.693442,-3788959.609639,4350517.210198,276.304606,-197.466578,-0.704499
1462771125.353031,-2671837.139537,-3806649.874075,4350453.652257,277.594596,-195.648972,-0.707877
1462771215.353031,-2646796.024163,-3824176.174178,4350389.791704,278.872630,-193.822940,-0.711224
1462771305.353031,-2621640.425880,-3841537.755064,4350325.631290,280.138652,-191.988559,-0.714540
1462771395.353031,-2596371.428178,-3858733.868941,4350261.173777,281.392608,-190.145908,-0.717826
1462771485.353031,-2570990.119432,-3875763.775147,4350196.421943,282.634444,-188.295068,-0.721080
1462771575.353031,-2545497.592854,-3892626.740177,4350131.378577,283.864106,-186.436118,-0.724304
1462771665.353031,-2519894.946447,-3909322.037718,4350066.046479,285.081542,-184.569137,-0.727496
1462771755.353031,-2494183.282957,-3925848.948677,4350000.428464,286.286700,-182.694207,-0.730657
1462771845.353031,-2468363.709824,-3942206.761215,4349934.527358,287.479526,-180.811408,-0.733787
1462771935.353031,-2442437.339138,-3958394.770775,4349868.346000,288.659970,-178.920821,-0.736885
1462772025.353031,-2416405.287587,-3974412.280114,4349801.887241,289.827981,-177.022528,-0.739951
1462772115.353031,-2390268.676412,-3990258.599335,4349735.153942,290.983509,-175.116610,-0.742986
1462772205.353031,-2364028.631358,-4005933.045911,4349668.148979,292.126503,-173.203149,-0.745988
1462772295.353031,-2337686.282624,-4021434.944720,4349600.875237,293.256916,-171.282228,-0.748958
1462772385.353031,-2311242.764816,-4036763.628071,4349533.335614,294.374697,-169.353930,-0.751896
1462772475.353031,-2284699.216896,-4051918.435734,4349465.533019,295.479799,-167.418338,-0.754802
1462772565.353031,-2258056.782137,-4066898.714968,4349397.470373,296.572175,-165.475535,-0.757675
1462772655.353031,-2231316.608069,-4081703.820549,4349329.150607,297.651776,-163.525604,-0.760515
1462772745.353031,-2204479.846433,-4096333.114799,4349260.576663,298.718557,-161.568630,-0.763323
1462772835.353031,-2177547.653131,-4110785.967610,4349191.751497,299.772472,-159.604697,-0.766098
1462772925.353031,-2150521.188172,-4125061.756478,4349122.678071,300.813475,-157.633890,-0.768840
1462773015.353031,-2123401.615630,-4139159.866520,4349053.359362,301.841522,-155.656293,-0.771549
1462773105.353031,-2096190.103585,-4153079.690511,4348983.798354,302.856568,-153.671992,-0.774224
1462773195.353031,-2068887.824080,-4166820.628900,4348913.998045,303.858570,-151.681072,-0.776866
1462773285.353031,-2041495.953067,-4180382.089846,4348843.961440,304.847483,-149.683619,-0.779475
1462773375.353031,-2014015.670354,-4193763.489235,4348773.691556,305.823267,-147.679718,-0.782050
1462773465.353031,-1986448.159562,-4206964.250710,4348703.191420,306.785878,-145.669457,-0.784591
1462773555.353031,-1958794.608065,-4219983.805692,4348632.464069,307.735276,-143.652922,-0.787099
1462773645.353031,-1931056.206944,-4232821.593411,4348561.512549,308.671419,-141.630199,-0.789573
1462773735.353031,-1903234.150936,-4245477.060922,4348490.339916,309.594267,-139.601376,-0.792012
1462773825.353031,-1875329.638379,-4257949.663136,4348418.949235,310.503780,-137.566540,-0.794418
1462773915.353031,-1847343.871163,-4270238.862837,4348347.343582,311.399919,-135.525779,-0.796789
1462774005.353031,-1819278.054680,-4282344.130711,4348275.526041,312.282646,-133.479181,-0.799126
1462774095.353031,-1791133.397767,-4294264.945366,4348203.499705,313.151923,-131.426833,-0.801429
1462774185.353031,-1762911.112659,-4306000.793353,4348131.267677,314.007711,-129.368825,-0.803697
1462774275.353031,-1734612.414932,-4317551.169192,4348058.833068,314.849975,-127.305245,-0.805931
1462774365.353031,-1706238.523455,-4328915.575390,4347986.198997,315.678677,-125.236181,-0.808129
1462774455.353031,-1677790.660337,-4340093.522464,4347913.368594,316.493783,-123.161724,-0.810293
1462774545.353031,-1649270.050869,-4351084.528963,4347840.344995,317.295257,-121.081961,-0.812422
1462774635.353031,-1620677.923480,-4361888.121488,4347767.131346,318.083064,-118.996983,-0.814517
1462774725.353031,-1592015.509677,-4372503.834711,4347693.730800,318.857172,-116.906880,-0.816576
1462774815.353031,-1563284.043993,-4382931.211396,4347620.146518,319.617545,-114.811742,-0.818599
1462774905.353031,-1534484.763937,-4393169.802422,4347546.381671,320.364152,-112.711659,-0.820588
1462774995.353031,-1505618.909940,-4403219.166794,4347472.439435,321.096961,-110.606720,-0.822541
1462775085.353031,-1476687.725298,-4413078.871674,4347398.322996,321.815939,-108.497018,-0.824459
1462775175.353031,-1447692.456122,-4422748.492386,4347324.035545,322.521056,-106.382643,-0.826341
1462775265.353031,-1418634.351283,-4432227.612446,4347249.580283,323.212282,-104.263686,-0.828188
1462775355.353031,-1389514.662358,-4441515.823574,4347174.960417,323.889587,-102.140237,-0.829999
1462775445.353031,-1360334.643579,-4450612.725712,4347100.179160,324.552941,-100.012390,-0.831774
1462775535.353031,-1331095.551773,-4459517.927043,4347025.239733,325.202316,-97.880235,-0.833514
1462775625.353031,-1301798.646313,-4468231.044005,4346950.145365,325.837684,-95.743864,-0.835217
1462775715.353031,-1272445.189062,-4476751.701312,4346874.899291,326.459018,-93.603369,-0.836885
1462775805.353031,-1243036.444320,-4485079.531964,4346799.504750,327.066291,-91.458842,-0.838516
1462775895.353031,-1213573.678765,-4493214.177271,4346723.964990,327.659476,-89.310376,-0.840112
1462775985.353031,-1184058.161406,-4501155.286860,4346648.283266,328.238549,-87.158064,-0.841671
1462776075.353031,-1154491.163522,-4508902.518696,4346572.462837,328.803484,-85.001997,-0.843194
1462776165.353031,-1124873.958608,-4516455.539092,4346496.506969,329.354257,-82.842269,-0.844680
1462776255.353031,-1095207.822323,-4523814.022730,4346420.418933,329.890844,-80.678974,-0.846131
1462776345.353031,-1065494.032434,-4530977.652667,4346344.202007,330.413222,-78.512203,-0.847544
1462776435.353031,-1035733.868760,-4537946.120356,4346267.859474,330.921368,-76.342050,-0.848922
1462776525.353031,-1005928.613117,-4544719.125653,4346191.394622,331.415262,-74.168610,-0.850263
1462776615.353031,-976079.549264,-4551296.376835,4346114.810744,331.894881,-71.991974,-0.851567
1462776705.353031,-946187.962845,-4557677.590609,4346038.111139,332.360204,-69.812238,-0.852834
1462776795.353031,-916255.141338,-4563862.492127,4345961.299112,332.811213,-67.629495,-0.854065
1462776885.353031,-886282.373997,-4569850.814995,4345884.377969,333.247886,-65.443840,-0.855259
1462776975.353031,-856270.951793,-4575642.301288,4345807.351026,333.670207,-63.255365,-0.856416
1462777065.353031,-826222.167366,-4581236.701556,4345730.221598,334.078155,-61.064166,-0.857536
1462777155.353031,-796137.314964,-4586633.774841,4345652.993010,334.471714,-58.870336,-0.858619
1462777245.353031,-766017.690387,-4591833.288683,4345575.668586,334.850867,-56.673972,-0.859665
1462777335.353031,-735864.590934,-4596835.019129,4345498.251658,335.215598,-54.475166,-0.860675
1462777425.353031,-705679.315346,-4601638.750749,4345420.745560,335.565890,-52.274013,-0.861647
1462777515.353031,-675463.163750,-4606244.276638,4345343.153631,335.901729,-50.070610,-0.862582
1462777605.353031,-645217.437602,-4610651.398428,4345265.479212,336.223100,-47.865049,-0.863480
1462777695.353031,-614943.439632,-4614859.926299,4345187.725650,336.529989,-45.657427,-0.864341
1462777785.353031,-584642.473788,-4618869.678982,4345109.896293,336.822384,-43.447839,-0.865164
1462777875.353031,-554315.845180,-4622680.483772,4345031.994494,337.100271,-41.236379,-0.865950
1462777965.353031,-523964.860022,-4626292.176531,4344954.023609,337.363638,-39.023143,-0.866699
1462778055.353031,-493590.825578,-4629704.601698,4344875.986995,337.612475,-36.808226,-0.867411
1462778145.353031,-463195.050106,-4632917.612295,4344797.888014,337.846771,-34.591724,-0.868085
1462778235.353031,-432778.842798,-4635931.069932,4344719.730030,338.066515,-32.373731,-0.868722
1462778325.353031,-402343.513726,-4638744.844816,4344641.516409,338.271697,-30.154345,-0.869321
1462778415.353031,-371890.373789,-4641358.815752,4344563.250521,338.462310,-27.933660,-0.869883
1462778505.353031,-341420.734650,-4643772.870152,4344484.935736,338.638345,-25.711771,-0.870408
1462778595.353031,-310935.908683,-4645986.904041,4344406.575427,338.799794,-23.488775,-0.870895
1462778685.353031,-280437.208918,-4648000.822056,4344328.172971,338.946650,-21.264768,-0.871344
1462778775.353031,-249925.948979,-4649814.537454,4344249.731743,339.078908,-19.039844,-0.871756
1462778865.353031,-219403.443034,-4651427.972116,4344171.255124,339.196561,-16.814101,-0.872130
1462778955.353031,-188871.005736,-4652841.056550,4344092.746492,339.299604,-14.587633,-0.872467
1462779045.353031,-158329.952163,-4654053.729890,4344014.209229,339.388033,-12.360537,-0.872767
1462779135.353031,-127781.597766,-4655065.939907,4343935.646719,339.461844,-10.132908,-0.873028
1462779225.353031,-97227.258310,-4655877.643002,4343857.062345,339.521034,-7.904843,-0.873252
1462779315.353031,-66668.249816,-4656488.804213,4343778.459492,339.565600,-5.676438,-0.873439
1462779405.353031,-36105.888510,-4656899.397218,4343699.841546,339.595540,-3.447788,-0.873588
1462779495.353031,-5541.490759,-4657109.404332,4343621.211893,339.610854,-1.218989,-0.873699
1462779585.353031,25023.626980,-4657118.816509,4343542.573920,339.611540,1.009861,-0.873772
1462779675.353031,55588.148221,-4656927.633344,4343463.931014,339.597598,3.238669,-0.873808
1462779765.353031,86150.756503,-4656535.863072,4343385.286562,339.569030,5.467337,-0.873807
1462779855.353031,116710.135447,-4655943.522566,4343306.643953,339.525836,7.695769,-0.873767
1462779945.353031,147264.968813,-4655150.637341,4343228.006572,339.468017,9.923870,-0.873690
1462780035.353031,177813.940556,-4654157.241546,4343149.377808,339.395578,12.151544,-0.873576
1462780125.353031,208355.734887,-4652963.377969,4343070.761047,339.308520,14.378694,-0.873423
1462780215.353031,238889.036321,-4651569.098032,4342992.159676,339.206847,16.605225,-0.873234
1462780305.353031,269412.529743,-4649974.461788,4342913.577080,339.090565,18.831040,-0.873006
1462780395.353031,299924.900459,-4648179.537920,4342835.016644,338.959677,21.056045,-0.872741
1462780485.353031,330424.834253,-4646184.403740,4342756.481751,338.814190,23.280142,-0.872438
1462780575.353031,360911.017446,-4643989.145181,4342677.975785,338.654109,25.503237,-0.872098
1462780665.353031,391382.136951,-4641593.856796,4342599.502127,338.479442,27.725234,-0.871720
1462780755.353031,421836.880330,-4638998.641753,4342521.064158,338.290197,29.946036,-0.871305
1462780845.353031,452273.935850,-4636203.611833,4342442.665254,338.086380,32.165549,-0.870852
1462780935.353031,482691.992540,-4633208.887422,4342364.308795,337.868002,34.383676,-0.870362
1462781025.353031,513089.740247,-4630014.597508,4342285.998154,337.635071,36.600322,-0.869834
1462781115.353031,543465.869692,-4626620.879674,4342207.736704,337.387598,38.815391,-0.869269
1462781205.353031,573819.072530,-4623027.880091,4342129.527817,337.125593,41.028789,-0.868666
1462781295.353031,604148.041400,-4619235.753518,4342051.374862,336.849067,43.240420,-0.868026
1462781385.353031,634451.469987,-4615244.663285,4341973.281204,336.558033,45.450188,-0.867348
1462781475.353031,664728.053076,-4611054.781297,4341895.250208,336.252503,47.657998,-0.866633
1462781565.353031,694976.486607,-4606666.288017,4341817.285234,335.932489,49.863756,-0.865881
1462781655.353031,725195.467732,-4602079.372465,4341739.389641,335.598007,52.067367,-0.865091
1462781745.353031,755383.694876,-4597294.232206,4341661.566784,335.249070,54.268734,-0.864264
1462781835.353031,785539.867782,-4592311.073344,4341583.820015,334.885693,56.467764,-0.863400
1462781925.353031,815662.687578,-4587130.110512,4341506.152682,334.507892,58.664362,-0.862499
1462782015.353031,845750.856829,-4581751.566861,4341428.568131,334.115684,60.858433,-0.861561
1462782105.353031,875803.079589,-4576175.674054,4341351.069705,333.709084,63.049883,-0.860585
1462782195.353031,905818.061463,-4570402.672253,4341273.660740,333.288112,65.238618,-0.859572
1462782285.353031,935794.509660,-4564432.810110,4341196.344572,332.852784,67.424542,-0.858523
1462782375.353031,965731.133047,-4558266.344757,4341119.124531,332.403119,69.607562,-0.857436
1462782465.353031,995626.642207,-4551903.541793,4341042.003942,331.939137,71.787584,-0.856313
1462782555.353031,1025479.749495,-4545344.675273,4340964.986127,331.460858,73.964514,-0.855152
1462782645.353031,1055289.169092,-4538590.027699,4340888.074405,330.968303,76.138259,-0.853955
1462782735.353031,1085053.617058,-4531639.890004,4340811.272087,330.461493,78.308724,-0.852721
1462782825.353031,1114771.811395,-4524494.561540,4340734.582483,329.940448,80.475816,-0.851450
1462782915.353031,1144442.472092,-4517154.350068,4340658.008894,329.405193,82.639442,-0.850143
1462783005.353031,1174064.321189,-4509619.571743,4340581.554620,328.855750,84.799508,-0.848799
1462783095.353031,1203636.082826,-4501890.551099,4340505.222953,328.292143,86.955922,-0.847418
1462783185.353031,1233156.483303,-4493967.621037,4340429.017182,327.714395,89.108591,-0.846001
1462783275.353031,1262624.251130,-4485851.122811,4340352.940589,327.122532,91.257422,-0.844547
1462783365.353031,1292038.117084,-4477541.406009,4340276.996451,326.516580,93.402322,-0.843058
1462783455.353031,1321396.814265,-4469038.828545,4340201.188038,325.896564,95.543199,-0.841531
1462783545.353031,1350699.078149,-4460343.756638,4340125.518617,325.262511,97.679961,-0.839969
1462783635.353031,1379943.646641,-4451456.564799,4340049.991446,324.614449,99.812516,-0.838370
1462783725.353031,1409129.260132,-4442377.635811,4339974.609779,323.952405,101.940771,-0.836735
1462783815.353031,1438254.661553,-4433107.360720,4339899.376863,323.276407,104.064636,-0.835065
1462783905.353031,1467318.596428,-4423646.138809,4339824.295938,322.586486,106.184019,-0.833358
1462783995.353031,1496319.812929,-4413994.377590,4339749.370239,321.882671,108.298828,-0.831615
1462784085.353031,1525257.061927,-4404152.492777,4339674.602992,321.164991,110.408972,-0.829837
1462784175.353031,1554129.097052,-4394120.908277,4339599.997418,320.433479,112.514361,-0.828022
1462784265.353031,1582934.674739,-4383900.056165,4339525.556730,319.688165,114.614904,-0.826172
1462784355.353031,1611672.554288,-4373490.376669,4339451.284136,318.929081,116.710510,-0.824287
1462784445.353031,1640341.497914,-4362892.318150,4339377.182833,318.156261,118.801090,-0.822366
1462784535.353031,1668940.270800,-4352106.337084,4339303.256015,317.369737,120.886552,-0.820409
1462784625.353031,1697467.641155,-4341132.898039,4339229.506865,316.569543,122.966808,-0.818418
1462784715.353031,1725922.380259,-4329972.473657,4339155.938559,315.755715,125.041767,-0.816391
1462784805.353031,1754303.262524,-4318625.544637,4339082.554267,314.928286,127.111340,-0.814328
1462784895.353031,1782609.065540,-4307092.599708,4339009.357150,314.087293,129.175439,-0.812231
1462784985.353031,1810838.570133,-4295374.135612,4338936.350361,313.232772,131.233974,-0.810099
1462785075.353031,1838990.560414,-4283470.657081,4338863.537043,312.364759,133.286856,-0.807932
1462785165.353031,1867063.823833,-4271382.676816,4338790.920334,311.483292,135.333998,-0.805730
1462785255.353031,1895057.151233,-4259110.715466,4338718.503361,310.588409,137.375310,-0.803493
1462785345.353031,1922969.336896,-4246655.301603,4338646.289244,309.680149,139.410706,-0.801222
1462785435.353031,1950799.178602,-4234016.971701,4338574.281093,308.758550,141.440096,-0.798916
1462785525.353031,1978545.477676,-4221196.270113,4338502.482009,307.823653,143.463395,-0.796576
1462785615.353031,2006207.039043,-4208193.749045,4338430.895086,306.875497,145.480515,-0.794202
1462785705.353031,2033782.671275,-4195009.968538,4338359.523407,305.914123,147.491368,-0.791793
1462785795.353031,2061271.186649,-4181645.496436,4338288.370045,304.939573,149.495869,-0.789350
1462785885.353031,2088671.401190,-4168100.908369,4338217.438067,303.951889,151.493931,-0.786873
1462785975.353031,2115982.134730,-4154376.787723,4338146.730527,302.951114,153.485468,-0.784363
1462786065.353031,2143202.210953,-4140473.725616,4338076.250470,301.937290,155.470394,-0.781818
1462786155.353031,2170330.457447,-4126392.320877,4338006.000933,300.910460,157.448623,-0.779240
1462786245.353031,2197365.705758,-4112133.180011,4337935.984942,299.870671,159.420071,-0.776628
1462786335.353031,2224306.791436,-4097696.917183,4337866.205512,298.817965,161.384653,-0.773983
1462786425.353031,2251152.554085,-4083084.154186,4337796.665649,297.752389,163.342283,-0.771304
1462786515.353031,2277901.837419,-4068295.520412,4337727.368349,296.673988,165.292878,-0.768593
1462786605.353031,2304553.489303,-4053331.652833,4337658.316595,295.582809,167.236354,-0.765848
1462786695.353031,2331106.361810,-4038193.195965,4337589.513364,294.478898,169.172626,-0.763070
1462786785.353031,2357559.311266,-4022880.801844,4337520.961617,293.362304,171.101612,-0.760259
1462786875.353031,2383911.198302,-4007395.129999,4337452.664308,292.233075,173.023229,-0.757416
1462786965.353031,2410160.887901,-3991736.847423,4337384.624379,291.091258,174.937393,-0.754540
1462787055.353031,2436307.249449,-3975906.628542,4337316.844761,289.936904,176.844022,-0.751631
1462787145.353031,2462349.156782,-3959905.155187,4337249.328372,288.770062,178.743034,-0.748690
1462787235.353031,2488285.488234,-3943733.116568,4337182.078122,287.590782,180.634348,-0.745717
1462787325.353031,2514115.126687,-3927391.209238,4337115.096906,286.399115,182.517881,-0.742712
1462787415.353031,2539836.959618,-3910880.137070,4337048.387611,285.195112,184.393553,-0.739674
1462787505.353031,2565449.879149,-3894200.611221,4336981.953108,283.978826,186.261283,-0.736605
1462787595.353031,2590952.782092,-3877353.350103,4336915.796261,282.750308,188.120990,-0.733504
1462787685.353031,2616344.569997,-3860339.079355,4336849.919919,281.509611,189.972594,-0.730372
1462787775.353031,2641624.149200,-3843158.531808,4336784.326918,280.256790,191.816017,-0.727208
1462787865.353031,2666790.430871,-3825812.447454,4336719.020085,278.991898,193.651177,-0.724013
1462787955.353031,2691842.331059,-3808301.573416,4336654.002233,277.714988,195.477996,-0.720786
1462788045.353031,2716778.770740,-3790626.663915,4336589.276161,276.426118,197.296396,-0.717529
1462788135.353031,2741598.675863,-3772788.480237,4336524.844659,275.125341,199.106299,-0.714240
1462788225.353031,2766300.977396,-3754787.790699,4336460.710501,273.812714,200.907625,-0.710921
1462788315.353031,2790884.611373,-3736625.370620,4336396.876450,272.488293,202.700298,-0.707571
1462788405.353031,2815348.518938,-3718302.002283,4336333.345255,271.152136,204.484240,-0.704191
1462788495.353031,2839691.646395,-3699818.474904,4336270.119653,269.804301,206.259375,-0.700780
1462788585.353031,2863912.945245,-3681175.584597,4336207.202368,268.444844,208.025626,-0.697340
1462788675.353031,2888011.372241,-3662374.134341,4336144.596109,267.073825,209.782917,-0.693869
1462788765.353031,2911985.889425,-3643414.933943,4336082.303573,265.691302,211.531172,-0.690368
1462788855.353031,2935835.464179,-3624298.800004,4336020.327443,264.297336,213.270316,-0.686838
1462788945.353031,2959559.069264,-3605026.555888,4335958.670390,262.891986,215.000275,-0.683278
1462789035.353031,2983155.682868,-3585599.031679,4335897.335067,261.475313,216.720973,-0.679688
1462789125.353031,3006624.288648,-3566017.064150,4335836.324119,260.047378,218.432336,-0.676069
1462789215.353031,3029963.875775,-3546281.496729,4335775.640172,258.608242,220.134291,-0.672421
1462789305.353031,3053173.438977,-3526393.179455,4335715.285840,257.157968,221.826765,-0.668745
1462789395.353031,3076251.978581,-3506352.968950,4335655.263724,255.696617,223.509684,-0.665039
1462789485.353031,3099198.500561,-3486161.728377,4335595.576408,254.224253,225.182977,-0.661305
1462789575.353031,3122012.016573,-3465820.327404,4335536.226463,252.740940,226.846570,-0.657542
1462789665.353031,3144691.544004,-3445329.642166,4335477.216447,251.246740,228.500393,-0.653751
1462789755.353031,3167236.106011,-3424690.555229,4335418.548900,249.741719,230.144374,-0.649932
1462789845.353031,3189644.731567,-3403903.955551,4335360.226350,248.225941,231.778442,-0.646084
1462789935.353031,3211916.455495,-3382970.738443,4335302.251309,246.699471,233.402527,-0.642209
1462790025.353031,3234050.318519,-3361891.805530,4335244.626274,245.162376,235.016560,-0.638306
1462790115.353031,3256045.367299,-3340668.064716,4335187.353728,243.614721,236.620469,-0.634376
1462790205.353031,3277900.654475,-3319300.430139,4335130.436137,242.056574,238.214187,-0.630419
1462790295.353031,3299615.238704,-3297789.822137,4335073.875952,240.488000,239.797645,-0.626434
1462790385.353031,3321188.184707,-3276137.167206,4335017.675611,238.909069,241.370775,-0.622422
1462790475.353031,3342618.563303,-3254343.397958,4334961.837534,237.319847,242.933508,-0.618384
1462790565.353031,3363905.451453,-3232409.453084,4334906.364126,235.720404,244.485777,-0.614319
1462790655.353031,3385047.932297,-3210336.277315,4334851.257777,234.110807,246.027517,-0.610227
1462790745.353031,3406045.095197,-3188124.821376,4334796.520860,232.491128,247.558659,-0.606109
1462790835.353031,3426896.035771,-3165776.041948,4334742.155733,230.861434,249.079139,-0.601965
1462790925.353031,3447599.855938,-3143290.901629,4334688.164738,229.221797,250.588890,-0.597795
1462791015.353031,3468155.663952,-3120670.368888,4334634.550200,227.572287,252.087848,-0.593599
1462791105.353031,3488562.574442,-3097915.418027,4334581.314429,225.912975,253.575949,-0.589378
1462791195.353031,3508819.708452,-3075027.029137,4334528.459718,224.243933,255.053127,-0.585132
1462791285.353031,3528926.193475,-3052006.188056,4334475.988343,222.565232,256.519320,-0.580860
1462791375.353031,3548881.163494,-3028853.886327,4334423.902565,220.876944,257.974465,-0.576563
1462791465.353031,3568683.759017,-3005571.121157,4334372.204627,219.179144,259.418498,-0.572241
1462791555.353031,3588333.127116,-2982158.895369,4334320.896757,217.471903,260.851357,-0.567895
1462791645.353031,3607828.421462,-2958618.217365,4334269.981163,215.755295,262.272981,-0.563524
1462791735.353031,3627168.802363,-2934950.101078,4334219.460040,214.029394,263.683309,-0.559129
1462791825.353031,3646353.436799,-2911155.565931,4334169.335563,212.294275,265.082279,-0.554710
1462791915.353031,3665381.498458,-2887235.636792,4334119.609892,210.550011,266.469832,-0.550267
1462792005.353031,3684252.167771,-2863191.343928,4334070.285168,208.796680,267.845907,-0.545800
1462792095.353031,3702964.631950,-2839023.722965,4334021.363516,207.034354,269.210446,-0.541310
1462792185.353031,3721518.085021,-2814733.814839,4333972.847044,205.263112,270.563390,-0.536796
1462792275.353031,3739911.727856,-2790322.665755,4333924.737840,203.483029,271.904680,-0.532259
1462792365.353031,3758144.768213,-2765791.327139,4333877.037978,201.694181,273.234259,-0.527700
1462792455.353031,3776216.420768,-2741140.855594,4333829.749512,199.896646,274.552069,-0.523117
1462792545.353031,3794125.907146,-2716372.312853,4333782.874479,198.090501,275.858054,-0.518513
1462792635.353031,3811872.455958,-2691486.765736,4333736.414898,196.275824,277.152157,-0.513885
1462792725.353031,3829455.302833,-2666485.286103,4333690.372771,194.452693,278.434323,-0.509236
1462792815.353031,3846873.690449,-2641368.950805,4333644.750080,192.621187,279.704496,-0.504565
1462792905.353031,3864126.868571,-2616138.841643,4333599.548790,190.781384,280.962622,-0.499872
1462792995.353031,3881214.094077,-2590796.045316,4333554.770850,188.933364,282.208647,-0.495157
1462793085.353031,3898134.630994,-2565341.653378,4333510.418187,187.077206,283.442516,-0.490421
1462793175.353031,3914887.750529,-2539776.762188,4333466.492712,185.212991,284.664177,-0.485664
1462793265.353031,3931472.731097,-2514102.472867,4333422.996317,183.340798,285.873577,-0.480886
1462793355.353031,3947888.858360,-2488319.891246,4333379.930875,181.460709,287.070664,-0.476088
1462793445.353031,3964135.425248,-2462430.127821,4333337.298243,179.572803,288.255386,-0.471268
1462793535.353031,3980211.731997,-2436434.297703,4333295.100255,177.677164,289.427693,-0.466429
1462793625.353031,3996117.086176,-2410333.520575,4333253.338730,175.773871,290.587533,-0.461569
1462793715.353031,4011850.802716,-2384128.920636,4333212.015467,173.863008,291.734858,-0.456690
1462793805.353031,4027412.203942,-2357821.626559,4333171.132245,171.944656,292.869617,-0.451791
1462793895.353031,4042800.619600,-2331412.771441,4333130.690826,170.018898,293.991762,-0.446872
1462793985.353031,4058015.386887,-2304903.492751,4333090.692951,168.085817,295.101244,-0.441934
1462794075.353031,4073055.850480,-2278294.932286,4333051.140344,166.145496,296.198016,-0.436978
1462794165.353031,4087921.362563,-2251588.236117,4333012.034708,164.198019,297.282030,-0.432002
1462794255.353031,4102611.282855,-2224784.554544,4332973.377728,162.243470,298.353239,-0.427008
1462794345.353031,4117124.978639,-2197885.042041,4332935.171068,160.281933,299.411598,-0.421995
1462794435.353031,4131461.824787,-2170890.857214,4332897.416376,158.313492,300.457061,-0.416964
1462794525.353031,4145621.203789,-2143803.162744,4332860.115276,156.338233,301.489583,-0.411915
1462794615.353031,4159602.505779,-2116623.125339,4332823.269375,154.356240,302.509119,-0.406849
1462794705.353031,4173405.128561,-2089351.915686,4332786.880262,152.367598,303.515626,-0.401765
1462794795.353031,4187028.477633,-2061990.708398,4332750.949502,150.372394,304.509059,-0.396663
1462794885.353031,4200471.966218,-2034540.681965,4332715.478645,148.370713,305.489378,-0.391545
1462794975.353031,4213735.015284,-2007003.018702,4332680.469217,146.362641,306.456538,-0.386409
1462795065.353031,4226817.053571,-1979378.904698,4332645.922727,144.348265,307.410498,-0.381257
1462795155.353031,4239717.517614,-1951669.529769,4332611.840663,142.327672,308.351218,-0.376089
1462795245.353031,4252435.851771,-1923876.087398,4332578.224494,140.300949,309.278657,-0.370904
1462795335.353031,4264971.508244,-1895999.774693,4332545.075666,138.268183,310.192775,-0.365704
1462795425.353031,4277323.947103,-1868041.792330,4332512.395608,136.229461,311.093532,-0.360487
1462795515.353031,4289492.636308,-1840003.344502,4332480.185728,134.184872,311.980890,-0.355256
1462795605.353031,4301477.051737,-1811885.638869,4332448.447413,132.134503,312.854810,-0.350008
1462795695.353031,4313276.677201,-1783689.886504,4332417.182030,130.078443,313.715255,-0.344746
1462795785.353031,4324891.004472,-1755417.301842,4332386.390926,128.016780,314.562188,-0.339469
1462795875.353031,4336319.533303,-1727069.102627,4332356.075427,125.949603,315.395573,-0.334177
1462795965.353031,4347561.771450,-1698646.509859,4332326.236840,123.877002,316.215372,-0.328871
1462796055.353031,4358617.234693,-1670150.747745,4332296.876449,121.799064,317.021552,-0.323551
1462796145.353031,4369485.446855,-1641583.043640,4332267.995520,119.715881,317.814078,-0.318217
1462796235.353031,4380165.939825,-1612944.628000,4332239.595295,117.627542,318.592914,-0.312869
1462796325.353031,4390658.253579,-1584236.734326,4332211.677000,115.534136,319.358028,-0.307507
1462796415.353031,4400961.936196,-1555460.599112,4332184.241835,113.435754,320.109387,-0.302133
