t_gps,r_x,r_y,r_z,v_x,v_y,v_z
1459677225.985957,-5899980.385573,-858672.554622,2260621.929059,62.620932,-430.654557,-0.145527
1459677315.985957,-5894217.356668,-897412.692796,2260608.507353,65.445898,-430.234309,-0.152784
1459677405.985957,-5888200.206745,-936114.174644,2260594.432814,68.268045,-429.795531,-0.160034
1459677495.985957,-5881929.194973,-974775.333234,2260579.706047,71.087252,-429.338240,-0.167278
1459677585.985957,-5875404.591454,-1013394.503368,2260564.327687,73.903397,-428.862457,-0.174514
1459677675.985957,-5868626.677213,-1051970.021659,2260548.298396,76.716359,-428.368203,-0.181742
1459677765.985957,-5861595.744185,-1090500.226601,2260531.618865,79.526016,-427.855498,-0.188963
1459677855.985957,-5854312.095203,-1128983.458637,2260514.289810,82.332249,-427.324364,-0.196176
1459677945.985957,-5846776.043985,-1167418.060235,2260496.311979,85.134935,-426.774825,-0.203380
1459678035.985957,-5838987.915121,-1205802.375958,2260477.686146,87.933954,-426.206904,-0.210576
1459678125.985957,-5830948.044056,-1244134.752533,2260458.413112,90.729186,-425.620626,-0.217762
1459678215.985957,-5822656.777082,-1282413.538925,2260438.493708,93.520510,-425.016016,-0.224940
1459678305.985957,-5814114.471315,-1320637.086408,2260417.928791,96.307806,-424.393099,-0.232107
1459678395.985957,-5805321.494686,-1358803.748634,2260396.719248,99.090953,-423.751903,-0.239264
1459678485.985957,-5796278.225922,-1396911.881706,2260374.865990,101.869833,-423.092456,-0.246412
1459678575.985957,-5786985.054531,-1434959.844249,2260352.369961,104.644325,-422.414785,-0.253548
1459678665.985957,-5777442.380783,-1472945.997476,2260329.232127,107.414310,-421.718921,-0.260674
1459678755.985957,-5767650.615696,-1510868.705266,2260305.453486,110.179668,-421.004892,-0.267788
1459678845.985957,-5757610.181018,-1548726.334229,2260281.035061,112.940281,-420.272730,-0.274891
1459678935.985957,-5747321.509205,-1586517.253778,2260255.977905,115.696029,-419.522466,-0.281982
1459679025.985957,-5736785.043405,-1624239.836199,2260230.283095,118.446795,-418.754132,-0.289061
1459679115.985957,-5726001.237441,-1661892.456724,2260203.951740,121.192458,-417.967762,-0.296127
1459679205.985957,-5714970.555789,-1699473.493594,2260176.984972,123.932901,-417.163390,-0.303181
1459679295.985957,-5703693.473555,-1736981.328136,2260149.383953,126.668007,-416.341050,-0.310221
1459679385.985957,-5692170.476463,-1774414.344831,2260121.149871,129.397656,-415.500777,-0.317249
1459679475.985957,-5680402.060825,-1811770.931379,2260092.283943,132.121733,-414.642608,-0.324262
1459679565.985957,-5668388.733525,-1849049.478775,2260062.787412,134.840118,-413.766580,-0.331262
1459679655.985957,-5656131.011995,-1886248.381374,2260032.661548,137.552696,-412.872730,-0.338247
1459679745.985957,-5643629.424195,-1923366.036962,2260001.907648,140.259349,-411.961097,-0.345218
1459679835.985957,-5630884.508588,-1960400.846824,2259970.527036,142.959961,-411.031721,-0.352174
1459679925.985957,-5617896.814116,-1997351.215812,2259938.521065,145.654416,-410.084640,-0.359115
1459680015.985957,-5604666.900179,-2034215.552418,2259905.891113,148.342597,-409.119897,-0.366040
1459680105.985957,-5591195.336612,-2070992.268838,2259872.638584,151.024388,-408.137532,-0.372950
1459680195.985957,-5577482.703653,-2107679.781040,2259838.764911,153.699675,-407.137588,-0.379843
1459680285.985957,-5563529.591929,-2144276.508838,2259804.271553,156.368342,-406.120108,-0.386720
1459680375.985957,-5549336.602421,-2180780.875954,2259769.159995,159.030273,-405.085136,-0.393581
1459680465.985957,-5534904.346442,-2217191.310087,2259733.431749,161.685355,-404.032716,-0.400424
1459680555.985957,-5520233.445613,-2253506.242984,2259697.088354,164.333473,-402.962894,-0.407250
1459680645.985957,-5505324.531833,-2289724.110505,2259660.131376,166.974513,-401.875715,-0.414059
1459680735.985957,-5490178.247250,-2325843.352690,2259622.562405,169.608361,-400.771227,-0.420850
1459680825.985957,-5474795.244239,-2361862.413827,2259584.383060,172.234904,-399.649478,-0.427623
1459680915.985957,-5459176.185369,-2397779.742519,2259545.594985,174.854028,-398.510515,-0.434377
1459681005.985957,-5443321.743378,-2433593.791752,2259506.199851,177.465621,-397.354387,-0.441113
1459681095.985957,-5427232.601142,-2469303.018959,2259466.199354,180.069570,-396.181145,-0.447829
1459681185.985957,-5410909.451643,-2504905.886087,2259425.595216,182.665764,-394.990838,-0.454527
1459681275.985957,-5394352.997946,-2540400.859668,2259384.389188,185.254089,-393.783519,-0.461204
1459681365.985957,-5377563.953162,-2575786.410876,2259342.583043,187.834436,-392.559239,-0.467862
1459681455.985957,-5360543.040422,-2611061.015602,2259300.178581,190.406692,-391.318050,-0.474500
1459681545.985957,-5343290.992843,-2646223.154513,2259257.177630,192.970747,-390.060007,-0.481117
1459681635.985957,-5325808.553497,-2681271.313123,2259213.582040,195.526491,-388.785164,-0.487714
1459681725.985957,-5308096.475380,-2716203.981851,2259169.393690,198.073813,-387.493575,-0.494290
1459681815.985957,-5290155.521378,-2751019.656095,2259124.614483,200.612603,-386.185296,-0.500844
1459681905.985957,-5271986.464237,-2785716.836289,2259079.246347,203.142753,-384.860383,-0.507377
1459681995.985957,-5253590.086525,-2820294.027971,2259033.291236,205.664153,-383.518894,-0.513887
1459682085.985957,-5234967.180602,-2854749.741850,2258986.751130,208.176695,-382.160886,-0.520376
1459682175.985957,-5216118.548587,-2889082.493863,2258939.628032,210.680271,-380.786418,-0.526843
1459682265.985957,-5197045.002320,-2923290.805245,2258891.923972,213.174772,-379.395549,-0.533286
1459682355.985957,-5177747.363326,-2957373.202593,2258843.641005,215.660091,-377.988338,-0.539707
1459682445.985957,-5158226.462786,-2991328.217924,2258794.781210,218.136122,-376.564847,-0.546104
1459682535.985957,-5138483.141495,-3025154.388742,2258745.346692,220.602757,-375.125137,-0.552478
1459682625.985957,-5118518.249827,-3058850.258104,2258695.339579,223.059890,-373.669270,-0.558828
1459682715.985957,-5098332.647703,-3092414.374674,2258644.762026,225.507416,-372.197308,-0.565154
1459682805.985957,-5077927.204547,-3125845.292796,2258593.616210,227.945229,-370.709315,-0.571456
1459682895.985957,-5057302.799253,-3159141.572546,2258541.904334,230.373224,-369.205355,-0.577733
1459682985.985957,-5036460.320146,-3192301.779804,2258489.628626,232.791296,-367.685492,-0.583986
1459683075.985957,-5015400.664944,-3225324.486307,2258436.791337,235.199342,-366.149793,-0.590213
1459683165.985957,-4994124.740719,-3258208.269716,2258383.394743,237.597257,-364.598324,-0.596414
1459683255.985957,-4972633.463857,-3290951.713676,2258329.441143,239.984939,-363.031150,-0.602590
1459683345.985957,-4950927.760023,-3323553.407876,2258274.932861,242.362284,-361.448340,-0.608740
1459683435.985957,-4929008.564113,-3356011.948110,2258219.872245,244.729190,-359.849962,-0.614864
1459683525.985957,-4906876.820221,-3388325.936339,2258164.261665,247.085556,-358.236085,-0.620961
1459683615.985957,-4884533.481596,-3420493.980750,2258108.103518,249.431279,-356.606778,-0.627032
1459683705.985957,-4861979.510600,-3452514.695814,2258051.400222,251.766258,-354.962111,-0.633076
1459683795.985957,-4839215.878668,-3484386.702350,2257994.154219,254.090394,-353.302156,-0.639092
1459683885.985957,-4816243.566264,-3516108.627582,2257936.367974,256.403585,-351.626983,-0.645081
1459683975.985957,-4793063.562841,-3547679.105196,2257878.043976,258.705733,-349.936665,-0.651042
1459684065.985957,-4769676.866798,-3579096.775405,2257819.184738,260.996738,-348.231275,-0.656975
1459684155.985957,-4746084.485437,-3610360.284998,2257759.792794,263.276502,-346.510886,-0.662879
1459684245.985957,-4722287.434917,-3641468.287410,2257699.870702,265.544925,-344.775572,-0.668755
1459684335.985957,-4698286.740214,-3672419.442769,2257639.421043,267.801912,-343.025409,-0.674603
1459684425.985957,-4674083.435076,-3703212.417963,2257578.446421,270.047363,-341.260470,-0.680421
1459684515.985957,-4649678.561976,-3733845.886689,2257516.949462,272.281184,-339.480833,-0.686210
1459684605.985957,-4625073.172070,-3764318.529517,2257454.932814,274.503276,-337.686574,-0.691969
1459684695.985957,-4600268.325150,-3794629.033943,2257392.399148,276.713546,-335.877771,-0.697699
1459684785.985957,-4575265.089599,-3824776.094446,2257329.351158,278.911897,-334.054500,-0.703398
1459684875.985957,-4550064.542346,-3854758.412547,2257265.791559,281.098235,-332.216841,-0.709068
1459684965.985957,-4524667.768817,-3884574.696859,2257201.723088,283.272465,-330.364874,-0.714706
1459685055.985957,-4499075.862889,-3914223.663149,2257137.148505,285.434495,-328.498676,-0.720314
1459685145.985957,-4473289.926847,-3943704.034391,2257072.070592,287.584230,-326.618330,-0.725891
1459685235.985957,-4447311.071331,-3973014.540819,2257006.492150,289.721579,-324.723916,-0.731437
1459685325.985957,-4421140.415289,-4002153.919985,2256940.416005,291.846449,-322.815516,-0.736951
1459685415.985957,-4394779.085933,-4031120.916810,2256873.845003,293.958748,-320.893211,-0.742433
1459685505.985957,-4368228.218686,-4059914.283640,2256806.782009,296.058387,-318.957086,-0.747884
1459685595.985957,-4341488.957135,-4088532.780301,2256739.229914,298.145273,-317.007222,-0.753302
1459685685.985957,-4314562.452981,-4116975.174150,2256671.191626,300.219318,-315.043704,-0.758688
1459685775.985957,-4287449.865990,-4145240.240129,2256602.670076,302.280433,-313.066616,-0.764041
1459685865.985957,-4260152.363944,-4173326.760817,2256533.668215,304.328527,-311.076045,-0.769361
1459685955.985957,-4232671.122588,-4201233.526485,2256464.189014,306.363514,-309.072075,-0.774648
1459686045.985957,-4205007.325581,-4228959.335145,2256394.235467,308.385305,-307.054792,-0.779902
1459686135.985957,-4177162.164448,-4256502.992604,2256323.810586,310.393813,-305.024285,-0.785122
1459686225.985957,-4149136.838520,-4283863.312513,2256252.917404,312.388952,-302.980639,-0.790308
1459686315.985957,-4120932.554894,-4311039.116421,2256181.558976,314.370637,-300.923944,-0.795460
1459686405.985957,-4092550.528370,-4338029.233824,2256109.738373,316.338780,-298.854287,-0.800578
1459686495.985957,-4063991.981407,-4364832.502216,2256037.458690,318.293299,-296.771759,-0.805662
1459686585.985957,-4035258.144065,-4391447.767140,2255964.723039,320.234108,-294.676447,-0.810710
1459686675.985957,-4006350.253956,-4417873.882233,2255891.534553,322.161124,-292.568444,-0.815724
1459686765.985957,-3977269.556186,-4444109.709282,2255817.896385,324.074265,-290.447839,-0.820703
1459686855.985957,-3948017.303308,-4470154.118270,2255743.811706,325.973446,-288.314725,-0.825647
1459686945.985957,-3918594.755259,-4496005.987424,2255669.283707,327.858588,-286.169192,-0.830554
1459687035.985957,-3889003.179316,-4521664.203262,2255594.315598,329.729608,-284.011333,-0.835426
1459687125.985957,-3859243.850033,-4547127.660648,2255518.910607,331.586427,-281.841242,-0.840262
1459687215.985957,-3829318.049190,-4572395.262829,2255443.071983,333.428963,-279.659011,-0.845062
1459687305.985957,-3799227.065739,-4597465.921491,2255366.802992,335.257138,-277.464735,-0.849826
1459687395.985957,-3768972.195743,-4622338.556802,2255290.106918,337.070873,-275.258508,-0.854553
1459687485.985957,-3738554.742329,-4647012.097460,2255212.987066,338.870090,-273.040425,-0.859243
1459687575.985957,-3707976.015621,-4671485.480735,2255135.446756,340.654711,-270.810582,-0.863896
1459687665.985957,-3677237.332693,-4695757.652523,2255057.489328,342.424660,-268.569075,-0.868512
1459687755.985957,-3646340.017509,-4719827.567382,2254979.118140,344.179860,-266.316000,-0.873090
1459687845.985957,-3615285.400862,-4743694.188584,2254900.336568,345.920236,-264.051454,-0.877631
1459687935.985957,-3584074.820324,-4767356.488158,2254821.148004,347.645712,-261.775535,-0.882134
1459688025.985957,-3552709.620183,-4790813.446930,2254741.555860,349.356214,-259.488342,-0.886599
1459688115.985957,-3521191.151386,-4814064.054574,2254661.563562,351.051670,-257.189971,-0.891026
1459688205.985957,-3489520.771483,-4837107.309650,2254581.174558,352.732005,-254.880523,-0.895415
1459688295.985957,-3457699.844565,-4859942.219649,2254500.392308,354.397147,-252.560097,-0.899765
1459688385.985957,-3425729.741210,-4882567.801036,2254419.220293,356.047025,-250.228793,-0.904076
1459688475.985957,-3393611.838419,-4904983.079293,2254337.662008,357.681567,-247.886711,-0.908348
1459688565.985957,-3361347.519561,-4927187.088958,2254255.720966,359.300703,-245.533952,-0.912581
1459688655.985957,-3328938.174308,-4949178.873670,2254173.400696,360.904364,-243.170618,-0.916775
1459688745.985957,-3296385.198582,-4970957.486210,2254090.704745,362.492480,-240.796810,-0.920929
1459688835.985957,-3263689.994491,-4992521.988538,2254007.636673,364.064983,-238.412630,-0.925044
1459688925.985957,-3230853.970266,-5013871.451838,2253924.200058,365.621805,-236.018182,-0.929119
1459689015.985957,-3197878.540207,-5035004.956556,2253840.398495,367.162880,-233.613568,-0.933154
1459689105.985957,-3164765.124616,-5055921.592439,2253756.235593,368.688139,-231.198892,-0.937148
1459689195.985957,-3131515.149739,-5076620.458575,2253671.714976,370.197519,-228.774258,-0.941102
1459689285.985957,-3098130.047705,-5097100.663432,2253586.840284,371.690954,-226.339770,-0.945016
1459689375.985957,-3064611.256461,-5117361.324895,2253501.615174,373.168380,-223.895533,-0.948889
1459689465.985957,-3030960.219713,-5137401.570307,2253416.043317,374.629733,-221.441653,-0.952721
1459689555.985957,-2997178.386864,-5157220.536503,2253330.128397,376.074950,-218.978235,-0.956512
1459689645.985957,-2963267.212949,-5176817.369849,2253243.874115,377.503968,-216.505385,-0.960262
1459689735.985957,-2929228.158576,-5196191.226280,2253157.284187,378.916727,-214.023210,-0.963971
1459689825.985957,-2895062.689860,-5215341.271334,2253070.362341,380.313166,-211.531817,-0.967638
1459689915.985957,-2860772.278358,-5234266.680188,2252983.112322,381.693224,-209.031312,-0.971263
1459690005.985957,-2826358.401014,-5252966.637695,2252895.537887,383.056842,-206.521805,-0.974847
1459690095.985957,-2791822.540086,-5271440.338421,2252807.642808,384.403960,-204.003402,-0.978388
1459690185.985957,-2757166.183086,-5289686.986673,2252719.430872,385.734522,-201.476212,-0.981888
1459690275.985957,-2722390.822718,-5307705.796540,2252630.905876,387.048470,-198.940345,-0.985345
1459690365.985957,-2687497.956811,-5325495.991924,2252542.071635,388.345747,-196.395909,-0.988760
1459690455.985957,-2652489.088254,-5343056.806575,2252452.931975,389.626298,-193.843014,-0.992132
1459690545.985957,-2617365.724933,-5360387.484120,2252363.490734,390.890066,-191.281769,-0.995461
1459690635.985957,-2582129.379666,-5377487.278100,2252273.751765,392.136999,-188.712286,-0.998747
1459690725.985957,-2546781.570137,-5394355.452001,2252183.718934,393.367041,-186.134675,-1.001991
1459690815.985957,-2511323.818831,-5410991.279285,2252093.396117,394.580140,-183.549046,-1.005191
1459690905.985957,-2475757.652967,-5427394.043420,2252002.787205,395.776245,-180.955512,-1.008348
1459690995.985957,-2440084.604437,-5443563.037914,2251911.896102,396.955302,-178.354184,-1.011462
1459691085.985957,-2404306.209733,-5459497.566343,2251820.726720,398.117262,-175.745174,-1.014532
1459691175.985957,-2368424.009886,-5475196.942383,2251729.282989,399.262075,-173.128594,-1.017558
1459691265.985957,-2332439.550399,-5490660.489837,2251637.568845,400.389691,-170.504558,-1.020541
1459691355.985957,-2296354.381176,-5505887.542666,2251545.588239,401.500061,-167.873177,-1.023479
1459691445.985957,-2260170.056464,-5520877.445018,2251453.345133,402.593138,-165.234566,-1.026374
1459691535.985957,-2223888.134776,-5535629.551254,2251360.843500,403.668875,-162.588838,-1.029224
1459691625.985957,-2187510.178830,-5550143.225978,2251268.087324,404.727225,-159.936107,-1.032030
1459691715.985957,-2151037.755483,-5564417.844063,2251175.080600,405.768143,-157.276487,-1.034791
1459691805.985957,-2114472.435657,-5578452.790680,2251081.827334,406.791584,-154.610093,-1.037508
1459691895.985957,-2077815.794278,-5592247.461322,2250988.331542,407.797504,-151.937040,-1.040180
1459691985.985957,-2041069.410204,-5605801.261831,2250894.597252,408.785859,-149.257443,-1.042808
1459692075.985957,-2004234.866158,-5619113.608423,2250800.628501,409.756607,-146.571417,-1.045390
1459692165.985957,-1967313.748662,-5632183.927717,2250706.429335,410.709706,-143.879078,-1.047928
1459692255.985957,-1930307.647964,-5645011.656751,2250612.003813,411.645116,-141.180542,-1.050420
1459692345.985957,-1893218.157976,-5657596.243017,2250517.356001,412.562795,-138.475925,-1.052867
1459692435.985957,-1856046.876199,-5669937.144477,2250422.489976,413.462705,-135.765343,-1.055269
1459692525.985957,-1818795.403657,-5682033.829588,2250327.409824,414.344806,-133.048914,-1.057625
1459692615.985957,-1781465.344829,-5693885.777329,2250232.119640,415.209060,-130.326754,-1.059936
1459692705.985957,-1744058.307579,-5705492.477216,2250136.623529,416.055431,-127.598981,-1.062201
1459692795.985957,-1706575.903086,-5716853.429333,2250040.925602,416.883882,-124.865712,-1.064420
1459692885.985957,-1669019.745774,-5727968.144344,2249945.029984,417.694377,-122.127065,-1.066594
1459692975.985957,-1631391.453246,-5738836.143522,2249848.940802,418.486881,-119.383158,-1.068721
1459693065.985957,-1593692.646211,-5749456.958766,2249752.662198,419.261360,-116.634109,-1.070803
1459693155.985957,-1555924.948413,-5759830.132620,2249656.198316,420.017781,-113.880036,-1.072838
1459693245.985957,-1518089.986568,-5769955.218296,2249559.553312,420.756111,-111.121058,-1.074827
1459693335.985957,-1480189.390284,-5779831.779690,2249462.731349,421.476319,-108.357294,-1.076770
1459693425.985957,-1442224.792000,-5789459.391404,2249365.736597,422.178373,-105.588863,-1.078667
1459693515.985957,-1404197.826910,-5798837.638762,2249268.573233,422.862243,-102.815884,-1.080517
1459693605.985957,-1366110.132893,-5807966.117828,2249171.245443,423.527900,-100.038476,-1.082320
1459693695.985957,-1327963.350445,-5816844.435424,2249073.757419,424.175315,-97.256760,-1.084077
1459693785.985957,-1289759.122609,-5825472.209147,2248976.113358,424.804459,-94.470854,-1.085787
1459693875.985957,-1251499.094898,-5833849.067386,2248878.317468,425.415307,-91.680880,-1.087451
1459693965.985957,-1213184.915232,-5841974.649337,2248780.373961,426.007832,-88.886957,-1.089067
1459694055.985957,-1174818.233862,-5849848.605018,2248682.287054,426.582008,-86.089205,-1.090637
1459694145.985957,-1136400.703299,-5857470.595285,2248584.060973,427.137810,-83.287746,-1.092160
1459694235.985957,-1097933.978246,-5864840.291849,2248485.699948,427.675215,-80.482699,-1.093636
1459694325.985957,-1059419.715526,-5871957.377284,2248387.208217,428.194199,-77.674185,-1.095064
1459694415.985957,-1020859.574007,-5878821.545046,2248288.590020,428.694740,-74.862326,-1.096445
1459694505.985957,-982255.214533,-5885432.499486,2248189.849606,429.176816,-72.047243,-1.097780
1459694595.985957,-943608.299855,-5891789.955859,2248090.991228,429.640408,-69.229056,-1.099067
1459694685.985957,-904920.494554,-5897893.640339,2247992.019144,430.085494,-66.407887,-1.100306
1459694775.985957,-866193.464975,-5903743.290033,2247892.937616,430.512055,-63.583859,-1.101498
1459694865.985957,-827428.879151,-5909338.652985,2247793.750912,430.920074,-60.757091,-1.102643
1459694955.985957,-788628.406732,-5914679.488196,2247694.463304,431.309532,-57.927707,-1.103740
1459695045.985957,-749793.718914,-5919765.565626,2247595.079069,431.680413,-55.095828,-1.104790
1459695135.985957,-710926.488369,-5924596.666212,2247495.602487,432.032701,-52.261575,-1.105792
1459695225.985957,-672028.389167,-5929172.581869,2247396.037843,432.366381,-49.425072,-1.106746
1459695315.985957,-633101.096710,-5933493.115507,2247296.389426,432.681438,-46.586440,-1.107653
1459695405.985957,-594146.287658,-5937558.081033,2247196.661527,432.977859,-43.745801,-1.108512
1459695495.985957,-555165.639852,-5941367.303362,2247096.858441,433.255630,-40.903278,-1.109324
1459695585.985957,-516160.832252,-5944920.618426,2246996.984469,433.514741,-38.058993,-1.110087
1459695675.985957,-477133.544853,-5948217.873178,2246897.043910,433.755180,-35.213069,-1.110803
1459695765.985957,-438085.458623,-5951258.925600,2246797.041070,433.976936,-32.365628,-1.111471
1459695855.985957,-399018.255422,-5954043.644709,2246696.980256,434.180000,-29.516794,-1.112091
1459695945.985957,-359933.617935,-5956571.910563,2246596.865778,434.364363,-26.666688,-1.112663
1459696035.985957,-320833.229598,-5958843.614266,2246496.701948,434.530017,-23.815433,-1.113187
1459696125.985957,-281718.774525,-5960858.657971,2246396.493081,434.676956,-20.963153,-1.113664
1459696215.985957,-242591.937437,-5962616.954888,2246296.243491,434.805172,-18.109969,-1.114092
1459696305.985957,-203454.403587,-5964118.429285,2246195.957498,434.914661,-15.256006,-1.114472
1459696395.985957,-164307.858689,-5965363.016490,2246095.639421,435.005417,-12.401386,-1.114805
1459696485.985957,-125153.988845,-5966350.662897,2245995.293580,435.077437,-9.546231,-1.115089
1459696575.985957,-85994.480474,-5967081.325966,2245894.924298,435.130717,-6.690665,-1.115325
1459696665.985957,-46831.020236,-5967554.974228,2245794.535898,435.165256,-3.834811,-1.115513
1459696755.985957,-7665.294961,-5967771.587280,2245694.132703,435.181051,-0.978792,-1.115654
1459696845.985957,31501.008421,-5967731.155794,2245593.719039,435.178103,1.877269,-1.115746
1459696935.985957,70666.202958,-5967433.681510,2245493.299230,435.156410,4.733250,-1.115790
1459697025.985957,109828.601744,-5966879.177242,2245392.877602,435.115975,7.589026,-1.115786
1459697115.985957,148986.517993,-5966067.666873,2245292.458479,435.056799,10.444476,-1.115734
1459697205.985957,188138.265114,-5964999.185355,2245192.046188,434.978884,13.299476,-1.115634
1459697295.985957,227282.156780,-5963673.778711,2245091.645052,434.882234,16.153902,-1.115486
1459697385.985957,266416.507004,-5962091.504026,2244991.259397,434.766853,19.007634,-1.115289
1459697475.985957,305539.630208,-5960252.429453,2244890.893546,434.632745,21.860546,-1.115045
1459697565.985957,344649.841298,-5958156.634203,2244790.551823,434.479918,24.712517,-1.114753
1459697655.985957,383745.455738,-5955804.208545,2244690.238549,434.308376,27.563424,-1.114413
1459697745.985957,422824.789618,-5953195.253802,2244589.958044,434.118129,30.413143,-1.114024
1459697835.985957,461886.159732,-5950329.882345,2244489.714629,433.909183,33.261552,-1.113588
1459697925.985957,500927.883645,-5947208.217591,2244389.512620,433.681548,36.108529,-1.113104
1459698015.985957,539948.279771,-5943830.393994,2244289.356334,433.435234,38.953951,-1.112572
1459698105.985957,578945.667439,-5940196.557043,2244189.250085,433.170251,41.797694,-1.111992
1459698195.985957,617918.366973,-5936306.863253,2244089.198184,432.886611,44.639638,-1.111364
1459698285.985957,656864.699758,-5932161.480158,2243989.204941,432.584325,47.479659,-1.110688
1459698375.985957,695782.988315,-5927760.586307,2243889.274662,432.263408,50.317634,-1.109964
1459698465.985957,734671.556373,-5923104.371254,2243789.411653,431.923872,53.153443,-1.109193
1459698555.985957,773528.728941,-5918193.035547,2243689.620214,431.565733,55.986962,-1.108373
1459698645.985957,812352.832380,-5913026.790728,2243589.904643,431.189005,58.818069,-1.107506
1459698735.985957,851142.194477,-5907605.859312,2243490.269235,430.793706,61.646644,-1.106591
1459698825.985957,889895.144513,-5901930.474789,2243390.718283,430.379851,64.472563,-1.105629
1459698915.985957,928610.013339,-5896000.881607,2243291.256073,429.947460,67.295705,-1.104619
1459699005.985957,967285.133446,-5889817.335161,2243191.886890,429.496550,70.115948,-1.103562
1459699095.985957,1005918.839036,-5883380.101786,2243092.615014,429.027140,72.933172,-1.102456
1459699185.985957,1044509.466096,-5876689.458745,2242993.444721,428.539252,75.747254,-1.101304
1459699275.985957,1083055.352467,-5869745.694214,2242894.380281,428.032906,78.558074,-1.100104
1459699365.985957,1121554.837919,-5862549.107272,2242795.425963,427.508124,81.365510,-1.098856
1459699455.985957,1160006.264219,-5855100.007886,2242696.586028,426.964929,84.169441,-1.097562
1459699545.985957,1198407.975205,-5847398.716900,2242597.864734,426.403344,86.969747,-1.096220
1459699635.985957,1236758.316855,-5839445.566023,2242499.266332,425.823392,89.766307,-1.094830
1459699725.985957,1275055.637362,-5831240.897807,2242400.795070,425.225100,92.559001,-1.093394
1459699815.985957,1313298.287199,-5822785.065641,2242302.455189,424.608493,95.347708,-1.091910
1459699905.985957,1351484.619198,-5814078.433730,2242204.250924,423.973597,98.132309,-1.090380
1459699995.985957,1389612.988613,-5805121.377083,2242106.186506,423.320440,100.912683,-1.088802
1459700085.985957,1427681.753196,-5795914.281494,2242008.266158,422.649050,103.688710,-1.087178
1459700175.985957,1465689.273268,-5786457.543526,2241910.494098,421.959456,106.460271,-1.085507
1459700265.985957,1503633.911785,-5776751.570497,2241812.874537,421.251687,109.227247,-1.083789
1459700355.985957,1541514.034413,-5766796.780458,2241715.411680,420.525775,111.989518,-1.082024
1459700445.985957,1579328.009595,-5756593.602176,2241618.109725,419.781749,114.746966,-1.080213
1459700535.985957,1617074.208627,-5746142.475118,2241520.972863,419.019643,117.499471,-1.078355
1459700625.985957,1654751.005721,-5735443.849431,2241424.005278,418.239490,120.246916,-1.076451
1459700715.985957,1692356.778078,-5724498.185922,2241327.211146,417.441322,122.989181,-1.074500
1459700805.985957,1729889.905960,-5713305.956036,2241230.594637,416.625174,125.726149,-1.072503
1459700895.985957,1767348.772757,-5701867.641840,2241134.159912,415.791081,128.457702,-1.070460
1459700985.985957,1804731.765058,-5690183.736001,2241037.911125,414.939080,131.183721,-1.068371
1459701075.985957,1842037.272718,-5678254.741762,2240941.852421,414.069206,133.904091,-1.066236
1459701165.985957,1879263.688933,-5666081.172923,2240845.987938,413.181498,136.618693,-1.064055
1459701255.985957,1916409.410302,-5653663.553820,2240750.321805,412.275994,139.327411,-1.061828
1459701345.985957,1953472.836903,-5641002.419297,2240654.858143,411.352732,142.030127,-1.059555
1459701435.985957,1990452.372355,-5628098.314691,2240559.601063,410.411753,144.726726,-1.057237
1459701525.985957,2027346.423894,-5614951.795800,2240464.554668,409.453097,147.417092,-1.054873
1459701615.985957,2064153.402434,-5601563.428865,2240369.723053,408.476804,150.101108,-1.052464
1459701705.985957,2100871.722644,-5587933.790545,2240275.110302,407.482919,152.778659,-1.050009
1459701795.985957,2137499.803006,-5574063.467888,2240180.720490,406.471482,155.449630,-1.047509
1459701885.985957,2174036.065895,-5559953.058312,2240086.557682,405.442538,158.113905,-1.044964
1459701975.985957,2210478.937635,-5545603.169573,2239992.625935,404.396130,160.771370,-1.042374
1459702065.985957,2246826.848577,-5531014.419744,2239898.929295,403.332305,163.421910,-1.039739
1459702155.985957,2283078.233159,-5516187.437183,2239805.471796,402.251108,166.065411,-1.037060
1459702245.985957,2319231.529978,-5501122.860514,2239712.257466,401.152585,168.701760,-1.034335
1459702335.985957,2355285.181855,-5485821.338589,2239619.290318,400.036784,171.330843,-1.031567
1459702425.985957,2391237.635905,-5470283.530470,2239526.574357,398.903752,173.952546,-1.028753
1459702515.985957,2427087.343599,-5454510.105394,2239434.113576,397.753540,176.566756,-1.025896
1459702605.985957,2462832.760835,-5438501.742746,2239341.911959,396.586195,179.173362,-1.022994
1459702695.985957,2498472.348002,-5422259.132033,2239249.973476,395.401769,181.772250,-1.020048
1459702785.985957,2534004.570048,-5405782.972847,2239158.302087,394.200312,184.363309,-1.017058
1459702875.985957,2569427.896546,-5389073.974843,2239066.901741,392.981876,186.946428,-1.014024
1459702965.985957,2604740.801757,-5372132.857704,2238975.776375,391.746514,189.521494,-1.010947
1459703055.985957,2639941.764700,-5354960.351109,2238884.929914,390.494279,192.088397,-1.007826
1459703145.985957,2675029.269216,-5337557.194705,2238794.366271,389.225225,194.647027,-1.004662
1459703235.985957,2710001.804031,-5319924.138072,2238704.089346,387.939406,197.197273,-1.001454
1459703325.985957,2744857.862824,-5302061.940695,2238614.103029,386.636878,199.739025,-0.998204
1459703415.985957,2779595.944290,-5283971.371925,2238524.411194,385.317697,202.272174,-0.994910
1459703505.985957,2814214.552207,-5265653.210952,2238435.017706,383.981920,204.796611,-0.991574
1459703595.985957,2848712.195497,-5247108.246766,2238345.926415,382.629604,207.312228,-0.988194
1459703685.985957,2883087.388294,-5228337.278128,2238257.141158,381.260808,209.818914,-0.984773
1459703775.985957,2917338.650005,-5209341.113534,2238168.665759,379.875590,212.316564,-0.981308
1459703865.985957,2951464.505375,-5190120.571176,2238080.504030,378.474010,214.805069,-0.977802
1459703955.985957,2985463.484551,-5170676.478914,2237992.659767,377.056129,217.284322,-0.974253
1459704045.985957,3019334.123143,-5151009.674235,2237905.136755,375.622007,219.754216,-0.970663
1459704135.985957,3053074.962291,-5131121.004219,2237817.938763,374.171707,222.214645,-0.967030
1459704225.985957,3086684.548725,-5111011.325501,2237731.069547,372.705291,224.665503,-0.963356
1459704315.985957,3120161.434828,-5090681.504236,2237644.532850,371.222822,227.106684,-0.959641
1459704405.985957,3153504.178699,-5070132.416062,2237558.332397,369.724363,229.538083,-0.955884
1459704495.985957,3186711.344213,-5049364.946059,2237472.471902,368.209980,231.959596,-0.952086
1459704585.985957,3219781.501088,-5028379.988716,2237386.955064,366.679738,234.371118,-0.948247
1459704675.985957,3252713.224939,-5007178.447885,2237301.785566,365.133702,236.772545,-0.944367
1459704765.985957,3285505.097348,-4985761.236750,2237216.967076,363.571939,239.163774,-0.940447
1459704855.985957,3318155.705916,-4964129.277785,2237132.503248,361.994516,241.544702,-0.936485
1459704945.985957,3350663.644333,-4942283.502710,2237048.397720,360.401502,243.915226,-0.932484
1459705035.985957,3383027.512430,-4920224.852457,2236964.654115,358.792965,246.275245,-0.928443
1459705125.985957,3415245.916245,-4897954.277127,2236881.276039,357.168974,248.624656,-0.924361
1459705215.985957,3447317.468083,-4875472.735948,2236798.267084,355.529600,250.963358,-0.920240
1459705305.985957,3479240.786571,-4852781.197234,2236715.630826,353.874912,253.291251,-0.916079
1459705395.985957,3511014.496724,-4829880.638346,2236633.370824,352.204982,255.608234,-0.911878
1459705485.985957,3542637.229997,-4806772.045645,2236551.490620,350.519882,257.914208,-0.907638
1459705575.985957,3574107.624352,-4783456.414455,2236469.993743,348.819685,260.209073,-0.903360
1459705665.985957,3605424.324309,-4759934.749016,2236388.883702,347.104463,262.492730,-0.899042
1459705755.985957,3636585.981009,-4736208.062443,2236308.163991,345.374291,264.765082,-0.894685
1459705845.985957,3667591.252273,-4712277.376680,2236227.838086,343.629244,267.026029,-0.890290
1459705935.985957,3698438.802654,-4688143.722460,2236147.909448,341.869396,269.275476,-0.885857
1459706025.985957,3729127.303502,-4663808.139256,2236068.381520,340.094822,271.513324,-0.881385
1459706115.985957,3759655.433014,-4639271.675241,2235989.257727,338.305601,273.739478,-0.876876
1459706205.985957,3790021.876298,-4614535.387236,2235910.541477,336.501808,275.953841,-0.872329
1459706295.985957,3820225.325422,-4589600.340672,2235832.236161,334.683521,278.156319,-0.867744
1459706385.985957,3850264.479479,-4564467.609542,2235754.345151,332.850820,280.346816,-0.863122
1459706475.985957,3880138.044635,-4539138.276349,2235676.871803,331.003781,282.525238,-0.858462
1459706565.985957,3909844.734189,-4513613.432068,2235599.819453,329.142486,284.691491,-0.853766
1459706655.985957,3939383.268629,-4487894.176094,2235523.191421,327.267014,286.845482,-0.849033
1459706745.985957,3968752.375684,-4461981.616194,2235446.991007,325.377447,288.987118,-0.844263
1459706835.985957,3997950.790380,-4435876.868463,2235371.221494,323.473865,291.116307,-0.839457
1459706925.985957,4026977.255098,-4409581.057273,2235295.886145,321.556350,293.232958,-0.834615
1459707015.985957,4055830.519622,-4383095.315225,2235220.988204,319.624985,295.336978,-0.829737
1459707105.985957,4084509.341198,-4356420.783101,2235146.530899,317.679854,297.428278,-0.824823
1459707195.985957,4113012.484584,-4329558.609814,2235072.517436,315.721039,299.506767,-0.819873
1459707285.985957,4141338.722106,-4302509.952360,2234998.951003,313.748626,301.572355,-0.814889
1459707375.985957,4169486.833708,-4275275.975766,2234925.834770,311.762700,303.624955,-0.809869
1459707465.985957,4197455.607009,-4247857.853043,2234853.171885,309.763345,305.664477,-0.804814
1459707555.985957,4225243.837350,-4220256.765130,2234780.965478,307.750648,307.690833,-0.799725
1459707645.985957,4252850.327849,-4192473.900850,2234709.218660,305.724696,309.703937,-0.794601
1459707735.985957,4280273.889451,-4164510.456853,2234637.934520,303.685576,311.703702,-0.789443
1459707825.985957,4307513.340981,-4136367.637570,2234567.116130,301.633376,313.690040,-0.784251
1459707915.985957,4334567.509194,-4108046.655153,2234496.766540,299.568184,315.662868,-0.779025
1459708005.985957,4361435.228825,-4079548.729433,2234426.888780,297.490089,317.622100,-0.773765
1459708095.985957,4388115.342639,-4050875.087858,2234357.485860,295.399181,319.567651,-0.768473
1459708185.985957,4414606.701484,-4022026.965447,2234288.560769,293.295549,321.499438,-0.763147
1459708275.985957,4440908.164334,-3993005.604734,2234220.116476,291.179285,323.417377,-0.757788
1459708365.985957,4467018.598346,-3963812.255713,2234152.155930,289.050479,325.321386,-0.752397
1459708455.985957,4492936.878903,-3934448.175786,2234084.682057,286.909224,327.211384,-0.746973
1459708545.985957,4518661.889663,-3904914.629711,2234017.697765,284.755610,329.087287,-0.741517
1459708635.985957,4544192.522611,-3875212.889544,2233951.205938,282.589732,330.949017,-0.736029
1459708725.985957,4569527.678104,-3845344.234583,2233885.209440,280.411683,332.796492,-0.730509
1459708815.985957,4594666.264916,-3815309.951318,2233819.711115,278.221555,334.629632,-0.724958
1459708905.985957,4619607.200291,-3785111.333373,2233754.713783,276.019444,336.448360,-0.719376
1459708995.985957,4644349.409982,-3754749.681449,2233690.220244,273.805445,338.252597,-0.713763
1459709085.985957,4668891.828306,-3724226.303268,2233626.233276,271.579652,340.042264,-0.708119
1459709175.985957,4693233.398181,-3693542.513521,2233562.755635,269.342162,341.817285,-0.702444
1459709265.985957,4717373.071180,-3662699.633805,2233499.790057,267.093071,343.577584,-0.696739
1459709355.985957,4741309.807568,-3631698.992572,2233437.339251,264.832475,345.323084,-0.691005
1459709445.985957,4765042.576354,-3600541.925066,2233375.405910,262.560474,347.053711,-0.685240
1459709535.985957,4788570.355331,-3569229.773272,2233313.992700,260.277163,348.769390,-0.679446
1459709625.985957,4811892.131120,-3537763.885851,2233253.102267,257.982641,350.470046,-0.673623
1459709715.985957,4835006.899217,-3506145.618089,2233192.737234,255.677008,352.155607,-0.667770
1459709805.985957,4857913.664032,-3474376.331833,2233132.900201,253.360363,353.826001,-0.661889
1459709895.985957,4880611.438937,-3442457.395436,2233073.593745,251.032805,355.481154,-0.655980
1459709985.985957,4903099.246302,-3410390.183696,2233014.820421,248.694434,357.120996,-0.650042
1459710075.985957,4925376.117543,-3378176.077796,2232956.582760,246.345352,358.745457,-0.644076
1459710165.985957,4947441.093161,-3345816.465250,2232898.883271,243.985660,360.354466,-0.638082
1459710255.985957,4969293.222784,-3313312.739834,2232841.724440,241.615458,361.947954,-0.632061
1459710345.985957,4990931.565205,-3280666.301536,2232785.108729,239.234850,363.525852,-0.626013
1459710435.985957,5012355.188428,-3247878.556488,2232729.038575,236.843937,365.088092,-0.619938
1459710525.985957,5033563.169705,-3214950.916908,2232673.516395,234.442824,366.634608,-0.613836
1459710615.985957,5054554.595575,-3181884.801042,2232618.544581,232.031612,368.165332,-0.607707
1459710705.985957,5075328.561905,-3148681.633097,2232564.125499,229.610407,369.680199,-0.601552
1459710795.985957,5095884.173927,-3115342.843187,2232510.261494,227.179312,371.179143,-0.595372
1459710885.985957,5116220.546280,-3081869.867264,2232456.954887,224.738432,372.662099,-0.589166
1459710975.985957,5136336.803046,-3048264.147061,2232404.207972,222.287872,374.129005,-0.582934
1459711065.985957,5156232.077785,-3014527.130029,2232352.023024,219.827738,375.579796,-0.576678
1459711155.985957,5175905.513577,-2980660.269273,2232300.402288,217.358135,377.014411,-0.570396
1459711245.985957,5195356.263057,-2946665.023492,2232249.347990,214.879171,378.432787,-0.564090
1459711335.985957,5214583.488451,-2912542.856913,2232198.862328,212.390951,379.834863,-0.557760
1459711425.985957,5233586.361612,-2878295.239231,2232148.947476,209.893583,381.220579,-0.551405
1459711515.985957,5252364.064059,-2843923.645543,2232099.605586,207.387175,382.589875,-0.545027
1459711605.985957,5270915.787005,-2809429.556289,2232050.838781,204.871835,383.942693,-0.538625
1459711695.985957,5289240.731400,-2774814.457181,2232002.649164,202.347670,385.278973,-0.532201
1459711785.985957,5307338.107959,-2740079.839146,2231955.038809,199.814790,386.598659,-0.525753
1459711875.985957,5325207.137201,-2705227.198257,2231908.009768,197.273303,387.901694,-0.519282
1459711965.985957,5342847.049479,-2670258.035672,2231861.564066,194.723320,389.188021,-0.512790
1459712055.985957,5360257.085015,-2635173.857566,2231815.703704,192.164950,390.457585,-0.506275
1459712145.985957,5377436.493931,-2599976.175070,2231770.430657,189.598303,391.710332,-0.499738
1459712235.985957,5394384.536285,-2564666.504202,2231725.746876,187.023489,392.946207,-0.493180
1459712325.985957,5411100.482096,-2529246.365805,2231681.654286,184.440620,394.165157,-0.486600
1459712415.985957,5427583.611384,-2493717.285478,2231638.154785,181.849807,395.367130,-0.480000
1459712505.985957,5443833.214196,-2458080.793515,2231595.250248,179.251161,396.552074,-0.473379
1459712595.985957,5459848.590634,-2422338.424833,2231552.942522,176.644795,397.719937,-0.466737
1459712685.985957,5475629.050893,-2386491.718914,2231511.233431,174.030821,398.870671,-0.460076
1459712775.985957,5491173.915283,-2350542.219729,2231470.124770,171.409350,400.004224,-0.453395
1459712865.985957,5506482.514263,-2314491.475679,2231429.618311,168.780497,401.120549,-0.446694
1459712955.985957,5521554.188469,-2278341.039525,2231389.715798,166.144374,402.219596,-0.439973
1459713045.985957,5536388.288739,-2242092.468324,2231350.418951,163.501095,403.301320,-0.433234
1459713135.985957,5550984.176146,-2205747.323357,2231311.729462,160.850774,404.365672,-0.426477
1459713225.985957,5565341.222023,-2169307.170065,2231273.648997,158.193525,405.412608,-0.419700
1459713315.985957,5579458.807990,-2132773.577983,2231236.179197,155.529462,406.442082,-0.412906
1459713405.985957,5593336.325979,-2096148.120669,2231199.321677,152.858700,407.454050,-0.406094
1459713495.985957,5606973.178266,-2059432.375638,2231163.078023,150.181354,408.448469,-0.399265
1459713585.985957,5620368.777489,-2022627.924294,2231127.449797,147.497540,409.425295,-0.392418
1459713675.985957,5633522.546680,-1985736.351863,2231092.438535,144.807373,410.384486,-0.385554
1459713765.985957,5646433.919286,-1948759.247321,2231058.045743,142.110968,411.326001,-0.378674
1459713855.985957,5659102.339193,-1911698.203329,2231024.272903,139.408443,412.249800,-0.371778
1459713945.985957,5671527.260753,-1874554.816164,2230991.121471,136.699914,413.155843,-0.364865
1459714035.985957,5683708.148806,-1837330.685649,2230958.592875,133.985496,414.044091,-0.357937
1459714125.985957,5695644.478702,-1800027.415085,2230926.688515,131.265307,414.914505,-0.350993
1459714215.985957,5707335.736324,-1762646.611183,2230895.409767,128.539465,415.767048,-0.344034
1459714305.985957,5718781.418113,-1725189.883990,2230864.757976,125.808086,416.601683,-0.337061
1459714395.985957,5729981.031084,-1687658.846827,2230834.734465,123.071289,417.418374,-0.330072
1459714485.985957,5740934.092854,-1650055.116212,2230805.340526,120.329190,418.217087,-0.323070
1459714575.985957,5751640.131657,-1612380.311798,2230776.577426,117.581909,418.997786,-0.316054
1459714665.985957,5762098.686367,-1574636.056296,2230748.446403,114.829563,419.760439,-0.309024
1459714755.985957,5772309.306519,-1536823.975411,2230720.948669,112.072272,420.505012,-0.301981
1459714845.985957,5782271.552325,-1498945.697765,2230694.085410,109.310153,421.231473,-0.294924
1459714935.985957,5791984.994695,-1461002.854837,2230667.857781,106.543327,421.939791,-0.287856
1459715025.985957,5801449.215257,-1422997.080883,2230642.266914,103.771911,422.629935,-0.280774
1459715115.985957,5810663.806373,-1384930.012871,2230617.313910,100.996025,423.301876,-0.273681
1459715205.985957,5819628.371154,-1346803.290407,2230592.999845,98.215790,423.955585,-0.266576
1459715295.985957,5828342.523485,-1308618.555670,2230569.325765,95.431324,424.591033,-0.259459
1459715385.985957,5836805.888033,-1270377.453335,2230546.292692,92.642748,425.208193,-0.252331
1459715475.985957,5845018.100267,-1232081.630504,2230523.901616,89.850182,425.807040,-0.245192
1459715565.985957,5852978.806475,-1193732.736640,2230502.153503,87.053745,426.387546,-0.238043
1459715655.985957,5860687.663777,-1155332.423488,2230481.049290,84.253560,426.949686,-0.230883
1459715745.985957,5868144.340141,-1116882.345009,2230460.589885,81.449745,427.493438,-0.223714
1459715835.985957,5875348.514396,-1078384.157307,2230440.776171,78.642422,428.018776,-0.216535
1459715925.985957,5882299.876247,-1039839.518560,2230421.609000,75.831711,428.525679,-0.209346
1459716015.985957,5888998.126289,-1001250.088944,2230403.089199,73.017735,429.014125,-0.202149
1459716105.985957,5895442.976017,-962617.530566,2230385.217565,70.200614,429.484093,-0.194943
1459716195.985957,5901634.147842,-923943.507390,2230367.994869,67.380468,429.935562,-0.187728
1459716285.985957,5907571.375100,-885229.685166,2230351.421852,64.557421,430.368513,-0.180505
1459716375.985957,5913254.402066,-846477.731359,2230335.499228,61.731593,430.782927,-0.173275
1459716465.985957,5918682.983963,-807689.315075,2230320.227684,58.903107,431.178787,-0.166037
1459716555.985957,5923856.886974,-768866.106992,2230305.607877,56.072083,431.556076,-0.158792
1459716645.985957,5928775.888250,-730009.779284,2230291.640437,53.238644,431.914776,-0.151540
1459716735.985957,5933439.775924,-691122.005555,2230278.325967,50.402912,432.254874,-0.144281
1459716825.985957,5937848.349113,-652204.460761,2230265.665039,47.565009,432.576353,-0.137017
1459716915.985957,5942001.417934,-613258.821141,2230253.658200,44.725058,432.879201,-0.129746
1459717005.985957,5945898.803508,-574286.764144,2230242.305966,41.883180,433.163404,-0.122470
1459717095.985957,5949540.337969,-535289.968357,2230231.608827,39.039498,433.428950,-0.115189
1459717185.985957,5952925.864469,-496270.113433,2230221.567243,36.194134,433.675827,-0.107902
1459717275.985957,5956055.237190,-457228.880016,2230212.181648,33.347212,433.904026,-0.100611
1459717365.985957,5958928.321344,-418167.949674,2230203.452446,30.498853,434.113535,-0.093316
1459717455.985957,5961544.993183,-379089.004821,2230195.380013,27.649181,434.304347,-0.086016
1459717545.985957,5963905.140003,-339993.728647,2230187.964697,24.798318,434.476452,-0.078713
1459717635.985957,5966008.660149,-300883.805048,2230181.206817,21.946386,434.629844,-0.071407
1459717725.985957,5967855.463019,-261760.918548,2230175.106665,19.093510,434.764516,-0.064097
1459717815.985957,5969445.469068,-222626.754230,2230169.664504,16.239811,434.880461,-0.056785
1459717905.985957,5970778.609813,-183482.997664,2230164.880568,13.385412,434.977676,-0.049470
1459717995.985957,5971854.827833,-144331.334831,2230160.755064,10.530437,435.056155,-0.042153
1459718085.985957,5972674.076773,-105173.452054,2230157.288169,7.675009,435.115896,-0.034834
1459718175.985957,5973236.321348,-66011.035925,2230154.480033,4.819250,435.156896,-0.027514
1459718265.985957,5973541.537341,-26845.773229,2230152.330778,1.963283,435.179153,-0.020192
1459718355.985957,5973589.711605,12320.649125,2230150.840495,-0.892768,435.182666,-0.012870
1459718445.985957,5973380.842066,51486.544179,2230150.009250,-3.748781,435.167435,-0.005547
1459718535.985957,5972914.937720,90650.224998,2230149.837077,-6.604632,435.133461,0.001776
1459718625.985957,5972192.018635,129810.004740,2230150.323986,-9.460199,435.080745,0.009099
1459718715.985957,5971212.115947,168964.196733,2230151.469955,-12.315358,435.009289,0.016422
1459718805.985957,5969975.271863,208111.114546,2230153.274935,-15.169987,434.919097,0.023744
1459718895.985957,5968481.539655,247249.072060,2230155.738848,-18.023963,434.810172,0.031064
1459718985.985957,5966730.983661,286376.383542,2230158.861589,-20.877162,434.682520,0.038384
1459719075.985957,5964723.679280,325491.363720,2230162.643023,-23.729462,434.536144,0.045702
1459719165.985957,5962459.712970,364592.327849,2230167.082987,-26.580740,434.371053,0.053018
1459719255.985957,5959939.182243,403677.591791,2230172.181291,-29.430873,434.187253,0.060332
1459719345.985957,5957162.195663,442745.472083,2230177.937715,-32.279739,433.984751,0.067643
1459719435.985957,5954128.872838,481794.286010,2230184.352011,-35.127214,433.763557,0.074951
1459719525.985957,5950839.344419,520822.351681,2230191.423903,-37.973176,433.523680,0.082256
1459719615.985957,5947293.752091,559827.988096,2230199.153088,-40.817502,433.265131,0.089557
1459719705.985957,5943492.248568,598809.515220,2230207.539231,-43.660071,432.987920,0.096855
1459719795.985957,5939434.997587,637765.254061,2230216.581973,-46.500759,432.692060,0.104148
1459719885.985957,5935122.173899,676693.526733,2230226.280923,-49.339444,432.377563,0.111437
1459719975.985957,5930553.963265,715592.656535,2230236.635665,-52.176004,432.044443,0.118721
1459720065.985957,5925730.562445,754460.968023,2230247.645752,-55.010317,431.692714,0.126000
1459720155.985957,5920652.179191,793296.787077,2230259.310711,-57.842260,431.322392,0.133274
1459720245.985957,5915319.032235,832098.440978,2230271.630039,-60.671712,430.933491,0.140542
1459720335.985957,5909731.351285,870864.258479,2230284.603206,-63.498551,430.526030,0.147804
1459720425.985957,5903889.377011,909592.569877,2230298.229652,-66.322654,430.100025,0.155059
1459720515.985957,5897793.361037,948281.707083,2230312.508793,-69.143902,429.655495,0.162308
1459720605.985957,5891443.565926,986930.003695,2230327.440012,-71.962171,429.192460,0.169549
1459720695.985957,5884840.265175,1025535.795072,2230343.022667,-74.777340,428.710938,0.176784
1459720785.985957,5877983.743197,1064097.418404,2230359.256086,-77.589289,428.210951,0.184011
1459720875.985957,5870874.295315,1102613.212779,2230376.139572,-80.397896,427.692520,0.191230
1459720965.985957,5863512.227742,1141081.519265,2230393.672396,-83.203039,427.155668,0.198440
1459721055.985957,5855897.857575,1179500.680970,2230411.853803,-86.004600,426.600418,0.205643
1459721145.985957,5848031.512777,1217869.043123,2230430.683012,-88.802456,426.026794,0.212836
1459721235.985957,5839913.532163,1256184.953139,2230450.159211,-91.596487,425.434819,0.220020
1459721325.985957,5831544.265386,1294446.760692,2230470.281561,-94.386573,424.824521,0.227195
1459721415.985957,5822924.072926,1332652.817786,2230491.049196,-97.172593,424.195925,0.234359
1459721505.985957,5814053.326065,1370801.478827,2230512.461222,-99.954428,423.549058,0.241514
1459721595.985957,5804932.406883,1408891.100695,2230534.516716,-102.731958,422.883948,0.248659
1459721685.985957,5795561.708229,1446920.042809,2230557.214729,-105.505063,422.200624,0.255792
1459721775.985957,5785941.633716,1484886.667204,2230580.554283,-108.273624,421.499114,0.262915
1459721865.985957,5776072.597695,1522789.338599,2230604.534373,-111.037521,420.779451,0.270026
1459721955.985957,5765955.025239,1560626.424466,2230629.153967,-113.796636,420.041664,0.277126
1459722045.985957,5755589.352130,1598396.295105,2230654.412004,-116.550849,419.285784,0.284214
1459722135.985957,5744976.024833,1636097.323708,2230680.307396,-119.300043,418.511846,0.291289
1459722225.985957,5734115.500479,1673727.886434,2230706.839029,-122.044097,417.719882,0.298352
1459722315.985957,5723008.246849,1711286.362475,2230734.005760,-124.782896,416.909925,0.305402
1459722405.985957,5711654.742350,1748771.134131,2230761.806419,-127.516319,416.082012,0.312439
1459722495.985957,5700055.475994,1786180.586873,2230790.239808,-130.244251,415.236178,0.319463
1459722585.985957,5688210.947379,1823513.109420,2230819.304704,-132.966572,414.372458,0.326473
1459722675.985957,5676121.666669,1860767.093800,2230848.999854,-135.683167,413.490892,0.333468
1459722765.985957,5663788.154567,1897940.935428,2230879.323980,-138.393917,412.591515,0.340450
1459722855.985957,5651210.942297,1935033.033168,2230910.275776,-141.098707,411.674367,0.347416
1459722945.985957,5638390.571579,1972041.789407,2230941.853908,-143.797419,410.739488,0.354368
1459723035.985957,5625327.594605,2008965.610119,2230974.057017,-146.489937,409.786918,0.361305
1459723125.985957,5612022.574019,2045802.904939,2231006.883717,-149.176146,408.816697,0.368225
1459723215.985957,5598476.082889,2082552.087227,2231040.332592,-151.855930,407.828869,0.375131
1459723305.985957,5584688.704683,2119211.574140,2231074.402203,-154.529173,406.823474,0.382019
1459723395.985957,5570661.033245,2155779.786696,2231109.091083,-157.195761,405.800557,0.388892
1459723485.985957,5556393.672768,2192255.149845,2231144.397738,-159.855577,404.760161,0.395748
1459723575.985957,5541887.237770,2228636.092537,2231180.320646,-162.508509,403.702332,0.402586
1459723665.985957,5527142.353065,2264921.047789,2231216.858261,-165.154441,402.627115,0.409408
1459723755.985957,5512159.653739,2301108.452752,2231254.009010,-167.793259,401.534556,0.416211
1459723845.985957,5496939.785119,2337196.748777,2231291.771293,-170.424850,400.424702,0.422997
1459723935.985957,5481483.402749,2373184.381486,2231330.143482,-173.049101,399.297601,0.429764
1459724025.985957,5465791.172360,2409069.800836,2231369.123926,-175.665899,398.153302,0.436514
1459724115.985957,5449863.769839,2444851.461186,2231408.710946,-178.275130,396.991854,0.443244
1459724205.985957,5433701.881206,2480527.821365,2231448.902837,-180.876683,395.813306,0.449955
1459724295.985957,5417306.202577,2516097.344736,2231489.697867,-183.470444,394.617711,0.456647
1459724385.985957,5400677.440140,2551558.499265,2231531.094281,-186.056304,393.405119,0.463319
1459724475.985957,5383816.310122,2586909.757586,2231573.090295,-188.634150,392.175582,0.469971
1459724565.985957,5366723.538757,2622149.597064,2231615.684100,-191.203871,390.929153,0.476603
1459724655.985957,5349399.862258,2657276.499866,2231658.873863,-193.765357,389.665887,0.483214
1459724745.985957,5331846.026782,2692288.953020,2231702.657723,-196.318497,388.385837,0.489805
1459724835.985957,5314062.788401,2727185.448488,2231747.033794,-198.863181,387.089059,0.496374
1459724925.985957,5296050.913065,2761964.483221,2231792.000165,-201.399300,385.775608,0.502922
1459725015.985957,5277811.176575,2796624.559234,2231837.554900,-203.926744,384.445541,0.509449
1459725105.985957,5259344.364544,2831164.183664,2231883.696036,-206.445405,383.098915,0.515953
1459725195.985957,5240651.272367,2865581.868834,2231930.421587,-208.955174,381.735789,0.522435
1459725285.985957,5221732.705183,2899876.132322,2231977.729540,-211.455942,380.356221,0.528895
1459725375.985957,5202589.477845,2934045.497022,2232025.617857,-213.947603,378.960271,0.535332
1459725465.985957,5183222.414882,2968088.491205,2232074.084477,-216.430050,377.547998,0.541746
1459725555.985957,5163632.350462,3002003.648587,2232123.127312,-218.903174,376.119463,0.548137
1459725645.985957,5143820.128361,3035789.508390,2232172.744249,-221.366869,374.674728,0.554504
1459725735.985957,5123786.601922,3069444.615404,2232222.933152,-223.821030,373.213856,0.560847
1459725825.985957,5103532.634019,3102967.520052,2232273.691858,-226.265551,371.736908,0.567166
1459725915.985957,5083059.097022,3136356.778450,2232325.018183,-228.700326,370.243950,0.573460
1459726005.985957,5062366.872758,3169610.952472,2232376.909916,-231.125250,368.735044,0.579730
1459726095.985957,5041456.852474,3202728.609807,2232429.364821,-233.540220,367.210257,0.585975
1459726185.985957,5020329.936797,3235708.324029,2232482.380639,-235.945131,365.669653,0.592195
1459726275.985957,4998987.035695,3268548.674648,2232535.955088,-238.339879,364.113299,0.598389
1459726365.985957,4977429.068441,3301248.247181,2232590.085860,-240.724361,362.541262,0.604557
1459726455.985957,4955656.963569,3333805.633206,2232644.770622,-243.098476,360.953610,0.610700
1459726545.985957,4933671.658838,3366219.430426,2232700.007021,-245.462119,359.350411,0.616816
1459726635.985957,4911474.101189,3398488.242729,2232755.792678,-247.815190,357.731734,0.622905
1459726725.985957,4889065.246706,3430610.680246,2232812.125189,-250.157587,356.097650,0.628968
1459726815.985957,4866446.060571,3462585.359416,2232869.002128,-252.489210,354.448227,0.635003
1459726905.985957,4843617.517030,3494410.903038,2232926.421046,-254.809958,352.783538,0.641011
1459726995.985957,4820580.599342,3526085.940337,2232984.379470,-257.119730,351.103654,0.646992
1459727085.985957,4797336.299744,3557609.107020,2233042.874904,-259.418428,349.408648,0.652945
1459727175.985957,4773885.619403,3588979.045337,2233101.904828,-261.705952,347.698592,0.658869
1459727265.985957,4750229.568376,3620194.404134,2233161.466700,-263.982205,345.973560,0.664765
1459727355.985957,4726369.165567,3651253.838918,2233221.557955,-266.247087,344.233626,0.670633
1459727445.985957,4702305.438680,3682156.011911,2233282.176005,-268.500501,342.478866,0.676472
1459727535.985957,4678039.424177,3712899.592108,2233343.318238,-270.742351,340.709354,0.682281
1459727625.985957,4653572.167233,3743483.255337,2233404.982022,-272.972539,338.925168,0.688061
1459727715.985957,4628904.721691,3773905.684310,2233467.164700,-275.190970,337.126384,0.693812
1459727805.985957,4604038.150015,3804165.568688,2233529.863595,-277.397549,335.313079,0.699533
1459727895.985957,4578973.523248,3834261.605129,2233593.076006,-279.592179,333.485332,0.705223
1459727985.985957,4553711.920961,3864192.497351,2233656.799211,-281.774767,331.643221,0.710883
1459728075.985957,4528254.431224,3893956.956171,2233721.030465,-283.945218,329.786825,0.716513
1459728165.985957,4502602.150523,3923553.699594,2233785.767001,-286.103439,327.916225,0.722112
1459728255.985957,4476756.183737,3952981.452849,2233851.006032,-288.249338,326.031502,0.727679
1459728345.985957,4450717.644092,3982238.948438,2233916.744748,-290.382821,324.132735,0.733215
1459728435.985957,4424487.653107,4011324.926194,2233982.980317,-292.503797,322.220008,0.738720
1459728525.985957,4398067.340550,4040238.133340,2234049.709887,-294.612174,320.293402,0.744193
1459728615.985957,4371457.844384,4068977.324538,2234116.930584,-296.707862,318.353001,0.749634
1459728705.985957,4344660.310721,4097541.261949,2234184.639512,-298.790770,316.398887,0.755042
1459728795.985957,4317675.893772,4125928.715277,2234252.833755,-300.860809,314.431146,0.760418
1459728885.985957,4290505.755799,4154138.461832,2234321.510377,-302.917889,312.449862,0.765761
1459728975.985957,4263151.067061,4182169.286577,2234390.666419,-304.961922,310.455120,0.771072
1459729065.985957,4235613.005767,4210019.982180,2234460.298903,-306.992820,308.447007,0.776349
1459729155.985957,4207892.758025,4237689.349069,2234530.404830,-309.010496,306.425608,0.781592
1459729245.985957,4179991.517787,4265176.195480,2234600.981180,-311.014861,304.391011,0.786802
1459729335.985957,4151910.486804,4292479.337514,2234672.024914,-313.005831,302.343303,0.791978
1459729425.985957,4123650.874570,4319597.599181,2234743.532971,-314.983319,300.282573,0.797120
1459729515.985957,4095213.898270,4346529.812456,2234815.502273,-316.947241,298.208909,0.802228
1459729605.985957,4066600.782728,4373274.817327,2234887.929719,-318.897511,296.122401,0.807301
1459729695.985957,4037812.760355,4399831.461845,2234960.812189,-320.834045,294.023138,0.812339
1459729785.985957,4008851.071098,4426198.602174,2235034.146546,-322.756761,291.911212,0.817343
1459729875.985957,3979716.962379,4452375.102641,2235107.929630,-324.665575,289.786712,0.822311
1459729965.985957,3950411.689051,4478359.835782,2235182.158263,-326.560405,287.649731,0.827243
1459730055.985957,3920936.513337,4504151.682396,2235256.829249,-328.441170,285.500360,0.832141
1459730145.985957,3891292.704778,4529749.531588,2235331.939371,-330.307788,283.338693,0.837002
1459730235.985957,3861481.540180,4555152.280818,2235407.485395,-332.160180,281.164821,0.841827
1459730325.985957,3831504.303556,4580358.835951,2235483.464066,-333.998265,278.978839,0.846616
1459730415.985957,3801362.286071,4605368.111301,2235559.872113,-335.821964,276.780842,0.851368
1459730505.985957,3771056.785989,4630179.029680,2235636.706244,-337.631198,274.570923,0.856084
1459730595.985957,3740589.108615,4654790.522444,2235713.963150,-339.425890,272.349177,0.860763
1459730685.985957,3709960.566239,4679201.529538,2235791.639503,-341.205963,270.115701,0.865405
1459730775.985957,3679172.478080,4703410.999541,2235869.731959,-342.971340,267.870591,0.870009
1459730865.985957,3648226.170229,4727417.889713,2235948.237154,-344.721944,265.613944,0.874576
1459730955.985957,3617122.975590,4751221.166042,2236027.151705,-346.457700,263.345855,0.879106
1459731045.985957,3585864.233827,4774819.803283,2236106.472216,-348.178534,261.066425,0.883597
1459731135.985957,3554451.291303,4798212.785006,2236186.195269,-349.884371,258.775749,0.888051
1459731225.985957,3522885.501021,4821399.103640,2236266.317430,-351.575139,256.473928,0.892466
1459731315.985957,3491168.222568,4844377.760513,2236346.835249,-353.250763,254.161060,0.896843
1459731405.985957,3459300.822058,4867147.765900,2236427.745258,-354.911172,251.837245,0.901181
1459731495.985957,3427284.672069,4889708.139060,2236509.043971,-356.556295,249.502583,0.905481
1459731585.985957,3395121.151586,4912057.908283,2236590.727888,-358.186061,247.157174,0.909741
1459731675.985957,3362811.645941,4934196.110932,2236672.793491,-359.800398,244.801120,0.913962
1459731765.985957,3330357.546756,4956121.793478,2236755.237243,-361.399239,242.434522,0.918144
1459731855.985957,3297760.251877,4977834.011548,2236838.055596,-362.982513,240.057482,0.922286
1459731945.985957,3265021.165323,4999331.829965,2236921.244982,-364.550154,237.670103,0.926389
1459732035.985957,3232141.697215,5020614.322782,2237004.801817,-366.102092,235.272486,0.930452
1459732125.985957,3199123.263723,5041680.573331,2237088.722503,-367.638262,232.864736,0.934474
1459732215.985957,3165967.287003,5062529.674256,2237173.003426,-369.158597,230.446956,0.938456
1459732305.985957,3132675.195134,5083160.727553,2237257.640955,-370.663032,228.019251,0.942398
1459732395.985957,3099248.422058,5103572.844611,2237342.631445,-372.151502,225.581724,0.946300
1459732485.985957,3065688.407517,5123765.146248,2237427.971235,-373.623943,223.134481,0.950160
1459732575.985957,3031996.596994,5143736.762750,2237513.656651,-375.080292,220.677627,0.953980
1459732665.985957,2998174.441647,5163486.833910,2237599.684001,-376.520484,218.211269,0.957759
1459732755.985957,2964223.398249,5183014.509061,2237686.049580,-377.944460,215.735511,0.961496
1459732845.985957,2930144.929124,5202318.947116,2237772.749668,-379.352157,213.250462,0.965192
1459732935.985957,2895940.502085,5221399.316602,2237859.780531,-380.743515,210.756228,0.968846
1459733025.985957,2861611.590369,5240254.795700,2237947.138421,-382.118473,208.252916,0.972459
1459733115.985957,2827159.672575,5258884.572273,2238034.819575,-383.476973,205.740634,0.976029
1459733205.985957,2792586.232601,5277287.843908,2238122.820217,-384.818957,203.219491,0.979558
1459733295.985957,2757892.759580,5295463.817949,2238211.136556,-386.144365,200.689595,0.983045
1459733385.985957,2723080.747811,5313411.711528,2238299.764788,-387.453141,198.151054,0.986489
1459733475.985957,2688151.696703,5331130.751601,2238388.701097,-388.745230,195.603979,0.989890
1459733565.985957,2653107.110705,5348620.174982,2238477.941651,-390.020574,193.048479,0.993249
1459733655.985957,2617948.499240,5365879.228374,2238567.482607,-391.279120,190.484665,0.996566
1459733745.985957,2582677.376645,5382907.168402,2238657.320109,-392.520813,187.912645,0.999839
1459733835.985957,2547295.262102,5399703.261649,2238747.450287,-393.745599,185.332532,1.003069
1459733925.985957,2511803.679573,5416266.784678,2238837.869259,-394.953426,182.744437,1.006256
1459734015.985957,2476204.157735,5432597.024075,2238928.573131,-396.144242,180.148470,1.009400
1459734105.985957,2440498.229916,5448693.276469,2239019.557996,-397.317995,177.544744,1.012500
1459734195.985957,2404687.434025,5464554.848572,2239110.819935,-398.474635,174.933371,1.015557
1459734285.985957,2368773.312488,5480181.057199,2239202.355017,-399.614112,172.314464,1.018570
1459734375.985957,2332757.412183,5495571.229306,2239294.159301,-400.736377,169.688134,1.021539
1459734465.985957,2296641.284370,5510724.702015,2239386.228832,-401.841382,167.054496,1.024464
1459734555.985957,2260426.484626,5525640.822642,2239478.559644,-402.929079,164.413662,1.027345
1459734645.985957,2224114.572779,5540318.948727,2239571.147760,-403.999421,161.765747,1.030181
1459734735.985957,2187707.112840,5554758.448060,2239663.989194,-405.052362,159.110865,1.032974
1459734825.985957,2151205.672934,5568958.698709,2239757.079945,-406.087857,156.449129,1.035721
1459734915.985957,2114611.825235,5582919.089047,2239850.416006,-407.105861,153.780655,1.038425
1459735005.985957,2077927.145897,5596639.017780,2239943.993354,-408.106331,151.105557,1.041083
1459735095.985957,2041153.214985,5610117.893967,2240037.807961,-409.089222,148.423951,1.043697
1459735185.985957,2004291.616411,5623355.137054,2240131.855785,-410.054494,145.735952,1.046265
1459735275.985957,1967343.937859,5636350.176892,2240226.132776,-411.002104,143.041676,1.048789
1459735365.985957,1930311.770724,5649102.453764,2240320.634873,-411.932011,140.341238,1.051267
1459735455.985957,1893196.710039,5661611.418409,2240415.358005,-412.844176,137.634757,1.053700
1459735545.985957,1856000.354407,5673876.532048,2240510.298094,-413.738559,134.922347,1.056088
1459735635.985957,1818724.305933,5685897.266403,2240605.451049,-414.615122,132.204125,1.058430
1459735725.985957,1781370.170153,5697673.103722,2240700.812773,-415.473826,129.480210,1.060727
1459735815.985957,1743939.555969,5709203.536802,2240796.379158,-416.314636,126.750717,1.062978
1459735905.985957,1706434.075575,5720488.069009,2240892.146088,-417.137514,124.015766,1.065183
1459735995.985957,1668855.344390,5731526.214300,2240988.109438,-417.942425,121.275472,1.067343
1459736085.985957,1631204.980988,5742317.497247,2241084.265075,-418.729335,118.529955,1.069456
1459736175.985957,1593484.607029,5752861.453051,2241180.608857,-419.498210,115.779333,1.071523
1459736265.985957,1555695.847188,5763157.627568,2241277.136635,-420.249016,113.023724,1.073544
1459736355.985957,1517840.329086,5773205.577325,2241373.844252,-420.981722,110.263247,1.075519
1459736445.985957,1479919.683218,5783004.869543,2241470.727541,-421.696295,107.498021,1.077448
1459736535.985957,1441935.542885,5792555.082150,2241567.782331,-422.392705,104.728165,1.079330
1459736625.985957,1403889.544123,5801855.803803,2241665.004440,-423.070922,101.953797,1.081166
1459736715.985957,1365783.325632,5810906.633907,2241762.389682,-423.730916,99.175039,1.082955
1459736805.985957,1327618.528706,5819707.182629,2241859.933861,-424.372660,96.392009,1.084697
1459736895.985957,1289396.797162,5828257.070914,2241957.632777,-424.996125,93.604827,1.086393
1459736985.985957,1251119.777270,5836555.930505,2242055.482221,-425.601285,90.813613,1.088042
1459737075.985957,1212789.117679,5844603.403959,2242153.477980,-426.188114,88.018488,1.089644
1459737165.985957,1174406.469352,5852399.144658,2242251.615832,-426.756587,85.219572,1.091199
1459737255.985957,1135973.485487,5859942.816828,2242349.891550,-427.306678,82.416986,1.092708
1459737345.985957,1097491.821454,5867234.095550,2242448.300901,-427.838364,79.610849,1.094169
1459737435.985957,1058963.134716,5874272.666778,2242546.839647,-428.351623,76.801284,1.095583
1459737525.985957,1020389.084765,5881058.227350,2242645.503544,-428.846432,73.988410,1.096950
1459737615.985957,981771.333045,5887590.485001,2242744.288342,-429.322770,71.172350,1.098269
1459737705.985957,943111.542881,5893869.158377,2242843.189786,-429.780616,68.353224,1.099541
1459737795.985957,904411.379412,5899893.977045,2242942.203617,-430.219951,65.531155,1.100766
1459737885.985957,865672.509512,5905664.681508,2243041.325569,-430.640756,62.706262,1.101944
1459737975.985957,826896.601727,5911181.023212,2243140.551374,-431.043012,59.878669,1.103074
1459738065.985957,788085.326192,5916442.764560,2243239.876758,-431.426703,57.048497,1.104156
1459738155.985957,749240.354572,5921449.678920,2243339.297442,-431.791812,54.215868,1.105191
1459738245.985957,710363.359978,5926201.550637,2243438.809145,-432.138322,51.380903,1.106179
1459738335.985957,671456.016903,5930698.175041,2243538.407580,-432.466220,48.543725,1.107118
1459738425.985957,632520.001147,5934939.358454,2243638.088458,-432.775491,45.704457,1.108010
1459738515.985957,593556.989744,5938924.918202,2243737.847484,-433.066121,42.863220,1.108855
1459738605.985957,554568.660892,5942654.682622,2243837.680363,-433.338099,40.020137,1.109651
1459738695.985957,515556.693878,5946128.491066,2243937.582795,-433.591412,37.175330,1.110400
1459738785.985957,476522.769008,5949346.193913,2244037.550475,-433.826049,34.328922,1.111101
1459738875.985957,437468.567535,5952307.652570,2244137.579100,-434.042001,31.481035,1.111754
1459738965.985957,398395.771582,5955012.739483,2244237.664360,-434.239258,28.631792,1.112359
1459739055.985957,359306.064076,5957461.338140,2244337.801944,-434.417812,25.781316,1.112916
1459739145.985957,320201.128671,5959653.343076,2244437.987540,-434.577655,22.929730,1.113425
1459739235.985957,281082.649678,5961588.659878,2244538.216832,-434.718780,20.077156,1.113887
1459739325.985957,241952.311989,5963267.205188,2244638.485503,-434.841181,17.223717,1.114300
1459739415.985957,202811.801010,5964688.906710,2244738.789235,-434.944852,14.369537,1.114666
1459739505.985957,163662.802582,5965853.703208,2244839.123707,-435.029790,11.514737,1.114983
1459739595.985957,124507.002914,5966761.544512,2244939.484598,-435.095990,8.659442,1.115252
1459739685.985957,85346.088507,5967412.391522,2245039.867585,-435.143450,5.803773,1.115474
1459739775.985957,46181.746082,5967806.216202,2245140.268344,-435.172168,2.947855,1.115647
1459739865.985957,7015.662507,5967943.001592,2245240.682551,-435.182142,0.091810,1.115772
1459739955.985957,-32150.475272,5967822.741799,2245341.105881,-435.173373,-2.764240,1.115849
1459740045.985957,-71314.980310,5967445.442003,2245441.534009,-435.145859,-5.620170,1.115878
1459740135.985957,-110476.165731,5966811.118455,2245541.962609,-435.099604,-8.475858,1.115860
1459740225.985957,-149632.344802,5965919.798477,2245642.387355,-435.034608,-11.331181,1.115792
1459740315.985957,-188781.831006,5964771.520458,2245742.803922,-434.950874,-14.186016,1.115677
1459740405.985957,-227922.938113,5963366.333858,2245843.207984,-434.848406,-17.040240,1.115514
1459740495.985957,-267053.980256,5961704.299198,2245943.595218,-434.727209,-19.893731,1.115303
1459740585.985957,-306173.271999,5959785.488067,2246043.961299,-434.587287,-22.746364,1.115044
1459740675.985957,-345279.128414,5957609.983110,2246144.301905,-434.428647,-25.598017,1.114737
1459740765.985957,-384369.865151,5955177.878030,2246244.612713,-434.251295,-28.448568,1.114381
1459740855.985957,-423443.798513,5952489.277580,2246344.889403,-434.055240,-31.297894,1.113978
1459740945.985957,-462499.245522,5949544.297564,2246445.127656,-433.840489,-34.145872,1.113527
1459741035.985957,-501534.524003,5946343.064825,2246545.323155,-433.607052,-36.992379,1.113028
1459741125.985957,-540547.952643,5942885.717247,2246645.471584,-433.354939,-39.837292,1.112481
1459741215.985957,-579537.851075,5939172.403742,2246745.568628,-433.084160,-42.680490,1.111886
1459741305.985957,-618502.539942,5935203.284249,2246845.609978,-432.794728,-45.521849,1.111243
1459741395.985957,-657440.340975,5930978.529723,2246945.591324,-432.486655,-48.361248,1.110552
1459741485.985957,-696349.577064,5926498.322132,2247045.508359,-432.159954,-51.198564,1.109813
1459741575.985957,-735228.572327,5921762.854445,2247145.356781,-431.814639,-54.033674,1.109027
1459741665.985957,-774075.652185,5916772.330626,2247245.132288,-431.450725,-56.866457,1.108192
1459741755.985957,-812889.143433,5911526.965624,2247344.830582,-431.068228,-59.696791,1.107311
1459741845.985957,-851667.374316,5906026.985365,2247444.447371,-430.667164,-62.524554,1.106381
1459741935.985957,-890408.674594,5900272.626743,2247543.978362,-430.247551,-65.349624,1.105404
1459742025.985957,-929111.375620,5894264.137605,2247643.419269,-429.809406,-68.171878,1.104379
1459742115.985957,-967773.810408,5888001.776748,2247742.765809,-429.352749,-70.991197,1.103306
1459742205.985957,-1006394.313708,5881485.813901,2247842.013703,-428.877599,-73.807458,1.102186
1459742295.985957,-1044971.222074,5874716.529716,2247941.158676,-428.383976,-76.620540,1.101019
1459742385.985957,-1083502.873939,5867694.215757,2248040.196458,-427.871902,-79.430322,1.099804
1459742475.985957,-1121987.609684,5860419.174486,2248139.122783,-427.341399,-82.236682,1.098542
1459742565.985957,-1160423.771714,5852891.719250,2248237.933389,-426.792490,-85.039501,1.097232
1459742655.985957,-1198809.704522,5845112.174268,2248336.624022,-426.225199,-87.838657,1.095875
1459742745.985957,-1237143.754768,5837080.874618,2248435.190429,-425.639549,-90.634029,1.094471
1459742835.985957,-1275424.271343,5828798.166220,2248533.628367,-425.035566,-93.425498,1.093020
1459742925.985957,-1313649.605448,5820264.405822,2248631.933594,-424.413276,-96.212942,1.091522
1459743015.985957,-1351818.110657,5811479.960988,2248730.101877,-423.772706,-98.996243,1.089976
1459743105.985957,-1389928.142994,5802445.210077,2248828.128987,-423.113883,-101.775280,1.088384
1459743195.985957,-1427978.061001,5793160.542229,2248926.010703,-422.436837,-104.549933,1.086745
1459743285.985957,-1465966.225808,5783626.357350,2249023.742807,-421.741595,-107.320083,1.085059
1459743375.985957,-1503891.001207,5773843.066092,2249121.321091,-421.028188,-110.085610,1.083327
1459743465.985957,-1541750.753718,5763811.089836,2249218.741352,-420.296647,-112.846396,1.081547
1459743555.985957,-1579543.852664,5753530.860675,2249315.999393,-419.547003,-115.602322,1.079721
1459743645.985957,-1617268.670237,5743002.821394,2249413.091026,-418.779289,-118.353268,1.077849
1459743735.985957,-1654923.581571,5732227.425453,2249510.012069,-417.993537,-121.099116,1.075930
1459743825.985957,-1692506.964810,5721205.136964,2249606.758346,-417.189781,-123.839749,1.073965
1459743915.985957,-1730017.201180,5709936.430675,2249703.325691,-416.368057,-126.575048,1.071954
1459744005.985957,-1767452.675056,5698421.791946,2249799.709945,-415.528398,-129.304895,1.069896
1459744095.985957,-1804811.774035,5686661.716730,2249895.906956,-414.670843,-132.029173,1.067792
1459744185.985957,-1842092.889003,5674656.711552,2249991.912580,-413.795427,-134.747763,1.065643
1459744275.985957,-1879294.414203,5662407.293487,2250087.722683,-412.902188,-137.460551,1.063447
1459744365.985957,-1916414.747309,5649913.990135,2250183.333137,-411.991164,-140.167417,1.061206
1459744455.985957,-1953452.289491,5637177.339602,2250278.739825,-411.062396,-142.868246,1.058919
1459744545.985957,-1990405.445484,5624197.890477,2250373.938637,-410.115922,-145.562922,1.056586
1459744635.985957,-2027272.623658,5610976.201803,2250468.925473,-409.151785,-148.251328,1.054208
1459744725.985957,-2064052.236086,5597512.843060,2250563.696241,-408.170024,-150.933349,1.051784
1459744815.985957,-2100742.698615,5583808.394135,2250658.246860,-407.170683,-153.608868,1.049315
1459744905.985957,-2137342.430928,5569863.445300,2250752.573257,-406.153804,-156.277772,1.046801
1459744995.985957,-2173849.856619,5555678.597185,2250846.671368,-405.119432,-158.939944,1.044242
1459745085.985957,-2210263.403255,5541254.460755,2250940.537142,-404.067610,-161.595271,1.041638
1459745175.985957,-2246581.502450,5526591.657278,2251034.166535,-402.998385,-164.243638,1.038989
1459745265.985957,-2282802.589926,5511690.818305,2251127.555514,-401.911802,-166.884930,1.036295
1459745355.985957,-2318925.105585,5496552.585637,2251220.700056,-400.807908,-169.519034,1.033557
1459745445.985957,-2354947.493575,5481177.611303,2251313.596151,-399.686751,-172.145837,1.030774
1459745535.985957,-2390868.202354,5465566.557525,2251406.239795,-398.548378,-174.765225,1.027946
1459745625.985957,-2426685.684763,5449720.096696,2251498.627000,-397.392840,-177.377086,1.025075
1459745715.985957,-2462398.398087,5433638.911348,2251590.753786,-396.220185,-179.981307,1.022159
1459745805.985957,-2498004.804124,5417323.694123,2251682.616184,-395.030464,-182.577776,1.019199
1459745895.985957,-2533503.369250,5400775.147741,2251774.210238,-393.823729,-185.166381,1.016195
1459745985.985957,-2568892.564489,5383993.984975,2251865.532003,-392.600031,-187.747010,1.013148
1459746075.985957,-2604170.865571,5366980.928615,2251956.577545,-391.359423,-190.319553,1.010057
1459746165.985957,-2639336.753007,5349736.711440,2252047.342943,-390.101959,-192.883899,1.006922
1459746255.985957,-2674388.712146,5332262.076185,2252137.824287,-388.827692,-195.439936,1.003744
1459746345.985957,-2709325.233247,5314557.775509,2252228.017679,-387.536678,-197.987556,1.000523
1459746435.985957,-2744144.811539,5296624.571965,2252317.919236,-386.228972,-200.526649,0.997259
1459746525.985957,-2778845.947290,5278463.237963,2252407.525085,-384.904631,-203.057104,0.993951
1459746615.985957,-2813427.145867,5260074.555740,2252496.831366,-383.563711,-205.578813,0.990601
1459746705.985957,-2847886.917804,5241459.317325,2252585.834232,-382.206271,-208.091668,0.987209
1459746795.985957,-2882223.778866,5222618.324505,2252674.529850,-380.832368,-210.595560,0.983773
1459746885.985957,-2916436.250111,5203552.388791,2252762.914400,-379.442063,-213.090381,0.980296
1459746975.985957,-2950522.857955,5184262.331382,2252850.984075,-378.035414,-215.576024,0.976776
1459747065.985957,-2984482.134235,5164748.983131,2252938.735081,-376.612483,-218.052382,0.973214
1459747155.985957,-3018312.616272,5145013.184509,2253026.163638,-375.173330,-220.519348,0.969610
1459747245.985957,-3052012.846934,5125055.785566,2253113.265982,-373.718018,-222.976816,0.965964
1459747335.985957,-3085581.374701,5104877.645898,2253200.038359,-372.246609,-225.424680,0.962277
1459747425.985957,-3119016.753724,5084479.634610,2253286.477033,-370.759168,-227.862834,0.958549
1459747515.985957,-3152317.543889,5063862.630275,2253372.578280,-369.255757,-230.291174,0.954779
1459747605.985957,-3185482.310881,5043027.520900,2253458.338392,-367.736441,-232.709596,0.950968
1459747695.985957,-3218509.626239,5021975.203884,2253543.753675,-366.201287,-235.117994,0.947116
1459747785.985957,-3251398.067429,5000706.585985,2253628.820450,-364.650360,-237.516265,0.943223
1459747875.985957,-3284146.217891,4979222.583274,2253713.535052,-363.083726,-239.904305,0.939289
1459747965.985957,-3316752.667115,4957524.121100,2253797.893834,-361.501455,-242.282013,0.935315
1459748055.985957,-3349216.010688,4935612.134051,2253881.893160,-359.903612,-244.649286,0.931301
1459748145.985957,-3381534.850364,4913487.565909,2253965.529414,-358.290268,-247.006021,0.927247
1459748235.985957,-3413707.794122,4891151.369613,2254048.798992,-356.661492,-249.352117,0.923152
1459748325.985957,-3445733.456222,4868604.507218,2254131.698309,-355.017354,-251.687473,0.919018
1459748415.985957,-3477610.457269,4845847.949853,2254214.223792,-353.357925,-254.011988,0.914845
1459748505.985957,-3509337.424272,4822882.677678,2254296.371889,-351.683276,-256.325563,0.910632
1459748595.985957,-3540912.990701,4799709.679842,2254378.139059,-349.993480,-258.628097,0.906380
1459748685.985957,-3572335.796547,4776329.954443,2254459.521782,-348.288609,-260.919492,0.902088
1459748775.985957,-3603604.488381,4752744.508481,2254540.516553,-346.568737,-263.199649,0.897758
1459748865.985957,-3634717.719413,4728954.357818,2254621.119881,-344.833937,-265.468469,0.893389
1459748955.985957,-3665674.149547,4704960.527133,2254701.328296,-343.084285,-267.725856,0.888982
1459749045.985957,-3696472.445441,4680764.049877,2254781.138342,-341.319855,-269.971710,0.884536
1459749135.985957,-3727111.280566,4656365.968230,2254860.546583,-339.540725,-272.205937,0.880053
1459749225.985957,-3757589.335259,4631767.333056,2254939.549597,-337.746970,-274.428439,0.875531
1459749315.985957,-3787905.296784,4606969.203855,2255018.143982,-335.938667,-276.639122,0.870972
1459749405.985957,-3818057.859383,4581972.648721,2255096.326352,-334.115895,-278.837889,0.866375
1459749495.985957,-3848045.724341,4556778.744295,2255174.093340,-332.278733,-281.024646,0.861741
1459749585.985957,-3877867.600034,4531388.575717,2255251.441596,-330.427258,-283.199299,0.857070
1459749675.985957,-3907522.201986,4505803.236582,2255328.367789,-328.561552,-285.361754,0.852362
1459749765.985957,-3937008.252928,4480023.828888,2255404.868605,-326.681694,-287.511918,0.847617
1459749855.985957,-3966324.482850,4454051.462997,2255480.940748,-324.787765,-289.649698,0.842835
1459749945.985957,-3995469.629057,4427887.257576,2255556.580943,-322.879847,-291.775003,0.838018
1459750035.985957,-4024442.436222,4401532.339559,2255631.785931,-320.958022,-293.887741,0.833164
1459750125.985957,-4053241.656441,4374987.844094,2255706.552474,-319.022373,-295.987820,0.828274
1459750215.985957,-4081866.049287,4348254.914493,2255780.877349,-317.072983,-298.075151,0.823349
1459750305.985957,-4110314.381864,4321334.702185,2255854.757356,-315.109937,-300.149643,0.818388
1459750395.985957,-4138585.428857,4294228.366665,2255928.189314,-313.133318,-302.211208,0.813392
1459750485.985957,-4166677.972588,4266937.075444,2256001.170058,-311.143212,-304.259755,0.808361
1459750575.985957,-4194590.803069,4239462.004001,2256073.696445,-309.139705,-306.295198,0.803295
1459750665.985957,-4222322.718050,4211804.335730,2256145.765351,-307.122882,-308.317448,0.798194
1459750755.985957,-4249872.523075,4183965.261890,2256217.373673,-305.092831,-310.326418,0.793059
1459750845.985957,-4277239.031531,4155945.981552,2256288.518325,-303.049639,-312.322023,0.787890
1459750935.985957,-4304421.064699,4127747.701550,2256359.196243,-300.993395,-314.304174,0.782687
1459751025.985957,-4331417.451809,4099371.636429,2256429.404383,-298.924186,-316.272789,0.777451
1459751115.985957,-4358227.030082,4070819.008388,2256499.139721,-296.842102,-318.227781,0.772180
1459751205.985957,-4384848.644790,4042091.047234,2256568.399253,-294.747233,-320.169066,0.766877
1459751295.985957,-4411281.149298,4013188.990325,2256637.179995,-292.639669,-322.096561,0.761541
1459751385.985957,-4437523.405116,3984114.082517,2256705.478985,-290.519500,-324.010184,0.756171
1459751475.985957,-4463574.281952,3954867.576112,2256773.293282,-288.386818,-325.909850,0.750769
1459751565.985957,-4489432.657751,3925450.730802,2256840.619964,-286.241714,-327.795479,0.745335
1459751655.985957,-4515097.418756,3895864.813615,2256907.456130,-284.084282,-329.666989,0.739869
1459751745.985957,-4540567.459543,3866111.098863,2256973.798903,-281.914614,-331.524300,0.734371
1459751835.985957,-4565841.683080,3836190.868086,2257039.645425,-279.732803,-333.367332,0.728841
1459751925.985957,-4590919.000766,3806105.409993,2257104.992859,-277.538944,-335.196005,0.723280
1459752015.985957,-4615798.332482,3775856.020411,2257169.838390,-275.333131,-337.010241,0.717687
1459752105.985957,-4640478.606636,3745444.002229,2257234.179226,-273.115458,-338.809961,0.712064
1459752195.985957,-4664958.760212,3714870.665340,2257298.012595,-270.886023,-340.595088,0.706410
1459752285.985957,-4689237.738811,3684137.326585,2257361.335748,-268.644919,-342.365546,0.700726
1459752375.985957,-4713314.496699,3653245.309696,2257424.145956,-266.392245,-344.121256,0.695011
1459752465.985957,-4737187.996854,3622195.945240,2257486.440515,-264.128097,-345.862146,0.689267
1459752555.985957,-4760857.211006,3590990.570561,2257548.216740,-261.852573,-347.588138,0.683492
1459752645.985957,-4784321.119686,3559630.529723,2257609.471972,-259.565770,-349.299159,0.677689
1459752735.985957,-4807578.712268,3528117.173452,2257670.203572,-257.267787,-350.995135,0.671856
1459752825.985957,-4830628.987009,3496451.859077,2257730.408923,-254.958723,-352.675994,0.665994
1459752915.985957,-4853470.951100,3464635.950472,2257790.085433,-252.638678,-354.341662,0.660104
1459753005.985957,-4876103.620701,3432670.817997,2257849.230530,-250.307751,-355.992068,0.654185
1459753095.985957,-4898526.020989,3400557.838441,2257907.841668,-247.966043,-357.627141,0.648238
1459753185.985957,-4920737.186195,3368298.394958,2257965.916322,-245.613655,-359.246810,0.642263
1459753275.985957,-4942736.159651,3335893.877014,2258023.451989,-243.250688,-360.851006,0.636260
1459753365.985957,-4964521.993826,3303345.680321,2258080.446192,-240.877244,-362.439660,0.630230
1459753455.985957,-4986093.750371,3270655.206780,2258136.896476,-238.493424,-364.012702,0.624173
1459753545.985957,-5007450.500157,3237823.864421,2258192.800409,-236.099333,-365.570067,0.618089
1459753635.985957,-5028591.323315,3204853.067340,2258248.155584,-233.695072,-367.111685,0.611978
1459753725.985957,-5049515.309278,3171744.235641,2258302.959615,-231.280746,-368.637492,0.605841
1459753815.985957,-5070221.556816,3138498.795372,2258357.210142,-228.856458,-370.147420,0.599678
1459753905.985957,-5090709.174080,3105118.178466,2258410.904829,-226.422313,-371.641406,0.593489
1459753995.985957,-5110977.278636,3071603.822678,2258464.041362,-223.978415,-373.119385,0.587274
1459754085.985957,-5131024.997506,3037957.171523,2258516.617452,-221.524870,-374.581293,0.581035
1459754175.985957,-5150851.467203,3004179.674215,2258568.630836,-219.061784,-376.027067,0.574770
1459754265.985957,-5170455.833770,2970272.785603,2258620.079272,-216.589263,-377.456645,0.568480
1459754355.985957,-5189837.252818,2936237.966108,2258670.960544,-214.107413,-378.869965,0.562166
1459754445.985957,-5208994.889557,2902076.681664,2258721.272461,-211.616341,-380.266967,0.555828
1459754535.985957,-5227927.918839,2867790.403649,2258771.012855,-209.116154,-381.647590,0.549465
1459754625.985957,-5246635.525189,2833380.608827,2258820.179584,-206.606960,-383.011775,0.543079
1459754715.985957,-5265116.902842,2798848.779282,2258868.770530,-204.088868,-384.359463,0.536670
1459754805.985957,-5283371.255775,2764196.402352,2258916.783600,-201.561984,-385.690596,0.530238
1459754895.985957,-5301397.797746,2729424.970569,2258964.216725,-199.026420,-387.005117,0.523782
1459754985.985957,-5319195.752323,2694535.981592,2259011.067863,-196.482283,-388.302969,0.517304
1459755075.985957,-5336764.352921,2659530.938144,2259057.334996,-193.929683,-389.584096,0.510804
1459755165.985957,-5354102.842833,2624411.347948,2259103.016130,-191.368730,-390.848443,0.504282
1459755255.985957,-5371210.475263,2589178.723657,2259148.109298,-188.799535,-392.095955,0.497738
1459755345.985957,-5388086.513359,2553834.582796,2259192.612557,-186.222208,-393.326580,0.491173
1459755435.985957,-5404730.230244,2518380.447690,2259236.523990,-183.636860,-394.540263,0.484586
1459755525.985957,-5421140.909047,2482817.845407,2259279.841706,-181.043603,-395.736953,0.477979
1459755615.985957,-5437317.842935,2447148.307681,2259322.563839,-178.442547,-396.916598,0.471351
1459755705.985957,-5453260.335141,2411373.370854,2259364.688549,-175.833806,-398.079147,0.464703
1459755795.985957,-5468967.699000,2375494.575809,2259406.214021,-173.217492,-399.224550,0.458035
1459755885.985957,-5484439.257968,2339513.467901,2259447.138465,-170.593716,-400.352758,0.451347
1459755975.985957,-5499674.345664,2303431.596892,2259487.460121,-167.962593,-401.463722,0.444639
1459756065.985957,-5514672.305887,2267250.516884,2259527.177250,-165.324236,-402.557394,0.437913
1459756155.985957,-5529432.492652,2230971.786252,2259566.288141,-162.678758,-403.633728,0.431167
1459756245.985957,-5543954.270216,2194596.967577,2259604.791111,-160.026273,-404.692677,0.424403
1459756335.985957,-5558237.013102,2158127.627580,2259642.684499,-157.366895,-405.734194,0.417621
1459756425.985957,-5572280.106131,2121565.337051,2259679.966675,-154.700739,-406.758237,0.410821
1459756515.985957,-5586082.944445,2084911.670785,2259716.636032,-152.027920,-407.764759,0.404003
1459756605.985957,-5599644.933534,2048168.207511,2259752.690991,-149.348554,-408.753718,0.397167
1459756695.985957,-5612965.489263,2011336.529828,2259788.129997,-146.662754,-409.725072,0.390315
1459756785.985957,-5626044.037894,1974418.224134,2259822.951526,-143.970637,-410.678778,0.383445
1459756875.985957,-5638880.016114,1937414.880556,2259857.154076,-141.272320,-411.614796,0.376560
1459756965.985957,-5651472.871057,1900328.092886,2259890.736175,-138.567917,-412.533085,0.369658
1459757055.985957,-5663822.060330,1863159.458510,2259923.696375,-135.857546,-413.433605,0.362740
1459757145.985957,-5675927.052034,1825910.578338,2259956.033257,-133.141324,-414.316319,0.355806
1459757235.985957,-5687787.324788,1788583.056738,2259987.745429,-130.419367,-415.181186,0.348857
1459757325.985957,-5699402.367751,1751178.501462,2260018.831523,-127.691793,-416.028172,0.341893
1459757415.985957,-5710771.680647,1713698.523584,2260049.290201,-124.958718,-416.857238,0.334914
1459757505.985957,-5721894.773780,1676144.737425,2260079.120151,-122.220262,-417.668350,0.327921
1459757595.985957,-5732771.168063,1638518.760483,2260108.320087,-119.476541,-418.461472,0.320914
1459757685.985957,-5743400.395031,1600822.213369,2260136.888753,-116.727675,-419.236570,0.313893
1459757775.985957,-5753781.996867,1563056.719730,2260164.824916,-113.973780,-419.993612,0.306858
1459757865.985957,-5763915.526420,1525223.906186,2260192.127374,-111.214977,-420.732563,0.299811
1459757955.985957,-5773800.547223,1487325.402253,2260218.794951,-108.451384,-421.453393,0.292750
1459758045.985957,-5783436.633513,1449362.840280,2260244.826497,-105.683119,-422.156070,0.285677
1459758135.985957,-5792823.370248,1411337.855373,2260270.220892,-102.910302,-422.840564,0.278591
1459758225.985957,-5801960.353128,1373252.085326,2260294.977041,-100.133053,-423.506846,0.271493
1459758315.985957,-5810847.188607,1335107.170553,2260319.093878,-97.351491,-424.154887,0.264384
1459758405.985957,-5819483.493917,1296904.754014,2260342.570364,-94.565736,-424.784658,0.257263
1459758495.985957,-5827868.897078,1258646.481148,2260365.405487,-91.775908,-425.396134,0.250131
1459758585.985957,-5836003.036917,1220333.999796,2260387.598264,-88.982127,-425.989287,0.242989
1459758675.985957,-5843885.563086,1181968.960136,2260409.147739,-86.184513,-426.564092,0.235836
1459758765.985957,-5851516.136071,1143553.014611,2260430.052984,-83.383187,-427.120524,0.228673
1459758855.985957,-5858894.427211,1105087.817855,2260450.313097,-80.578270,-427.658560,0.221500
1459758945.985957,-5866020.118712,1066575.026623,2260469.927207,-77.769882,-428.178176,0.214317
1459759035.985957,-5872892.903659,1028016.299721,2260488.894467,-74.958144,-428.679349,0.207125
1459759125.985957,-5879512.486032,989413.297933,2260507.214061,-72.143178,-429.162058,0.199924
1459759215.985957,-5885878.580714,950767.683950,2260524.885200,-69.325105,-429.626283,0.192715
1459759305.985957,-5891990.913507,912081.122298,2260541.907122,-66.504045,-430.072003,0.185497
1459759395.985957,-5897849.221144,873355.279269,2260558.279094,-63.680122,-430.499200,0.178272
1459759485.985957,-5903453.251298,834591.822843,2260574.000410,-60.853455,-430.907854,0.171038
1459759575.985957,-5908802.762596,795792.422622,2260589.070394,-58.024167,-431.297948,0.163798
1459759665.985957,-5913897.524625,756958.749759,2260603.488396,-55.192380,-431.669465,0.156550
1459759755.985957,-5918737.317946,718092.476878,2260617.253794,-52.358216,-432.022390,0.149295
1459759845.985957,-5923321.934102,679195.278009,2260630.365997,-49.521797,-432.356707,0.142034
1459759935.985957,-5927651.175626,640268.828518,2260642.824437,-46.683245,-432.672402,0.134767
1459760025.985957,-5931724.856051,601314.805024,2260654.628580,-43.842682,-432.969460,0.127494
1459760115.985957,-5935542.799917,562334.885339,2260665.777916,-41.000231,-433.247870,0.120216
1459760205.985957,-5939104.842779,523330.748387,2260676.271965,-38.156013,-433.507620,0.112932
1459760295.985957,-5942410.831215,484304.074139,2260686.110275,-35.310153,-433.748697,0.105644
1459760385.985957,-5945460.622830,445256.543533,2260695.292421,-32.462771,-433.971093,0.098351
1459760475.985957,-5948254.086265,406189.838406,2260703.818009,-29.613991,-434.174796,0.091054
1459760565.985957,-5950791.101202,367105.641422,2260711.686670,-26.763936,-434.359799,0.083753
1459760655.985957,-5953071.558367,328005.635998,2260718.898065,-23.912728,-434.526094,0.076448
1459760745.985957,-5955095.359537,288891.506232,2260725.451885,-21.060490,-434.673672,0.069140
1459760835.985957,-5956862.417544,249764.936831,2260731.347845,-18.207345,-434.802529,0.061829
1459760925.985957,-5958372.656279,210627.613034,2260736.585693,-15.353415,-434.912658,0.054515
1459761015.985957,-5959626.010692,171481.220550,2260741.165202,-12.498825,-435.004055,0.047199
1459761105.985957,-5960622.426799,132327.445472,2260745.086175,-9.643696,-435.076715,0.039881
1459761195.985957,-5961361.861684,93167.974215,2260748.348443,-6.788151,-435.130636,0.032561
1459761285.985957,-5961844.283499,54004.493438,2260750.951865,-3.932315,-435.165815,0.025240
1459761375.985957,-5962069.671463,14838.689973,2260752.896328,-1.076309,-435.182251,0.017918
1459761465.985957,-5962038.015869,-24327.749249,2260754.181750,1.779744,-435.179943,0.010595
1459761555.985957,-5961749.318082,-63493.137269,2260754.808074,4.635720,-435.158891,0.003271
1459761645.985957,-5961203.590534,-102655.787171,2260754.775272,7.491496,-435.119096,-0.004052
1459761735.985957,-5960400.856732,-141814.012162,2260754.083347,10.346949,-435.060560,-0.011376
1459761825.985957,-5959341.151251,-180966.125634,2260752.732328,13.201957,-434.983285,-0.018699
1459761915.985957,-5958024.519734,-220110.441246,2260750.722273,16.056396,-434.887275,-0.026021
1459762005.985957,-5956451.018889,-259245.272991,2260748.053268,18.910144,-434.772534,-0.033342
1459762095.985957,-5954620.716491,-298368.935272,2260744.725429,21.763077,-434.639066,-0.040662
1459762185.985957,-5952533.691373,-337479.742972,2260740.738897,24.615073,-434.486877,-0.047980
1459762275.985957,-5950190.033426,-376576.011527,2260736.093845,27.466008,-434.315975,-0.055296
1459762365.985957,-5947589.843595,-415656.057001,2260730.790473,30.315761,-434.126366,-0.062609
1459762455.985957,-5944733.233875,-454718.196157,2260724.829008,33.164208,-433.918058,-0.069920
1459762545.985957,-5941620.327304,-493760.746526,2260718.209708,36.011226,-433.691061,-0.077227
1459762635.985957,-5938251.257960,-532782.026486,2260710.932857,38.856693,-433.445384,-0.084532
1459762725.985957,-5934626.170954,-571780.355329,2260702.998769,41.700487,-433.181038,-0.091833
1459762815.985957,-5930745.222423,-610754.053339,2260694.407785,44.542485,-432.898034,-0.099130
1459762905.985957,-5926608.579527,-649701.441856,2260685.160274,47.382564,-432.596385,-0.106422
1459762995.985957,-5922216.420436,-688620.843356,2260675.256636,50.220602,-432.276103,-0.113710
1459763085.985957,-5917568.934328,-727510.581521,2260664.697296,53.056477,-431.937202,-0.120993
1459763175.985957,-5912666.321378,-766368.981309,2260653.482709,55.890067,-431.579697,-0.128271
1459763265.985957,-5907508.792748,-805194.369029,2260641.613357,58.721250,-431.203603,-0.135543
1459763355.985957,-5902096.570581,-843985.072411,2260629.089753,61.549903,-430.808936,-0.142810
1459763445.985957,-5896429.887990,-882739.420680,2260615.912434,64.375905,-430.395714,-0.150070
1459763535.985957,-5890508.989047,-921455.744625,2260602.081969,67.199135,-429.963954,-0.157324
1459763625.985957,-5884334.128776,-960132.376675,2260587.598953,70.019470,-429.513675,-0.164571
1459763715.985957,-5877905.573135,-998767.650966,2260572.464010,72.836790,-429.044896,-0.171811
1459763805.985957,-5871223.599015,-1037359.903419,2260556.677791,75.650972,-428.557638,-0.179044
1459763895.985957,-5864288.494216,-1075907.471805,2260540.240975,78.461896,-428.051921,-0.186269
1459763985.985957,-5857100.557446,-1114408.695820,2260523.154272,81.269440,-427.527767,-0.193486
1459764075.985957,-5849660.098299,-1152861.917157,2260505.418416,84.073484,-426.985198,-0.200694
1459764165.985957,-5841967.437248,-1191265.479576,2260487.034171,86.873907,-426.424239,-0.207894
1459764255.985957,-5834022.905627,-1229617.728977,2260468.002329,89.670587,-425.844913,-0.215085
1459764345.985957,-5825826.845620,-1267917.013468,2260448.323710,92.463406,-425.247245,-0.222267
1459764435.985957,-5817379.610244,-1306161.683439,2260427.999160,95.252242,-424.631262,-0.229439
1459764525.985957,-5808681.563334,-1344350.091635,2260407.029555,98.036976,-423.996988,-0.236602
1459764615.985957,-5799733.079528,-1382480.593220,2260385.415799,100.817487,-423.344453,-0.243754
1459764705.985957,-5790534.544251,-1420551.545856,2260363.158821,103.593655,-422.673683,-0.250895
1459764795.985957,-5781086.353699,-1458561.309766,2260340.259580,106.365362,-421.984708,-0.258026
1459764885.985957,-5771388.914820,-1496508.247812,2260316.719063,109.132487,-421.277558,-0.265146
1459764975.985957,-5761442.645297,-1534390.725561,2260292.538282,111.894912,-420.552262,-0.272254
1459765065.985957,-5751247.973532,-1572207.111355,2260267.718280,114.652517,-419.808853,-0.279351
1459765155.985957,-5740805.338625,-1609955.776383,2260242.260126,117.405184,-419.047362,-0.286435
1459765245.985957,-5730115.190356,-1647635.094753,2260216.164915,120.152794,-418.267821,-0.293507
1459765335.985957,-5719177.989166,-1685243.443559,2260189.433771,122.895229,-417.470266,-0.300567
1459765425.985957,-5707994.206139,-1722779.202948,2260162.067845,125.632371,-416.654729,-0.307613
1459765515.985957,-5696564.322976,-1760240.756200,2260134.068317,128.364102,-415.821246,-0.314647
1459765605.985957,-5684888.831980,-1797626.489786,2260105.436392,131.090303,-414.969854,-0.321667
1459765695.985957,-5672968.236032,-1834934.793445,2260076.173302,133.810859,-414.100588,-0.328672
1459765785.985957,-5660803.048572,-1872164.060251,2260046.280308,136.525651,-413.213486,-0.335664
1459765875.985957,-5648393.793573,-1909312.686681,2260015.758698,139.234562,-412.308586,-0.342642
1459765965.985957,-5635741.005520,-1946379.072686,2259984.609785,141.937477,-411.385927,-0.349604
1459766055.985957,-5622845.229388,-1983361.621761,2259952.834912,144.634278,-410.445549,-0.356552
1459766145.985957,-5609707.020619,-2020258.741008,2259920.435447,147.324850,-409.487493,-0.363484
1459766235.985957,-5596326.945096,-2057068.841213,2259887.412784,150.009076,-408.511800,-0.370400
1459766325.985957,-5582705.579118,-2093790.336906,2259853.768346,152.686840,-407.518511,-0.377301
1459766415.985957,-5568843.509381,-2130421.646437,2259819.503583,155.358029,-406.507670,-0.384185
1459766505.985957,-5554741.332943,-2166961.192038,2259784.619969,158.022526,-405.479320,-0.391053
1459766595.985957,-5540399.657208,-2203407.399894,2259749.119008,160.680216,-404.433505,-0.397904
1459766685.985957,-5525819.099894,-2239758.700211,2259713.002227,163.330986,-403.370271,-0.404738
1459766775.985957,-5511000.289008,-2276013.527281,2259676.271182,165.974721,-402.289663,-0.411554
1459766865.985957,-5495943.862819,-2312170.319553,2259638.927456,168.611307,-401.191728,-0.418353
1459766955.985957,-5480650.469831,-2348227.519698,2259600.972656,171.240631,-400.076513,-0.425133
1459767045.985957,-5465120.768753,-2384183.574677,2259562.408417,173.862579,-398.944066,-0.431896
1459767135.985957,-5449355.428475,-2420036.935807,2259523.236401,176.477039,-397.794435,-0.438639
1459767225.985957,-5433355.128033,-2455786.058827,2259483.458293,179.083898,-396.627672,-0.445364
1459767315.985957,-5417120.556586,-2491429.403968,2259443.075807,181.683043,-395.443824,-0.452070
1459767405.985957,-5400652.413381,-2526965.436016,2259402.090682,184.274363,-394.242945,-0.458756
1459767495.985957,-5383951.407727,-2562392.624378,2259360.504684,186.857745,-393.025084,-0.465422
1459767585.985957,-5367018.258962,-2597709.443151,2259318.319603,189.433080,-391.790296,-0.472069
1459767675.985957,-5349853.696422,-2632914.371184,2259275.537256,192.000255,-390.538633,-0.478695
1459767765.985957,-5332458.459413,-2668005.892147,2259232.159485,194.559161,-389.270148,-0.485300
1459767855.985957,-5314833.297174,-2702982.494594,2259188.188160,197.109686,-387.984897,-0.491885
1459767945.985957,-5296978.968848,-2737842.672028,2259143.625173,199.651722,-386.682935,-0.498448
1459768035.985957,-5278896.243448,-2772584.922967,2259098.472443,202.185159,-385.364318,-0.504990
1459768125.985957,-5260585.899826,-2807207.751009,2259052.731916,204.709887,-384.029102,-0.511510
1459768215.985957,-5242048.726636,-2841709.664894,2259006.405562,207.225798,-382.677346,-0.518008
1459768305.985957,-5223285.522303,-2876089.178573,2258959.495375,209.732783,-381.309107,-0.524484
1459768395.985957,-5204297.094988,-2910344.811266,2258912.003375,212.230735,-379.924445,-0.530937
1459768485.985957,-5185084.262550,-2944475.087530,2258863.931609,214.719546,-378.523419,-0.537367
1459768575.985957,-5165647.852517,-2978478.537320,2258815.282146,217.199108,-377.106089,-0.543775
1459768665.985957,-5145988.702045,-3012353.696057,2258766.057082,219.669315,-375.672517,-0.550158
1459768755.985957,-5126107.657884,-3046099.104683,2258716.258537,222.130061,-374.222764,-0.556518
1459768845.985957,-5106005.576341,-3079713.309733,2258665.888656,224.581240,-372.756892,-0.562855
1459768935.985957,-5085683.323245,-3113194.863390,2258614.949607,227.022745,-371.274965,-0.569166
1459769025.985957,-5065141.773905,-3146542.323552,2258563.443585,229.454472,-369.777047,-0.575454
1459769115.985957,-5044381.813078,-3179754.253891,2258511.372808,231.876316,-368.263202,-0.581716
1459769205.985957,-5023404.334928,-3212829.223920,2258458.739518,234.288173,-366.733496,-0.587954
1459769295.985957,-5002210.242988,-3245765.809047,2258405.545983,236.689939,-365.187993,-0.594166
1459769385.985957,-4980800.450119,-3278562.590643,2258351.794493,239.081510,-363.626762,-0.600353
1459769475.985957,-4959175.878474,-3311218.156099,2258297.487364,241.462783,-362.049868,-0.606513
1459769565.985957,-4937337.459458,-3343731.098891,2258242.626933,243.833656,-360.457381,-0.612648
1459769655.985957,-4915286.133685,-3376100.018634,2258187.215565,246.194027,-358.849368,-0.618756
1459769745.985957,-4893022.850939,-3408323.521149,2258131.255645,248.543795,-357.225898,-0.624838
1459769835.985957,-4870548.570135,-3440400.218521,2258074.749584,250.882856,-355.587043,-0.630892
1459769925.985957,-4847864.259274,-3472328.729156,2258017.699816,253.211112,-353.932872,-0.636920
1459770015.985957,-4824970.895406,-3504107.677844,2257960.108796,255.528462,-352.263456,-0.642920
1459770105.985957,-4801869.464582,-3535735.695816,2257901.979006,257.834806,-350.578868,-0.648892
1459770195.985957,-4778560.961817,-3567211.420805,2257843.312950,260.130044,-348.879179,-0.654837
1459770285.985957,-4755046.391044,-3598533.497102,2257784.113153,262.414079,-347.164465,-0.660753
1459770375.985957,-4731326.765073,-3629700.575616,2257724.382166,264.686810,-345.434797,-0.666641
1459770465.985957,-4707403.105544,-3660711.313935,2257664.122562,266.948141,-343.690250,-0.672500
1459770555.985957,-4683276.442886,-3691564.376376,2257603.336934,269.197975,-341.930901,-0.678330
1459770645.985957,-4658947.816272,-3722258.434051,2257542.027902,271.436213,-340.156824,-0.684131
1459770735.985957,-4634418.273574,-3752792.164919,2257480.198106,273.662760,-338.368096,-0.689902
1459770825.985957,-4609688.871316,-3783164.253845,2257417.850209,275.877521,-336.564794,-0.695644
1459770915.985957,-4584760.674634,-3813373.392656,2257354.986896,278.080399,-334.746995,-0.701356
1459771005.985957,-4559634.757222,-3843418.280198,2257291.610875,280.271299,-332.914778,-0.707037
1459771095.985957,-4534312.201292,-3873297.622391,2257227.724875,282.450128,-331.068223,-0.712688
1459771185.985957,-4508794.097528,-3903010.132285,2257163.331648,284.616791,-329.207407,-0.718309
1459771275.985957,-4483081.545031,-3932554.530116,2257098.433966,286.771195,-327.332413,-0.723898
1459771365.985957,-4457175.651283,-3961929.543362,2257033.034626,288.913248,-325.443319,-0.729456
1459771455.985957,-4431077.532090,-3991133.906795,2256967.136444,291.042856,-323.540208,-0.734983
1459771545.985957,-4404788.311539,-4020166.362538,2256900.742257,293.159929,-321.623162,-0.740479
1459771635.985957,-4378309.121946,-4049025.660118,2256833.854926,295.264375,-319.692263,-0.745942
1459771725.985957,-4351641.103812,-4077710.556521,2256766.477332,297.356104,-317.747594,-0.751373
1459771815.985957,-4324785.405769,-4106219.816242,2256698.612376,299.435025,-315.789239,-0.756772
1459771905.985957,-4297743.184534,-4134552.211346,2256630.262981,301.501049,-313.817283,-0.762138
1459771995.985957,-4270515.604857,-4162706.521510,2256561.432090,303.554087,-311.831810,-0.767471
1459772085.985957,-4243103.839472,-4190681.534087,2256492.122670,305.594050,-309.832907,-0.772772
1459772175.985957,-4215509.069047,-4218476.044147,2256422.337704,307.620851,-307.820658,-0.778039
1459772265.985957,-4187732.482131,-4246088.854540,2256352.080198,309.634402,-305.795151,-0.783272
1459772355.985957,-4159775.275104,-4273518.775938,2256281.353178,311.634617,-303.756473,-0.788472
1459772445.985957,-4131638.652126,-4300764.626891,2256210.159690,313.621409,-301.704711,-0.793638
1459772535.985957,-4103323.825086,-4327825.233880,2256138.502801,315.594693,-299.639955,-0.798770
1459772625.985957,-4074832.013547,-4354699.431362,2256066.385597,317.554384,-297.562292,-0.803867
1459772715.985957,-4046164.444696,-4381386.061823,2255993.811183,319.500397,-295.471814,-0.808930
1459772805.985957,-4017322.353288,-4407883.975829,2255920.782686,321.432649,-293.368609,-0.813958
1459772895.985957,-3988306.981598,-4434192.032074,2255847.303251,323.351056,-291.252768,-0.818950
1459772985.985957,-3959119.579362,-4460309.097428,2255773.376043,325.255536,-289.124382,-0.823908
1459773075.985957,-3929761.403727,-4486234.046990,2255699.004245,327.146007,-286.983543,-0.828830
1459773165.985957,-3900233.719196,-4511965.764132,2255624.191061,329.022387,-284.830343,-0.833716
1459773255.985957,-3870537.797570,-4537503.140549,2255548.939713,330.884595,-282.664876,-0.838567
1459773345.985957,-3840674.917900,-4562845.076306,2255473.253443,332.732552,-280.487233,-0.843381
1459773435.985957,-3810646.366426,-4587990.479887,2255397.135509,334.566178,-278.297510,-0.848159
1459773525.985957,-3780453.436524,-4612938.268241,2255320.589190,336.385393,-276.095799,-0.852900
1459773615.985957,-3750097.428651,-4637687.366827,2255243.617783,338.190120,-273.882197,-0.857605
1459773705.985957,-3719579.650286,-4662236.709664,2255166.224604,339.980280,-271.656799,-0.862273
1459773795.985957,-3688901.415878,-4686585.239373,2255088.412985,341.755797,-269.419699,-0.866903
1459773885.985957,-3658064.046785,-4710731.907226,2255010.186278,343.516594,-267.170996,-0.871497
1459773975.985957,-3627068.871221,-4734675.673187,2254931.547852,345.262595,-264.910785,-0.876052
1459774065.985957,-3595917.224197,-4758415.505963,2254852.501094,346.993725,-262.639163,-0.880570
1459774155.985957,-3564610.447461,-4781950.383041,2254773.049408,348.709909,-260.356230,-0.885050
1459774245.985957,-3533149.889445,-4805279.290738,2254693.196217,350.411074,-258.062083,-0.889492
1459774335.985957,-3501536.905204,-4828401.224242,2254612.944960,352.097147,-255.756820,-0.893896
1459774425.985957,-3469772.856358,-4851315.187655,2254532.299094,353.768054,-253.440542,-0.898261
1459774515.985957,-3437859.111035,-4874020.194038,2254451.262090,355.423723,-251.113347,-0.902588
1459774605.985957,-3405797.043807,-4896515.265450,2254369.837441,357.064084,-248.775337,-0.906875
1459774695.985957,-3373588.035639,-4918799.432994,2254288.028653,358.689066,-246.426611,-0.911124
1459774785.985957,-3341233.473822,-4940871.736856,2254205.839249,360.298598,-244.067272,-0.915333
1459774875.985957,-3308734.751917,-4962731.226348,2254123.272769,361.892612,-241.697420,-0.919503
1459774965.985957,-3276093.269694,-4984376.959948,2254040.332770,363.471038,-239.317158,-0.923633
1459775055.985957,-3243310.433073,-5005808.005341,2253957.022824,365.033809,-236.926588,-0.927724
1459775145.985957,-3210387.654062,-5027023.439458,2253873.346518,366.580858,-234.525813,-0.931774
1459775235.985957,-3177326.350694,-5048022.348517,2253789.307457,368.112117,-232.114937,-0.935785
1459775325.985957,-3144127.946972,-5068803.828064,2253704.909261,369.627521,-229.694064,-0.939755
1459775415.985957,-3110793.872802,-5089366.983007,2253620.155564,371.127005,-227.263297,-0.943684
1459775505.985957,-3077325.563935,-5109710.927660,2253535.050016,372.610504,-224.822742,-0.947573
1459775595.985957,-3043724.461902,-5129834.785778,2253449.596285,374.077954,-222.372503,-0.951422
1459775685.985957,-3009992.013955,-5149737.690594,2253363.798048,375.529292,-219.912686,-0.955229
1459775775.985957,-2976129.673003,-5169418.784860,2253277.659003,376.964455,-217.443397,-0.958995
1459775865.985957,-2942138.897549,-5188877.220880,2253191.182860,378.383381,-214.964743,-0.962720
1459775955.985957,-2908021.151628,-5208112.160549,2253104.373342,379.786011,-212.476829,-0.966403
1459776045.985957,-2873777.904745,-5227122.775390,2253017.234188,381.172282,-209.979764,-0.970044
1459776135.985957,-2839410.631809,-5245908.246585,2252929.769153,382.542135,-207.473655,-0.973644
1459776225.985957,-2804920.813072,-5264467.765014,2252841.982002,383.895512,-204.958610,-0.977202
1459776315.985957,-2770309.934064,-5282800.531292,2252753.876518,385.232354,-202.434736,-0.980718
1459776405.985957,-2735579.485528,-5300905.755796,2252665.456494,386.552603,-199.902144,-0.984192
1459776495.985957,-2700730.963360,-5318782.658707,2252576.725739,387.856203,-197.360941,-0.987623
1459776585.985957,-2665765.868539,-5336430.470039,2252487.688074,389.143097,-194.811238,-0.991012
1459776675.985957,-2630685.707065,-5353848.429674,2252398.347336,390.413230,-192.253144,-0.994358
1459776765.985957,-2595491.989896,-5371035.787392,2252308.707370,391.666548,-189.686770,-0.997661
1459776855.985957,-2560186.232879,-5387991.802908,2252218.772039,392.902996,-187.112225,-1.000921
1459776945.985957,-2524769.956688,-5404715.745900,2252128.545216,394.122521,-184.529621,-1.004138
1459777035.985957,-2489244.686757,-5421206.896042,2252038.030787,395.325070,-181.939069,-1.007312
1459777125.985957,-2453611.953214,-5437464.543034,2251947.232650,396.510592,-179.340681,-1.010442
1459777215.985957,-2417873.290817,-5453487.986635,2251856.154717,397.679036,-176.734568,-1.013529
1459777305.985957,-2382030.238885,-5469276.536689,2251764.800910,398.830352,-174.120843,-1.016573
1459777395.985957,-2346084.341232,-5484829.513160,2251673.175163,399.964489,-171.499618,-1.019572
1459777485.985957,-2310037.146106,-5500146.246156,2251581.281423,401.081399,-168.871007,-1.022528
1459777575.985957,-2273890.206115,-5515226.075963,2251489.123648,402.181033,-166.235122,-1.025439
1459777665.985957,-2237645.078162,-5530068.353068,2251396.705807,403.263345,-163.592077,-1.028307
1459777755.985957,-2201303.323383,-5544672.438192,2251304.031881,404.328288,-160.941986,-1.031130
1459777845.985957,-2164866.507072,-5559037.702315,2251211.105862,405.375816,-158.284962,-1.033908
1459777935.985957,-2128336.198620,-5573163.526701,2251117.931751,406.405884,-155.621122,-1.036642
1459778025.985957,-2091713.971443,-5587049.302930,2251024.513561,407.418447,-152.950578,-1.039332
1459778115.985957,-2055001.402918,-5600694.432920,2250930.855317,408.413462,-150.273447,-1.041977
1459778205.985957,-2018200.074312,-5614098.328954,2250836.961052,409.390886,-147.589843,-1.044577
1459778295.985957,-1981311.570715,-5627260.413705,2250742.834811,410.350677,-144.899882,-1.047131
1459778385.985957,-1944337.480972,-5640180.120262,2250648.480646,411.292794,-142.203680,-1.049641
1459778475.985957,-1907279.397614,-5652856.892154,2250553.902623,412.217196,-139.501353,-1.052106
1459778565.985957,-1870138.916791,-5665290.183372,2250459.104815,413.123842,-136.793018,-1.054525
1459778655.985957,-1832917.638200,-5677479.458395,2250364.091305,414.012695,-134.078790,-1.056899
1459778745.985957,-1795617.165019,-5689424.192211,2250268.866185,414.883716,-131.358788,-1.059227
1459778835.985957,-1758239.103838,-5701123.870344,2250173.433556,415.736867,-128.633128,-1.061510
1459778925.985957,-1720785.064588,-5712577.988869,2250077.797529,416.572111,-125.901928,-1.063747
1459779015.985957,-1683256.660471,-5723786.054440,2249981.962224,417.389413,-123.165304,-1.065938
1459779105.985957,-1645655.507895,-5734747.584308,2249885.931767,418.188738,-120.423376,-1.068083
1459779195.985957,-1607983.226399,-5745462.106343,2249789.710295,418.970050,-117.676261,-1.070182
1459779285.985957,-1570241.438587,-5755929.159054,2249693.301952,419.733317,-114.924077,-1.072235
1459779375.985957,-1532431.770056,-5766148.291609,2249596.710890,420.478505,-112.166944,-1.074242
1459779465.985957,-1494555.849327,-5776119.063854,2249499.941271,421.205583,-109.404979,-1.076203
1459779555.985957,-1456615.307775,-5785841.046332,2249402.997261,421.914518,-106.638302,-1.078117
1459779645.985957,-1418611.779557,-5795313.820303,2249305.883036,422.605281,-103.867032,-1.079985
1459779735.985957,-1380546.901544,-5804536.977759,2249208.602780,423.277842,-101.091289,-1.081807
1459779825.985957,-1342422.313250,-5813510.121445,2249111.160682,423.932172,-98.311191,-1.083581
1459779915.985957,-1304239.656759,-5822232.864873,2249013.560938,424.568242,-95.526858,-1.085310
1459780005.985957,-1266000.576659,-5830704.832341,2248915.807753,425.186025,-92.738412,-1.086991
1459780095.985957,-1227706.719964,-5838925.658950,2248817.905337,425.785495,-89.945970,-1.088626
1459780185.985957,-1189359.736050,-5846894.990614,2248719.857907,426.366626,-87.149655,-1.090213
1459780275.985957,-1150961.276583,-5854612.484083,2248621.669686,426.929392,-84.349586,-1.091754
1459780365.985957,-1112512.995442,-5862077.806952,2248523.344902,427.473770,-81.545884,-1.093248
1459780455.985957,-1074016.548655,-5869290.637678,2248424.887791,427.999736,-78.738670,-1.094694
1459780545.985957,-1035473.594324,-5876250.665593,2248326.302594,428.507268,-75.928064,-1.096094
1459780635.985957,-996885.792552,-5882957.590918,2248227.593556,428.996342,-73.114188,-1.097446
1459780725.985957,-958254.805377,-5889411.124775,2248128.764929,429.466940,-70.297163,-1.098751
1459780815.985957,-919582.296695,-5895610.989201,2248029.820969,429.919039,-67.477110,-1.100008
1459780905.985957,-880869.932191,-5901556.917158,2247930.765939,430.352622,-64.654150,-1.101219
1459780995.985957,-842119.379266,-5907248.652546,2247831.604105,430.767668,-61.828406,-1.102382
1459781085.985957,-803332.306967,-5912685.950212,2247732.339738,431.164160,-58.999999,-1.103497
1459781175.985957,-764510.385912,-5917868.575964,2247632.977112,431.542082,-56.169051,-1.104565
1459781265.985957,-725655.288222,-5922796.306578,2247533.520509,431.901416,-53.335683,-1.105585
1459781355.985957,-686768.687447,-5927468.929810,2247433.974211,432.242148,-50.500018,-1.106558
1459781445.985957,-647852.258492,-5931886.244401,2247334.342506,432.564262,-47.662178,-1.107483
1459781535.985957,-608907.677548,-5936048.060092,2247234.629685,432.867745,-44.822285,-1.108360
1459781625.985957,-569936.622019,-5939954.197626,2247134.840044,433.152584,-41.980462,-1.109189
1459781715.985957,-530940.770448,-5943604.488761,2247034.977879,433.418767,-39.136830,-1.109971
1459781805.985957,-491921.802447,-5946998.776272,2246935.047494,433.666281,-36.291513,-1.110705
1459781895.985957,-452881.398624,-5950136.913962,2246835.053190,433.895117,-33.444632,-1.111391
1459781985.985957,-413821.240508,-5953018.766667,2246734.999276,434.105264,-30.596311,-1.112029
1459782075.985957,-374743.010483,-5955644.210261,2246634.890061,434.296713,-27.746672,-1.112620
1459782165.985957,-335648.391706,-5958013.131661,2246534.729856,434.469457,-24.895838,-1.113162
1459782255.985957,-296539.068045,-5960125.428836,2246434.522976,434.623487,-22.043932,-1.113657
1459782345.985957,-257416.723998,-5961981.010805,2246334.273737,434.758798,-19.191076,-1.114103
1459782435.985957,-218283.044625,-5963579.797644,2246233.986456,434.875382,-16.337394,-1.114502
1459782525.985957,-179139.715475,-5964921.720493,2246133.665453,434.973236,-13.483008,-1.114852
1459782615.985957,-139988.422510,-5966006.721552,2246033.315049,435.052355,-10.628042,-1.115155
1459782705.985957,-100830.852039,-5966834.754089,2245932.939567,435.112736,-7.772617,-1.115409
1459782795.985957,-61668.690639,-5967405.782438,2245832.543329,435.154376,-4.916858,-1.115616
1459782885.985957,-22503.625082,-5967719.782005,2245732.130659,435.177273,-2.060887,-1.115774
1459782975.985957,16662.657728,-5967776.739266,2245631.705884,435.181426,0.795173,-1.115884
1459783065.985957,55828.470841,-5967576.651766,2245531.273327,435.166835,3.651198,-1.115947
1459783155.985957,94992.127325,-5967119.528125,2245430.837316,435.133501,6.507067,-1.115961
1459783245.985957,134151.940339,-5966405.388031,2245330.402175,435.081425,9.362655,-1.115927
1459783335.985957,173306.223210,-5965434.262243,2245229.972230,435.010609,12.217839,-1.115845
1459783425.985957,212453.289503,-5964206.192590,2245129.551808,434.921057,15.072498,-1.115715
1459783515.985957,251591.453093,-5962721.231966,2245029.145234,434.812772,17.926507,-1.115537
1459783605.985957,290719.028238,-5960979.444330,2244928.756832,434.685759,20.779744,-1.115311
1459783695.985957,329834.329653,-5958980.904704,2244828.390926,434.540023,23.632086,-1.115037
1459783785.985957,368935.672582,-5956725.699169,2244728.051839,434.375572,26.483411,-1.114715
1459783875.985957,408021.372869,-5954213.924859,2244627.743892,434.192410,29.333594,-1.114344
1459783965.985957,447089.747033,-5951445.689961,2244527.471407,433.990548,32.182514,-1.113926
1459784055.985957,486139.112338,-5948421.113706,2244427.238702,433.769993,35.030048,-1.113460
1459784145.985957,525167.786867,-5945140.326368,2244327.050094,433.530755,37.876074,-1.112946
1459784235.985957,564174.089596,-5941603.469256,2244226.909898,433.272843,40.720467,-1.112384
1459784325.985957,603156.340462,-5937810.694706,2244126.822429,432.996271,43.563107,-1.111774
1459784415.985957,642112.860440,-5933762.166081,2244026.791996,432.701048,46.403871,-1.111116
1459784505.985957,681041.971611,-5929458.057757,2243926.822908,432.387188,49.242636,-1.110410
1459784595.985957,719941.997239,-5924898.555117,2243826.919470,432.054705,52.079280,-1.109657
1459784685.985957,758811.261839,-5920083.854547,2243727.085987,431.703612,54.913681,-1.108855
1459784775.985957,797648.091252,-5915014.163424,2243627.326758,431.333926,57.745716,-1.108006
1459784865.985957,836450.812715,-5909689.700106,2243527.646079,430.945661,60.575265,-1.107110
1459784955.985957,875217.754936,-5904110.693927,2243428.048245,430.538834,63.402204,-1.106165
1459785045.985957,913947.248162,-5898277.385184,2243328.537544,430.113464,66.226412,-1.105173
1459785135.985957,952637.624254,-5892190.025125,2243229.118263,429.669568,69.047768,-1.104133
1459785225.985957,991287.216757,-5885848.875943,2243129.794685,429.207165,71.866150,-1.103046
1459785315.985957,1029894.360974,-5879254.210762,2243030.571087,428.726276,74.681437,-1.101911
1459785405.985957,1068457.394035,-5872406.313622,2242931.451742,428.226921,77.493507,-1.100729
1459785495.985957,1106974.654970,-5865305.479475,2242832.440921,427.709121,80.302239,-1.099499
1459785585.985957,1145444.484782,-5857952.014164,2242733.542888,427.172899,83.107513,-1.098222
1459785675.985957,1183865.226515,-5850346.234413,2242634.761902,426.618279,85.909207,-1.096898
1459785765.985957,1222235.225328,-5842488.467816,2242536.102218,426.045283,88.707200,-1.095526
1459785855.985957,1260552.828568,-5834379.052820,2242437.568086,425.453937,91.501373,-1.094107
1459785945.985957,1298816.385833,-5826018.338708,2242339.163749,424.844266,94.291605,-1.092642
1459786035.985957,1337024.249055,-5817406.685590,2242240.893446,424.216296,97.077776,-1.091129
1459786125.985957,1375174.772561,-5808544.464383,2242142.761410,423.570054,99.859765,-1.089569
1459786215.985957,1413266.313150,-5799432.056797,2242044.771868,422.905569,102.637453,-1.087962
1459786305.985957,1451297.230159,-5790069.855318,2241946.929039,422.222869,105.410720,-1.086308
1459786395.985957,1489265.885537,-5780458.263189,2241849.237139,421.521982,108.179448,-1.084607
1459786485.985957,1527170.643917,-5770597.694397,2241751.700375,420.802940,110.943515,-1.082860
1459786575.985957,1565009.872682,-5760488.573651,2241654.322948,420.065774,113.702804,-1.081066
1459786665.985957,1602781.942038,-5750131.336368,2241557.109053,419.310514,116.457196,-1.079226
1459786755.985957,1640485.225082,-5739526.428650,2241460.062876,418.537195,119.206572,-1.077339
1459786845.985957,1678118.097876,-5728674.307266,2241363.188597,417.745848,121.950814,-1.075406
1459786935.985957,1715678.939515,-5717575.439635,2241266.490390,416.936508,124.689802,-1.073426
1459787025.985957,1753166.132194,-5706230.303800,2241169.972419,416.109210,127.423421,-1.071400
1459787115.985957,1790578.061282,-5694639.388416,2241073.638841,415.263990,130.151551,-1.069328
1459787205.985957,1827913.115389,-5682803.192721,2240977.493805,414.400883,132.874075,-1.067210
1459787295.985957,1865169.686437,-5670722.226518,2240881.541454,413.519928,135.590876,-1.065046
1459787385.985957,1902346.169728,-5658397.010152,2240785.785919,412.621162,138.301837,-1.062836
1459787475.985957,1939440.964012,-5645828.074491,2240690.231324,411.704623,141.006841,-1.060580
1459787565.985957,1976452.471560,-5633015.960898,2240594.881787,410.770352,143.705771,-1.058279
1459787655.985957,2013379.098229,-5619961.221209,2240499.741413,409.818388,146.398512,-1.055932
1459787745.985957,2050219.253532,-5606664.417714,2240404.814300,408.848773,149.084948,-1.053539
1459787835.985957,2086971.350705,-5593126.123126,2240310.104538,407.861548,151.764962,-1.051102
1459787925.985957,2123633.806780,-5579346.920560,2240215.616205,406.856756,154.438439,-1.048618
1459788015.985957,2160205.042648,-5565327.403508,2240121.353372,405.834440,157.105265,-1.046090
1459788105.985957,2196683.483129,-5551068.175812,2240027.320098,404.794643,159.765323,-1.043517
1459788195.985957,2233067.557040,-5536569.851640,2239933.520433,403.737412,162.418501,-1.040898
1459788285.985957,2269355.697262,-5521833.055456,2239839.958418,402.662791,165.064682,-1.038235
1459788375.985957,2305546.340810,-5506858.421998,2239746.638083,401.570827,167.703754,-1.035528
1459788465.985957,2341637.928896,-5491646.596245,2239653.563447,400.461567,170.335603,-1.032775
1459788555.985957,2377628.906999,-5476198.233395,2239560.738520,399.335058,172.960115,-1.029978
1459788645.985957,2413517.724933,-5460513.998832,2239468.167298,398.191349,175.577178,-1.027137
1459788735.985957,2449302.836911,-5444594.568102,2239375.853770,397.030489,178.186678,-1.024251
1459788825.985957,2484982.701611,-5428440.626878,2239283.801912,395.852529,180.788504,-1.021322
1459788915.985957,2520555.782248,-5412052.870936,2239192.015688,394.657519,183.382542,-1.018348
1459789005.985957,2556020.546634,-5395432.006122,2239100.499052,393.445510,185.968682,-1.015331
1459789095.985957,2591375.467246,-5378578.748322,2239009.255946,392.216555,188.546812,-1.012269
1459789185.985957,2626619.021294,-5361493.823431,2238918.290300,390.970706,191.116821,-1.009165
1459789275.985957,2661749.690782,-5344177.967326,2238827.606031,389.708018,193.678599,-1.006016
1459789365.985957,2696765.962578,-5326631.925825,2238737.207047,388.428544,196.232034,-1.002825
1459789455.985957,2731666.328478,-5308856.454664,2238647.097240,387.132341,198.777017,-0.999590
1459789545.985957,2766449.285268,-5290852.319461,2238557.280492,385.819462,201.313439,-0.996312
1459789635.985957,2801113.334793,-5272620.295681,2238467.760672,384.489966,203.841190,-0.992991
1459789725.985957,2835656.984019,-5254161.168606,2238378.541635,383.143910,206.360161,-0.989628
1459789815.985957,2870078.745096,-5235475.733299,2238289.627224,381.781351,208.870243,-0.986221
1459789905.985957,2904377.135428,-5216564.794570,2238201.021268,380.402347,211.371330,-0.982773
1459789995.985957,2938550.677728,-5197429.166944,2238112.727586,379.006960,213.863312,-0.979282
1459790085.985957,2972597.900089,-5178069.674621,2238024.749978,377.595248,216.346083,-0.975748
1459790175.985957,3006517.336045,-5158487.151444,2237937.092236,376.167272,218.819535,-0.972173
1459790265.985957,3040307.524633,-5138682.440863,2237849.758134,374.723094,221.283563,-0.968556
1459790355.985957,3073967.010457,-5118656.395898,2237762.751434,373.262777,223.738060,-0.964897
1459790445.985957,3107494.343752,-5098409.879102,2237676.075883,371.786382,226.182920,-0.961197
1459790535.985957,3140888.080443,-5077943.762522,2237589.735216,370.293974,228.618037,-0.957455
1459790625.985957,3174146.782210,-5057258.927668,2237503.733151,368.785617,231.043308,-0.953672
1459790715.985957,3207269.016549,-5036356.265466,2237418.073392,367.261375,233.458628,-0.949848
1459790805.985957,3240253.356835,-5015236.676226,2237332.759629,365.721315,235.863892,-0.945983
1459790895.985957,3273098.382380,-4993901.069603,2237247.795536,364.165503,238.258997,-0.942077
1459790985.985957,3305802.678500,-4972350.364553,2237163.184774,362.594006,240.643840,-0.938131
1459791075.985957,3338364.836568,-4950585.489299,2237078.930986,361.006891,243.018318,-0.934144
1459791165.985957,3370783.454083,-4928607.381288,2236995.037802,359.404227,245.382328,-0.930118
1459791255.985957,3403057.134725,-4906416.987150,2236911.508834,357.786083,247.735770,-0.926050
1459791345.985957,3435184.488415,-4884015.262661,2236828.347682,356.152529,250.078541,-0.921944
1459791435.985957,3467164.131380,-4861403.172698,2236745.557927,354.503635,252.410542,-0.917797
1459791525.985957,3498994.686206,-4838581.691198,2236663.143134,352.839471,254.731670,-0.913611
1459791615.985957,3530674.781903,-4815551.801118,2236581.106854,351.160110,257.041827,-0.909385
1459791705.985957,3562203.053958,-4792314.494391,2236499.452620,349.465625,259.340912,-0.905121
1459791795.985957,3593578.144402,-4768870.771883,2236418.183950,347.756087,261.628828,-0.900817
1459791885.985957,3624798.701860,-4745221.643353,2236337.304343,346.031571,263.905474,-0.896475
1459791975.985957,3655863.381615,-4721368.127405,2236256.817284,344.292150,266.170754,-0.892093
1459792065.985957,3686770.845662,-4697311.251445,2236176.726239,342.537901,268.424569,-0.887674
1459792155.985957,3717519.762770,-4673052.051643,2236097.034658,340.768898,270.666823,-0.883216
1459792245.985957,3748108.808534,-4648591.572878,2236017.745973,338.985217,272.897419,-0.878720
1459792335.985957,3778536.665438,-4623930.868702,2235938.863600,337.186936,275.116261,-0.874187
1459792425.985957,3808802.022906,-4599071.001289,2235860.390937,335.374131,277.323253,-0.869616
1459792515.985957,3838903.577363,-4574013.041393,2235782.331363,333.546882,279.518300,-0.865007
1459792605.985957,3868840.032287,-4548758.068298,2235704.688240,331.705266,281.701308,-0.860361
1459792695.985957,3898610.098271,-4523307.169775,2235627.464914,329.849363,283.872183,-0.855678
1459792785.985957,3928212.493070,-4497661.442034,2235550.664710,327.979253,286.030831,-0.850958
1459792875.985957,3957645.941664,-4471821.989676,2235474.290936,326.095016,288.177159,-0.846201
1459792965.985957,3986909.176308,-4445789.925647,2235398.346882,324.196734,290.311075,-0.841408
1459793055.985957,4016000.936590,-4419566.371187,2235322.835819,322.284489,292.432487,-0.836579
1459793145.985957,4044919.969483,-4393152.455786,2235247.760999,320.358362,294.541303,-0.831714
1459793235.985957,4073665.029399,-4366549.317132,2235173.125657,318.418436,296.637433,-0.826813
1459793325.985957,4102234.878244,-4339758.101063,2235098.933007,316.464796,298.720786,-0.821876
1459793415.985957,4130628.285470,-4312779.961519,2235025.186244,314.497526,300.791273,-0.816904
1459793505.985957,4158844.028130,-4285616.060490,2234951.888545,312.516709,302.848804,-0.811897
1459793595.985957,4186880.890926,-4258267.567967,2234879.043068,310.522432,304.893291,-0.806854
1459793685.985957,4214737.666270,-4230735.661893,2234806.652950,308.514780,306.924646,-0.801777
1459793775.985957,4242413.154325,-4203021.528108,2234734.721309,306.493840,308.942782,-0.796666
1459793865.985957,4269906.163066,-4175126.360304,2234663.251244,304.459699,310.947610,-0.791520
1459793955.985957,4297215.508327,-4147051.359968,2234592.245832,302.412444,312.939046,-0.786340
1459794045.985957,4324340.013852,-4118797.736335,2234521.708132,300.352164,314.917002,-0.781126
1459794135.985957,4351278.511345,-4090366.706332,2234451.641184,298.278947,316.881395,-0.775878
1459794225.985957,4378029.840525,-4061759.494527,2234382.048003,296.192883,318.832140,-0.770598
1459794315.985957,4404592.849171,-4032977.333078,2234312.931589,294.094061,320.769151,-0.765283
1459794405.985957,4430966.393172,-4004021.461675,2234244.294919,291.982572,322.692347,-0.759936
1459794495.985957,4457149.336579,-3974893.127495,2234176.140948,289.858508,324.601644,-0.754557
1459794585.985957,4483140.551652,-3945593.585139,2234108.472612,287.721958,326.496959,-0.749144
1459794675.985957,4508938.918909,-3916124.096584,2234041.292826,285.573016,328.378212,-0.743700
1459794765.985957,4534543.327175,-3886485.931126,2233974.604484,283.411774,330.245321,-0.738223
1459794855.985957,4559952.673628,-3856680.365328,2233908.410458,281.238325,332.098207,-0.732715
1459794945.985957,4585165.863849,-3826708.682960,2233842.713600,279.052762,333.936788,-0.727175
1459795035.985957,4610181.811866,-3796572.174951,2233777.516739,276.855180,335.760985,-0.721603
1459795125.985957,4634999.440203,-3766272.139325,2233712.822683,274.645674,337.570722,-0.716001
1459795215.985957,4659617.679927,-3735809.881153,2233648.634219,272.424338,339.365918,-0.710368
1459795305.985957,4684035.470692,-3705186.712491,2233584.954112,270.191268,341.146497,-0.704704
1459795395.985957,4708251.760786,-3674403.952326,2233521.785105,267.946561,342.912383,-0.699010
1459795485.985957,4732265.507177,-3643462.926519,2233459.129918,265.690313,344.663499,-0.693286
1459795575.985957,4756075.675554,-3612364.967749,2233396.991252,263.422622,346.399770,-0.687531
1459795665.985957,4779681.240377,-3581111.415453,2233335.371781,261.143584,348.121121,-0.681748
1459795755.985957,4803081.184919,-3549703.615769,2233274.274160,258.853299,349.827477,-0.675935
1459795845.985957,4826274.501306,-3518142.921481,2233213.701022,256.551864,351.518766,-0.670092
1459795935.985957,4849260.190567,-3486430.691956,2233153.654974,254.239379,353.194915,-0.664221
1459796025.985957,4872037.262673,-3454568.293089,2233094.138604,251.915944,354.855851,-0.658322
1459796115.985957,4894604.736580,-3422557.097243,2233035.154475,249.581658,356.501502,-0.652394
1459796205.985957,4916961.640271,-3390398.483189,2232976.705128,247.236622,358.131799,-0.646437
1459796295.985957,4939107.010801,-3358093.836050,2232918.793080,244.880938,359.746670,-0.640453
1459796385.985957,4961039.894335,-3325644.547235,2232861.420826,242.514706,361.346047,-0.634442
1459796475.985957,4982759.346188,-3293052.014387,2232804.590837,240.138029,362.929860,-0.628403
1459796565.985957,5004264.430871,-3260317.641317,2232748.305562,237.751008,364.498041,-0.622337
1459796655.985957,5025554.222126,-3227442.837944,2232692.567423,235.353747,366.050522,-0.616244
1459796745.985957,5046627.802969,-3194429.020237,2232637.378824,232.946350,367.587237,-0.610125
1459796835.985957,5067484.265728,-3161277.610152,2232582.742139,230.528918,369.108119,-0.603979
1459796925.985957,5088122.712084,-3127990.035573,2232528.659724,228.101558,370.613104,-0.597808
1459797015.985957,5108542.253105,-3094567.730246,2232475.133907,225.664373,372.102125,-0.591610
1459797105.985957,5128742.009292,-3061012.133721,2232422.166995,223.217468,373.575120,-0.585387
1459797195.985957,5148721.110609,-3027324.691291,2232369.761268,220.760949,375.032024,-0.579139
1459797285.985957,5168478.696525,-2993506.853926,2232317.918984,218.294921,376.472775,-0.572866
1459797375.985957,5188013.916051,-2959560.078213,2232266.642376,215.819491,377.897310,-0.566568
1459797465.985957,5207325.927774,-2925485.826291,2232215.933653,213.334766,379.305569,-0.560246
1459797555.985957,5226413.899897,-2891285.565791,2232165.794999,210.840851,380.697491,-0.553900
1459797645.985957,5245277.010271,-2856960.769771,2232116.228574,208.337856,382.073015,-0.547530
1459797735.985957,5263914.446432,-2822512.916655,2232067.236513,205.825887,383.432083,-0.541136
1459797825.985957,5282325.405637,-2787943.490164,2232018.820926,203.305053,384.774636,-0.534719
1459797915.985957,5300509.094898,-2753253.979257,2231970.983898,200.775462,386.100616,-0.528279
1459798005.985957,5318464.731015,-2718445.878064,2231923.727491,198.237223,387.409966,-0.521817
1459798095.985957,5336191.540612,-2683520.685825,2231877.053739,195.690446,388.702630,-0.515331
1459798185.985957,5353688.760166,-2648479.906823,2231830.964653,193.135241,389.978552,-0.508824
1459798275.985957,5370955.636046,-2613325.050316,2231785.462220,190.571716,391.237676,-0.502294
1459798365.985957,5387991.424540,-2578057.630480,2231740.548397,187.999984,392.479950,-0.495743
1459798455.985957,5404795.391891,-2542679.166338,2231696.225121,185.420154,393.705319,-0.489171
1459798545.985957,5421366.814326,-2507191.181693,2231652.494300,182.832338,394.913730,-0.482578
1459798635.985957,5437704.978088,-2471595.205070,2231609.357818,180.236646,396.105132,-0.475963
1459798725.985957,5453809.179468,-2435892.769641,2231566.817534,177.633192,397.279473,-0.469329
1459798815.985957,5469678.724831,-2400085.413165,2231524.875279,175.022087,398.436702,-0.462674
1459798905.985957,5485312.930654,-2364174.677922,2231483.532861,172.403443,399.576771,-0.455999
1459798995.985957,5500711.123545,-2328162.110642,2231442.792059,169.777374,400.699628,-0.449304
1459799085.985957,5515872.640281,-2292049.262442,2231402.654630,167.143992,401.805228,-0.442590
1459799175.985957,5530796.827832,-2255837.688759,2231363.122302,164.503411,402.893520,-0.435858
1459799265.985957,5545483.043390,-2219528.949281,2231324.196778,161.855745,403.964460,-0.429106
1459799355.985957,5559930.654397,-2183124.607882,2231285.879735,159.201107,405.018000,-0.422336
1459799445.985957,5574139.038573,-2146626.232553,2231248.172823,156.539612,406.054095,-0.415547
1459799535.985957,5588107.583940,-2110035.395335,2231211.077666,153.871375,407.072701,-0.408741
1459799625.985957,5601835.688851,-2073353.672254,2231174.595863,151.196510,408.073774,-0.401917
1459799715.985957,5615322.762015,-2036582.643246,2231138.728985,148.515133,409.057270,-0.395076
1459799805.985957,5628568.222524,-1999723.892098,2231103.478577,145.827359,410.023148,-0.388218
1459799895.985957,5641571.499875,-1962779.006374,2231068.846157,143.133304,410.971365,-0.381343
1459799985.985957,5654332.033997,-1925749.577345,2231034.833217,140.433084,411.901881,-0.374451
1459800075.985957,5666849.275273,-1888637.199929,2231001.441222,137.726816,412.814656,-0.367544
1459800165.985957,5679122.684567,-1851443.472611,2230968.671612,135.014615,413.709650,-0.360620
1459800255.985957,5691151.733244,-1814169.997384,2230936.525797,132.296599,414.586825,-0.353682
1459800345.985957,5702935.903195,-1776818.379673,2230905.005162,129.572885,415.446143,-0.346727
1459800435.985957,5714474.686857,-1739390.228272,2230874.111065,126.843590,416.287568,-0.339758
1459800525.985957,5725767.587236,-1701887.155267,2230843.844836,124.108832,417.111062,-0.332775
1459800615.985957,5736814.117931,-1664310.775976,2230814.207780,121.368728,417.916590,-0.325777
1459800705.985957,5747613.803149,-1626662.708870,2230785.201174,118.623397,418.704119,-0.318765
1459800795.985957,5758166.177732,-1588944.575510,2230756.826266,115.872956,419.473613,-0.311739
1459800885.985957,5768470.787173,-1551158.000475,2230729.084280,113.117524,420.225039,-0.304700
1459800975.985957,5778527.187636,-1513304.611291,2230701.976409,110.357221,420.958366,-0.297647
1459801065.985957,5788334.945976,-1475386.038361,2230675.503823,107.592164,421.673562,-0.290582
1459801155.985957,5797893.639759,-1437403.914899,2230649.667660,104.822472,422.370595,-0.283504
1459801245.985957,5807202.857276,-1399359.876852,2230624.469035,102.048266,423.049437,-0.276415
1459801335.985957,5816262.197565,-1361255.562837,2230599.909033,99.269665,423.710056,-0.269313
1459801425.985957,5825071.270426,-1323092.614064,2230575.988712,96.486788,424.352426,-0.262199
1459801515.985957,5833629.696439,-1284872.674273,2230552.709102,93.699755,424.976519,-0.255075
1459801605.985957,5841937.106980,-1246597.389653,2230530.071206,90.908686,425.582307,-0.247939
1459801695.985957,5849993.144235,-1208268.408782,2230508.075999,88.113702,426.169765,-0.240793
1459801785.985957,5857797.461218,-1169887.382548,2230486.724430,85.314923,426.738867,-0.233636
1459801875.985957,5865349.721785,-1131455.964081,2230466.017417,82.512469,427.289588,-0.226469
1459801965.985957,5872649.600650,-1092975.808681,2230445.955853,79.706461,427.821906,-0.219293
1459802055.985957,5879696.783394,-1054448.573750,2230426.540602,76.897019,428.335796,-0.212107
1459802145.985957,5886490.966484,-1015875.918714,2230407.772500,74.084266,428.831238,-0.204911
1459802235.985957,5893031.857286,-977259.504957,2230389.652356,71.268322,429.308209,-0.197707
1459802325.985957,5899319.174072,-938600.995748,2230372.180952,68.449308,429.766689,-0.190495
1459802415.985957,5905352.646038,-899902.056170,2230355.359038,65.627346,430.206658,-0.183274
1459802505.985957,5911132.013313,-861164.353045,2230339.187341,62.802558,430.628098,-0.176046
1459802595.985957,5916657.026970,-822389.554867,2230323.666556,59.975064,431.030990,-0.168809
1459802685.985957,5921927.449040,-783579.331725,2230308.797353,57.144987,431.415316,-0.161566
1459802775.985957,5926943.052517,-744735.355237,2230294.580372,54.312449,431.781061,-0.154316
1459802865.985957,5931703.621370,-705859.298472,2230281.016226,51.477571,432.128209,-0.147059
1459802955.985957,5936208.950556,-666952.835883,2230268.105499,48.640477,432.456744,-0.139795
1459803045.985957,5940458.846022,-628017.643230,2230255.848747,45.801287,432.766652,-0.132526
1459803135.985957,5944453.124718,-589055.397515,2230244.246498,42.960124,433.057921,-0.125251
1459803225.985957,5948191.614606,-550067.776899,2230233.299253,40.117111,433.330537,-0.117970
1459803315.985957,5951674.154663,-511056.460642,2230223.007483,37.272371,433.584489,-0.110684
1459803405.985957,5954900.594890,-472023.129020,2230213.371631,34.426025,433.819766,-0.103394
1459803495.985957,5957870.796319,-432969.463260,2230204.392113,31.578196,434.036357,-0.096099
1459803585.985957,5960584.631020,-393897.145463,2230196.069316,28.729007,434.234254,-0.088800
1459803675.985957,5963041.982104,-354807.858535,2230188.403598,25.878580,434.413447,-0.081497
1459803765.985957,5965242.743727,-315703.286112,2230181.395290,23.027039,434.573930,-0.074191
1459803855.985957,5967186.821102,-276585.112488,2230175.044694,20.174506,434.715695,-0.066882
1459803945.985957,5968874.130492,-237455.022544,2230169.352082,17.321104,434.838736,-0.059569
1459804035.985957,5970304.599223,-198314.701674,2230164.317702,14.466956,434.943048,-0.052254
1459804125.985957,5971478.165682,-159165.835711,2230159.941770,11.612185,435.028627,-0.044937
1459804215.985957,5972394.779323,-120010.110858,2230156.224474,8.756914,435.095468,-0.037618
1459804305.985957,5973054.400665,-80849.213613,2230153.165975,5.901266,435.143568,-0.030297
1459804395.985957,5973457.001297,-41684.830696,2230150.766404,3.045363,435.172927,-0.022975
1459804485.985957,5973602.563880,-2518.648978,2230149.025866,0.189330,435.183542,-0.015652
1459804575.985957,5973491.082142,36647.644593,2230147.944435,-2.666712,435.175412,-0.008328
1459804665.985957,5973122.560886,75812.363065,2230147.522159,-5.522639,435.148539,-0.001004
1459804755.985957,5972497.015985,114973.819551,2230147.759054,-8.378328,435.102924,0.006320
1459804845.985957,5971614.474383,154130.327308,2230148.655113,-11.233656,435.038568,0.013644
1459804935.985957,5970474.974090,193280.199804,2230150.210295,-14.088501,434.955474,0.020967
1459805025.985957,5969078.564188,232421.750793,2230152.424535,-16.942738,434.853646,0.028290
1459805115.985957,5967425.304822,271553.294388,2230155.297737,-19.796246,434.733089,0.035611
1459805205.985957,5965515.267201,310673.145133,2230158.829778,-22.648901,434.593806,0.042930
1459805295.985957,5963348.533593,349779.618075,2230163.020505,-25.500581,434.435805,0.050248
1459805385.985957,5960925.197322,388871.028838,2230167.869738,-28.351162,434.259092,0.057564
1459805475.985957,5958245.362766,427945.693695,2230173.377270,-31.200522,434.063675,0.064877
1459805565.985957,5955309.145348,467001.929638,2230179.542861,-34.048539,433.849562,0.072187
1459805655.985957,5952116.671538,506038.054456,2230186.366248,-36.895088,433.616763,0.079495
1459805745.985957,5948668.078838,545052.386802,2230193.847137,-39.740049,433.365287,0.086799
1459805835.985957,5944963.515786,584043.246268,2230201.985205,-42.583298,433.095145,0.094099
1459805925.985957,5941003.141944,623008.953457,2230210.780102,-45.424713,432.806349,0.101395
1459806015.985957,5936787.127889,661947.830057,2230220.231449,-48.264171,432.498912,0.108686
1459806105.985957,5932315.655213,700858.198909,2230230.338840,-51.101551,432.172846,0.115973
1459806195.985957,5927588.916510,739738.384083,2230241.101840,-53.936729,431.828166,0.123255
1459806285.985957,5922607.115366,778586.710951,2230252.519985,-56.769585,431.464886,0.130532
1459806375.985957,5917370.466356,817401.506254,2230264.592783,-59.599995,431.083023,0.137803
1459806465.985957,5911879.195031,856181.098178,2230277.319715,-62.427838,430.682592,0.145068
1459806555.985957,5906133.537908,894923.816427,2230290.700233,-65.252992,430.263611,0.152327
1459806645.985957,5900133.742461,933627.992291,2230304.733760,-68.075336,429.826097,0.159580
1459806735.985957,5893880.067112,972291.958723,2230319.419693,-70.894748,429.370071,0.166825
1459806825.985957,5887372.781215,1010914.050405,2230334.757398,-73.711106,428.895551,0.174063
1459806915.985957,5880612.165049,1049492.603823,2230350.746216,-76.524289,428.402557,0.181294
1459807005.985957,5873598.509806,1088025.957340,2230367.385458,-79.334176,427.891112,0.188517
1459807095.985957,5866332.117573,1126512.451264,2230384.674408,-82.140646,427.361237,0.195732
1459807185.985957,5858813.301325,1164950.427923,2230402.612320,-84.943579,426.812955,0.202939
1459807275.985957,5851042.384911,1203338.231733,2230421.198424,-87.742852,426.246289,0.210136
1459807365.985957,5843019.703034,1241674.209273,2230440.431917,-90.538347,425.661264,0.217325
1459807455.985957,5834745.601245,1279956.709351,2230460.311973,-93.329941,425.057905,0.224504
1459807545.985957,5826220.435922,1318184.083082,2230480.837734,-96.117516,424.436238,0.231674
1459807635.985957,5817444.574258,1356354.683953,2230502.008318,-98.900951,423.796290,0.238834
1459807725.985957,5808418.394241,1394466.867898,2230523.822812,-101.680126,423.138089,0.245983
1459807815.985957,5799142.284643,1432518.993366,2230546.280278,-104.454922,422.461662,0.253122
1459807905.985957,5789616.645002,1470509.421392,2230569.379747,-107.225219,421.767040,0.260250
1459807995.985957,5779841.885601,1508436.515670,2230593.120225,-109.990897,421.054251,0.267366
1459808085.985957,5769818.427455,1546298.642621,2230617.500690,-112.751838,420.323326,0.274472
1459808175.985957,5759546.702288,1584094.171466,2230642.520092,-115.507922,419.574298,0.281565
1459808265.985957,5749027.152521,1621821.474291,2230668.177354,-118.259031,418.807198,0.288646
1459808355.985957,5738260.231246,1659478.926124,2230694.471370,-121.005047,418.022059,0.295715
1459808445.985957,5727246.402212,1697064.905000,2230721.401009,-123.745851,417.218916,0.302771
1459808535.985957,5715986.139802,1734577.792032,2230748.965110,-126.481324,416.397802,0.309814
1459808625.985957,5704479.929012,1772015.971482,2230777.162486,-129.211350,415.558753,0.316844
1459808715.985957,5692728.265432,1809377.830830,2230805.991924,-131.935811,414.701806,0.323860
1459808805.985957,5680731.655226,1846661.760843,2230835.452181,-134.654589,413.826997,0.330862
1459808895.985957,5668490.615105,1883866.155644,2230865.541989,-137.367568,412.934363,0.337850
1459808985.985957,5656005.672311,1920989.412782,2230896.260052,-140.074629,412.023944,0.344823
1459809075.985957,5643277.364589,1958029.933301,2230927.605048,-142.775658,411.095778,0.351781
1459809165.985957,5630306.240167,1994986.121809,2230959.575625,-145.470537,410.149906,0.358725
1459809255.985957,5617092.857732,2031856.386545,2230992.170408,-148.159150,409.186368,0.365652
1459809345.985957,5603637.786405,2068639.139449,2231025.387993,-150.841382,408.205205,0.372565
1459809435.985957,5589941.605716,2105332.796231,2231059.226949,-153.517116,407.206461,0.379461
1459809525.985957,5576004.905581,2141935.776440,2231093.685819,-156.186239,406.190178,0.386340
1459809615.985957,5561828.286275,2178446.503527,2231128.763119,-158.848634,405.156399,0.393203
1459809705.985957,5547412.358408,2214863.404920,2231164.457338,-161.504188,404.105170,0.400049
1459809795.985957,5532757.742895,2251184.912085,2231200.766939,-164.152785,403.036535,0.406878
1459809885.985957,5517865.070934,2287409.460600,2231237.690358,-166.794312,401.950541,0.413690
1459809975.985957,5502734.983976,2323535.490217,2231275.226005,-169.428655,400.847234,0.420483
1459810065.985957,5487368.133696,2359561.444931,2231313.372264,-172.055701,399.726662,0.427259
1459810155.985957,5471765.181969,2395485.773049,2231352.127491,-174.675335,398.588873,0.434016
1459810245.985957,5455926.800838,2431306.927256,2231391.490018,-177.287446,397.433917,0.440754
1459810335.985957,5439853.672487,2467023.364677,2231431.458150,-179.891921,396.261842,0.447474
1459810425.985957,5423546.489210,2502633.546951,2231472.030164,-182.488648,395.072700,0.454174
1459810515.985957,5407005.953383,2538135.940292,2231513.204315,-185.077515,393.866541,0.460854
1459810605.985957,5390232.777433,2573529.015556,2231554.978827,-187.658410,392.643418,0.467515
1459810695.985957,5373227.683806,2608811.248311,2231597.351904,-190.231223,391.403383,0.474155
1459810785.985957,5355991.404937,2643981.118894,2231640.321719,-192.795842,390.146490,0.480776
1459810875.985957,5338524.683221,2679037.112486,2231683.886421,-195.352156,388.872792,0.487375
1459810965.985957,5320828.270977,2713977.719169,2231728.044136,-197.900057,387.582345,0.493954
1459811055.985957,5302902.930415,2748801.433999,2231772.792960,-200.439434,386.275205,0.500511
1459811145.985957,5284749.433608,2783506.757063,2231818.130967,-202.970178,384.951427,0.507046
1459811235.985957,5266368.562456,2818092.193551,2231864.056204,-205.492179,383.611068,0.513560
1459811325.985957,5247761.108651,2852556.253813,2231910.566694,-208.005330,382.254187,0.520052
1459811415.985957,5228927.873645,2886897.453428,2231957.660432,-210.509521,380.880841,0.526521
1459811505.985957,5209869.668615,2921114.313269,2232005.335392,-213.004646,379.491091,0.532968
1459811595.985957,5190587.314426,2955205.359562,2232053.589519,-215.490596,378.084995,0.539391
1459811685.985957,5171081.641601,2989169.123953,2232102.420735,-217.967264,376.662614,0.545792
1459811775.985957,5151353.490279,3023004.143570,2232151.826938,-220.434545,375.224010,0.552169
1459811865.985957,5131403.710181,3056708.961087,2232201.805999,-222.892331,373.769244,0.558522
1459811955.985957,5111233.160576,3090282.124784,2232252.355766,-225.340516,372.298380,0.564851
1459812045.985957,5090842.710240,3123722.188613,2232303.474063,-227.778996,370.811480,0.571156
1459812135.985957,5070233.237422,3157027.712260,2232355.158686,-230.207665,369.308609,0.577436
1459812225.985957,5049405.629804,3190197.261203,2232407.407411,-232.626418,367.789831,0.583691
1459812315.985957,5028360.784464,3223229.406779,2232460.217987,-235.035153,366.255212,0.589921
1459812405.985957,5007099.607834,3256122.726242,2232513.588140,-237.433763,364.704817,0.596126
1459812495.985957,4985623.015668,3288875.802825,2232567.515571,-239.822147,363.138714,0.602305
1459812585.985957,4963931.932995,3321487.225804,2232621.997958,-242.200202,361.556971,0.608458
1459812675.985957,4942027.294084,3353955.590553,2232677.032953,-244.567824,359.959654,0.614585
1459812765.985957,4919910.042402,3386279.498610,2232732.618188,-246.924913,358.346833,0.620685
1459812855.985957,4897581.130572,3418457.557734,2232788.751267,-249.271366,356.718578,0.626759
1459812945.985957,4875041.520337,3450488.381967,2232845.429773,-251.607083,355.074959,0.632806
1459813035.985957,4852292.182511,3482370.591690,2232902.651266,-253.931963,353.416045,0.638825
1459813125.985957,4829334.096944,3514102.813688,2232960.413280,-256.245905,351.741910,0.644817
1459813215.985957,4806168.252477,3545683.681204,2233018.713329,-258.548811,350.052625,0.650781
1459813305.985957,4782795.646898,3577111.834003,2233077.548900,-260.840580,348.348262,0.656718
1459813395.985957,4759217.286902,3608385.918424,2233136.917461,-263.121115,346.628895,0.662625
1459813485.985957,4735434.188045,3639504.587445,2233196.816454,-265.390316,344.894599,0.668505
1459813575.985957,4711447.374702,3670466.500736,2233257.243299,-267.648087,343.145447,0.674355
1459813665.985957,4687257.880022,3701270.324719,2233318.195394,-269.894330,341.381515,0.680177
1459813755.985957,4662866.745885,3731914.732626,2233379.670114,-272.128948,339.602880,0.685969
1459813845.985957,4638275.022854,3762398.404556,2233441.664811,-274.351845,337.809618,0.691732
1459813935.985957,4613483.770133,3792720.027529,2233504.176815,-276.562925,336.001805,0.697464
1459814025.985957,4588494.055520,3822878.295545,2233567.203434,-278.762093,334.179521,0.703167
1459814115.985957,4563306.955361,3852871.909642,2233630.741953,-280.949255,332.342842,0.708840
1459814205.985957,4537923.554503,3882699.577948,2233694.789636,-283.124315,330.491850,0.714482
1459814295.985957,4512344.946248,3912360.015739,2233759.343724,-285.287181,328.626622,0.720093
1459814385.985957,4486572.232306,3941851.945494,2233824.401437,-287.437759,326.747240,0.725673
1459814475.985957,4460606.522773,3971174.096924,2233889.959973,-289.575957,324.853784,0.731222
1459814565.985957,4434448.936021,4000325.207090,2233956.016509,-291.701683,322.946337,0.736740
1459814655.985957,4408100.598686,4029304.020423,2234022.568199,-293.814844,321.024980,0.742225
1459814745.985957,4381562.645630,4058109.288762,2234089.612177,-295.915350,319.089795,0.747679
1459814835.985957,4354836.219885,4086739.771418,2234157.145556,-298.003111,317.140867,0.753101
1459814925.985957,4327922.472600,4115194.235233,2234225.165426,-300.078036,315.178280,0.758490
1459815015.985957,4300822.562991,4143471.454628,2234293.668859,-302.140037,313.202117,0.763846
1459815105.985957,4273537.658293,4171570.211661,2234362.652904,-304.189023,311.212463,0.769170
1459815195.985957,4246068.933709,4199489.296073,2234432.114590,-306.224908,309.209406,0.774460
1459815285.985957,4218417.572361,4227227.505347,2234502.050925,-308.247604,307.193030,0.779718
1459815375.985957,4190584.765234,4254783.644756,2234572.458897,-310.257022,305.163423,0.784941
1459815465.985957,4162571.711132,4282156.527412,2234643.335474,-312.253078,303.120673,0.790131
1459815555.985957,4134379.616620,4309344.974325,2234714.677603,-314.235684,301.064866,0.795286
1459815645.985957,4106009.695975,4336347.814445,2234786.482211,-316.204755,298.996092,0.800408
1459815735.985957,4077463.171133,4363163.884719,2234858.746206,-318.160207,296.914440,0.805495
1459815825.985957,4048741.271638,4389792.030136,2234931.466475,-320.101956,294.819999,0.810547
1459815915.985957,4019845.234586,4416231.103782,2235004.639887,-322.029917,292.712860,0.815564
1459816005.985957,3990776.304575,4442479.966884,2235078.263290,-323.944008,290.593113,0.820547
1459816095.985957,3961535.733649,4468537.488863,2235152.333512,-325.844146,288.460850,0.825493
1459816185.985957,3932124.781243,4494402.547381,2235226.847365,-327.730249,286.316163,0.830405
1459816275.985957,3902544.714134,4520074.028391,2235301.801638,-329.602237,284.159143,0.835280
1459816365.985957,3872796.806381,4545550.826181,2235377.193103,-331.460028,281.989885,0.840120
1459816455.985957,3842882.339272,4570831.843427,2235453.018513,-333.303543,279.808480,0.844923
1459816545.985957,3812802.601270,4595915.991236,2235529.274602,-335.132701,277.615024,0.849690
1459816635.985957,3782558.887955,4620802.189195,2235605.958087,-336.947425,275.409610,0.854421
1459816725.985957,3752152.501972,4645489.365417,2235683.065664,-338.747637,273.192335,0.859114
1459816815.985957,3721584.752970,4669976.456587,2235760.594012,-340.533257,270.963292,0.863771
1459816905.985957,3690856.957551,4694262.408008,2235838.539792,-342.304211,268.722578,0.868390
1459816995.985957,3659970.439207,4718346.173646,2235916.899648,-344.060421,266.470291,0.872972
1459817085.985957,3628926.528269,4742226.716176,2235995.670203,-345.801812,264.206525,0.877517
1459817175.985957,3597726.561846,4765903.007027,2236074.848066,-347.528308,261.931381,0.882023
1459817265.985957,3566371.883769,4789374.026424,2236154.429826,-349.239836,259.644954,0.886492
1459817355.985957,3534863.844533,4812638.763433,2236234.412056,-350.936322,257.347344,0.890923
1459817445.985957,3503203.801238,4835696.216007,2236314.791311,-352.617692,255.038650,0.895315
1459817535.985957,3471393.117532,4858545.391025,2236395.564129,-354.283874,252.718970,0.899668
1459817625.985957,3439433.163548,4881185.304338,2236476.727031,-355.934797,250.388406,0.903983
1459817715.985957,3407325.315853,4903614.980810,2236558.276521,-357.570389,248.047057,0.908259
1459817805.985957,3375070.957381,4925833.454360,2236640.209087,-359.190581,245.695025,0.912495
1459817895.985957,3342671.477377,4947839.768003,2236722.521201,-360.795301,243.332410,0.916693
1459817985.985957,3310128.271338,4969632.973894,2236805.209317,-362.384481,240.959314,0.920851
1459818075.985957,3277442.740949,4991212.133366,2236888.269873,-363.958053,238.575840,0.924969
1459818165.985957,3244616.294027,5012576.316970,2236971.699293,-365.515948,236.182090,0.929047
1459818255.985957,3211650.344457,5033724.604519,2237055.493982,-367.058100,233.778167,0.933086
1459818345.985957,3178546.312135,5054656.085123,2237139.650333,-368.584443,231.364175,0.937084
1459818435.985957,3145305.622903,5075369.857230,2237224.164720,-370.094910,228.940217,0.941042
1459818525.985957,3111929.708488,5095865.028667,2237309.033503,-371.589436,226.506399,0.944959
1459818615.985957,3078420.006443,5116140.716674,2237394.253027,-373.067958,224.062825,0.948836
1459818705.985957,3044777.960082,5136196.047946,2237479.819621,-374.530410,221.609601,0.952672
1459818795.985957,3011005.018421,5156030.158669,2237565.729601,-375.976732,219.146831,0.956466
1459818885.985957,2977102.636113,5175642.194558,2237651.979266,-377.406859,216.674622,0.960220
1459818975.985957,2943072.273386,5195031.310891,2237738.564901,-378.820731,214.193081,0.963932
1459819065.985957,2908915.395980,5214196.672549,2237825.482777,-380.218286,211.702314,0.967603
1459819155.985957,2874633.475085,5233137.454050,2237912.729150,-381.599465,209.202428,0.971232
1459819245.985957,2840227.987277,5251852.839586,2238000.300263,-382.964208,206.693532,0.974819
1459819335.985957,2805700.414453,5270342.023055,2238088.192344,-384.312456,204.175734,0.978364
1459819425.985957,2771052.243769,5288604.208101,2238176.401607,-385.644151,201.649141,0.981867
1459819515.985957,2736284.967575,5306638.608143,2238264.924254,-386.959235,199.113863,0.985328
1459819605.985957,2701400.083353,5324444.446410,2238353.756471,-388.257653,196.570009,0.988746
1459819695.985957,2666399.093648,5342020.955978,2238442.894433,-389.539348,194.017688,0.992122
1459819785.985957,2631283.506007,5359367.379800,2238532.334300,-390.804265,191.457011,0.995455
1459819875.985957,2596054.832914,5376482.970738,2238622.072220,-392.052349,188.888087,0.998745
1459819965.985957,2560714.591720,5393366.991596,2238712.104328,-393.283547,186.311027,1.001992
1459820055.985957,2525264.304586,5410018.715155,2238802.426746,-394.497805,183.725943,1.005196
1459820145.985957,2489705.498410,5426437.424199,2238893.035585,-395.695072,181.132945,1.008357
1459820235.985957,2454039.704766,5442622.411548,2238983.926941,-396.875296,178.532146,1.011474
1459820325.985957,2418268.459833,5458572.980090,2239075.096900,-398.038426,175.923657,1.014548
1459820415.985957,2382393.304336,5474288.442810,2239166.541535,-399.184412,173.307591,1.017578
1459820505.985957,2346415.783472,5489768.122817,2239258.256908,-400.313204,170.684060,1.020564
1459820595.985957,2310337.446850,5505011.353378,2239350.239068,-401.424754,168.053178,1.023506
1459820685.985957,2274159.848419,5520017.477944,2239442.484054,-402.519014,165.415057,1.026404
1459820775.985957,2237884.546404,5534785.850178,2239534.987892,-403.595937,162.769812,1.029258
1459820865.985957,2201513.103240,5549315.833982,2239627.746599,-404.655476,160.117555,1.032068
1459820955.985957,2165047.085500,5563606.803528,2239720.756178,-405.697586,157.458403,1.034833
1459821045.985957,2128488.063832,5577658.143282,2239814.012626,-406.722223,154.792468,1.037553
1459821135.985957,2091837.612890,5591469.248032,2239907.511923,-407.729341,152.119866,1.040229
1459821225.985957,2055097.311266,5605039.522910,2240001.250045,-408.718897,149.440712,1.042860
1459821315.985957,2018268.741421,5618368.383424,2240095.222953,-409.690850,146.755122,1.045446
1459821405.985957,1981353.489619,5631455.255481,2240189.426599,-410.645156,144.063210,1.047987
1459821495.985957,1944353.145858,5644299.575407,2240283.856927,-411.581775,141.365094,1.050483
1459821585.985957,1907269.303799,5656900.789978,2240378.509869,-412.500667,138.660888,1.052934
1459821675.985957,1870103.560701,5669258.356441,2240473.381348,-413.401792,135.950711,1.055339
1459821765.985957,1832857.517351,5681371.742535,2240568.467279,-414.285111,133.234677,1.057699
1459821855.985957,1795532.777992,5693240.426519,2240663.763566,-415.150586,130.512906,1.060014
1459821945.985957,1758130.950259,5704863.897190,2240759.266104,-415.998180,127.785512,1.062282
1459822035.985957,1720653.645108,5716241.653907,2240854.970780,-416.827856,125.052615,1.064505
1459822125.985957,1683102.476743,5727373.206612,2240950.873472,-417.639578,122.314332,1.066682
1459822215.985957,1645479.062552,5738258.075853,2241046.970049,-418.433313,119.570780,1.068814
1459822305.985957,1607785.023033,5748895.792800,2241143.256373,-419.209025,116.822078,1.070899
1459822395.985957,1570021.981728,5759285.899272,2241239.728296,-419.966680,114.068345,1.072938
1459822485.985957,1532191.565148,5769427.947749,2241336.381664,-420.706247,111.309698,1.074931
1459822575.985957,1494295.402710,5779321.501399,2241433.212312,-421.427694,108.546257,1.076877
1459822665.985957,1456335.126658,5788966.134091,2241530.216072,-422.130989,105.778141,1.078777
1459822755.985957,1418312.372001,5798361.430415,2241627.388764,-422.816103,103.005469,1.080631
1459822845.985957,1380228.776438,5807506.985702,2241724.726203,-423.483005,100.228360,1.082438
1459822935.985957,1342085.980288,5816402.406038,2241822.224197,-424.131667,97.446934,1.084198
1459823025.985957,1303885.626422,5825047.308283,2241919.878547,-424.762060,94.661311,1.085912
1459823115.985957,1265629.360187,5833441.320089,2242017.685047,-425.374159,91.871611,1.087579
1459823205.985957,1227318.829339,5841584.079912,2242115.639483,-425.967936,89.077954,1.089199
1459823295.985957,1188955.683974,5849475.237032,2242213.737638,-426.543366,86.280460,1.090773
1459823385.985957,1150541.576451,5857114.451563,2242311.975286,-427.100425,83.479250,1.092299
1459823475.985957,1112078.161325,5864501.394472,2242410.348195,-427.639087,80.674444,1.093778
1459823565.985957,1073567.095275,5871635.747594,2242508.852128,-428.159330,77.866164,1.095210
1459823655.985957,1035010.037032,5878517.203640,2242607.482844,-428.661132,75.054529,1.096595
1459823745.985957,996408.647310,5885145.466215,2242706.236094,-429.144471,72.239662,1.097933
1459823835.985957,957764.588728,5891520.249829,2242805.107624,-429.609326,69.421684,1.099223
1459823925.985957,919079.525748,5897641.279912,2242904.093176,-430.055676,66.600715,1.100466
1459824015.985957,880355.124594,5903508.292820,2243003.188487,-430.483504,63.776878,1.101662
1459824105.985957,841593.053187,5909121.035852,2243102.389288,-430.892790,60.950294,1.102810
1459824195.985957,802794.981069,5914479.267259,2243201.691307,-431.283517,58.121084,1.103911
1459824285.985957,763962.579333,5919582.756254,2243301.090267,-431.655668,55.289371,1.104964
1459824375.985957,725097.520550,5924431.283021,2243400.581887,-432.009226,52.455277,1.105970
1459824465.985957,686201.478701,5929024.638726,2243500.161881,-432.344178,49.618924,1.106928
1459824555.985957,647276.129096,5933362.625528,2243599.825960,-432.660508,46.780433,1.107838
1459824645.985957,608323.148311,5937445.056581,2243699.569832,-432.958202,43.939927,1.108701
1459824735.985957,569344.214112,5941271.756050,2243799.389200,-433.237248,41.097529,1.109516
1459824825.985957,530341.005381,5944842.559112,2243899.279766,-433.497634,38.253361,1.110283
1459824915.985957,491315.202047,5948157.311968,2243999.237227,-433.739349,35.407545,1.111002
1459825005.985957,452268.485013,5951215.871845,2244099.257278,-433.962381,32.560204,1.111673
1459825095.985957,413202.536080,5954018.107008,2244199.335610,-434.166723,29.711461,1.112297
1459825185.985957,374119.037880,5956563.896759,2244299.467914,-434.352364,26.861438,1.112872
1459825275.985957,335019.673800,5958853.131447,2244399.649875,-434.519296,24.010258,1.113400
1459825365.985957,295906.127909,5960885.712472,2244499.877181,-434.667514,21.158043,1.113879
1459825455.985957,256780.084889,5962661.552287,2244600.145513,-434.797009,18.304918,1.114311
1459825545.985957,217643.229960,5964180.574404,2244700.450553,-434.907778,15.451004,1.114695
1459825635.985957,178497.248805,5965442.713396,2244800.787980,-434.999814,12.596424,1.115031
1459825725.985957,139343.827504,5966447.914901,2244901.153473,-435.073114,9.741302,1.115318
1459825815.985957,100184.652454,5967196.135623,2245001.542710,-435.127674,6.885761,1.115558
1459825905.985957,61021.410302,5967687.343336,2245101.951366,-435.163493,4.029923,1.115750
1459825995.985957,21855.787871,5967921.516882,2245202.375116,-435.180569,1.173911,1.115893
1459826085.985957,-17310.527917,5967898.646175,2245302.809636,-435.178901,-1.682151,1.115989
1459826175.985957,-56475.850108,5967618.732200,2245403.250598,-435.158489,-4.538141,1.116036
1459826265.985957,-95638.491789,5967081.787014,2245503.693678,-435.119334,-7.393936,1.116035
1459826355.985957,-134796.766166,5966287.833744,2245604.134549,-435.061438,-10.249411,1.115987
1459826445.985957,-173948.986631,5965236.906586,2245704.568885,-434.984804,-13.104446,1.115890
1459826535.985957,-213093.466837,5963929.050805,2245804.992360,-434.889433,-15.958916,1.115745
1459826625.985957,-252228.520771,5962364.322733,2245905.400649,-434.775332,-18.812699,1.115552
1459826715.985957,-291352.462824,5960542.789765,2246005.789427,-434.642504,-21.665671,1.115311
1459826805.985957,-330463.607870,5958464.530358,2246106.154369,-434.490955,-24.517710,1.115022
1459826895.985957,-369560.271328,5956129.634024,2246206.491154,-434.320692,-27.368693,1.114685
1459826985.985957,-408640.769247,5953538.201333,2246306.795460,-434.131722,-30.218498,1.114300
1459827075.985957,-447703.418368,5950690.343901,2246407.062966,-433.924053,-33.067000,1.113867
1459827165.985957,-486746.536202,5947586.184388,2246507.289354,-433.697695,-35.914079,1.113386
1459827255.985957,-525768.441102,5944225.856498,2246607.470306,-433.452656,-38.759611,1.112857
1459827345.985957,-564767.452334,5940609.504963,2246707.601509,-433.188948,-41.603473,1.112280
1459827435.985957,-603741.890149,5936737.285547,2246807.678648,-432.906582,-44.445543,1.111655
1459827525.985957,-642690.075859,5932609.365030,2246907.697415,-432.605570,-47.285699,1.110982
1459827615.985957,-681610.331905,5928225.921210,2247007.653500,-432.285925,-50.123818,1.110262
1459827705.985957,-720500.981931,5923587.142888,2247107.542598,-431.947661,-52.959779,1.109494
1459827795.985957,-759360.350856,5918693.229863,2247207.360407,-431.590792,-55.793458,1.108677
1459827885.985957,-798186.764948,5913544.392925,2247307.102629,-431.215334,-58.624734,1.107813
1459827975.985957,-836978.551891,5908140.853840,2247406.764966,-430.821303,-61.453486,1.106902
1459828065.985957,-875734.040865,5902482.845348,2247506.343126,-430.408715,-64.279590,1.105943
1459828155.985957,-914451.562610,5896570.611149,2247605.832820,-429.977590,-67.102926,1.104936
1459828245.985957,-953129.449502,5890404.405891,2247705.229764,-429.527944,-69.923371,1.103881
1459828335.985957,-991766.035624,5883984.495162,2247804.529675,-429.059798,-72.740805,1.102779
1459828425.985957,-1030359.656840,5877311.155478,2247903.728277,-428.573172,-75.555105,1.101630
1459828515.985957,-1068908.650861,5870384.674270,2248002.821298,-428.068086,-78.366152,1.100433
1459828605.985957,-1107411.357323,5863205.349872,2248101.804468,-427.544563,-81.173823,1.099188
1459828695.985957,-1145866.117856,5855773.491509,2248200.673525,-427.002625,-83.977997,1.097896
1459828785.985957,-1184271.276152,5848089.419283,2248299.424211,-426.442295,-86.778555,1.096557
1459828875.985957,-1222625.178041,5840153.464158,2248398.052271,-425.863598,-89.575375,1.095171
1459828965.985957,-1260926.171563,5831965.967948,2248496.553459,-425.266558,-92.368337,1.093738
1459829055.985957,-1299172.607033,5823527.283302,2248594.923530,-424.651201,-95.157320,1.092257
1459829145.985957,-1337362.837120,5814837.773686,2248693.158249,-424.017554,-97.942205,1.090729
1459829235.985957,-1375495.216908,5805897.813372,2248791.253385,-423.365643,-100.722872,1.089155
1459829325.985957,-1413568.103980,5796707.787417,2248889.204711,-422.695498,-103.499200,1.087533
1459829415.985957,-1451579.858475,5787268.091650,2248987.008010,-422.007147,-106.271070,1.085865
1459829505.985957,-1489528.843170,5777579.132653,2249084.659068,-421.300619,-109.038363,1.084150
1459829595.985957,-1527413.423542,5767641.327744,2249182.153680,-420.575945,-111.800959,1.082388
1459829685.985957,-1565231.967843,5757455.104962,2249279.487646,-419.833156,-114.558740,1.080580
1459829775.985957,-1602982.847171,5747020.903041,2249376.656775,-419.072284,-117.311587,1.078725
1459829865.985957,-1640664.435536,5736339.171399,2249473.656880,-418.293362,-120.059381,1.076823
1459829955.985957,-1678275.109934,5725410.370115,2249570.483784,-417.496424,-122.802004,1.074876
1459830045.985957,-1715813.250416,5714234.969909,2249667.133316,-416.681503,-125.539337,1.072881
1459830135.985957,-1753277.240154,5702813.452123,2249763.601314,-415.848635,-128.271263,1.070841
1459830225.985957,-1790665.465518,5691146.308699,2249859.883622,-414.997856,-130.997665,1.068755
1459830315.985957,-1827976.316138,5679234.042160,2249955.976094,-414.129203,-133.718424,1.066622
1459830405.985957,-1865208.184977,5667077.165585,2250051.874590,-413.242712,-136.433424,1.064444
1459830495.985957,-1902359.468402,5654676.202590,2250147.574981,-412.338422,-139.142548,1.062220
1459830585.985957,-1939428.566250,5642031.687304,2250243.073143,-411.416372,-141.845678,1.059950
1459830675.985957,-1976413.881897,5629144.164344,2250338.364964,-410.476602,-144.542699,1.057634
1459830765.985957,-2013313.822327,5616014.188798,2250433.446339,-409.519152,-147.233494,1.055273
1459830855.985957,-2050126.798204,5602642.326192,2250528.313174,-408.544063,-149.917947,1.052866
1459830945.985957,-2086851.223935,5589029.152475,2250622.961381,-407.551378,-152.595944,1.050414
1459831035.985957,-2123485.517743,5575175.253987,2250717.386885,-406.541139,-155.267368,1.047917
1459831125.985957,-2160028.101731,5561081.227436,2250811.585617,-405.513389,-157.932104,1.045374
1459831215.985957,-2196477.401954,5546747.679874,2250905.553522,-404.468174,-160.590038,1.042787
1459831305.985957,-2232831.848484,5532175.228669,2250999.286551,-403.405537,-163.241055,1.040155
1459831395.985957,-2269089.875478,5517364.501479,2251092.780668,-402.325525,-165.885040,1.037478
1459831485.985957,-2305249.921248,5502316.136226,2251186.031844,-401.228184,-168.521881,1.034756
1459831575.985957,-2341310.428324,5487030.781065,2251279.036065,-400.113562,-171.151464,1.031989
1459831665.985957,-2377269.843524,5471509.094360,2251371.789323,-398.981706,-173.773675,1.029179
1459831755.985957,-2413126.618019,5455751.744656,2251464.287624,-397.832666,-176.388401,1.026323
1459831845.985957,-2448879.207405,5439759.410644,2251556.526984,-396.666490,-178.995529,1.023424
1459831935.985957,-2484526.071760,5423532.781140,2251648.503429,-395.483229,-181.594949,1.020481
1459832025.985957,-2520065.675720,5407072.555050,2251740.212999,-394.282934,-184.186546,1.017493
1459832115.985957,-2555496.488538,5390379.441341,2251831.651743,-393.065657,-186.770210,1.014462
1459832205.985957,-2590816.984154,5373454.159012,2251922.815722,-391.831449,-189.345830,1.011387
1459832295.985957,-2626025.641261,5356297.437060,2252013.701011,-390.580365,-191.913295,1.008268
1459832385.985957,-2661120.943365,5338910.014452,2252104.303694,-389.312458,-194.472493,1.005107
1459832475.985957,-2696101.378859,5321292.640092,2252194.619868,-388.027783,-197.023315,1.001901
1459832565.985957,-2730965.441081,5303446.072787,2252284.645645,-386.726395,-199.565651,0.998653
1459832655.985957,-2765711.628382,5285371.081217,2252374.377146,-385.408350,-202.099392,0.995362
1459832745.985957,-2800338.444189,5267068.443899,2252463.810506,-384.073705,-204.624428,0.992027
1459832835.985957,-2834844.397071,5248538.949156,2252552.941873,-382.722517,-207.140650,0.988650
1459832925.985957,-2869228.000805,5229783.395082,2252641.767409,-381.354844,-209.647950,0.985231
1459833015.985957,-2903487.774434,5210802.589508,2252730.283287,-379.970747,-212.146221,0.981769
1459833105.985957,-2937622.242337,5191597.349968,2252818.485694,-378.570283,-214.635354,0.978264
1459833195.985957,-2971629.934291,5172168.503659,2252906.370832,-377.153513,-217.115242,0.974718
1459833285.985957,-3005509.385530,5152516.887413,2252993.934915,-375.720499,-219.585779,0.971130
1459833375.985957,-3039259.136814,5132643.347656,2253081.174172,-374.271302,-222.046858,0.967499
1459833465.985957,-3072877.734490,5112548.740371,2253168.084845,-372.805985,-224.498373,0.963828
1459833555.985957,-3106363.730551,5092233.931064,2253254.663191,-371.324610,-226.940219,0.960114
1459833645.985957,-3139715.682705,5071699.794726,2253340.905480,-369.827242,-229.372290,0.956359
1459833735.985957,-3172932.154431,5050947.215794,2253426.807997,-368.313945,-231.794481,0.952563
1459833825.985957,-3206011.715043,5029977.088113,2253512.367044,-366.784784,-234.206689,0.948726
1459833915.985957,-3238952.939755,5008790.314899,2253597.578934,-365.239825,-236.608809,0.944848
1459834005.985957,-3271754.409737,4987387.808700,2253682.439997,-363.679134,-239.000738,0.940930
1459834095.985957,-3304414.712177,4965770.491355,2253766.946579,-362.102780,-241.382373,0.936971
1459834185.985957,-3336932.440348,4943939.293954,2253851.095038,-360.510829,-243.753611,0.932971
1459834275.985957,-3369306.193658,4921895.156802,2253934.881752,-358.903350,-246.114351,0.928932
1459834365.985957,-3401534.577722,4899639.029373,2254018.303110,-357.280413,-248.464490,0.924852
1459834455.985957,-3433616.204411,4877171.870275,2254101.355520,-355.642087,-250.803927,0.920733
1459834545.985957,-3465549.691922,4854494.647201,2254184.035405,-353.988443,-253.132561,0.916574
1459834635.985957,-3497333.664829,4831608.336895,2254266.339202,-352.319552,-255.450293,0.912375
1459834725.985957,-3528966.754146,4808513.925105,2254348.263368,-350.635486,-257.757022,0.908137
1459834815.985957,-3560447.597389,4785212.406545,2254429.804374,-348.936318,-260.052649,0.903860
1459834905.985957,-3591774.838628,4761704.784846,2254510.958706,-347.222120,-262.337075,0.899544
1459834995.985957,-3622947.128550,4737992.072518,2254591.722871,-345.492967,-264.610202,0.895189
1459835085.985957,-3653963.124516,4714075.290905,2254672.093388,-343.748934,-266.871932,0.890796
1459835175.985957,-3684821.490620,4689955.470139,2254752.066797,-341.990094,-269.122167,0.886364
1459835265.985957,-3715520.897744,4665633.649098,2254831.639653,-340.216525,-271.360811,0.881895
1459835355.985957,-3746060.023617,4641110.875361,2254910.808528,-338.428301,-273.587767,0.877387
1459835445.985957,-3776437.552870,4616388.205162,2254989.570012,-336.625502,-275.802939,0.872841
1459835535.985957,-3806652.177098,4591466.703345,2255067.920713,-334.808203,-278.006231,0.868258
1459835625.985957,-3836702.594908,4566347.443316,2255145.857256,-332.976483,-280.197550,0.863637
1459835715.985957,-3866587.511984,4541031.507002,2255223.376284,-331.130422,-282.376800,0.858980
1459835805.985957,-3896305.641135,4515519.984799,2255300.474458,-329.270098,-284.543887,0.854285
1459835895.985957,-3925855.702356,4489813.975528,2255377.148458,-327.395592,-286.698719,0.849553
1459835985.985957,-3955236.422879,4463914.586387,2255453.394980,-325.506985,-288.841202,0.844785
1459836075.985957,-3984446.537232,4437822.932902,2255529.210741,-323.604358,-290.971245,0.839981
1459836165.985957,-4013484.787289,4411540.138881,2255604.592475,-321.687792,-293.088755,0.835140
1459836255.985957,-4042349.922328,4385067.336366,2255679.536935,-319.757371,-295.193641,0.830263
1459836345.985957,-4071040.699083,4358405.665580,2255754.040893,-317.813177,-297.285812,0.825351
1459836435.985957,-4099555.881798,4331556.274883,2255828.101140,-315.855295,-299.365179,0.820403
1459836525.985957,-4127894.242279,4304520.320721,2255901.714486,-313.883809,-301.431652,0.815419
1459836615.985957,-4156054.559949,4277298.967572,2255974.877760,-311.898803,-303.485142,0.810401
1459836705.985957,-4184035.621901,4249893.387904,2256047.587811,-309.900362,-305.525560,0.805348
1459836795.985957,-4211836.222945,4222304.762117,2256119.841507,-307.888575,-307.552819,0.800259
1459836885.985957,-4239455.165668,4194534.278496,2256191.635736,-305.863525,-309.566831,0.795137
1459836975.985957,-4266891.260478,4166583.133159,2256262.967406,-303.825302,-311.567509,0.789980
1459837065.985957,-4294143.325660,4138452.530005,2256333.833443,-301.773993,-313.554768,0.784789
1459837155.985957,-4321210.187426,4110143.680662,2256404.230796,-299.709685,-315.528522,0.779565
1459837245.985957,-4348090.679964,4081657.804436,2256474.156433,-297.632469,-317.488685,0.774306
1459837335.985957,-4374783.645489,4052996.128259,2256543.607341,-295.542433,-319.435173,0.769015
1459837425.985957,-4401287.934294,4024159.886633,2256612.580529,-293.439668,-321.367903,0.763690
1459837515.985957,-4427602.404798,3995150.321580,2256681.073026,-291.324264,-323.286791,0.758333
1459837605.985957,-4453725.923597,3965968.682587,2256749.081882,-289.196312,-325.191755,0.752942
1459837695.985957,-4479657.365509,3936616.226552,2256816.604167,-287.055904,-327.082712,0.747520
1459837785.985957,-4505395.613627,3907094.217730,2256883.636974,-284.903132,-328.959581,0.742065
1459837875.985957,-4530939.559366,3877403.927681,2256950.177415,-282.738089,-330.822281,0.736578
1459837965.985957,-4556288.102507,3847546.635211,2257016.222623,-280.560868,-332.670732,0.731060
1459838055.985957,-4581440.151249,3817523.626321,2257081.769754,-278.371562,-334.504855,0.725510
1459838145.985957,-4606394.622256,3787336.194147,2257146.815985,-276.170267,-336.324570,0.719928
1459838235.985957,-4631150.440698,3756985.638909,2257211.358514,-273.957077,-338.129799,0.714316
1459838325.985957,-4655706.540305,3726473.267853,2257275.394561,-271.732087,-339.920464,0.708673
1459838415.985957,-4680061.863408,3695800.395193,2257338.921367,-269.495393,-341.696489,0.702999
1459838505.985957,-4704215.360984,3664968.342058,2257401.936197,-267.247091,-343.457795,0.697295
1459838595.985957,-4728165.992705,3633978.436433,2257464.436335,-264.987279,-345.204309,0.691561
1459838685.985957,-4751912.726981,3602832.013100,2257526.419091,-262.716053,-346.935954,0.685798
1459838775.985957,-4775454.541002,3571530.413584,2257587.881793,-260.433512,-348.652656,0.680005
1459838865.985957,-4798790.420787,3540074.986093,2257648.821795,-258.139753,-350.354341,0.674182
1459838955.985957,-4821919.361222,3508467.085462,2257709.236473,-255.834876,-352.040936,0.668330
1459839045.985957,-4844840.366109,3476708.073092,2257769.123222,-253.518980,-353.712368,0.662450
1459839135.985957,-4867552.448203,3444799.316892,2257828.479465,-251.192164,-355.368565,0.656541
1459839225.985957,-4890054.629262,3412742.191223,2257887.302643,-248.854529,-357.009456,0.650604
1459839315.985957,-4912345.940080,3380538.076834,2257945.590225,-246.506175,-358.634969,0.644639
1459839405.985957,-4934425.420536,3348188.360806,2258003.339698,-244.147204,-360.245036,0.638646
1459839495.985957,-4956292.119633,3315694.436492,2258060.548575,-241.777718,-361.839586,0.632625
1459839585.985957,-4977945.095539,3283057.703455,2258117.214393,-239.397817,-363.418552,0.626578
1459839675.985957,-4999383.415625,3250279.567411,2258173.334711,-237.007605,-364.981864,0.620503
1459839765.985957,-5020606.156511,3217361.440163,2258228.907110,-234.607185,-366.529456,0.614402
1459839855.985957,-5041612.404100,3184304.739548,2258283.929197,-232.196661,-368.061261,0.608274
1459839945.985957,-5062401.253620,3151110.889368,2258338.398603,-229.776135,-369.577213,0.602120
1459840035.985957,-5082971.809663,3117781.319334,2258392.312982,-227.345712,-371.077247,0.595940
1459840125.985957,-5103323.186224,3084317.465002,2258445.670010,-224.905497,-372.561298,0.589734
1459840215.985957,-5123454.506737,3050720.767712,2258498.467389,-222.455595,-374.029302,0.583503
1459840305.985957,-5143364.904115,3016992.674526,2258550.702846,-219.996111,-375.481196,0.577246
1459840395.985957,-5163053.520787,2983134.638165,2258602.374130,-217.527152,-376.916918,0.570965
1459840485.985957,-5182519.508732,2949148.116947,2258653.479016,-215.048824,-378.336405,0.564660
1459840575.985957,-5201762.029521,2915034.574725,2258704.015302,-212.561233,-379.739597,0.558330
1459840665.985957,-5220780.254349,2880795.480821,2258753.980811,-210.064487,-381.126433,0.551976
1459840755.985957,-5239573.364071,2846432.309967,2258803.373392,-207.558693,-382.496853,0.545598
1459840845.985957,-5258140.549239,2811946.542236,2258852.190917,-205.043960,-383.850798,0.539196
1459840935.985957,-5276481.010134,2777339.662986,2258900.431283,-202.520394,-385.188210,0.532772
1459841025.985957,-5294593.956806,2742613.162788,2258948.092411,-199.988106,-386.509032,0.526324
1459841115.985957,-5312478.609102,2707768.537365,2258995.172250,-197.447204,-387.813206,0.519854
1459841205.985957,-5330134.196701,2672807.287530,2259041.668771,-194.897798,-389.100676,0.513362
1459841295.985957,-5347559.959150,2637730.919118,2259087.579971,-192.339997,-390.371387,0.506847
1459841385.985957,-5364755.145895,2602540.942923,2259132.903872,-189.773912,-391.625284,0.500310
1459841475.985957,-5381719.016312,2567238.874631,2259177.638523,-187.199653,-392.862314,0.493752
1459841565.985957,-5398450.839741,2531826.234757,2259221.781997,-184.617330,-394.082422,0.487173
1459841655.985957,-5414949.895516,2496304.548579,2259265.332391,-182.027057,-395.285556,0.480573
1459841745.985957,-5431215.472998,2460675.346071,2259308.287831,-179.428943,-396.471665,0.473951
1459841835.985957,-5447246.871602,2424940.161837,2259350.646465,-176.823100,-397.640697,0.467310
1459841925.985957,-5463043.400832,2389100.535047,2259392.406470,-174.209642,-398.792602,0.460648
1459842015.985957,-5478604.380307,2353158.009370,2259433.566045,-171.588680,-399.927331,0.453967
1459842105.985957,-5493929.139791,2317114.132905,2259474.123419,-168.960327,-401.044834,0.447266
1459842195.985957,-5509017.019222,2280970.458119,2259514.076845,-166.324698,-402.145063,0.440546
1459842285.985957,-5523867.368743,2244728.541775,2259553.424600,-163.681904,-403.227972,0.433807
1459842375.985957,-5538479.548727,2208389.944869,2259592.164992,-161.032060,-404.293513,0.427049
1459842465.985957,-5552852.929802,2171956.232561,2259630.296349,-158.375281,-405.341640,0.420272
1459842555.985957,-5566986.892886,2135428.974107,2259667.817031,-155.711680,-406.372308,0.413478
1459842645.985957,-5580880.829208,2098809.742793,2259704.725421,-153.041372,-407.385474,0.406666
1459842735.985957,-5594534.140333,2062100.115865,2259741.019929,-150.364472,-408.381093,0.399836
1459842825.985957,-5607946.238193,2025301.674465,2259776.698992,-147.681096,-409.359122,0.392989
1459842915.985957,-5621116.545107,1988416.003557,2259811.761072,-144.991359,-410.319519,0.386125
1459843005.985957,-5634044.493810,1951444.691866,2259846.204660,-142.295377,-411.262244,0.379245
1459843095.985957,-5646729.527475,1914389.331803,2259880.028271,-139.593267,-412.187254,0.372348
1459843185.985957,-5659171.099738,1877251.519399,2259913.230449,-136.885143,-413.094511,0.365435
1459843275.985957,-5671368.674721,1840032.854238,2259945.809764,-134.171124,-413.983976,0.358506
1459843365.985957,-5683321.727056,1802734.939385,2259977.764811,-131.451326,-414.855609,0.351562
1459843455.985957,-5695029.741907,1765359.381319,2260009.094216,-128.725866,-415.709374,0.344603
1459843545.985957,-5706492.214990,1727907.789864,2260039.796627,-125.994862,-416.545234,0.337629
1459843635.985957,-5717708.652600,1690381.778117,2260069.870723,-123.258431,-417.363152,0.330640
1459843725.985957,-5728678.571626,1652782.962383,2260099.315207,-120.516691,-418.163095,0.323637
1459843815.985957,-5739401.499578,1615112.962099,2260128.128813,-117.769760,-418.945026,0.316621
1459843905.985957,-5749876.974603,1577373.399773,2260156.310297,-115.017757,-419.708912,0.309590
1459843995.985957,-5760104.545504,1539565.900904,2260183.858448,-112.260799,-420.454721,0.302546
1459844085.985957,-5770083.771766,1501692.093920,2260210.772076,-109.499007,-421.182421,0.295490
1459844175.985957,-5779814.223567,1463753.610106,2260237.050024,-106.732498,-421.891979,0.288420
1459844265.985957,-5789295.481802,1425752.083530,2260262.691160,-103.961392,-422.583366,0.281338
1459844355.985957,-5798527.138098,1387689.150977,2260287.694378,-101.185808,-423.256551,0.274244
1459844445.985957,-5807508.794833,1349566.451876,2260312.058602,-98.405866,-423.911507,0.267138
1459844535.985957,-5816240.065153,1311385.628232,2260335.782782,-95.621685,-424.548203,0.260021
1459844625.985957,-5824720.572990,1273148.324551,2260358.865896,-92.833386,-425.166614,0.252892
1459844715.985957,-5832949.953074,1234856.187773,2260381.306950,-90.041089,-425.766712,0.245753
1459844805.985957,-5840927.850953,1196510.867200,2260403.104977,-87.244913,-426.348472,0.238603
1459844895.985957,-5848653.923007,1158114.014425,2260424.259037,-84.444979,-426.911868,0.231442
1459844985.985957,-5856127.836461,1119667.283259,2260444.768221,-81.641409,-427.456877,0.224272
1459845075.985957,-5863349.269404,1081172.329663,2260464.631643,-78.834321,-427.983474,0.217092
1459845165.985957,-5870317.910795,1042630.811673,2260483.848449,-76.023839,-428.491637,0.209903
1459845255.985957,-5877033.460486,1004044.389333,2260502.417810,-73.210082,-428.981345,0.202704
1459845345.985957,-5883495.629227,965414.724620,2260520.338927,-70.393171,-429.452575,0.195497
1459845435.985957,-5889704.138682,926743.481374,2260537.611028,-67.573229,-429.905309,0.188282
1459845525.985957,-5895658.721442,888032.325224,2260554.233367,-64.750376,-430.339526,0.181058
1459845615.985957,-5901359.121033,849282.923520,2260570.205230,-61.924734,-430.755207,0.173826
1459845705.985957,-5906805.091929,810496.945259,2260585.525929,-59.096425,-431.152335,0.166587
1459845795.985957,-5911996.399565,771676.061013,2260600.194802,-56.265571,-431.530893,0.159341
1459845885.985957,-5916932.820343,732821.942858,2260614.211218,-53.432293,-431.890864,0.152088
1459845975.985957,-5921614.141644,693936.264300,2260627.574574,-50.596714,-432.232232,0.144829
1459846065.985957,-5926040.161835,655020.700207,2260640.284293,-47.758955,-432.554984,0.137563
1459846155.985957,-5930210.690282,616076.926732,2260652.339828,-44.919140,-432.859105,0.130291
1459846245.985957,-5934125.547352,577106.621243,2260663.740660,-42.077390,-433.144583,0.123014
1459846335.985957,-5937784.564428,538111.462252,2260674.486296,-39.233827,-433.411403,0.115731
1459846425.985957,-5941187.583908,499093.129341,2260684.576275,-36.388575,-433.659557,0.108444
1459846515.985957,-5944334.459221,460053.303090,2260694.010162,-33.541755,-433.889032,0.101152
1459846605.985957,-5947225.054826,420993.665005,2260702.787549,-30.693490,-434.099818,0.093855
1459846695.985957,-5949859.246219,381915.897445,2260710.908059,-27.843904,-434.291907,0.086554
1459846785.985957,-5952236.919942,342821.683549,2260718.371342,-24.993118,-434.465291,0.079250
1459846875.985957,-5954357.973585,303712.707167,2260725.177077,-22.141256,-434.619961,0.071942
1459846965.985957,-5956222.315790,264590.652782,2260731.324969,-19.288440,-434.755912,0.064631
1459847055.985957,-5957829.866259,225457.205442,2260736.814753,-16.434793,-434.873137,0.057317
1459847145.985957,-5959180.555750,186314.050686,2260741.646195,-13.580439,-434.971632,0.050001
1459847235.985957,-5960274.326088,147162.874469,2260745.819084,-10.725499,-435.051391,0.042683
1459847325.985957,-5961111.130162,108005.363093,2260749.333241,-7.870098,-435.112413,0.035363
1459847415.985957,-5961690.931930,68843.203133,2260752.188515,-5.014357,-435.154693,0.028041
1459847505.985957,-5962013.706419,29678.081364,2260754.384782,-2.158401,-435.178230,0.020718
1459847595.985957,-5962079.439726,-9488.315311,2260755.921948,0.697648,-435.183024,0.013394
1459847685.985957,-5961888.129020,-48654.299936,2260756.799946,3.553668,-435.169074,0.006070
1459847775.985957,-5961439.782541,-87818.185571,2260757.018738,6.409534,-435.136380,-0.001255
1459847865.985957,-5960734.419600,-126978.285365,2260756.578315,9.265124,-435.084944,-0.008579
1459847955.985957,-5959772.070578,-166132.912633,2260755.478695,12.120315,-435.014769,-0.015904
1459848045.985957,-5958552.776925,-205280.380926,2260753.719926,14.974984,-434.925856,-0.023227
1459848135.985957,-5957076.591158,-244419.004100,2260751.302083,17.829008,-434.818211,-0.030550
1459848225.985957,-5955343.576858,-283547.096395,2260748.225270,20.682265,-434.691838,-0.037871
1459848315.985957,-5953353.808668,-322662.972502,2260744.489620,23.534630,-434.546741,-0.045191
1459848405.985957,-5951107.372292,-361764.947641,2260740.095292,26.385982,-434.382928,-0.052508
1459848495.985957,-5948604.364487,-400851.337628,2260735.042478,29.236197,-434.200406,-0.059824
1459848585.985957,-5945844.893060,-439920.458953,2260729.331393,32.085153,-433.999182,-0.067137
1459848675.985957,-5942829.076867,-478970.628848,2260722.962283,34.932727,-433.779264,-0.074446
1459848765.985957,-5939557.045804,-518000.165361,2260715.935423,37.778796,-433.540664,-0.081753
1459848855.985957,-5936028.940802,-557007.387431,2260708.251115,40.623238,-433.283390,-0.089056
1459848945.985957,-5932244.913822,-595990.614954,2260699.909691,43.465931,-433.007454,-0.096356
1459849035.985957,-5928205.127847,-634948.168864,2260690.911508,46.306751,-432.712867,-0.103651
1459849125.985957,-5923909.756878,-673878.371199,2260681.256955,49.145577,-432.399643,-0.110942
1459849215.985957,-5919358.985923,-712779.545173,2260670.946447,51.982286,-432.067795,-0.118228
1459849305.985957,-5914553.010990,-751650.015254,2260659.980428,54.816756,-431.717337,-0.125509
1459849395.985957,-5909492.039081,-790488.107229,2260648.359370,57.648865,-431.348284,-0.132784
1459849485.985957,-5904176.288178,-829292.148283,2260636.083774,60.478491,-430.960652,-0.140054
1459849575.985957,-5898605.987241,-868060.467064,2260623.154168,63.305512,-430.554458,-0.147318
1459849665.985957,-5892781.376190,-906791.393762,2260609.571108,66.129807,-430.129720,-0.154575
1459849755.985957,-5886702.705899,-945483.260175,2260595.335180,68.951253,-429.686455,-0.161826
1459849845.985957,-5880370.238188,-984134.399784,2260580.446997,71.769729,-429.224683,-0.169070
1459849935.985957,-5873784.245805,-1022743.147826,2260564.907200,74.585114,-428.744424,-0.176306
1459850025.985957,-5866945.012419,-1061307.841361,2260548.716457,77.397287,-428.245698,-0.183535
1459850115.985957,-5859852.832605,-1099826.819349,2260531.875466,80.206126,-427.728526,-0.190756
1459850205.985957,-5852508.011837,-1138298.422717,2260514.384953,83.011510,-427.192932,-0.197969
1459850295.985957,-5844910.866465,-1176720.994434,2260496.245670,85.813319,-426.638938,-0.205173
1459850385.985957,-5837061.723712,-1215092.879581,2260477.458398,88.611432,-426.066568,-0.212369
1459850475.985957,-5828960.921651,-1253412.425419,2260458.023947,91.405728,-425.475846,-0.219555
1459850565.985957,-5820608.809196,-1291677.981468,2260437.943154,94.196087,-424.866799,-0.226732
1459850655.985957,-5812005.746087,-1329887.899571,2260417.216882,96.982389,-424.239452,-0.233899
1459850745.985957,-5803152.102870,-1368040.533967,2260395.846025,99.764514,-423.593832,-0.241056
1459850835.985957,-5794048.260886,-1406134.241363,2260373.831503,102.542342,-422.929968,-0.248202
1459850925.985957,-5784694.612251,-1444167.381004,2260351.174264,105.315753,-422.247887,-0.255338
1459851015.985957,-5775091.559840,-1482138.314744,2260327.875283,108.084628,-421.547619,-0.262463
1459851105.985957,-5765239.517273,-1520045.407116,2260303.935565,110.848848,-420.829195,-0.269577
1459851195.985957,-5755138.908892,-1557887.025403,2260279.356140,113.608293,-420.092645,-0.276679
1459851285.985957,-5744790.169746,-1595661.539707,2260254.138066,116.362845,-419.338001,-0.283769
1459851375.985957,-5734193.745571,-1633367.323022,2260228.282429,119.112385,-418.565295,-0.290847
1459851465.985957,-5723350.092772,-1671002.751301,2260201.790343,121.856795,-417.774561,-0.297912
1459851555.985957,-5712259.678400,-1708566.203528,2260174.662949,124.595956,-416.965833,-0.304965
1459851645.985957,-5700922.980139,-1746056.061787,2260146.901415,127.329751,-416.139146,-0.312004
1459851735.985957,-5689340.486276,-1783470.711331,2260118.506937,130.058061,-415.294534,-0.319030
1459851825.985957,-5677512.695688,-1820808.540655,2260089.480736,132.780770,-414.432036,-0.326043
1459851915.985957,-5665440.117816,-1858067.941559,2260059.824065,135.497759,-413.551687,-0.333041
1459852005.985957,-5653123.272644,-1895247.309223,2260029.538199,138.208912,-412.653526,-0.340025
1459852095.985957,-5640562.690678,-1932345.042274,2259998.624442,140.914113,-411.737591,-0.346994
1459852185.985957,-5627758.912922,-1969359.542857,2259967.084127,143.613244,-410.803922,-0.353948
1459852275.985957,-5614712.490855,-2006289.216697,2259934.918611,146.306189,-409.852559,-0.360887
1459852365.985957,-5601423.986405,-2043132.473179,2259902.129280,148.992833,-408.883543,-0.367810
1459852455.985957,-5587893.971929,-2079887.725404,2259868.717546,151.673059,-407.896916,-0.374718
1459852545.985957,-5574123.030187,-2116553.390268,2259834.684847,154.346753,-406.892720,-0.381610
1459852635.985957,-5560111.754313,-2153127.888524,2259800.032650,157.013799,-405.870998,-0.388485
1459852725.985957,-5545860.747795,-2189609.644851,2259764.762447,159.674082,-404.831795,-0.395343
1459852815.985957,-5531370.624446,-2225997.087924,2259728.875756,162.327487,-403.775156,-0.402184
1459852905.985957,-5516642.008378,-2262288.650478,2259692.374124,164.973901,-402.701125,-0.409008
1459852995.985957,-5501675.533975,-2298482.769380,2259655.259121,167.613209,-401.609749,-0.415815
1459853085.985957,-5486471.845867,-2334577.885694,2259617.532348,170.245298,-400.501075,-0.422603
1459853175.985957,-5471031.598899,-2370572.444747,2259579.195427,172.870054,-399.375151,-0.429373
1459853265.985957,-5455355.458107,-2406464.896197,2259540.250011,175.487364,-398.232026,-0.436125
1459853355.985957,-5439444.098688,-2442253.694101,2259500.697777,178.097115,-397.071747,-0.442858
1459853445.985957,-5423298.205967,-2477937.296979,2259460.540428,180.699196,-395.894367,-0.449572
1459853535.985957,-5406918.475373,-2513514.167885,2259419.779694,183.293494,-394.699934,-0.456267
1459853625.985957,-5390305.612406,-2548982.774466,2259378.417329,185.879897,-393.488502,-0.462942
1459853715.985957,-5373460.332609,-2584341.589035,2259336.455116,188.458294,-392.260121,-0.469596
1459853805.985957,-5356383.361533,-2619589.088633,2259293.894861,191.028574,-391.014844,-0.476231
1459853895.985957,-5339075.434710,-2654723.755096,2259250.738398,193.590625,-389.752727,-0.482845
1459853985.985957,-5321537.297620,-2689744.075119,2259206.987585,196.144339,-388.473821,-0.489439
1459854075.985957,-5303769.705657,-2724648.540322,2259162.644307,198.689604,-387.178184,-0.496011
1459854165.985957,-5285773.424098,-2759435.647317,2259117.710472,201.226312,-385.865871,-0.502562
1459854255.985957,-5267549.228071,-2794103.897769,2259072.188017,203.754352,-384.536937,-0.509092
1459854345.985957,-5249097.902521,-2828651.798461,2259026.078902,206.273616,-383.191441,-0.515599
1459854435.985957,-5230420.242175,-2863077.861364,2258979.385113,208.783996,-381.829440,-0.522084
1459854525.985957,-5211517.051509,-2897380.603692,2258932.108660,211.285383,-380.450994,-0.528547
1459854615.985957,-5192389.144711,-2931558.547974,2258884.251580,213.777670,-379.056161,-0.534987
1459854705.985957,-5173037.345652,-2965610.222113,2258835.815934,216.260749,-377.645001,-0.541404
1459854795.985957,-5153462.487842,-2999534.159449,2258786.803808,218.734513,-376.217575,-0.547798
1459854885.985957,-5133665.414401,-3033328.898828,2258737.217313,221.198857,-374.773945,-0.554168
1459854975.985957,-5113646.978019,-3066992.984656,2258687.058584,223.653672,-373.314173,-0.560514
1459855065.985957,-5093408.040923,-3100524.966970,2258636.329782,226.098855,-371.838322,-0.566836
1459855155.985957,-5072949.474833,-3133923.401495,2258585.033091,228.534299,-370.346455,-0.573133
1459855245.985957,-5052272.160933,-3167186.849709,2258533.170721,230.959900,-368.838637,-0.579406
1459855335.985957,-5031376.989826,-3200313.878903,2258480.744905,233.375553,-367.314932,-0.585654
1459855425.985957,-5010264.861499,-3233303.062246,2258427.757901,235.781154,-365.775407,-0.591877
1459855515.985957,-4988936.685284,-3266152.978841,2258374.211992,238.176600,-364.220127,-0.598074
1459855605.985957,-4967393.379820,-3298862.213792,2258320.109482,240.561787,-362.649159,-0.604246
1459855695.985957,-4945635.873009,-3331429.358262,2258265.452704,242.936613,-361.062572,-0.610391
1459855785.985957,-4923665.101981,-3363853.009533,2258210.244009,245.300975,-359.460433,-0.616510
1459855875.985957,-4901482.013051,-3396131.771068,2258154.485777,247.654771,-357.842812,-0.622603
1459855965.985957,-4879087.561679,-3428264.252571,2258098.180409,249.997901,-356.209777,-0.628669
1459856055.985957,-4856482.712429,-3460249.070046,2258041.330329,252.330263,-354.561401,-0.634707
1459856145.985957,-4833668.438927,-3492084.845859,2257983.937986,254.651757,-352.897752,-0.640719
1459856235.985957,-4810645.723818,-3523770.208791,2257926.005852,256.962282,-351.218904,-0.646703
1459856325.985957,-4787415.558727,-3555303.794106,2257867.536422,259.261740,-349.524928,-0.652659
1459856415.985957,-4763978.944213,-3586684.243604,2257808.532214,261.550031,-347.815898,-0.658587
1459856505.985957,-4740336.889727,-3617910.205679,2257748.995769,263.827056,-346.091887,-0.664486
1459856595.985957,-4716490.413568,-3648980.335381,2257688.929652,266.092718,-344.352969,-0.670357
1459856685.985957,-4692440.542843,-3679893.294472,2257628.336450,268.346919,-342.599219,-0.676199
1459856775.985957,-4668188.313415,-3710647.751482,2257567.218771,270.589562,-340.830713,-0.682012
1459856865.985957,-4643734.769866,-3741242.381770,2257505.579249,272.820550,-339.047527,-0.687795
1459856955.985957,-4619080.965448,-3771675.867577,2257443.420538,275.039788,-337.249737,-0.693549
1459857045.985957,-4594227.962038,-3801946.898086,2257380.745316,277.247179,-335.437422,-0.699273
1459857135.985957,-4569176.830093,-3832054.169476,2257317.556281,279.442628,-333.610659,-0.704967
1459857225.985957,-4543928.648605,-3861996.384981,2257253.856155,281.626042,-331.769527,-0.710630
1459857315.985957,-4518484.505053,-3891772.254944,2257189.647682,283.797325,-329.914105,-0.716263
1459857405.985957,-4492845.495353,-3921380.496871,2257124.933627,285.956385,-328.044473,-0.721865
1459857495.985957,-4467012.723820,-3950819.835489,2257059.716777,288.103128,-326.160711,-0.727436
1459857585.985957,-4440987.303108,-3980089.002801,2256993.999941,290.237463,-324.262902,-0.732976
1459857675.985957,-4414770.354176,-4009186.738137,2256927.785949,292.359296,-322.351125,-0.738484
1459857765.985957,-4388363.006225,-4038111.788215,2256861.077653,294.468537,-320.425465,-0.743960
1459857855.985957,-4361766.396662,-4066862.907187,2256793.877927,296.565094,-318.486004,-0.749405
1459857945.985957,-4334981.671045,-4095438.856697,2256726.189664,298.648878,-316.532824,-0.754817
1459858035.985957,-4308009.983032,-4123838.405935,2256658.015780,300.719799,-314.566012,-0.760196
1459858125.985957,-4280852.494336,-4152060.331689,2256589.359211,302.777768,-312.585650,-0.765543
1459858215.985957,-4253510.374672,-4180103.418396,2256520.222914,304.822695,-310.591825,-0.770857
1459858305.985957,-4225984.801708,-4207966.458198,2256450.609866,306.854493,-308.584622,-0.776137
1459858395.985957,-4198276.961013,-4235648.250990,2256380.523066,308.873075,-306.564128,-0.781384
1459858485.985957,-4170388.046005,-4263147.604474,2256309.965532,310.878352,-304.530430,-0.786598
1459858575.985957,-4142319.257904,-4290463.334210,2256238.940304,312.870240,-302.483615,-0.791777
1459858665.985957,-4114071.805677,-4317594.263669,2256167.450440,314.848652,-300.423772,-0.796923
1459858755.985957,-4085646.905984,-4344539.224278,2256095.499019,316.813503,-298.350989,-0.802034
1459858845.985957,-4057045.783129,-4371297.055476,2256023.089140,318.764708,-296.265355,-0.807110
1459858935.985957,-4028269.669009,-4397866.604762,2255950.223922,320.702184,-294.166961,-0.812152
1459859025.985957,-3999319.803054,-4424246.727745,2255876.906503,322.625846,-292.055897,-0.817159
1459859115.985957,-3970197.432179,-4450436.288192,2255803.140040,324.535613,-289.932253,-0.822131
1459859205.985957,-3940903.810731,-4476434.158077,2255728.927712,326.431401,-287.796122,-0.827067
1459859295.985957,-3911440.200432,-4502239.217632,2255654.272714,328.313129,-285.647595,-0.831968
1459859385.985957,-3881807.870324,-4527850.355394,2255579.178261,330.180717,-283.486764,-0.836833
1459859475.985957,-3852008.096717,-4553266.468250,2255503.647588,332.034082,-281.313723,-0.841661
1459859565.985957,-3822042.163135,-4578486.461491,2255427.683948,333.873147,-279.128566,-0.846454
1459859655.985957,-3791911.360256,-4603509.248850,2255351.290613,335.697831,-276.931386,-0.851210
1459859745.985957,-3761616.985860,-4628333.752558,2255274.470872,337.508057,-274.722279,-0.855929
1459859835.985957,-3731160.344774,-4652958.903386,2255197.228035,339.303745,-272.501338,-0.860612
1459859925.985957,-3700542.748812,-4677383.640690,2255119.565428,341.084819,-270.268661,-0.865257
1459860015.985957,-3669765.516721,-4701606.912458,2255041.486396,342.851202,-268.024342,-0.869865
1459860105.985957,-3638829.974124,-4725627.675357,2254962.994302,344.602818,-265.768480,-0.874436
1459860195.985957,-3607737.453463,-4749444.894774,2254884.092527,346.339591,-263.501170,-0.878969
1459860285.985957,-3576489.293941,-4773057.544867,2254804.784469,348.061447,-261.222511,-0.883465
1459860375.985957,-3545086.841465,-4796464.608601,2254725.073543,349.768311,-258.932601,-0.887922
1459860465.985957,-3513531.448586,-4819665.077798,2254644.963183,351.460110,-256.631538,-0.892341
1459860555.985957,-3481824.474445,-4842657.953177,2254564.456839,353.136771,-254.319421,-0.896721
1459860645.985957,-3449967.284709,-4865442.244400,2254483.557979,354.798222,-251.996351,-0.901063
1459860735.985957,-3417961.251518,-4888016.970112,2254402.270087,356.444392,-249.662427,-0.905366
1459860825.985957,-3385807.753420,-4910381.157985,2254320.596663,358.075208,-247.317749,-0.909630
1459860915.985957,-3353508.175318,-4932533.844758,2254238.541226,359.690602,-244.962419,-0.913855
1459861005.985957,-3321063.908403,-4954474.076281,2254156.107310,361.290504,-242.596538,-0.918041
1459861095.985957,-3288476.350100,-4976200.907554,2254073.298465,362.874844,-240.220208,-0.922187
1459861185.985957,-3255746.904005,-4997713.402768,2253990.118257,364.443555,-237.833532,-0.926293
1459861275.985957,-3222876.979828,-5019010.635349,2253906.570270,365.996568,-235.436611,-0.930359
1459861365.985957,-3189867.993326,-5040091.687989,2253822.658101,367.533817,-233.029550,-0.934386
1459861455.985957,-3156721.366248,-5060955.652697,2253738.385365,369.055237,-230.612452,-0.938372
1459861545.985957,-3123438.526269,-5081601.630828,2253653.755691,370.560760,-228.185422,-0.942317
1459861635.985957,-3090020.906935,-5102028.733128,2253568.772724,372.050323,-225.748562,-0.946222
1459861725.985957,-3056469.947592,-5122236.079771,2253483.440125,373.523861,-223.301980,-0.950087
1459861815.985957,-3022787.093333,-5142222.800394,2253397.761569,374.981310,-220.845780,-0.953910
1459861905.985957,-2988973.794930,-5161988.034139,2253311.740746,376.422609,-218.380067,-0.957692
1459861995.985957,-2955031.508776,-5181530.929686,2253225.381361,377.847694,-215.904949,-0.961433
1459862085.985957,-2920961.696815,-5200850.645292,2253138.687133,379.256506,-213.420531,-0.965133
1459862175.985957,-2886765.826489,-5219946.348828,2253051.661796,380.648981,-210.926920,-0.968791
1459862265.985957,-2852445.370665,-5238817.217812,2252964.309099,382.025062,-208.424225,-0.972407
1459862355.985957,-2818001.807580,-5257462.439447,2252876.632804,383.384689,-205.912553,-0.975982
1459862445.985957,-2783436.620771,-5275881.210653,2252788.636687,384.727802,-203.392011,-0.979514
1459862535.985957,-2748751.299014,-5294072.738105,2252700.324537,386.054344,-200.862710,-0.983005
1459862625.985957,-2713947.336259,-5312036.238268,2252611.700160,387.364259,-198.324757,-0.986453
1459862715.985957,-2679026.231568,-5329770.937423,2252522.767371,388.657489,-195.778261,-0.989858
1459862805.985957,-2643989.489045,-5347276.071712,2252433.530001,389.933979,-193.223333,-0.993221
1459862895.985957,-2608838.617778,-5364550.887159,2252343.991894,391.193675,-190.660083,-0.996541
1459862985.985957,-2573575.131769,-5381594.639713,2252254.156906,392.436520,-188.088621,-0.999818
1459863075.985957,-2538200.549872,-5398406.595273,2252164.028906,393.662463,-185.509057,-1.003052
1459863165.985957,-2502716.395724,-5414986.029721,2252073.611776,394.871450,-182.921503,-1.006243
1459863255.985957,-2467124.197682,-5431332.228955,2251982.909410,396.063430,-180.326071,-1.009390
1459863345.985957,-2431425.488758,-5447444.488920,2251891.925715,397.238350,-177.722872,-1.012494
1459863435.985957,-2395621.806551,-5463322.115636,2251800.664610,398.396161,-175.112018,-1.015555
1459863525.985957,-2359714.693180,-5478964.425227,2251709.130025,399.536813,-172.493621,-1.018571
1459863615.985957,-2323705.695220,-5494370.743957,2251617.325902,400.660255,-169.867795,-1.021544
1459863705.985957,-2287596.363636,-5509540.408250,2251525.256196,401.766441,-167.234652,-1.024473
1459863795.985957,-2251388.253710,-5524472.764727,2251432.924872,402.855321,-164.594307,-1.027358
1459863885.985957,-2215082.924984,-5539167.170226,2251340.335908,403.926851,-161.946872,-1.030198
1459863975.985957,-2178681.941183,-5553622.991838,2251247.493289,404.980982,-159.292462,-1.032994
1459864065.985957,-2142186.870154,-5567839.606928,2251154.401017,406.017670,-156.631190,-1.035746
1459864155.985957,-2105599.283797,-5581816.403164,2251061.063099,407.036871,-153.963173,-1.038453
1459864245.985957,-2068920.757995,-5595552.778543,2250967.483556,408.038540,-151.288524,-1.041115
1459864335.985957,-2032152.872550,-5609048.141419,2250873.666419,409.022634,-148.607359,-1.043732
1459864425.985957,-1995297.211112,-5622301.910526,2250779.615728,409.989110,-145.919793,-1.046305
1459864515.985957,-1958355.361109,-5635313.515003,2250685.335534,410.937928,-143.225942,-1.048832
1459864605.985957,-1921328.913686,-5648082.394421,2250590.829899,411.869046,-140.525922,-1.051314
1459864695.985957,-1884219.463629,-5660607.998803,2250496.102891,412.782425,-137.819849,-1.053751
1459864785.985957,-1847028.609298,-5672889.788652,2250401.158591,413.678024,-135.107841,-1.056143
1459864875.985957,-1809757.952563,-5684927.234974,2250306.001089,414.555805,-132.390013,-1.058489
1459864965.985957,-1772409.098727,-5696719.819296,2250210.634483,415.415731,-129.666482,-1.060789
1459865055.985957,-1734983.656464,-5708267.033694,2250115.062881,416.257764,-126.937367,-1.063044
1459865145.985957,-1697483.237746,-5719568.380810,2250019.290398,417.081868,-124.202785,-1.065253
1459865235.985957,-1659909.457772,-5730623.373880,2249923.321159,417.888008,-121.462852,-1.067416
1459865325.985957,-1622263.934906,-5741431.536746,2249827.159299,418.676149,-118.717689,-1.069533
1459865415.985957,-1584548.290596,-5751992.403884,2249730.808959,419.446257,-115.967412,-1.071604
1459865505.985957,-1546764.149316,-5762305.520422,2249634.274289,420.198299,-113.212140,-1.073629
1459865595.985957,-1508913.138485,-5772370.442158,2249537.559446,420.932242,-110.451991,-1.075608
1459865685.985957,-1470996.888406,-5782186.735580,2249440.668596,421.648054,-107.687086,-1.077540
1459865775.985957,-1433017.032190,-5791753.977885,2249343.605912,422.345706,-104.917542,-1.079426
1459865865.985957,-1394975.205688,-5801071.756997,2249246.375576,423.025167,-102.143479,-1.081265
1459865955.985957,-1356873.047422,-5810139.671584,2249148.981773,423.686407,-99.365017,-1.083058
1459866045.985957,-1318712.198509,-5818957.331079,2249051.428701,424.329399,-96.582275,-1.084804
1459866135.985957,-1280494.302597,-5827524.355689,2248953.720559,424.954114,-93.795373,-1.086504
1459866225.985957,-1242221.005790,-5835840.376421,2248855.861557,425.560526,-91.004431,-1.088157
1459866315.985957,-1203893.956577,-5843905.035091,2248757.855909,426.148608,-88.209569,-1.089762
1459866405.985957,-1165514.805764,-5851717.984340,2248659.707836,426.718335,-85.410908,-1.091321
1459866495.985957,-1127085.206401,-5859278.887654,2248561.421566,427.269682,-82.608568,-1.092833
1459866585.985957,-1088606.813710,-5866587.419372,2248463.001332,427.802627,-79.802671,-1.094298
1459866675.985957,-1050081.285015,-5873643.264705,2248364.451374,428.317145,-76.993336,-1.095716
1459866765.985957,-1011510.279669,-5880446.119746,2248265.775934,428.813216,-74.180684,-1.097086
1459866855.985957,-972895.458987,-5886995.691486,2248166.979265,429.290816,-71.364838,-1.098409
1459866945.985957,-934238.486168,-5893291.697825,2248068.065620,429.749926,-68.545918,-1.099685
1459867035.985957,-895541.026227,-5899333.867584,2247969.039261,430.190527,-65.724045,-1.100914
1459867125.985957,-856804.745925,-5905121.940517,2247869.904452,430.612598,-62.899342,-1.102095
1459867215.985957,-818031.313692,-5910655.667323,2247770.665463,431.016122,-60.071929,-1.103229
1459867305.985957,-779222.399561,-5915934.809656,2247671.326569,431.401082,-57.241929,-1.104315
1459867395.985957,-740379.675092,-5920959.140135,2247571.892047,431.767460,-54.409464,-1.105353
1459867485.985957,-701504.813301,-5925728.442354,2247472.366182,432.115242,-51.574655,-1.106344
1459867575.985957,-662599.488587,-5930242.510892,2247372.753258,432.444412,-48.737625,-1.107288
1459867665.985957,-623665.376666,-5934501.151321,2247273.057568,432.754955,-45.898495,-1.108183
1459867755.985957,-584704.154487,-5938504.180215,2247173.283405,433.046860,-43.057389,-1.109031
1459867845.985957,-545717.500172,-5942251.425157,2247073.435065,433.320112,-40.214428,-1.109832
1459867935.985957,-506707.092936,-5945742.724748,2246973.516851,433.574700,-37.369735,-1.110584
1459868025.985957,-467674.613018,-5948977.928611,2246873.533065,433.810614,-34.523432,-1.111288
1459868115.985957,-428621.741607,-5951956.897402,2246773.488013,434.027843,-31.675642,-1.111945
1459868205.985957,-389550.160771,-5954679.502812,2246673.386005,434.226378,-28.826489,-1.112554
1459868295.985957,-350461.553383,-5957145.627574,2246573.231352,434.406210,-25.976093,-1.113115
1459868385.985957,-311357.603050,-5959355.165468,2246473.028369,434.567331,-23.124579,-1.113628
1459868475.985957,-272239.994040,-5961308.021325,2246372.781370,434.709735,-20.272068,-1.114092
1459868565.985957,-233110.411209,-5963004.111034,2246272.494674,434.833415,-17.418685,-1.114509
1459868655.985957,-193970.539929,-5964443.361541,2246172.172599,434.938366,-14.564551,-1.114878
1459868745.985957,-154822.066013,-5965625.710856,2246071.819468,435.024584,-11.709790,-1.115199
1459868835.985957,-115666.675649,-5966551.108052,2245971.439602,435.092064,-8.854524,-1.115472
1459868925.985957,-76506.055319,-5967219.513271,2245871.037324,435.140805,-5.998877,-1.115697
1459869015.985957,-37341.891731,-5967630.897724,2245770.616960,435.170803,-3.142972,-1.115874
1459869105.985957,1824.128253,-5967785.243693,2245670.182834,435.182058,-0.286932,-1.116003
1459869195.985957,40990.317692,-5967682.544529,2245569.739272,435.174569,2.569121,-1.116083
1459869285.985957,80154.989638,-5967322.804655,2245469.290600,435.148336,5.425064,-1.116116
1459869375.985957,119316.457208,-5966706.039567,2245368.841145,435.103361,8.280772,-1.116100
1459869465.985957,158473.033655,-5965832.275829,2245268.395234,435.039645,11.136124,-1.116037
1459869555.985957,197623.032447,-5964701.551075,2245167.957192,434.957191,13.990997,-1.115925
1459869645.985957,236764.767333,-5963313.914008,2245067.531345,434.856003,16.845266,-1.115765
1459869735.985957,275896.552416,-5961669.424395,2244967.122020,434.736085,19.698811,-1.115558
1459869825.985957,315016.702231,-5959768.153067,2244866.733540,434.597443,22.551506,-1.115302
1459869915.985957,354123.531811,-5957610.181915,2244766.370230,434.440081,25.403231,-1.114998
1459870005.985957,393215.356766,-5955195.603885,2244666.036412,434.264008,28.253861,-1.114646
1459870095.985957,432290.493350,-5952524.522978,2244565.736407,434.069230,31.103274,-1.114246
1459870185.985957,471347.258536,-5949597.054241,2244465.474537,433.855756,33.951348,-1.113799
1459870275.985957,510383.970089,-5946413.323764,2244365.255119,433.623595,36.797959,-1.113303
1459870365.985957,549398.946637,-5942973.468677,2244265.082470,433.372757,39.642985,-1.112759
1459870455.985957,588390.507745,-5939277.637137,2244164.960904,433.103254,42.486304,-1.112167
1459870545.985957,627356.973986,-5935325.988332,2244064.894733,432.815096,45.327793,-1.111528
1459870635.985957,666296.667014,-5931118.692464,2243964.888269,432.508296,48.167330,-1.110840
1459870725.985957,705207.909636,-5926655.930748,2243864.945817,432.182867,51.004792,-1.110105
1459870815.985957,744089.025884,-5921937.895403,2243765.071683,431.838823,53.840057,-1.109322
1459870905.985957,782938.341090,-5916964.789640,2243665.270169,431.476179,56.673003,-1.108491
1459870995.985957,821754.181951,-5911736.827661,2243565.545572,431.094951,59.503508,-1.107612
1459871085.985957,860534.876611,-5906254.234640,2243465.902189,430.695156,62.331450,-1.106686
1459871175.985957,899278.754724,-5900517.246723,2243366.344310,430.276809,65.156708,-1.105712
1459871265.985957,937984.147532,-5894526.111009,2243266.876225,429.839930,67.979159,-1.104690
1459871355.985957,976649.387933,-5888281.085546,2243167.502217,429.384536,70.798682,-1.103621
1459871445.985957,1015272.810557,-5881782.439317,2243068.226567,428.910649,73.615155,-1.102504
1459871535.985957,1053852.751831,-5875030.452230,2242969.053550,428.418288,76.428458,-1.101340
1459871625.985957,1092387.550059,-5868025.415102,2242869.987438,427.907474,79.238469,-1.100128
1459871715.985957,1130875.545487,-5860767.629651,2242771.032497,427.378229,82.045068,-1.098869
1459871805.985957,1169315.080377,-5853257.408481,2242672.192991,426.830577,84.848132,-1.097563
1459871895.985957,1207704.499079,-5845495.075070,2242573.473176,426.264540,87.647542,-1.096209
1459871985.985957,1246042.148101,-5837480.963752,2242474.877304,425.680144,90.443177,-1.094808
1459872075.985957,1284326.376183,-5829215.419709,2242376.409621,425.077412,93.234916,-1.093360
1459872165.985957,1322555.534361,-5820698.798949,2242278.074370,424.456372,96.022639,-1.091865
1459872255.985957,1360727.976048,-5811931.468297,2242179.875784,423.817050,98.806227,-1.090323
1459872345.985957,1398842.057097,-5802913.805375,2242081.818095,423.159474,101.585558,-1.088733
1459872435.985957,1436896.135876,-5793646.198589,2241983.905525,422.483671,104.360515,-1.087097
1459872525.985957,1474888.573337,-5784129.047108,2241886.142291,421.789672,107.130976,-1.085415
1459872615.985957,1512817.733087,-5774362.760850,2241788.532605,421.077505,109.896823,-1.083685
1459872705.985957,1550681.981457,-5764347.760465,2241691.080671,420.347202,112.657937,-1.081909
1459872795.985957,1588479.687577,-5754084.477314,2241593.790685,419.598794,115.414198,-1.080086
1459872885.985957,1626209.223440,-5743573.353454,2241496.666839,418.832313,118.165489,-1.078216
1459872975.985957,1663868.963976,-5732814.841613,2241399.713316,418.047792,120.911689,-1.076301
1459873065.985957,1701457.287124,-5721809.405178,2241302.934291,417.245265,123.652682,-1.074338
1459873155.985957,1738972.573895,-5710557.518171,2241206.333933,416.424767,126.388349,-1.072330
1459873245.985957,1776413.208447,-5699059.665226,2241109.916403,415.586333,129.118572,-1.070275
1459873335.985957,1813777.578156,-5687316.341576,2241013.685853,414.729999,131.843234,-1.068174
1459873425.985957,1851064.073678,-5675328.053022,2240917.646429,413.855802,134.562217,-1.066028
1459873515.985957,1888271.089028,-5663095.315919,2240821.802266,412.963779,137.275405,-1.063835
1459873605.985957,1925397.021642,-5650618.657150,2240726.157494,412.053970,139.982679,-1.061597
1459873695.985957,1962440.272448,-5637898.614103,2240630.716232,411.126412,142.683925,-1.059312
1459873785.985957,1999399.245936,-5624935.734652,2240535.482590,410.181147,145.379024,-1.056982
1459873875.985957,2036272.350225,-5611730.577126,2240440.460670,409.218215,148.067863,-1.054607
1459873965.985957,2073057.997135,-5598283.710293,2240345.654565,408.237657,150.750323,-1.052186
1459874055.985957,2109754.602250,-5584595.713331,2240251.068359,407.239515,153.426291,-1.049720
1459874145.985957,2146360.584991,-5570667.175801,2240156.706126,406.223833,156.095650,-1.047209
1459874235.985957,2182874.368682,-5556498.697629,2240062.571929,405.190655,158.758286,-1.044652
1459874325.985957,2219294.380616,-5542090.889071,2239968.669823,404.140024,161.414084,-1.042051
1459874415.985957,2255619.052129,-5527444.370696,2239875.003854,403.071986,164.062929,-1.039405
1459874505.985957,2291846.818659,-5512559.773350,2239781.578055,401.986588,166.704709,-1.036714
1459874595.985957,2327976.119822,-5497437.738138,2239688.396450,400.883875,169.339308,-1.033978
1459874685.985957,2364005.399471,-5482078.916387,2239595.463052,399.763896,171.966613,-1.031198
1459874775.985957,2399933.105771,-5466483.969627,2239502.781866,398.626698,174.586511,-1.028373
1459874865.985957,2435757.691259,-5450653.569556,2239410.356881,397.472330,177.198890,-1.025504
1459874955.985957,2471477.612915,-5434588.398014,2239318.192080,396.300843,179.803636,-1.022591
1459875045.985957,2507091.332227,-5418289.146952,2239226.291433,395.112287,182.400638,-1.019634
1459875135.985957,2542597.315257,-5401756.518405,2239134.658896,393.906712,184.989784,-1.016632
1459875225.985957,2577994.032706,-5384991.224458,2239043.298418,392.684171,187.570962,-1.013588
1459875315.985957,2613279.959984,-5367993.987220,2238952.213933,391.444717,190.144061,-1.010499
1459875405.985957,2648453.577271,-5350765.538786,2238861.409364,390.188403,192.708970,-1.007367
1459875495.985957,2683513.369584,-5333306.621213,2238770.888623,388.915282,195.265579,-1.004191
1459875585.985957,2718457.826845,-5315617.986483,2238680.655608,387.625411,197.813777,-1.000973
1459875675.985957,2753285.443942,-5297700.396474,2238590.714206,386.318843,200.353456,-0.997711
1459875765.985957,2787994.720794,-5279554.622924,2238501.068291,384.995637,202.884505,-0.994406
1459875855.985957,2822584.162420,-5261181.447399,2238411.721725,383.655848,205.406815,-0.991058
1459875945.985957,2857052.278999,-5242581.661261,2238322.678354,382.299534,207.920278,-0.987668
1459876035.985957,2891397.585936,-5223756.065630,2238233.942015,380.926755,210.424786,-0.984235
1459876125.985957,2925618.603924,-5204705.471356,2238145.516530,379.537568,212.920230,-0.980760
1459876215.985957,2959713.859014,-5185430.698975,2238057.405707,378.132033,215.406503,-0.977242
1459876305.985957,2993681.882667,-5165932.578683,2237969.613342,376.710213,217.883499,-0.973683
1459876395.985957,3027521.211830,-5146211.950294,2237882.143216,375.272166,220.351110,-0.970081
1459876485.985957,3061230.388989,-5126269.663206,2237794.999096,373.817956,222.809230,-0.966438
1459876575.985957,3094807.962239,-5106106.576363,2237708.184735,372.347645,225.257754,-0.962753
1459876665.985957,3128252.485342,-5085723.558222,2237621.703874,370.861297,227.696575,-0.959027
1459876755.985957,3161562.517789,-5065121.486711,2237535.560237,369.358975,230.125589,-0.955259
1459876845.985957,3194736.624867,-5044301.249191,2237449.757534,367.840744,232.544691,-0.951450
1459876935.985957,3227773.377715,-5023263.742425,2237364.299461,366.306670,234.953777,-0.947600
1459877025.985957,3260671.353389,-5002009.872529,2237279.189700,364.756818,237.352743,-0.943710
1459877115.985957,3293429.134923,-4980540.554940,2237194.431915,363.191255,239.741486,-0.939778
1459877205.985957,3326045.311387,-4958856.714376,2237110.029757,361.610050,242.119903,-0.935806
1459877295.985957,3358518.477953,-4936959.284793,2237025.986863,360.013269,244.487892,-0.931794
1459877385.985957,3390847.235951,-4914849.209347,2236942.306851,358.400982,246.845350,-0.927742
1459877475.985957,3423030.192932,-4892527.440353,2236858.993326,356.773258,249.192176,-0.923650
1459877565.985957,3455065.962726,-4869994.939245,2236776.049876,355.130167,251.528269,-0.919518
1459877655.985957,3486953.165502,-4847252.676531,2236693.480075,353.471781,253.853528,-0.915346
1459877745.985957,3518690.427829,-4824301.631758,2236611.287478,351.798169,256.167854,-0.911135
1459877835.985957,3550276.382735,-4801142.793461,2236529.475626,350.109406,258.471146,-0.906885
1459877925.985957,3581709.669763,-4777777.159128,2236448.048043,348.405562,260.763305,-0.902596
1459878015.985957,3612988.935033,-4754205.735152,2236367.008235,346.686712,263.044232,-0.898268
1459878105.985957,3644112.831299,-4730429.536793,2236286.359694,344.952930,265.313830,-0.893901
1459878195.985957,3675080.018006,-4706449.588126,2236206.105893,343.204290,267.572001,-0.889495
1459878285.985957,3705889.161350,-4682266.922006,2236126.250289,341.440868,269.818647,-0.885052
1459878375.985957,3736538.934332,-4657882.580018,2236046.796321,339.662739,272.053671,-0.880570
1459878465.985957,3767028.016821,-4633297.612433,2235967.747412,337.869981,274.276977,-0.876050
1459878555.985957,3797355.095603,-4608513.078163,2235889.106966,336.062670,276.488470,-0.871493
1459878645.985957,3827518.864445,-4583530.044718,2235810.878371,334.240884,278.688054,-0.866898
1459878735.985957,3857518.024147,-4558349.588154,2235733.064996,332.404702,280.875635,-0.862265
1459878825.985957,3887351.282597,-4532972.793033,2235655.670193,330.554203,283.051118,-0.857596
1459878915.985957,3917017.354833,-4507400.752373,2235578.697295,328.689466,285.214409,-0.852889
1459879005.985957,3946514.963089,-4481634.567602,2235502.149618,326.810572,287.365416,-0.848146
1459879095.985957,3975842.836858,-4455675.348508,2235426.030459,324.917602,289.504045,-0.843366
1459879185.985957,4004999.712944,-4429524.213196,2235350.343096,323.010637,291.630205,-0.838550
1459879275.985957,4033984.335514,-4403182.288036,2235275.090790,321.089760,293.743804,-0.833698
1459879365.985957,4062795.456157,-4376650.707614,2235200.276782,319.155053,295.844751,-0.828810
1459879455.985957,4091431.833931,-4349930.614688,2235125.904294,317.206599,297.932956,-0.823887
1459879545.985957,4119892.235425,-4323023.160133,2235051.976530,315.244483,300.008328,-0.818927
1459879635.985957,4148175.434805,-4295929.502895,2234978.496674,313.268788,302.070779,-0.813933
1459879725.985957,4176280.213869,-4268650.809939,2234905.467890,311.279601,304.120218,-0.808903
1459879815.985957,4204205.362102,-4241188.256201,2234832.893325,309.277006,306.156559,-0.803839
1459879905.985957,4231949.676723,-4213543.024537,2234760.776105,307.261091,308.179713,-0.798740
1459879995.985957,4259511.962742,-4185716.305668,2234689.119335,305.231941,310.189594,-0.793606
1459880085.985957,4286891.033010,-4157709.298135,2234617.926102,303.189644,312.186114,-0.788439
1459880175.985957,4314085.708266,-4129523.208242,2234547.199473,301.134289,314.169187,-0.783237
1459880265.985957,4341094.817195,-4101159.250010,2234476.942494,299.065963,316.138729,-0.778002
1459880355.985957,4367917.196471,-4072618.645116,2234407.158191,296.984756,318.094655,-0.772733
1459880445.985957,4394551.690815,-4043902.622849,2234337.849570,294.890757,320.036879,-0.767431
1459880535.985957,4420997.153036,-4015012.420053,2234269.019617,292.784057,321.965319,-0.762096
1459880625.985957,4447252.444088,-3985949.281073,2234200.671295,290.664746,323.879892,-0.756728
1459880715.985957,4473316.433115,-3956714.457705,2234132.807549,288.532916,325.780514,-0.751327
1459880805.985957,4499187.997500,-3927309.209136,2234065.431302,286.388658,327.667105,-0.745894
1459880895.985957,4524866.022916,-3897734.801897,2233998.545457,284.232065,329.539582,-0.740429
1459880985.985957,4550349.403368,-3867992.509802,2233932.152893,282.063230,331.397866,-0.734932
1459881075.985957,4575637.041251,-3838083.613900,2233866.256471,279.882246,333.241876,-0.729404
1459881165.985957,4600727.847384,-3808009.402411,2233800.859029,277.689207,335.071532,-0.723843
1459881255.985957,4625620.741070,-3777771.170680,2233735.963385,275.484208,336.886757,-0.718252
1459881345.985957,4650314.650131,-3747370.221113,2233671.572332,273.267342,338.687471,-0.712630
1459881435.985957,4674808.510964,-3716807.863126,2233607.688645,271.038707,340.473598,-0.706977
1459881525.985957,4699101.268579,-3686085.413089,2233544.315076,268.798398,342.245060,-0.701294
1459881615.985957,4723191.876650,-3655204.194263,2233481.454353,266.546511,344.001780,-0.695580
1459881705.985957,4747079.297558,-3624165.536751,2233419.109186,264.283144,345.743685,-0.689837
1459881795.985957,4770762.502434,-3592970.777436,2233357.282258,262.008394,347.470697,-0.684064
1459881885.985957,4794240.471205,-3561621.259925,2233295.976234,259.722358,349.182743,-0.678261
1459881975.985957,4817512.192640,-3530118.334490,2233235.193753,257.425136,350.879750,-0.672429
1459882065.985957,4840576.664389,-3498463.358010,2233174.937435,255.116826,352.561643,-0.666568
1459882155.985957,4863432.893030,-3466657.693915,2233115.209873,252.797528,354.228351,-0.660679
1459882245.985957,4886079.894110,-3434702.712123,2233056.013642,250.467341,355.879802,-0.654761
1459882335.985957,4908516.692186,-3402599.788987,2232997.351290,248.126367,357.515925,-0.648815
1459882425.985957,4930742.320873,-3370350.307227,2232939.225345,245.774705,359.136649,-0.642841
1459882515.985957,4952755.822876,-3337955.655879,2232881.638311,243.412457,360.741904,-0.636839
1459882605.985957,4974556.250042,-3305417.230231,2232824.592666,241.039726,362.331622,-0.630809
1459882695.985957,4996142.663391,-3272736.431763,2232768.090870,238.656612,363.905733,-0.624753
1459882785.985957,5017514.133164,-3239914.668088,2232712.135356,236.263219,365.464171,-0.618670
1459882875.985957,5038669.738857,-3206953.352890,2232656.728533,233.859649,367.006867,-0.612560
1459882965.985957,5059608.569267,-3173853.905864,2232601.872788,231.446008,368.533756,-0.606423
1459883055.985957,5080329.722526,-3140617.752655,2232547.570485,229.022397,370.044772,-0.600261
1459883145.985957,5100832.306141,-3107246.324795,2232493.823961,226.588922,371.539849,-0.594072
1459883235.985957,5121115.437035,-3073741.059642,2232440.635533,224.145687,373.018923,-0.587858
1459883325.985957,5141178.241582,-3040103.400322,2232388.007491,221.692798,374.481931,-0.581619
1459883415.985957,5161019.855644,-3006334.795660,2232335.942103,219.230361,375.928809,-0.575355
1459883505.985957,5180639.424615,-2972436.700121,2232284.441610,216.758481,377.359495,-0.569066
1459883595.985957,5200036.103448,-2938410.573750,2232233.508231,214.277264,378.773928,-0.562752
1459883685.985957,5219209.056698,-2904257.882104,2232183.144160,211.786819,380.172047,-0.556414
1459883775.985957,5238157.458557,-2869980.096193,2232133.351566,209.287251,381.553791,-0.550052
1459883865.985957,5256880.492887,-2835578.692414,2232084.132595,206.778669,382.919101,-0.543667
1459883955.985957,5275377.353259,-2801055.152489,2232035.489365,204.261181,384.267918,-0.537258
1459884045.985957,5293647.242985,-2766410.963400,2231987.423973,201.734895,385.600184,-0.530826
1459884135.985957,5311689.375151,-2731647.617326,2231939.938489,199.199920,386.915841,-0.524371
1459884225.985957,5329502.972655,-2696766.611578,2231893.034958,196.656366,388.214834,-0.517894
1459884315.985957,5347087.268238,-2661769.448535,2231846.715401,194.104340,389.497105,-0.511394
1459884405.985957,5364441.504517,-2626657.635580,2231800.981812,191.543955,390.762600,-0.504872
1459884495.985957,5381564.934019,-2591432.685032,2231755.836161,188.975319,392.011265,-0.498328
1459884585.985957,5398456.819210,-2556096.114084,2231711.280394,186.398544,393.243045,-0.491763
1459884675.985957,5415116.432532,-2520649.444737,2231667.316430,183.813741,394.457887,-0.485177
1459884765.985957,5431543.056428,-2485094.203735,2231623.946161,181.221020,395.655740,-0.478570
1459884855.985957,5447735.983379,-2449431.922497,2231581.171457,178.620494,396.836551,-0.471942
1459884945.985957,5463694.515930,-2413664.137051,2231538.994160,176.012274,398.000269,-0.465294
1459885035.985957,5479417.966723,-2377792.387973,2231497.416086,173.396474,399.146845,-0.458626
1459885125.985957,5494905.658524,-2341818.220314,2231456.439027,170.773204,400.276230,-0.451938
1459885215.985957,5510156.924255,-2305743.183537,2231416.064747,168.142580,401.388373,-0.445230
1459885305.985957,5525171.107019,-2269568.831450,2231376.294986,165.504713,402.483229,-0.438504
1459885395.985957,5539947.560133,-2233296.722138,2231337.131457,162.859718,403.560748,-0.431758
1459885485.985957,5554485.647152,-2196928.417898,2231298.575846,160.207708,404.620886,-0.424994
1459885575.985957,5568784.741898,-2160465.485167,2231260.629815,157.548797,405.663596,-0.418212
1459885665.985957,5582844.228486,-2123909.494462,2231223.294998,154.883101,406.688834,-0.411412
1459885755.985957,5596663.501354,-2087262.020305,2231186.573004,152.210734,407.696554,-0.404594
1459885845.985957,5610241.965284,-2050524.641160,2231150.465413,149.531810,408.686715,-0.397758
1459885935.985957,5623579.035430,-2013698.939363,2231114.973782,146.846447,409.659273,-0.390906
1459886025.985957,5636674.137344,-1976786.501054,2231080.099639,144.154758,410.614186,-0.384036
1459886115.985957,5649526.706999,-1939788.916108,2231045.844486,141.456860,411.551414,-0.377150
1459886205.985957,5662136.190817,-1902707.778069,2231012.209799,138.752870,412.470915,-0.370248
1459886295.985957,5674502.045685,-1865544.684079,2230979.197027,136.042903,413.372650,-0.363330
1459886385.985957,5686623.738989,-1828301.234811,2230946.807592,133.327077,414.256581,-0.356396
1459886475.985957,5698500.748628,-1790979.034396,2230915.042889,130.605508,415.122670,-0.349447
1459886565.985957,5710132.563041,-1753579.690360,2230883.904287,127.878313,415.970878,-0.342482
1459886655.985957,5721518.681228,-1716104.813551,2230853.393126,125.145611,416.801170,-0.335503
1459886745.985957,5732658.612770,-1678556.018070,2230823.510721,122.407519,417.613509,-0.328510
1459886835.985957,5743551.877855,-1640934.921201,2230794.258359,119.664154,418.407861,-0.321502
1459886925.985957,5754198.007291,-1603243.143343,2230765.637301,116.915635,419.184192,-0.314481
1459887015.985957,5764596.542535,-1565482.307940,2230737.648778,114.162081,419.942468,-0.307446
1459887105.985957,5774747.035704,-1527654.041410,2230710.293998,111.403609,420.682656,-0.300397
1459887195.985957,5784649.049601,-1489759.973073,2230683.574137,108.640339,421.404725,-0.293336
1459887285.985957,5794302.157732,-1451801.735088,2230657.490348,105.872389,422.108643,-0.286262
1459887375.985957,5803705.944323,-1413780.962373,2230632.043754,103.099880,422.794381,-0.279176
1459887465.985957,5812860.004336,-1375699.292542,2230607.235450,100.322930,423.461908,-0.272078
1459887555.985957,5821763.943494,-1337558.365832,2230583.066506,97.541659,424.111196,-0.264968
1459887645.985957,5830417.378288,-1299359.825031,2230559.537963,94.756186,424.742216,-0.257847
1459887735.985957,5838819.936004,-1261105.315410,2230536.650835,91.966632,425.354943,-0.250714
1459887825.985957,5846971.254729,-1222796.484650,2230514.406106,89.173118,425.949348,-0.243571
1459887915.985957,5854870.983374,-1184434.982772,2230492.804736,86.375762,426.525408,-0.236417
1459888005.985957,5862518.781685,-1146022.462064,2230471.847655,83.574686,427.083096,-0.229254
1459888095.985957,5869914.320260,-1107560.577014,2230451.535766,80.770010,427.622389,-0.222080
1459888185.985957,5877057.280561,-1069050.984235,2230431.869944,77.961855,428.143264,-0.214896
1459888275.985957,5883947.354930,-1030495.342393,2230412.851036,75.150343,428.645698,-0.207704
1459888365.985957,5890584.246601,-991895.312142,2230394.479862,72.335593,429.129670,-0.200502
1459888455.985957,5896967.669713,-953252.556043,2230376.757212,69.517728,429.595158,-0.193292
1459888545.985957,5903097.349322,-914568.738499,2230359.683850,66.696869,430.042143,-0.186073
1459888635.985957,5908973.021412,-875845.525684,2230343.260513,63.873137,430.470605,-0.178847
1459888725.985957,5914594.432911,-837084.585466,2230327.487906,61.046654,430.880527,-0.171613
1459888815.985957,5919961.341694,-798287.587338,2230312.366711,58.217541,431.271889,-0.164371
1459888905.985957,5925073.516601,-759456.202347,2230297.897578,55.385921,431.644676,-0.157122
1459888995.985957,5929930.737443,-720592.103021,2230284.081130,52.551916,431.998872,-0.149867
1459889085.985957,5934532.795012,-681696.963298,2230270.917964,49.715647,432.334460,-0.142605
1459889175.985957,5938879.491089,-642772.458450,2230258.408645,46.877236,432.651428,-0.135337
1459889265.985957,5942970.638457,-603820.265017,2230246.553714,44.036807,432.949760,-0.128063
1459889355.985957,5946806.060902,-564842.060730,2230235.353680,41.194481,433.229445,-0.120783
1459889445.985957,5950385.593228,-525839.524440,2230224.809026,38.350380,433.490469,-0.113499
1459889535.985957,5953709.081258,-486814.336048,2230214.920207,35.504628,433.732823,-0.106209
1459889625.985957,5956776.381845,-447768.176429,2230205.687649,32.657346,433.956495,-0.098915
1459889715.985957,5959587.362875,-408702.727360,2230197.111750,29.808658,434.161476,-0.091617
1459889805.985957,5962141.903276,-369619.671452,2230189.192878,26.958686,434.347757,-0.084314
1459889895.985957,5964439.893018,-330520.692073,2230181.931376,24.107553,434.515329,-0.077008
1459889985.985957,5966481.233125,-291407.473275,2230175.327556,21.255381,434.664187,-0.069699
1459890075.985957,5968265.835672,-252281.699727,2230169.381702,18.402294,434.794323,-0.062387
1459890165.985957,5969793.623794,-213145.056634,2230164.094072,15.548415,434.905732,-0.055072
1459890255.985957,5971064.531687,-173999.229674,2230159.464893,12.693865,434.998408,-0.047755
1459890345.985957,5972078.504611,-134845.904918,2230155.494364,9.838769,435.072349,-0.040435
1459890435.985957,5972835.498892,-95686.768760,2230152.182657,6.983249,435.127550,-0.033114
1459890525.985957,5973335.481926,-56523.507845,2230149.529915,4.127429,435.164010,-0.025792
1459890615.985957,5973578.432177,-17357.808994,2230147.536251,1.271430,435.181726,-0.018468
1459890705.985957,5973564.339182,21808.640863,2230146.201753,-1.584623,435.180699,-0.011143
1459890795.985957,5973293.203547,60974.154770,2230145.526477,-4.440608,435.160927,-0.003818
1459890885.985957,5972765.036951,100137.045804,2230145.510452,-7.296402,435.122413,0.003507
1459890975.985957,5971979.862142,139295.627161,2230146.153681,-10.151881,435.065157,0.010832
1459891065.985957,5970937.712940,178448.212220,2230147.456135,-13.006923,434.989162,0.018156
1459891155.985957,5969638.634231,217593.114617,2230149.417757,-15.861405,434.894432,0.025480
1459891245.985957,5968082.681969,256728.648322,2230152.038465,-18.715204,434.780970,0.032803
1459891335.985957,5966269.923171,295853.127706,2230155.318145,-21.568197,434.648781,0.040124
1459891425.985957,5964200.435915,334964.867618,2230159.256656,-24.420260,434.497871,0.047443
1459891515.985957,5961874.309338,374062.183454,2230163.853828,-27.271272,434.328247,0.054761
1459891605.985957,5959291.643629,413143.391233,2230169.109464,-30.121110,434.139916,0.062076
1459891695.985957,5956452.550028,452206.807665,2230175.023338,-32.969650,433.932885,0.069388
1459891785.985957,5953357.150819,491250.750230,2230181.595195,-35.816769,433.707165,0.076698
1459891875.985957,5950005.579325,530273.537244,2230188.824752,-38.662347,433.462764,0.084004
1459891965.985957,5946397.979905,569273.487936,2230196.711697,-41.506258,433.199693,0.091306
1459892055.985957,5942534.507943,608248.922516,2230205.255692,-44.348383,432.917963,0.098605
1459892145.985957,5938415.329844,647198.162253,2230214.456369,-47.188597,432.617587,0.105899
1459892235.985957,5934040.623029,686119.529543,2230224.313331,-50.026778,432.298578,0.113189
1459892325.985957,5929410.575922,725011.347982,2230234.826154,-52.862805,431.960948,0.120474
1459892415.985957,5924525.387948,763871.942439,2230245.994385,-55.696555,431.604714,0.127754
1459892505.985957,5919385.269518,802699.639129,2230257.817543,-58.527906,431.229889,0.135028
1459892595.985957,5913990.442025,841492.765681,2230270.295120,-61.356736,430.836491,0.142296
1459892685.985957,5908341.137833,880249.651217,2230283.426579,-64.182923,430.424536,0.149559
1459892775.985957,5902437.600267,918968.626417,2230297.211353,-67.006346,429.994042,0.156815
1459892865.985957,5896280.083601,957648.023595,2230311.648849,-69.826883,429.545028,0.164064
1459892955.985957,5889868.853048,996286.176768,2230326.738445,-72.644412,429.077512,0.171306
1459893045.985957,5883204.184751,1034881.421733,2230342.479492,-75.458813,428.591516,0.178540
1459893135.985957,5876286.365767,1073432.096132,2230358.871312,-78.269963,428.087059,0.185767
1459893225.985957,5869115.694058,1111936.539529,2230375.913199,-81.077742,427.564164,0.192986
1459893315.985957,5861692.478474,1150393.093476,2230393.604420,-83.882029,427.022853,0.200197
1459893405.985957,5854017.038746,1188800.101590,2230411.944211,-86.682703,426.463149,0.207399
1459893495.985957,5846089.705467,1227155.909623,2230430.931785,-89.479643,425.885077,0.214592
1459893585.985957,5837910.820079,1265458.865530,2230450.566322,-92.272730,425.288662,0.221776
1459893675.985957,5829480.734860,1303707.319543,2230470.846977,-95.061842,424.673928,0.228950
1459893765.985957,5820799.812906,1341899.624244,2230491.772878,-97.846859,424.040904,0.236115
1459893855.985957,5811868.428119,1380034.134628,2230513.343123,-100.627663,423.389615,0.243269
1459893945.985957,5802686.965186,1418109.208185,2230535.556782,-103.404132,422.720090,0.250413
1459894035.985957,5793255.819569,1456123.204961,2230558.412900,-106.176147,422.032358,0.257546
1459894125.985957,5783575.397480,1494074.487636,2230581.910492,-108.943589,421.326448,0.264668
1459894215.985957,5773646.115870,1531961.421589,2230606.048547,-111.706339,420.602391,0.271778
1459894305.985957,5763468.402410,1569782.374970,2230630.826024,-114.464277,419.860219,0.278877
1459894395.985957,5753042.695469,1607535.718772,2230656.241857,-117.217285,419.099962,0.285964
1459894485.985957,5742369.444099,1645219.826901,2230682.294951,-119.965244,418.321654,0.293039
1459894575.985957,5731449.108012,1682833.076245,2230708.984184,-122.708037,417.525328,0.300100
1459894665.985957,5720282.157565,1720373.846740,2230736.308407,-125.445544,416.711018,0.307149
1459894755.985957,5708869.073736,1757840.521450,2230764.266443,-128.177648,415.878761,0.314185
1459894845.985957,5697210.348104,1795231.486625,2230792.857089,-130.904231,415.028590,0.321207
1459894935.985957,5685306.482828,1832545.131780,2230822.079112,-133.625176,414.160544,0.328216
1459895025.985957,5673157.990627,1869779.849757,2230851.931254,-136.340366,413.274659,0.335210
1459895115.985957,5660765.394754,1906934.036800,2230882.412230,-139.049683,412.370974,0.342190
1459895205.985957,5648129.228979,1944006.092621,2230913.520727,-141.753011,411.449527,0.349155
1459895295.985957,5635250.037559,1980994.420468,2230945.255406,-144.450233,410.510359,0.356105
1459895385.985957,5622128.375223,2017897.427197,2230977.614899,-147.141234,409.553509,0.363040
1459895475.985957,5608764.807140,2054713.523338,2231010.597813,-149.825897,408.579020,0.369959
1459895565.985957,5595159.908900,2091441.123165,2231044.202727,-152.504107,407.586932,0.376862
1459895655.985957,5581314.266488,2128078.644763,2231078.428195,-155.175748,406.577288,0.383749
1459895745.985957,5567228.476255,2164624.510098,2231113.272742,-157.840706,405.550133,0.390619
1459895835.985957,5552903.144900,2201077.145083,2231148.734868,-160.498865,404.505510,0.397473
1459895925.985957,5538338.889437,2237434.979645,2231184.813046,-163.150112,403.443465,0.404309
1459896015.985957,5523536.337170,2273696.447798,2231221.505721,-165.794331,402.364042,0.411128
1459896105.985957,5508496.125668,2309859.987702,2231258.811313,-168.431409,401.267289,0.417929
1459896195.985957,5493218.902737,2345924.041740,2231296.728217,-171.061233,400.153253,0.424713
1459896285.985957,5477705.326391,2381887.056575,2231335.254798,-173.683688,399.021982,0.431478
1459896375.985957,5461956.064823,2417747.483225,2231374.389398,-176.298663,397.873524,0.438224
1459896465.985957,5445971.796378,2453503.777126,2231414.130331,-178.906045,396.707929,0.444952
1459896555.985957,5429753.209523,2489154.398199,2231454.475885,-181.505720,395.525247,0.451660
1459896645.985957,5413301.002819,2524697.810917,2231495.424324,-184.097578,394.325529,0.458349
1459896735.985957,5396615.884887,2560132.484370,2231536.973883,-186.681507,393.108828,0.465018
1459896825.985957,5379698.574382,2595456.892331,2231579.122774,-189.257395,391.875194,0.471667
1459896915.985957,5362549.799957,2630669.513324,2231621.869180,-191.825131,390.624682,0.478296
1459897005.985957,5345170.300238,2665768.830686,2231665.211261,-194.384605,389.357345,0.484905
1459897095.985957,5327560.823786,2700753.332635,2231709.147150,-196.935707,388.073237,0.491492
1459897185.985957,5309722.129069,2735621.512335,2231753.674955,-199.478326,386.772415,0.498058
1459897275.985957,5291654.984427,2770371.867960,2231798.792759,-202.012354,385.454934,0.504603
1459897365.985957,5273360.168040,2805002.902757,2231844.498618,-204.537680,384.120851,0.511126
1459897455.985957,5254838.467894,2839513.125114,2231890.790563,-207.054197,382.770223,0.517627
1459897545.985957,5236090.681747,2873901.048623,2231937.666602,-209.561795,381.403108,0.524106
1459897635.985957,5217117.617096,2908165.192143,2231985.124714,-212.060368,380.019566,0.530562
1459897725.985957,5197920.091141,2942304.079863,2232033.162857,-214.549806,378.619656,0.536995
1459897815.985957,5178498.930747,2976316.241369,2232081.778961,-217.030004,377.203438,0.543405
1459897905.985957,5158854.972415,3010200.211704,2232130.970933,-219.500854,375.770973,0.549792
1459897995.985957,5138989.062241,3043954.531434,2232180.736653,-221.962250,374.322324,0.556155
1459898085.985957,5118902.055879,3077577.746708,2232231.073980,-224.414085,372.857551,0.562494
1459898175.985957,5098594.818509,3111068.409321,2232281.980744,-226.856254,371.376720,0.568809
1459898265.985957,5078068.224795,3144425.076779,2232333.454753,-229.288653,369.879892,0.575100
1459898355.985957,5057323.158849,3177646.312358,2232385.493790,-231.711176,368.367133,0.581365
1459898445.985957,5036360.514193,3210730.685169,2232438.095614,-234.123718,366.838508,0.587606
1459898535.985957,5015181.193720,3243676.770216,2232491.257960,-236.526176,365.294083,0.593821
1459898625.985957,4993786.109658,3276483.148460,2232544.978538,-238.918447,363.733924,0.600011
1459898715.985957,4972176.183525,3309148.406881,2232599.255034,-241.300427,362.158098,0.606175
1459898805.985957,4950352.346094,3341671.138534,2232654.085111,-243.672015,360.566673,0.612313
1459898895.985957,4928315.537352,3374049.942615,2232709.466407,-246.033106,358.959719,0.618424
1459898985.985957,4906066.706459,3406283.424519,2232765.396537,-248.383601,357.337303,0.624509
1459899075.985957,4883606.811705,3438370.195901,2232821.873093,-250.723397,355.699497,0.630567
1459899165.985957,4860936.820474,3470308.874732,2232878.893641,-253.052395,354.046370,0.636598
1459899255.985957,4838057.709198,3502098.085364,2232936.455726,-255.370493,352.377993,0.642601
1459899345.985957,4814970.463314,3533736.458588,2232994.556869,-257.677592,350.694439,0.648577
1459899435.985957,4791676.077227,3565222.631689,2233053.194568,-259.973592,348.995780,0.654524
1459899525.985957,4768175.554262,3596555.248510,2233112.366297,-262.258395,347.282090,0.660444
1459899615.985957,4744469.906623,3627732.959505,2233172.069507,-264.531902,345.553441,0.666335
1459899705.985957,4720560.155348,3658754.421802,2233232.301628,-266.794015,343.809909,0.672197
1459899795.985957,4696447.330268,3689618.299260,2233293.060065,-269.044637,342.051568,0.678031
1459899885.985957,4672132.469960,3720323.262523,2233354.342202,-271.283671,340.278495,0.683835
1459899975.985957,4647616.621702,3750867.989080,2233416.145398,-273.511020,338.490765,0.689610
1459900065.985957,4622900.841431,3781251.163323,2233478.466993,-275.726588,336.688456,0.695355
1459900155.985957,4597986.193692,3811471.476602,2233541.304302,-277.930281,334.871646,0.701070
1459900245.985957,4572873.751598,3841527.627281,2233604.654618,-280.122003,333.040412,0.706755
1459900335.985957,4547564.596782,3871418.320796,2233668.515214,-282.301659,331.194833,0.712409
1459900425.985957,4522059.819347,3901142.269706,2233732.883339,-284.469156,329.334989,0.718033
1459900515.985957,4496360.517825,3930698.193757,2233797.756220,-286.624401,327.460961,0.723626
1459900605.985957,4470467.799123,3960084.819928,2233863.131064,-288.767300,325.572828,0.729188
1459900695.985957,4444382.778482,3989300.882492,2233929.005055,-290.897762,323.670672,0.734718
1459900785.985957,4418106.579424,4018345.123069,2233995.375356,-293.015694,321.754575,0.740217
1459900875.985957,4391640.333735,4047216.290643,2234062.239109,-295.121006,319.824620,0.745683
1459900965.985957,4364985.181346,4075913.141705,2234129.593433,-297.213606,317.880889,0.751118
1459901055.985957,4338142.270318,4104434.440256,2234197.435428,-299.293405,315.923467,0.756520
1459901145.985957,4311112.756816,4132778.957839,2234265.762172,-301.360313,313.952437,0.761890
1459901235.985957,4283897.805045,4160945.473611,2234334.570722,-303.414241,311.967885,0.767227
1459901325.985957,4256498.587193,4188932.774398,2234403.858114,-305.455100,309.969896,0.772531
1459901415.985957,4228916.283388,4216739.654742,2234473.621365,-307.482803,307.958556,0.777802
1459901505.985957,4201152.081642,4244364.916959,2234543.857469,-309.497262,305.933952,0.783039
1459901595.985957,4173207.177803,4271807.371186,2234614.563402,-311.498391,303.896171,0.788242
1459901685.985957,4145082.775501,4299065.835434,2234685.736118,-313.486103,301.845301,0.793411
1459901775.985957,4116780.086097,4326139.135638,2234757.372552,-315.460312,299.781429,0.798547
1459901865.985957,4088300.328632,4353026.105709,2234829.469619,-317.420934,297.704646,0.803648
1459901955.985957,4059644.729774,4379725.587585,2234902.024213,-319.367885,295.615040,0.808714
1459902045.985957,4030814.523763,4406236.431276,2234975.033210,-321.301079,293.512701,0.813745
1459902135.985957,4001810.952361,4432557.494920,2235048.493464,-323.220435,291.397721,0.818742
1459902225.985957,3972635.264798,4458687.644829,2235122.401814,-325.125869,289.270189,0.823703
1459902315.985957,3943288.717714,4484625.755535,2235196.755074,-327.017300,287.130198,0.828628
1459902405.985957,3913772.575112,4510370.709844,2235271.550042,-328.894645,284.977840,0.833518
1459902495.985957,3884088.108298,4535921.398882,2235346.783498,-330.757824,282.813207,0.838372
1459902585.985957,3854236.595826,4561276.722141,2235422.452202,-332.606758,280.636394,0.843190
1459902675.985957,3824219.323449,4586435.587526,2235498.552893,-334.441365,278.447493,0.847972
1459902765.985957,3794037.584056,4611396.911408,2235575.082294,-336.261567,276.246598,0.852717
1459902855.985957,3763692.677623,4636159.618663,2235652.037110,-338.067286,274.033806,0.857425
1459902945.985957,3733185.911151,4660722.642724,2235729.414025,-339.858444,271.809210,0.862097
1459903035.985957,3702518.598614,4685084.925622,2235807.209708,-341.634964,269.572907,0.866731
1459903125.985957,3671692.060900,4709245.418037,2235885.420807,-343.396768,267.324993,0.871328
1459903215.985957,3640707.625756,4733203.079338,2235964.043955,-345.143783,265.065565,0.875888
1459903305.985957,3609566.627731,4756956.877632,2236043.075764,-346.875931,262.794720,0.880409
1459903395.985957,3578270.408114,4780505.789807,2236122.512831,-348.593139,260.512556,0.884893
1459903485.985957,3546820.314884,4803848.801573,2236202.351735,-350.295332,258.219172,0.889339
1459903575.985957,3515217.702643,4826984.907512,2236282.589037,-351.982438,255.914666,0.893746
1459903665.985957,3483463.932566,4849913.111115,2236363.221281,-353.654383,253.599137,0.898115
1459903755.985957,3451560.372336,4872632.424830,2236444.244994,-355.311096,251.272685,0.902445
1459903845.985957,3419508.396090,4895141.870100,2236525.656687,-356.952505,248.935410,0.906737
1459903935.985957,3387309.384356,4917440.477408,2236607.452853,-358.578540,246.587413,0.910989
1459904025.985957,3354964.723994,4939527.286319,2236689.629970,-360.189130,244.228796,0.915202
1459904115.985957,3322475.808140,4961401.345521,2236772.184497,-361.784206,241.859659,0.919376
1459904205.985957,3289844.036142,4983061.712862,2236855.112880,-363.363700,239.480105,0.923510
1459904295.985957,3257070.813500,5004507.455399,2236938.411546,-364.927542,237.090236,0.927604
1459904385.985957,3224157.551809,5025737.649429,2237022.076909,-366.475667,234.690155,0.931658
1459904475.985957,3191105.668693,5046751.380535,2237106.105364,-368.008007,232.279966,0.935673
1459904565.985957,3157916.587748,5067547.743623,2237190.493292,-369.524497,229.859772,0.939647
1459904655.985957,3124591.738480,5088125.842962,2237275.237059,-371.025070,227.429678,0.943580
1459904745.985957,3091132.556240,5108484.792221,2237360.333016,-372.509663,224.989788,0.947473
1459904835.985957,3057540.482169,5128623.714508,2237445.777496,-373.978212,222.540207,0.951325
1459904925.985957,3023816.963128,5148541.742410,2237531.566819,-375.430652,220.081041,0.955136
1459905015.985957,2989963.451643,5168238.018025,2237617.697292,-376.866922,217.612396,0.958906
1459905105.985957,2955981.405836,5187711.693005,2237704.165204,-378.286960,215.134378,0.962634
1459905195.985957,2921872.289366,5206961.928587,2237790.966830,-379.690705,212.647094,0.966321
1459905285.985957,2887637.571367,5225987.895636,2237878.098433,-381.078095,210.150651,0.969967
1459905375.985957,2853278.726379,5244788.774673,2237965.556260,-382.449072,207.645156,0.973571
1459905465.985957,2818797.234293,5263363.755915,2238053.336544,-383.803577,205.130718,0.977132
1459905555.985957,2784194.580280,5281712.039308,2238141.435504,-385.141550,202.607444,0.980652
1459905645.985957,2749472.254729,5299832.834564,2238229.849345,-386.462935,200.075444,0.984129
1459905735.985957,2714631.753185,5317725.361193,2238318.574261,-387.767674,197.534826,0.987565
1459905825.985957,2679674.576282,5335388.848534,2238407.606428,-389.055711,194.985700,0.990957
1459905915.985957,2644602.229680,5352822.535795,2238496.942014,-390.326991,192.428176,0.994307
1459906005.985957,2609416.224000,5370025.672080,2238586.577169,-391.581459,189.862364,0.997614
1459906095.985957,2574118.074756,5386997.516423,2238676.508034,-392.819061,187.288374,1.000878
1459906185.985957,2538709.302296,5403737.337820,2238766.730734,-394.039744,184.706317,1.004099
1459906275.985957,2503191.431730,5420244.415261,2238857.241385,-395.243455,182.116304,1.007277
1459906365.985957,2467565.992867,5436518.037761,2238948.036088,-396.430142,179.518448,1.010411
1459906455.985957,2431834.520151,5452557.504389,2239039.110933,-397.599754,176.912859,1.013502
1459906545.985957,2395998.552591,5468362.124302,2239130.461995,-398.752242,174.299651,1.016549
1459906635.985957,2360059.633697,5483931.216770,2239222.085342,-399.887554,171.678935,1.019552
1459906725.985957,2324019.311417,5499264.111207,2239313.977027,-401.005642,169.050824,1.022512
1459906815.985957,2287879.138060,5514360.147202,2239406.133092,-402.106458,166.415433,1.025427
1459906905.985957,2251640.670241,5529218.674546,2239498.549569,-403.189956,163.772873,1.028299
1459906995.985957,2215305.468807,5543839.053259,2239591.222475,-404.256087,161.123260,1.031126
1459907085.985957,2178875.098771,5558220.653618,2239684.147821,-405.304806,158.466707,1.033908
1459907175.985957,2142351.129247,5572362.856186,2239777.321603,-406.336068,155.803328,1.036646
1459907265.985957,2105735.133376,5586265.051836,2239870.739810,-407.349828,153.133239,1.039340
1459907355.985957,2069028.688268,5599926.641779,2239964.398416,-408.346044,150.456554,1.041988
1459907445.985957,2032233.374926,5613347.037589,2240058.293389,-409.324671,147.773388,1.044592
1459907535.985957,1995350.778181,5626525.661229,2240152.420684,-410.285668,145.083858,1.047151
1459907625.985957,1958382.486623,5639461.945076,2240246.776247,-411.228993,142.388079,1.049664
1459907715.985957,1921330.092535,5652155.331943,2240341.356014,-412.154606,139.686167,1.052133
1459907805.985957,1884195.191820,5664605.275106,2240436.155912,-413.062467,136.978238,1.054556
1459907895.985957,1846979.383936,5676811.238328,2240531.171857,-413.952537,134.264410,1.056934
1459907985.985957,1809684.271825,5688772.695878,2240626.399758,-414.824777,131.544798,1.059266
1459908075.985957,1772311.461847,5700489.132559,2240721.835512,-415.679150,128.819521,1.061552
1459908165.985957,1734862.563705,5711960.043724,2240817.475009,-416.515619,126.088695,1.063793
1459908255.985957,1697339.190382,5723184.935305,2240913.314130,-417.334148,123.352439,1.065988
1459908345.985957,1659742.958067,5734163.323827,2241009.348747,-418.134702,120.610869,1.068137
1459908435.985957,1622075.486089,5744894.736435,2241105.574725,-418.917246,117.864105,1.070240
1459908525.985957,1584338.396844,5755378.710910,2241201.987917,-419.681747,115.112264,1.072297
1459908615.985957,1546533.315727,5765614.795691,2241298.584172,-420.428171,112.355464,1.074308
1459908705.985957,1508661.871061,5775602.549893,2241395.359330,-421.156487,109.593826,1.076273
1459908795.985957,1470725.694029,5785341.543330,2241492.309222,-421.866663,106.827467,1.078191
1459908885.985957,1432726.418599,5794831.356526,2241589.429672,-422.558669,104.056507,1.080063
1459908975.985957,1394665.681461,5804071.580743,2241686.716498,-423.232474,101.281065,1.081888
1459909065.985957,1356545.121948,5813061.817988,2241784.165509,-423.888050,98.501261,1.083666
1459909155.985957,1318366.381972,5821801.681038,2241881.772508,-424.525368,95.717214,1.085398
1459909245.985957,1280131.105951,5830290.793454,2241979.533291,-425.144402,92.929045,1.087084
1459909335.985957,1241840.940738,5838528.789596,2242077.443648,-425.745124,90.136873,1.088722
1459909425.985957,1203497.535548,5846515.314642,2242175.499361,-426.327508,87.340818,1.090314
1459909515.985957,1165102.541893,5854250.024599,2242273.696208,-426.891530,84.541002,1.091858
1459909605.985957,1126657.613504,5861732.586322,2242372.029958,-427.437165,81.737544,1.093356
1459909695.985957,1088164.406263,5868962.677525,2242470.496376,-427.964390,78.930566,1.094806
1459909785.985957,1049624.578133,5875939.986796,2242569.091222,-428.473181,76.120188,1.096209
1459909875.985957,1011039.789084,5882664.213613,2242667.810248,-428.963518,73.306532,1.097565
1459909965.985957,972411.701023,5889135.068351,2242766.649204,-429.435378,70.489718,1.098874
1459910055.985957,933741.977720,5895352.272303,2242865.603832,-429.888742,67.669868,1.100136
1459910145.985957,895032.284741,5901315.557682,2242964.669869,-430.323590,64.847103,1.101350
1459910235.985957,856284.289373,5907024.667642,2243063.843050,-430.739903,62.021545,1.102516
1459910325.985957,817499.660552,5912479.356281,2243163.119102,-431.137664,59.193316,1.103635
1459910415.985957,778680.068791,5917679.388659,2243262.493749,-431.516854,56.362537,1.104707
1459910505.985957,739827.186111,5922624.540801,2243361.962713,-431.877459,53.529331,1.105731
1459910595.985957,700942.685966,5927314.599712,2243461.521707,-432.219462,50.693819,1.106707
1459910685.985957,662028.243171,5931749.363385,2243561.166445,-432.542849,47.856124,1.107636
1459910775.985957,623085.533832,5935928.640806,2243660.892634,-432.847605,45.016367,1.108517
1459910865.985957,584116.235271,5939852.251969,2243760.695980,-433.133718,42.174672,1.109351
1459910955.985957,545122.025957,5943520.027877,2243860.572183,-433.401176,39.331160,1.110136
1459911045.985957,506104.585430,5946931.810553,2243960.516942,-433.649966,36.485954,1.110874
1459911135.985957,467065.594233,5950087.453046,2244060.525952,-433.880078,33.639176,1.111564
1459911225.985957,428006.733835,5952986.819439,2244160.594906,-434.091502,30.790950,1.112206
1459911315.985957,388929.686561,5955629.784851,2244260.719494,-434.284229,27.941397,1.112800
1459911405.985957,349836.135521,5958016.235445,2244360.895403,-434.458251,25.090641,1.113346
1459911495.985957,310727.764535,5960146.068433,2244461.118318,-434.613560,22.238804,1.113844
1459911585.985957,271606.258061,5962019.192081,2244561.383923,-434.750150,19.386009,1.114294
1459911675.985957,232473.301122,5963635.525709,2244661.687899,-434.868014,16.532380,1.114696
1459911765.985957,193330.579237,5964994.999700,2244762.025927,-434.967148,13.678038,1.115051
1459911855.985957,154179.778341,5966097.555499,2244862.393684,-435.047547,10.823107,1.115357
1459911945.985957,115022.584722,5966943.145617,2244962.786848,-435.109208,7.967710,1.115615
1459912035.985957,75860.684940,5967531.733634,2245063.201094,-435.152128,5.111970,1.115825
1459912125.985957,36695.765759,5967863.294198,2245163.632098,-435.176305,2.256009,1.115987
1459912215.985957,-2470.485928,5967937.813028,2245264.075534,-435.181739,-0.600048,1.116101
1459912305.985957,-41636.383169,5967755.286915,2245364.527076,-435.168429,-3.456080,1.116167
1459912395.985957,-80800.239028,5967315.723720,2245464.982396,-435.136375,-6.311963,1.116185
1459912485.985957,-119960.366658,5966619.142376,2245565.437170,-435.085580,-9.167574,1.116155
1459912575.985957,-159115.079370,5965665.572887,2245665.887069,-435.016044,-12.022790,1.116076
1459912665.985957,-198262.690712,5964455.056322,2245766.327768,-434.927772,-14.877489,1.115950
1459912755.985957,-237401.514533,5962987.644823,2245866.754940,-434.820767,-17.731546,1.115775
1459912845.985957,-276529.865066,5961263.401591,2245967.164260,-434.695033,-20.584840,1.115553
1459912935.985957,-315646.056990,5959282.400893,2246067.551402,-434.550576,-23.437247,1.115282
1459913025.985957,-354748.405512,5957044.728054,2246167.912045,-434.387403,-26.288645,1.114964
1459913115.985957,-393835.226431,5954550.479454,2246268.241863,-434.205520,-29.138910,1.114597
1459913205.985957,-432904.836220,5951799.762524,2246368.536538,-434.004935,-31.987921,1.114182
1459913295.985957,-471955.552087,5948792.695742,2246468.791747,-433.785656,-34.835553,1.113720
1459913385.985957,-510985.692060,5945529.408626,2246569.003175,-433.547694,-37.681686,1.113209
1459913475.985957,-549993.575048,5942010.041732,2246669.166503,-433.291058,-40.526195,1.112651
1459913565.985957,-588977.520923,5938234.746644,2246769.277419,-433.015760,-43.368958,1.112044
1459913655.985957,-627935.850585,5934203.685970,2246869.331610,-432.721811,-46.209854,1.111390
1459913745.985957,-666866.886039,5929917.033333,2246969.324766,-432.409224,-49.048759,1.110688
1459913835.985957,-705768.950464,5925374.973368,2247069.252582,-432.078013,-51.885552,1.109938
1459913925.985957,-744640.368288,5920577.701707,2247169.110753,-431.728191,-54.720110,1.109140
1459914015.985957,-783479.465260,5915525.424976,2247268.894978,-431.359774,-57.552311,1.108294
1459914105.985957,-822284.568519,5910218.360785,2247368.600958,-430.972778,-60.382033,1.107401
1459914195.985957,-861054.006668,5904656.737717,2247468.224401,-430.567219,-63.209155,1.106460
1459914285.985957,-899786.109849,5898840.795319,2247567.761014,-430.143115,-66.033554,1.105471
1459914375.985957,-938479.209810,5892770.784095,2247667.206511,-429.700484,-68.855109,1.104434
1459914465.985957,-977131.639978,5886446.965487,2247766.556609,-429.239345,-71.673698,1.103351
1459914555.985957,-1015741.735535,5879869.611874,2247865.807028,-428.759718,-74.489200,1.102219
1459914645.985957,-1054307.833482,5873039.006552,2247964.953493,-428.261624,-77.301493,1.101040
1459914735.985957,-1092828.272719,5865955.443725,2248063.991735,-427.745084,-80.110457,1.099814
1459914825.985957,-1131301.394110,5858619.228494,2248162.917487,-427.210120,-82.915971,1.098540
1459914915.985957,-1169725.540559,5851030.676840,2248261.726488,-426.656756,-85.717913,1.097219
1459915005.985957,-1208099.057077,5843190.115615,2248360.414483,-426.085015,-88.516164,1.095851
1459915095.985957,-1246420.290859,5835097.882524,2248458.977222,-425.494921,-91.310601,1.094435
1459915185.985957,-1284687.591349,5826754.326112,2248557.410458,-424.886501,-94.101106,1.092973
1459915275.985957,-1322899.310316,5818159.805748,2248655.709953,-424.259781,-96.887558,1.091463
1459915365.985957,-1361053.801920,5809314.691611,2248753.871472,-423.614787,-99.669837,1.089906
1459915455.985957,-1399149.422790,5800219.364676,2248851.890787,-422.951547,-102.447823,1.088303
1459915545.985957,-1437184.532087,5790874.216691,2248949.763677,-422.270090,-105.221396,1.086652
1459915635.985957,-1475157.491581,5781279.650167,2249047.485927,-421.570445,-107.990437,1.084955
1459915725.985957,-1513066.665718,5771436.078355,2249145.053326,-420.852643,-110.754827,1.083211
1459915815.985957,-1550910.421690,5761343.925236,2249242.461673,-420.116713,-113.514446,1.081420
1459915905.985957,-1588687.129509,5751003.625492,2249339.706773,-419.362689,-116.269176,1.079583
1459915995.985957,-1626395.162073,5740415.624497,2249436.784436,-418.590602,-119.018899,1.077699
1459916085.985957,-1664032.895238,5729580.378292,2249533.690482,-417.800486,-121.763495,1.075769
1459916175.985957,-1701598.707889,5718498.353568,2249630.420736,-416.992374,-124.502846,1.073792
1459916265.985957,-1739090.982009,5707170.027646,2249726.971033,-416.166302,-127.236835,1.071770
1459916355.985957,-1776508.102746,5695595.888453,2249823.337214,-415.322305,-129.965344,1.069701
1459916445.985957,-1813848.458488,5683776.434506,2249919.515127,-414.460419,-132.688255,1.067586
1459916535.985957,-1851110.440928,5671712.174887,2250015.500632,-413.580682,-135.405450,1.065425
1459916625.985957,-1888292.445134,5659403.629222,2250111.289592,-412.683132,-138.116814,1.063218
1459916715.985957,-1925392.869620,5646851.327660,2250206.877884,-411.767806,-140.822229,1.060965
1459916805.985957,-1962410.116412,5634055.810848,2250302.261389,-410.834745,-143.521578,1.058667
1459916895.985957,-1999342.591121,5621017.629907,2250397.435999,-409.883989,-146.214745,1.056323
1459916985.985957,-2036188.703009,5607737.346414,2250492.397615,-408.915578,-148.901615,1.053933
1459917075.985957,-2072946.865054,5594215.532371,2250587.142147,-407.929555,-151.582072,1.051498
1459917165.985957,-2109615.494028,5580452.770182,2250681.665514,-406.925961,-154.255999,1.049018
1459917255.985957,-2146193.010554,5566449.652632,2250775.963644,-405.904841,-156.923283,1.046493
1459917345.985957,-2182677.839183,5552206.782856,2250870.032477,-404.866238,-159.583807,1.043922
1459917435.985957,-2219068.408456,5537724.774317,2250963.867960,-403.810196,-162.237459,1.041307
1459917525.985957,-2255363.150976,5523004.250777,2251057.466053,-402.736762,-164.884122,1.038647
1459917615.985957,-2291560.503472,5508045.846272,2251150.822722,-401.645981,-167.523683,1.035942
1459917705.985957,-2327658.906866,5492850.205085,2251243.933948,-400.537901,-170.156029,1.033192
1459917795.985957,-2363656.806346,5477417.981714,2251336.795720,-399.412569,-172.781046,1.030398
1459917885.985957,-2399552.651426,5461749.840849,2251429.404039,-398.270033,-175.398621,1.027560
1459917975.985957,-2435344.896016,5445846.457342,2251521.754914,-397.110344,-178.008642,1.024677
1459918065.985957,-2471031.998489,5429708.516176,2251613.844370,-395.933550,-180.610995,1.021750
1459918155.985957,-2506612.421746,5413336.712437,2251705.668439,-394.739703,-183.205569,1.018779
1459918245.985957,-2542084.633283,5396731.751284,2251797.223166,-393.528854,-185.792252,1.015764
1459918335.985957,-2577447.105256,5379894.347919,2251888.504609,-392.301055,-188.370933,1.012706
1459918425.985957,-2612698.314550,5362825.227554,2251979.508834,-391.056359,-190.941501,1.009604
1459918515.985957,-2647836.742841,5345525.125383,2252070.231923,-389.794819,-193.503844,1.006458
1459918605.985957,-2682860.876660,5327994.786548,2252160.669969,-388.516491,-196.057853,1.003269
1459918695.985957,-2717769.207466,5310234.966108,2252250.819075,-387.221428,-198.603417,1.000037
1459918785.985957,-2752560.231702,5292246.429007,2252340.675358,-385.909688,-201.140427,0.996762
1459918875.985957,-2787232.450864,5274029.950037,2252430.234950,-384.581325,-203.668773,0.993443
1459918965.985957,-2821784.371566,5255586.313812,2252519.493991,-383.236398,-206.188348,0.990083
1459919055.985957,-2856214.505605,5236916.314727,2252608.448638,-381.874964,-208.699041,0.986679
1459919145.985957,-2890521.370019,5218020.756927,2252697.095059,-380.497083,-211.200746,0.983233
1459919235.985957,-2924703.487161,5198900.454275,2252785.429436,-379.102813,-213.693353,0.979744
1459919325.985957,-2958759.384751,5179556.230311,2252873.447964,-377.692214,-216.176757,0.976214
1459919415.985957,-2992687.595952,5159988.918221,2252961.146853,-376.265348,-218.650850,0.972641
1459919505.985957,-3026486.659421,5140199.360798,2253048.522324,-374.822275,-221.115524,0.969026
1459919595.985957,-3060155.119382,5120188.410411,2253135.570615,-373.363058,-223.570676,0.965370
1459919685.985957,-3093691.525680,5099956.928962,2253222.287975,-371.887759,-226.016197,0.961672
1459919775.985957,-3127094.433851,5079505.787851,2253308.670671,-370.396443,-228.451984,0.957933
1459919865.985957,-3160362.405180,5058835.867942,2253394.714981,-368.889174,-230.877931,0.954152
1459919955.985957,-3193494.006765,5037948.059519,2253480.417199,-367.366015,-233.293933,0.950330
1459920045.985957,-3226487.811574,5016843.262254,2253565.773634,-365.827034,-235.699888,0.946468
1459920135.985957,-3259342.398515,4995522.385162,2253650.780609,-364.272296,-238.095690,0.942564
1459920225.985957,-3292056.352489,4973986.346567,2253735.434464,-362.701868,-240.481237,0.938620
1459920315.985957,-3324628.264456,4952236.074058,2253819.731551,-361.115818,-242.856427,0.934636
1459920405.985957,-3357056.731492,4930272.504455,2253903.668240,-359.514215,-245.221156,0.930611
1459920495.985957,-3389340.356854,4908096.583762,2253987.240916,-357.897126,-247.575323,0.926547
1459920585.985957,-3421477.750036,4885709.267131,2254070.445979,-356.264622,-249.918827,0.922442
1459920675.985957,-3453467.526829,4863111.518817,2254153.279845,-354.616774,-252.251566,0.918298
1459920765.985957,-3485308.309386,4840304.312141,2254235.738947,-352.953651,-254.573440,0.914114
1459920855.985957,-3516998.726274,4817288.629445,2254317.819732,-351.275326,-256.884350,0.909890
1459920945.985957,-3548537.412538,4794065.462049,2254399.518665,-349.581871,-259.184195,0.905628
1459921035.985957,-3579923.009757,4770635.810212,2254480.832228,-347.873360,-261.472876,0.901326
1459921125.985957,-3611154.166106,4747000.683085,2254561.756918,-346.149864,-263.750296,0.896986
1459921215.985957,-3642229.536410,4723161.098669,2254642.289250,-344.411460,-266.016355,0.892607
1459921305.985957,-3673147.782205,4699118.083772,2254722.425754,-342.658221,-268.270957,0.888189
1459921395.985957,-3703907.571794,4674872.673965,2254802.162980,-340.890224,-270.514004,0.883734
1459921485.985957,-3734507.580304,4650425.913534,2254881.497492,-339.107543,-272.745399,0.879240
1459921575.985957,-3764946.489747,4625778.855440,2254960.425874,-337.310257,-274.965047,0.874708
1459921665.985957,-3795222.989072,4600932.561269,2255038.944725,-335.498442,-277.172852,0.870139
1459921755.985957,-3825335.774222,4575888.101190,2255117.050665,-333.672177,-279.368718,0.865532
1459921845.985957,-3855283.548193,4550646.553906,2255194.740328,-331.831540,-281.552552,0.860888
1459921935.985957,-3885065.021088,4525209.006611,2255272.010370,-329.976611,-283.724258,0.856207
1459922025.985957,-3914678.910174,4499576.554938,2255348.857460,-328.107469,-285.883745,0.851489
1459922115.985957,-3944123.939933,4473750.302917,2255425.278290,-326.224195,-288.030917,0.846734
1459922205.985957,-3973398.842123,4447731.362925,2255501.269568,-324.326870,-290.165684,0.841943
1459922295.985957,-4002502.355828,4421520.855638,2255576.828020,-322.415576,-292.287953,0.837116
1459922385.985957,-4031433.227516,4395119.909983,2255651.950392,-320.490394,-294.397633,0.832252
1459922475.985957,-4060190.211087,4368529.663089,2255726.633449,-318.551409,-296.494632,0.827353
1459922565.985957,-4088772.067936,4341751.260240,2255800.873974,-316.598703,-298.578861,0.822418
1459922655.985957,-4117177.566996,4314785.854824,2255874.668769,-314.632361,-300.650230,0.817448
1459922745.985957,-4145405.484799,4287634.608281,2255948.014655,-312.652467,-302.708649,0.812442
1459922835.985957,-4173454.605524,4260298.690058,2256020.908474,-310.659107,-304.754030,0.807402
1459922925.985957,-4201323.721053,4232779.277556,2256093.347085,-308.652366,-306.786285,0.802326
1459923015.985957,-4229011.631020,4205077.556078,2256165.327369,-306.632331,-308.805326,0.797216
1459923105.985957,-4256517.142863,4177194.718780,2256236.846225,-304.599089,-310.811067,0.792072
1459923195.985957,-4283839.071877,4149131.966619,2256307.900573,-302.552728,-312.803420,0.786894
1459923285.985957,-4310976.241265,4120890.508302,2256378.487352,-300.493334,-314.782301,0.781681
1459923375.985957,-4337927.482186,4092471.560233,2256448.603522,-298.420999,-316.747623,0.776435
1459923465.985957,-4364691.633810,4063876.346457,2256518.246062,-296.335809,-318.699302,0.771156
1459923555.985957,-4391267.543361,4035106.098618,2256587.411974,-294.237856,-320.637255,0.765843
1459923645.985957,-4417654.066175,4006162.055892,2256656.098277,-292.127230,-322.561397,0.760498
1459923735.985957,-4443850.065743,3977045.464946,2256724.302015,-290.004022,-324.471646,0.755120
1459923825.985957,-4469854.413763,3947757.579875,2256792.020247,-287.868322,-326.367919,0.749709
1459923915.985957,-4495665.990188,3918299.662155,2256859.250059,-285.720224,-328.250136,0.744266
1459924005.985957,-4521283.683272,3888672.980583,2256925.988554,-283.559819,-330.118214,0.738790
1459924095.985957,-4546706.389623,3858878.811227,2256992.232858,-281.387201,-331.972073,0.733283
1459924185.985957,-4571933.014243,3828918.437368,2257057.980117,-279.202463,-333.811634,0.727745
1459924275.985957,-4596962.470585,3798793.149445,2257123.227499,-277.005699,-335.636817,0.722175
1459924365.985957,-4621793.680590,3768504.245001,2257187.972194,-274.797005,-337.447544,0.716574
1459924455.985957,-4646425.574740,3738053.028627,2257252.211414,-272.576474,-339.243736,0.710942
1459924545.985957,-4670857.092100,3707440.811903,2257315.942391,-270.344203,-341.025316,0.705279
1459924635.985957,-4695087.180367,3676668.913345,2257379.162380,-268.100288,-342.792208,0.699586
1459924725.985957,-4719114.795915,3645738.658346,2257441.868658,-265.844825,-344.544336,0.693863
1459924815.985957,-4742938.903836,3614651.379121,2257504.058525,-263.577912,-346.281623,0.688110
1459924905.985957,-4766558.477988,3583408.414646,2257565.729301,-261.299647,-348.003995,0.682328
1459924995.985957,-4789972.501042,3552011.110605,2257626.878331,-259.010127,-349.711379,0.676516
1459925085.985957,-4813179.964517,3520460.819327,2257687.502979,-256.709450,-351.403700,0.670674
1459925175.985957,-4836179.868833,3488758.899734,2257747.600636,-254.397717,-353.080885,0.664804
1459925265.985957,-4858971.223347,3456906.717276,2257807.168712,-252.075027,-354.742862,0.658906
1459925355.985957,-4881553.046403,3424905.643874,2257866.204643,-249.741479,-356.389561,0.652979
1459925445.985957,-4903924.365364,3392757.057867,2257924.705883,-247.397175,-358.020909,0.647024
1459925535.985957,-4926084.216663,3360462.343942,2257982.669916,-245.042215,-359.636836,0.641041
1459925625.985957,-4948031.645842,3328022.893084,2258040.094242,-242.676700,-361.237273,0.635030
1459925715.985957,-4969765.707591,3295440.102510,2258096.976389,-240.300733,-362.822152,0.628992
1459925805.985957,-4991285.465790,3262715.375609,2258153.313907,-237.914416,-364.391403,0.622927
1459925895.985957,-5012589.993549,3229850.121889,2258209.104370,-235.517852,-365.944959,0.616835
1459925985.985957,-5033678.373250,3196845.756906,2258264.345373,-233.111143,-367.482753,0.610717
1459926075.985957,-5054549.696582,3163703.702209,2258319.034539,-230.694394,-369.004719,0.604572
1459926165.985957,-5075203.064587,3130425.385278,2258373.169510,-228.267709,-370.510792,0.598401
1459926255.985957,-5095637.587692,3097012.239461,2258426.747956,-225.831192,-372.000906,0.592204
1459926345.985957,-5115852.385749,3063465.703915,2258479.767568,-223.384948,-373.474997,0.585982
1459926435.985957,-5135846.588077,3029787.223540,2258532.226063,-220.929082,-374.933003,0.579735
1459926525.985957,-5155619.333493,2995978.248922,2258584.121181,-218.463700,-376.374859,0.573463
1459926615.985957,-5175169.770356,2962040.236264,2258635.450687,-215.988910,-377.800504,0.567166
1459926705.985957,-5194497.056597,2927974.647330,2258686.212371,-213.504816,-379.209877,0.560844
1459926795.985957,-5213600.359760,2893782.949378,2258736.404044,-211.011526,-380.602917,0.554498
1459926885.985957,-5232478.857037,2859466.615096,2258786.023547,-208.509147,-381.979564,0.548129
1459926975.985957,-5251131.735300,2825027.122543,2258835.068740,-205.997788,-383.339758,0.541736
1459927065.985957,-5269558.191143,2790465.955081,2258883.537513,-203.477556,-384.683441,0.535319
1459927155.985957,-5287757.430908,2755784.601312,2258931.427776,-200.948560,-386.010555,0.528880
1459927245.985957,-5305728.670727,2720984.555018,2258978.737468,-198.410908,-387.321043,0.522418
1459927335.985957,-5323471.136550,2686067.315088,2259025.464550,-195.864711,-388.614849,0.515933
1459927425.985957,-5340984.064182,2651034.385464,2259071.607009,-193.310078,-389.891916,0.509426
1459927515.985957,-5358266.699313,2615887.275068,2259117.162859,-190.747119,-391.152190,0.502897
1459927605.985957,-5375318.297554,2580627.497739,2259162.130137,-188.175943,-392.395616,0.496346
1459927695.985957,-5392138.124466,2545256.572172,2259206.506906,-185.596663,-393.622142,0.489774
1459927785.985957,-5408725.455593,2509776.021847,2259250.291254,-183.009389,-394.831713,0.483181
1459927875.985957,-5425079.576493,2474187.374966,2259293.481296,-180.414232,-396.024279,0.476567
1459927965.985957,-5441199.782769,2438492.164388,2259336.075171,-177.811305,-397.199787,0.469933
1459928055.985957,-5457085.380097,2402691.927560,2259378.071045,-175.200719,-398.358187,0.463278
1459928145.985957,-5472735.684262,2366788.206454,2259419.467108,-172.582586,-399.499430,0.456604
1459928235.985957,-5488150.021180,2330782.547499,2259460.261578,-169.957021,-400.623465,0.449909
1459928325.985957,-5503327.726932,2294676.501514,2259500.452697,-167.324135,-401.730244,0.443196
1459928415.985957,-5518268.147789,2258471.623644,2259540.038734,-164.684042,-402.819721,0.436463
1459928505.985957,-5532970.640247,2222169.473287,2259579.017983,-162.036856,-403.891847,0.429711
1459928595.985957,-5547434.571044,2185771.614035,2259617.388767,-159.382691,-404.946578,0.422941
1459928685.985957,-5561659.317197,2149279.613598,2259655.149432,-156.721661,-405.983866,0.416153
1459928775.985957,-5575644.266025,2112695.043745,2259692.298352,-154.053881,-407.003669,0.409347
1459928865.985957,-5589388.815174,2076019.480228,2259728.833925,-151.379465,-408.005940,0.402523
1459928955.985957,-5602892.372644,2039254.502723,2259764.754580,-148.698529,-408.990639,0.395682
1459929045.985957,-5616154.356817,2002401.694752,2259800.058768,-146.011189,-409.957722,0.388824
1459929135.985957,-5629174.196479,1965462.643625,2259834.744968,-143.317559,-410.907147,0.381949
1459929225.985957,-5641951.330844,1928438.940361,2259868.811687,-140.617757,-411.838873,0.375057
1459929315.985957,-5654485.209582,1891332.179632,2259902.257458,-137.911898,-412.752862,0.368150
1459929405.985957,-5666775.292839,1854143.959680,2259935.080838,-135.200099,-413.649072,0.361226
1459929495.985957,-5678821.051262,1816875.882262,2259967.280415,-132.482477,-414.527466,0.354287
1459929585.985957,-5690621.966022,1779529.552571,2259998.854802,-129.759148,-415.388005,0.347333
1459929675.985957,-5702177.528835,1742106.579171,2260029.802638,-127.030231,-416.230653,0.340364
1459929765.985957,-5713487.241985,1704608.573927,2260060.122591,-124.295842,-417.055373,0.333380
1459929855.985957,-5724550.618344,1667037.151937,2260089.813354,-121.556099,-417.862130,0.326381
1459929945.985957,-5735367.181397,1629393.931461,2260118.873648,-118.811121,-418.650890,0.319369
1459930035.985957,-5745936.465257,1591680.533849,2260147.302222,-116.061026,-419.421617,0.312343
1459930125.985957,-5756258.014689,1553898.583477,2260175.097851,-113.305932,-420.174279,0.305304
1459930215.985957,-5766331.385127,1516049.707671,2260202.259338,-110.545957,-420.908843,0.298251
1459930305.985957,-5776156.142697,1478135.536642,2260228.785512,-107.781221,-421.625278,0.291185
1459930395.985957,-5785731.864229,1440157.703411,2260254.675232,-105.011843,-422.323554,0.284107
1459930485.985957,-5795058.137283,1402117.843743,2260279.927381,-102.237941,-423.003639,0.277017
1459930575.985957,-5804134.560162,1364017.596072,2260304.540872,-99.459636,-423.665505,0.269915
1459930665.985957,-5812960.741931,1325858.601437,2260328.514645,-96.677048,-424.309122,0.262801
1459930755.985957,-5821536.302432,1287642.503404,2260351.847667,-93.890295,-424.934464,0.255676
1459930845.985957,-5829860.872302,1249370.947999,2260374.538932,-91.099498,-425.541504,0.248540
1459930935.985957,-5837934.092989,1211045.583638,2260396.587465,-88.304778,-426.130215,0.241393
1459931025.985957,-5845755.616767,1172668.061053,2260417.992314,-85.506254,-426.700571,0.234235
1459931115.985957,-5853325.106751,1134240.033225,2260438.752557,-82.704047,-427.252549,0.227068
1459931205.985957,-5860642.236911,1095763.155307,2260458.867301,-79.898278,-427.786125,0.219891
1459931295.985957,-5867706.692087,1057239.084558,2260478.335678,-77.089067,-428.301275,0.212704
1459931385.985957,-5874518.168002,1018669.480270,2260497.156851,-74.276536,-428.797978,0.205508
1459931475.985957,-5881076.371275,980056.003695,2260515.330008,-71.460806,-429.276211,0.198304
1459931565.985957,-5887381.019435,941400.317976,2260532.854366,-68.641998,-429.735955,0.191091
1459931655.985957,-5893431.840929,902704.088073,2260549.729171,-65.820234,-430.177190,0.183869
1459931745.985957,-5899228.575140,863968.980692,2260565.953695,-62.995635,-430.599896,0.176640
1459931835.985957,-5904770.972394,825196.664215,2260581.527240,-60.168322,-431.004056,0.169403
1459931925.985957,-5910058.793970,786388.808626,2260596.449134,-57.338418,-431.389652,0.162159
1459932015.985957,-5915091.812115,747547.085438,2260610.718735,-54.506044,-431.756667,0.154907
1459932105.985957,-5919869.810047,708673.167625,2260624.335429,-51.671322,-432.105085,0.147649
1459932195.985957,-5924392.581972,669768.729547,2260637.298628,-48.834375,-432.434892,0.140385
1459932285.985957,-5928659.933087,630835.446878,2260649.607773,-45.995324,-432.746074,0.133115
1459932375.985957,-5932671.679590,591874.996535,2260661.262336,-43.154293,-433.038616,0.125839
1459932465.985957,-5936427.648688,552889.056606,2260672.261813,-40.311402,-433.312507,0.118557
1459932555.985957,-5939927.678607,513879.306274,2260682.605730,-37.466776,-433.567734,0.111271
1459932645.985957,-5943171.618595,474847.425750,2260692.293642,-34.620535,-433.804287,0.103979
1459932735.985957,-5946159.328930,435795.096199,2260701.325132,-31.772804,-434.022155,0.096683
1459932825.985957,-5948890.680927,396723.999664,2260709.699811,-28.923704,-434.221330,0.089383
1459932915.985957,-5951365.556943,357635.818997,2260717.417317,-26.073358,-434.401801,0.082079
1459933005.985957,-5953583.850380,318532.237788,2260724.477317,-23.221889,-434.563563,0.074772
1459933095.985957,-5955545.465692,279414.940288,2260730.879509,-20.369420,-434.706607,0.067461
1459933185.985957,-5957250.318392,240285.611341,2260736.623616,-17.516074,-434.830927,0.060148
1459933275.985957,-5958698.335047,201145.936305,2260741.709389,-14.661973,-434.936519,0.052832
1459933365.985957,-5959889.453289,161997.600989,2260746.136611,-11.807241,-435.023377,0.045513
1459933455.985957,-5960823.621815,122842.291572,2260749.905091,-8.952000,-435.091499,0.038193
1459933545.985957,-5961500.800389,83681.694532,2260753.014665,-6.096373,-435.140880,0.030871
1459933635.985957,-5961920.959844,44517.496579,2260755.465199,-3.240484,-435.171519,0.023547
1459933725.985957,-5962084.082082,5351.384574,2260757.256589,-0.384456,-435.183414,0.016223
1459933815.985957,-5961990.160078,-33814.954536,2260758.388757,2.471589,-435.176565,0.008898
1459933905.985957,-5961639.197877,-72979.833798,2260758.861653,5.327528,-435.150973,0.001573
1459933995.985957,-5961031.210596,-112141.566319,2260758.675258,8.183237,-435.106638,-0.005753
1459934085.985957,-5960166.224422,-151298.465343,2260757.829579,11.038594,-435.043562,-0.013078
1459934175.985957,-5959044.276610,-190448.844322,2260756.324652,13.893476,-434.961749,-0.020403
1459934265.985957,-5957665.415484,-229591.016987,2260754.160543,16.747759,-434.861200,-0.027727
1459934355.985957,-5956029.700436,-268723.297425,2260751.337344,19.601320,-434.741922,-0.035049
1459934445.985957,-5954137.201916,-307844.000149,2260747.855176,22.454037,-434.603919,-0.042371
1459934535.985957,-5951988.001439,-346951.440167,2260743.714190,25.305788,-434.447196,-0.049690
1459934625.985957,-5949582.191572,-386043.933064,2260738.914564,28.156448,-434.271762,-0.057007
1459934715.985957,-5946919.875939,-425119.795064,2260733.456504,31.005895,-434.077622,-0.064322
1459934805.985957,-5944001.169210,-464177.343109,2260727.340245,33.854007,-433.864786,-0.071634
1459934895.985957,-5940826.197096,-503214.894931,2260720.566051,36.700661,-433.633263,-0.078943
1459934985.985957,-5937395.096351,-542230.769121,2260713.134212,39.545734,-433.383063,-0.086248
1459935075.985957,-5933708.014755,-581223.285206,2260705.045050,42.389104,-433.114196,-0.093550
1459935165.985957,-5929765.111118,-620190.763717,2260696.298913,45.230648,-432.826675,-0.100848
1459935255.985957,-5925566.555267,-659131.526265,2260686.896176,48.070244,-432.520510,-0.108141
1459935345.985957,-5921112.528039,-698043.895610,2260676.837245,50.907770,-432.195717,-0.115430
1459935435.985957,-5916403.221277,-736926.195737,2260666.122552,53.743102,-431.852308,-0.122714
1459935525.985957,-5911438.837817,-775776.751924,2260654.752560,56.576120,-431.490298,-0.129992
1459935615.985957,-5906219.591484,-814593.890819,2260642.727758,59.406701,-431.109704,-0.137265
1459935705.985957,-5900745.707078,-853375.940506,2260630.048663,62.234724,-430.710541,-0.144532
1459935795.985957,-5895017.420368,-892121.230583,2260616.715822,65.060066,-430.292827,-0.151793
1459935885.985957,-5889034.978080,-930828.092230,2260602.729808,67.882605,-429.856579,-0.159047
1459935975.985957,-5882798.637888,-969494.858282,2260588.091224,70.702221,-429.401817,-0.166294
1459936065.985957,-5876308.668399,-1008119.863303,2260572.800700,73.518792,-428.928559,-0.173535
1459936155.985957,-5869565.349147,-1046701.443653,2260556.858895,76.332196,-428.436827,-0.180767
1459936245.985957,-5862568.970578,-1085237.937564,2260540.266495,79.142312,-427.926642,-0.187992
1459936335.985957,-5855319.834035,-1123727.685209,2260523.024214,81.949019,-427.398025,-0.195209
1459936425.985957,-5847818.251751,-1162169.028775,2260505.132796,84.752197,-426.851000,-0.202418
1459936515.985957,-5840064.546830,-1200560.312534,2260486.593010,87.551725,-426.285589,-0.209617
1459936605.985957,-5832059.053237,-1238899.882914,2260467.405655,90.347481,-425.701818,-0.216808
1459936695.985957,-5823802.115779,-1277186.088570,2260447.571558,93.139346,-425.099711,-0.223989
1459936785.985957,-5815294.090097,-1315417.280456,2260427.091571,95.927199,-424.479294,-0.231161
1459936875.985957,-5806535.342644,-1353591.811895,2260405.966578,98.710921,-423.840594,-0.238323
1459936965.985957,-5797526.250674,-1391708.038652,2260384.197488,101.490391,-423.183639,-0.245474
1459937055.985957,-5788267.202220,-1429764.319001,2260361.785239,104.265490,-422.508456,-0.252615
1459937145.985957,-5778758.596086,-1467759.013799,2260338.730795,107.036097,-421.815076,-0.259745
1459937235.985957,-5769000.841821,-1505690.486555,2260315.035150,109.802095,-421.103527,-0.266864
1459937325.985957,-5758994.359706,-1543557.103503,2260290.699323,112.563363,-420.373841,-0.273972
1459937415.985957,-5748739.580738,-1581357.233669,2260265.724364,115.319783,-419.626048,-0.281067
1459937505.985957,-5738236.946604,-1619089.248943,2260240.111347,118.071236,-418.860182,-0.288151
1459937595.985957,-5727486.909669,-1656751.524147,2260213.861375,120.817603,-418.076275,-0.295222
1459937685.985957,-5716489.932955,-1694342.437110,2260186.975580,123.558767,-417.274360,-0.302280
1459937775.985957,-5705246.490118,-1731860.368733,2260159.455118,126.294609,-416.454473,-0.309325
1459937865.985957,-5693757.065430,-1769303.703060,2260131.301176,129.025011,-415.616648,-0.316357
1459937955.985957,-5682022.153759,-1806670.827349,2260102.514965,131.749855,-414.760923,-0.323376
1459938045.985957,-5670042.260546,-1843960.132139,2260073.097725,134.469025,-413.887332,-0.330380
1459938135.985957,-5657817.901782,-1881170.011324,2260043.050724,137.182404,-412.995916,-0.337371
1459938225.985957,-5645349.603991,-1918298.862215,2260012.375254,139.889873,-412.086710,-0.344346
1459938315.985957,-5632637.904200,-1955345.085615,2259981.072638,142.591318,-411.159756,-0.351307
1459938405.985957,-5619683.349923,-1992307.085887,2259949.144223,145.286620,-410.215092,-0.358253
1459938495.985957,-5606486.499132,-2029183.271019,2259916.591385,147.975665,-409.252759,-0.365183
1459938585.985957,-5593047.920237,-2065972.052697,2259883.415524,150.658337,-408.272800,-0.372098
1459938675.985957,-5579368.192056,-2102671.846372,2259849.618071,153.334519,-407.275255,-0.378996
1459938765.985957,-5565447.903799,-2139281.071326,2259815.200481,156.004097,-406.260169,-0.385879
1459938855.985957,-5551287.655032,-2175798.150743,2259780.164235,158.666956,-405.227584,-0.392744
1459938945.985957,-5536888.055659,-2212221.511776,2259744.510843,161.322980,-404.177545,-0.399593
1459939035.985957,-5522249.725894,-2248549.585615,2259708.241841,163.972057,-403.110098,-0.406424
1459939125.985957,-5507373.296233,-2284780.807553,2259671.358789,166.614070,-402.025289,-0.413238
1459939215.985957,-5492259.407425,-2320913.617055,2259633.863278,169.248908,-400.923163,-0.420035
1459939305.985957,-5476908.710450,-2356946.457826,2259595.756921,171.876455,-399.803769,-0.426813
1459939395.985957,-5461321.866486,-2392877.777874,2259557.041359,174.496600,-398.667155,-0.433572
1459939485.985957,-5445499.546882,-2428706.029582,2259517.718261,177.109228,-397.513370,-0.440314
1459939575.985957,-5429442.433130,-2464429.669772,2259477.789320,179.714229,-396.342463,-0.447036
1459939665.985957,-5413151.216835,-2500047.159772,2259437.256254,182.311488,-395.154485,-0.453738
1459939755.985957,-5396626.599684,-2535556.965480,2259396.120811,184.900896,-393.949488,-0.460422
1459939845.985957,-5379869.293420,-2570957.557435,2259354.384761,187.482339,-392.727522,-0.467085
1459939935.985957,-5362880.019804,-2606247.410879,2259312.049902,190.055707,-391.488641,-0.473729
1459940025.985957,-5345659.510591,-2641425.005821,2259269.118057,192.620889,-390.232897,-0.480352
1459940115.985957,-5328208.507495,-2676488.827110,2259225.591076,195.177775,-388.960346,-0.486954
1459940205.985957,-5310527.762157,-2711437.364491,2259181.470832,197.726254,-387.671042,-0.493535
1459940295.985957,-5292618.036116,-2746269.112678,2259136.759227,200.266217,-386.365040,-0.500095
1459940385.985957,-5274480.100769,-2780982.571412,2259091.458185,202.797554,-385.042397,-0.506634
1459940475.985957,-5256114.737347,-2815576.245532,2259045.569658,205.320156,-383.703169,-0.513150
1459940565.985957,-5237522.736874,-2850048.645034,2258999.095622,207.833915,-382.347415,-0.519645
1459940655.985957,-5218704.900136,-2884398.285139,2258952.038078,210.338722,-380.975192,-0.526117
1459940745.985957,-5199662.037647,-2918623.686353,2258904.399054,212.834469,-379.586561,-0.532567
1459940835.985957,-5180394.969611,-2952723.374538,2258856.180600,215.321049,-378.181580,-0.538993
1459940925.985957,-5160904.525892,-2986695.880965,2258807.384795,217.798355,-376.760310,-0.545397
1459941015.985957,-5141191.545974,-3020539.742386,2258758.013738,220.266281,-375.322812,-0.551777
1459941105.985957,-5121256.878923,-3054253.501095,2258708.069557,222.724719,-373.869148,-0.558133
1459941195.985957,-5101101.383359,-3087835.704986,2258657.554403,225.173563,-372.399382,-0.564465
1459941285.985957,-5080725.927408,-3121284.907623,2258606.470451,227.612710,-370.913576,-0.570773
1459941375.985957,-5060131.388674,-3154599.668296,2258554.819901,230.042052,-369.411793,-0.577056
1459941465.985957,-5039318.654195,-3187778.552087,2258502.604978,232.461487,-367.894100,-0.583314
1459941555.985957,-5018288.620407,-3220820.129931,2258449.827930,234.870908,-366.360561,-0.589547
1459941645.985957,-4997042.193108,-3253722.978674,2258396.491031,237.270214,-364.811242,-0.595755
1459941735.985957,-4975580.287412,-3286485.681141,2258342.596578,239.659300,-363.246211,-0.601937
1459941825.985957,-4953903.827719,-3319106.826192,2258288.146892,242.038064,-361.665533,-0.608094
1459941915.985957,-4932013.747666,-3351585.008782,2258233.144318,244.406402,-360.069278,-0.614224
1459942005.985957,-4909910.990093,-3383918.830026,2258177.591224,246.764214,-358.457515,-0.620327
1459942095.985957,-4887596.507001,-3416106.897257,2258121.490005,249.111397,-356.830312,-0.626404
1459942185.985957,-4865071.259508,-3448147.824084,2258064.843074,251.447850,-355.187740,-0.632454
1459942275.985957,-4842336.217811,-3480040.230456,2258007.652874,253.773474,-353.529869,-0.638477
1459942365.985957,-4819392.361145,-3511782.742716,2257949.921865,256.088166,-351.856772,-0.644472
1459942455.985957,-4796240.677736,-3543373.993666,2257891.652536,258.391829,-350.168519,-0.650439
1459942545.985957,-4772882.164764,-3574812.622621,2257832.847395,260.684362,-348.465184,-0.656379
1459942635.985957,-4749317.828315,-3606097.275472,2257773.508976,262.965668,-346.746840,-0.662290
1459942725.985957,-4725548.683343,-3637226.604739,2257713.639833,265.235647,-345.013561,-0.668173
1459942815.985957,-4701575.753621,-3668199.269634,2257653.242545,267.494201,-343.265422,-0.674026
1459942905.985957,-4677400.071700,-3699013.936116,2257592.319714,269.741235,-341.502498,-0.679851
1459942995.985957,-4653022.678864,-3729669.276951,2257530.873964,271.976650,-339.724865,-0.685647
1459943085.985957,-4628444.625086,-3760163.971764,2257468.907940,274.200351,-337.932599,-0.691413
1459943175.985957,-4603666.968979,-3790496.707102,2257406.424313,276.412242,-336.125778,-0.697149
1459943265.985957,-4578690.777757,-3820666.176488,2257343.425772,278.612227,-334.304480,-0.702855
1459943355.985957,-4553517.127182,-3850671.080476,2257279.915031,280.800211,-332.468782,-0.708531
1459943445.985957,-4528147.101523,-3880510.126706,2257215.894825,282.976102,-330.618765,-0.714177
1459943535.985957,-4502581.793505,-3910182.029967,2257151.367912,285.139804,-328.754507,-0.719791
1459943625.985957,-4476822.304267,-3939685.512243,2257086.337071,287.291225,-326.876090,-0.725375
1459943715.985957,-4450869.743309,-3969019.302773,2257020.805103,289.430271,-324.983593,-0.730927
1459943805.985957,-4424725.228448,-3998182.138106,2256954.774830,291.556852,-323.077099,-0.736448
1459943895.985957,-4398389.885768,-4027172.762152,2256888.249095,293.670874,-321.156689,-0.741937
1459943985.985957,-4371864.849575,-4055989.926241,2256821.230765,295.772248,-319.222447,-0.747395
1459944075.985957,-4345151.262342,-4084632.389173,2256753.722726,297.860882,-317.274455,-0.752820
1459944165.985957,-4318250.274665,-4113098.917273,2256685.727884,299.936687,-315.312798,-0.758212
1459944255.985957,-4291163.045211,-4141388.284443,2256617.249169,301.999574,-313.337560,-0.763572
1459944345.985957,-4263890.740669,-4169499.272216,2256548.289531,304.049452,-311.348826,-0.768899
1459944435.985957,-4236434.535698,-4197430.669809,2256478.851938,306.086235,-309.346681,-0.774193
1459944525.985957,-4208795.612882,-4225181.274172,2256408.939381,308.109834,-307.331213,-0.779454
1459944615.985957,-4180975.162670,-4252749.890045,2256338.554873,310.120163,-305.302507,-0.784681
1459944705.985957,-4152974.383333,-4280135.330005,2256267.701443,312.117134,-303.260652,-0.789874
1459944795.985957,-4124794.480907,-4307336.414517,2256196.382145,314.100662,-301.205734,-0.795034
1459944885.985957,-4096436.669145,-4334351.971990,2256124.600048,316.070660,-299.137843,-0.800159
1459944975.985957,-4067902.169461,-4361180.838821,2256052.358246,318.027046,-297.057068,-0.805249
1459945065.985957,-4039192.210881,-4387821.859449,2255979.659849,319.969733,-294.963498,-0.810305
1459945155.985957,-4010308.029986,-4414273.886404,2255906.507989,321.898639,-292.857224,-0.815326
1459945245.985957,-3981250.870864,-4440535.780357,2255832.905816,323.813680,-290.738336,-0.820312
1459945335.985957,-3952021.985051,-4466606.410167,2255758.856500,325.714774,-288.606925,-0.825262
1459945425.985957,-3922622.631480,-4492484.652932,2255684.363231,327.601839,-286.463083,-0.830177
1459945515.985957,-3893054.076427,-4518169.394036,2255609.429216,329.474793,-284.306903,-0.835057
1459945605.985957,-3863317.593456,-4543659.527196,2255534.057684,331.333557,-282.138478,-0.839900
1459945695.985957,-3833414.463362,-4568953.954514,2255458.251880,333.178049,-279.957900,-0.844707
1459945785.985957,-3803345.974120,-4594051.586519,2255382.015069,335.008191,-277.765264,-0.849478
1459945875.985957,-3773113.420827,-4618951.342218,2255305.350535,336.823904,-275.560665,-0.854212
1459945965.985957,-3742718.105645,-4643652.149139,2255228.261580,338.625109,-273.344196,-0.858909
1459946055.985957,-3712161.337748,-4668152.943380,2255150.751524,340.411729,-271.115954,-0.863569
1459946145.985957,-3681444.433262,-4692452.669654,2255072.823705,342.183687,-268.876035,-0.868193
1459946235.985957,-3650568.715213,-4716550.281335,2254994.481480,343.940907,-266.624535,-0.872778
1459946325.985957,-3619535.513465,-4740444.740500,2254915.728222,345.683313,-264.361551,-0.877327
1459946415.985957,-3588346.164666,-4764135.017979,2254836.567325,347.410829,-262.087180,-0.881837
1459946505.985957,-3557002.012191,-4787620.093394,2254757.002196,349.123382,-259.801521,-0.886309
1459946595.985957,-3525504.406080,-4810898.955207,2254677.036263,350.820898,-257.504672,-0.890743
1459946685.985957,-3493854.702983,-4833970.600761,2254596.672971,352.503303,-255.196732,-0.895139
1459946775.985957,-3462054.266104,-4856834.036325,2254515.915779,354.170525,-252.877800,-0.899497
1459946865.985957,-3430104.465134,-4879488.277135,2254434.768167,355.822493,-250.547977,-0.903815
1459946955.985957,-3398006.676203,-4901932.347438,2254353.233630,357.459135,-248.207361,-0.908095
1459947045.985957,-3365762.281811,-4924165.280532,2254271.315679,359.080380,-245.856055,-0.912335
1459947135.985957,-3333372.670775,-4946186.118812,2254189.017842,360.686160,-243.494160,-0.916537
1459947225.985957,-3300839.238164,-4967993.913805,2254106.343664,362.276404,-241.121777,-0.920698
1459947315.985957,-3268163.385246,-4989587.726215,2254023.296706,363.851044,-238.739009,-0.924820
1459947405.985957,-3235346.519418,-5010966.625965,2253939.880545,365.410013,-236.345957,-0.928903
1459947495.985957,-3202390.054154,-5032129.692231,2253856.098772,366.953243,-233.942726,-0.932945
1459947585.985957,-3169295.408941,-5053076.013488,2253771.954998,368.480668,-231.529419,-0.936947
1459947675.985957,-3136064.009215,-5073804.687544,2253687.452845,369.992221,-229.106139,-0.940909
1459947765.985957,-3102697.286306,-5094314.821585,2253602.595953,371.487839,-226.672991,-0.944830
1459947855.985957,-3069196.677368,-5114605.532206,2253517.387978,372.967456,-224.230081,-0.948710
1459947945.985957,-3035563.625325,-5134675.945455,2253431.832588,374.431008,-221.777512,-0.952550
1459948035.985957,-3001799.578805,-5154525.196868,2253345.933470,375.878433,-219.315391,-0.956349
1459948125.985957,-2967905.992078,-5174152.431509,2253259.694322,377.309669,-216.843823,-0.960106
1459948215.985957,-2933884.324993,-5193556.803999,2253173.118858,378.724653,-214.362916,-0.963822
1459948305.985957,-2899736.042915,-5212737.478565,2253086.210809,380.123326,-211.872776,-0.967497
1459948395.985957,-2865462.616664,-5231693.629064,2252998.973916,381.505625,-209.373510,-0.971130
1459948485.985957,-2831065.522450,-5250424.439025,2252911.411937,382.871493,-206.865227,-0.974721
1459948575.985957,-2796546.241809,-5268929.101684,2252823.528644,384.220869,-204.348033,-0.978270
1459948665.985957,-2761906.261539,-5287206.820015,2252735.327821,385.553697,-201.822038,-0.981777
1459948755.985957,-2727147.073638,-5305256.806770,2252646.813267,386.869918,-199.287349,-0.985241
1459948845.985957,-2692270.175239,-5323078.284507,2252557.988795,388.169477,-196.744078,-0.988664
1459948935.985957,-2657277.068543,-5340670.485627,2252468.858231,389.452316,-194.192332,-0.992043
1459949025.985957,-2622169.260757,-5358032.652408,2252379.425412,390.718380,-191.632222,-0.995380
1459949115.985957,-2586948.264029,-5375164.037034,2252289.694192,391.967616,-189.063858,-0.998674
1459949205.985957,-2551615.595383,-5392063.901630,2252199.668435,393.199970,-186.487351,-1.001925
1459949295.985957,-2516172.776650,-5408731.518291,2252109.352017,394.415387,-183.902811,-1.005133
1459949385.985957,-2480621.334408,-5425166.169119,2252018.748830,395.613817,-181.310351,-1.008298
1459949475.985957,-2444962.799912,-5441367.146247,2251927.862776,396.795207,-178.710081,-1.011419
1459949565.985957,-2409198.709031,-5457333.751874,2251836.697768,397.959506,-176.102114,-1.014497
1459949655.985957,-2373330.602180,-5473065.298293,2251745.257734,399.106664,-173.486562,-1.017530
1459949745.985957,-2337360.024253,-5488561.107923,2251653.546611,400.236633,-170.863537,-1.020521
1459949835.985957,-2301288.524559,-5503820.513335,2251561.568351,401.349362,-168.233153,-1.023467
1459949925.985957,-2265117.656753,-5518842.857283,2251469.326913,402.444805,-165.595523,-1.026369
1459950015.985957,-2228848.978771,-5533627.492731,2251376.826272,403.522914,-162.950761,-1.029227
1459950105.985957,-2192484.052761,-5548173.782882,2251284.070411,404.583643,-160.298980,-1.032040
1459950195.985957,-2156024.445016,-5562481.101204,2251191.063326,405.626945,-157.640295,-1.034809
1459950285.985957,-2119471.725908,-5576548.831459,2251097.809021,406.652777,-154.974820,-1.037534
1459950375.985957,-2082827.469819,-5590376.367729,2251004.311514,407.661093,-152.302670,-1.040213
1459950465.985957,-2046093.255074,-5603963.114440,2250910.574832,408.651851,-149.623960,-1.042848
1459950555.985957,-2009270.663873,-5617308.486389,2250816.603011,409.625007,-146.938806,-1.045439
1459950645.985957,-1972361.282222,-5630411.908772,2250722.400099,410.580520,-144.247322,-1.047984
1459950735.985957,-1935366.699864,-5643272.817202,2250627.970154,411.518349,-141.549626,-1.050484
1459950825.985957,-1898288.510214,-5655890.657741,2250533.317243,412.438454,-138.845833,-1.052938
1459950915.985957,-1861128.310288,-5668264.886919,2250438.445442,413.340793,-136.136060,-1.055348
1459951005.985957,-1823887.700631,-5680394.971758,2250343.358838,414.225330,-133.420423,-1.057711
1459951095.985957,-1786568.285255,-5692280.389798,2250248.061525,415.092025,-130.699039,-1.060030
1459951185.985957,-1749171.671566,-5703920.629114,2250152.557609,415.940842,-127.972026,-1.062302
1459951275.985957,-1711699.470292,-5715315.188344,2250056.851203,416.771743,-125.239501,-1.064529
1459951365.985957,-1674153.295420,-5726463.576705,2249960.946429,417.584694,-122.501582,-1.066710
1459951455.985957,-1636534.764122,-5737365.314021,2249864.847417,418.379658,-119.758387,-1.068846
1459951545.985957,-1598845.496685,-5748019.930736,2249768.558307,419.156602,-117.010033,-1.070935
1459951635.985957,-1561087.116446,-5758426.967939,2249672.083246,419.915493,-114.256639,-1.072978
1459951725.985957,-1523261.249715,-5768585.977383,2249575.426389,420.656297,-111.498325,-1.074974
1459951815.985957,-1485369.525713,-5778496.521503,2249478.591899,421.378982,-108.735208,-1.076925
1459951905.985957,-1447413.576493,-5788158.173438,2249381.583947,422.083519,-105.967407,-1.078829
1459951995.985957,-1409395.036877,-5797570.517045,2249284.406711,422.769875,-103.195042,-1.080686
1459952085.985957,-1371315.544383,-5806733.146919,2249187.064377,423.438022,-100.418233,-1.082497
1459952175.985957,-1333176.739154,-5815645.668412,2249089.561136,424.087931,-97.637098,-1.084262
1459952265.985957,-1294980.263886,-5824307.697648,2248991.901189,424.719574,-94.851758,-1.085980
1459952355.985957,-1256727.763762,-5832718.861540,2248894.088742,425.332924,-92.062333,-1.087651
1459952445.985957,-1218420.886375,-5840878.797806,2248796.128008,425.927953,-89.268942,-1.089275
1459952535.985957,-1180061.281663,-5848787.154984,2248698.023205,426.504638,-86.471706,-1.090852
1459952625.985957,-1141650.601832,-5856443.592450,2248599.778560,427.062952,-83.670746,-1.092382
1459952715.985957,-1103190.501290,-5863847.780429,2248501.398304,427.602872,-80.866182,-1.093865
1459952805.985957,-1064682.636573,-5870999.400011,2248402.886673,428.124374,-78.058135,-1.095301
1459952895.985957,-1026128.666275,-5877898.143165,2248304.247912,428.627437,-75.246726,-1.096690
1459952985.985957,-987530.250974,-5884543.712751,2248205.486268,429.112037,-72.432076,-1.098032
1459953075.985957,-948889.053165,-5890935.822534,2248106.605995,429.578156,-69.614306,-1.099326
1459953165.985957,-910206.737184,-5897074.197197,2248007.611352,430.025771,-66.793538,-1.100573
1459953255.985957,-871484.969137,-5902958.572349,2247908.506603,430.454865,-63.969893,-1.101773
1459953345.985957,-832725.416831,-5908588.694541,2247809.296016,430.865419,-61.143493,-1.102925
1459953435.985957,-793929.749700,-5913964.321276,2247709.983865,431.257414,-58.314459,-1.104030
1459953525.985957,-755099.638735,-5919085.221017,2247610.574426,431.630834,-55.482913,-1.105087
1459953615.985957,-716236.756406,-5923951.173199,2247511.071981,431.985664,-52.648978,-1.106096
1459953705.985957,-677342.776600,-5928561.968238,2247411.480817,432.321887,-49.812775,-1.107058
1459953795.985957,-638419.374540,-5932917.407539,2247311.805221,432.639489,-46.974426,-1.107972
1459953885.985957,-599468.226717,-5937017.303507,2247212.049489,432.938457,-44.134054,-1.108839
1459953975.985957,-560491.010818,-5940861.479553,2247112.217915,433.218778,-41.291782,-1.109657
1459954065.985957,-521489.405651,-5944449.770103,2247012.314801,433.480439,-38.447730,-1.110428
1459954155.985957,-482465.091077,-5947782.020603,2246912.344448,433.723430,-35.602023,-1.111151
1459954245.985957,-443419.747932,-5950858.087529,2246812.311163,433.947739,-32.754782,-1.111826
1459954335.985957,-404355.057960,-5953677.838388,2246712.219254,434.153357,-29.906131,-1.112454
1459954425.985957,-365272.703738,-5956241.151730,2246612.073032,434.340276,-27.056191,-1.113033
1459954515.985957,-326174.368604,-5958547.917150,2246511.876810,434.508488,-24.205086,-1.113565
1459954605.985957,-287061.736582,-5960598.035290,2246411.634905,434.657984,-21.352939,-1.114048
1459954695.985957,-247936.492315,-5962391.417850,2246311.351633,434.788759,-18.499872,-1.114484
1459954785.985957,-208800.320988,-5963927.987586,2246211.031314,434.900807,-15.646008,-1.114871
1459954875.985957,-169654.908257,-5965207.678315,2246110.678268,434.994123,-12.791470,-1.115211
1459954965.985957,-130501.940173,-5966230.434919,2246010.296818,435.068703,-9.936381,-1.115502
1459955055.985957,-91343.103118,-5966996.213346,2245909.891288,435.124544,-7.080864,-1.115746
1459955145.985957,-52180.083722,-5967504.980612,2245809.466002,435.161643,-4.225042,-1.115941
1459955235.985957,-13014.568796,-5967756.714805,2245709.025285,435.180000,-1.369039,-1.116088
1459955325.985957,26151.754738,-5967751.405082,2245608.573464,435.179612,1.487024,-1.116187
1459955415.985957,65317.199928,-5967489.051672,2245508.114864,435.160481,4.343023,-1.116239
1459955505.985957,104480.079856,-5966969.665874,2245407.653813,435.122607,7.198835,-1.116242
1459955595.985957,143638.707717,-5966193.270059,2245307.194639,435.065991,10.054336,-1.116197
1459955685.985957,182791.396889,-5965159.897669,2245206.741666,434.990636,12.909405,-1.116104
1459955775.985957,221936.461003,-5963869.593210,2245106.299223,434.896546,15.763917,-1.115962
1459955865.985957,261072.214023,-5962322.412260,2245005.871635,434.783724,18.617751,-1.115773
1459955955.985957,300196.970310,-5960518.421458,2244905.463229,434.652175,21.470782,-1.115536
1459956045.985957,339309.044700,-5958457.698503,2244805.078327,434.501905,24.322889,-1.115251
1459956135.985957,378406.752576,-5956140.332156,2244704.721255,434.332920,27.173948,-1.114917
1459956225.985957,417488.409938,-5953566.422228,2244604.396335,434.145228,30.023837,-1.114536
1459956315.985957,456552.333481,-5950736.079581,2244504.107887,433.938837,32.872433,-1.114107
1459956405.985957,495596.840659,-5947649.426123,2244403.860231,433.713755,35.719613,-1.113629
1459956495.985957,534620.249766,-5944306.594801,2244303.657686,433.469992,38.565254,-1.113104
1459956585.985957,573620.880002,-5940707.729595,2244203.504566,433.207560,41.409234,-1.112531
1459956675.985957,612597.051551,-5936852.985515,2244103.405186,432.926468,44.251431,-1.111909
1459956765.985957,651547.085648,-5932742.528590,2244003.363857,432.626729,47.091721,-1.111240
1459956855.985957,690469.304654,-5928376.535863,2243903.384887,432.308357,49.929984,-1.110523
1459956945.985957,729362.032131,-5923755.195386,2243803.472584,431.971364,52.766095,-1.109759
1459957035.985957,768223.592907,-5918878.706205,2243703.631249,431.615766,55.599934,-1.108946
1459957125.985957,807052.313155,-5913747.278360,2243603.865185,431.241578,58.431379,-1.108086
1459957215.985957,845846.520463,-5908361.132868,2243504.178686,430.848815,61.260306,-1.107178
1459957305.985957,884604.543902,-5902720.501720,2243404.576048,430.437494,64.086595,-1.106222
1459957395.985957,923324.714106,-5896825.627865,2243305.061561,430.007635,66.910124,-1.105219
1459957485.985957,962005.363337,-5890676.765206,2243205.639509,429.559254,69.730771,-1.104168
1459957575.985957,1000644.825558,-5884274.178583,2243106.314176,429.092371,72.548414,-1.103069
1459957665.985957,1039241.436510,-5877618.143766,2243007.089840,428.607007,75.362933,-1.101923
1459957755.985957,1077793.533775,-5870708.947440,2242907.970773,428.103182,78.174205,-1.100729
1459957845.985957,1116299.456856,-5863546.887194,2242808.961247,427.580917,80.982111,-1.099489
1459957935.985957,1154757.547242,-5856132.271511,2242710.065524,427.040237,83.786528,-1.098200
1459958025.985957,1193166.148485,-5848465.419750,2242611.287864,426.481163,86.587337,-1.096865
1459958115.985957,1231523.606266,-5840546.662132,2242512.632523,425.903719,89.384416,-1.095482
1459958205.985957,1269828.268470,-5832376.339731,2242414.103748,425.307932,92.177645,-1.094052
1459958295.985957,1308078.485255,-5823954.804457,2242315.705785,424.693826,94.966904,-1.092575
1459958385.985957,1346272.609127,-5815282.419037,2242217.442870,424.061427,97.752073,-1.091050
1459958475.985957,1384408.995005,-5806359.557004,2242119.319236,423.410764,100.533031,-1.089479
1459958565.985957,1422486.000296,-5797186.602680,2242021.339110,422.741863,103.309660,-1.087861
1459958655.985957,1460501.984963,-5787763.951158,2241923.506712,422.054755,106.081838,-1.086196
1459958745.985957,1498455.311601,-5778092.008286,2241825.826255,421.349467,108.849447,-1.084484
1459958835.985957,1536344.345500,-5768171.190651,2241728.301947,420.626032,111.612369,-1.082726
1459958925.985957,1574167.454720,-5758001.925556,2241630.937987,419.884480,114.370482,-1.080921
1459959015.985957,1611923.010163,-5747584.651009,2241533.738571,419.124843,117.123670,-1.079069
1459959105.985957,1649609.385638,-5736919.815696,2241436.707883,418.347153,119.871813,-1.077171
1459959195.985957,1687224.957933,-5726007.878969,2241339.850104,417.551444,122.614793,-1.075227
1459959285.985957,1724768.106889,-5714849.310822,2241243.169405,416.737751,125.352491,-1.073236
1459959375.985957,1762237.215464,-5703444.591872,2241146.669950,415.906108,128.084791,-1.071199
1459959465.985957,1799630.669805,-5691794.213338,2241050.355896,415.056552,130.811574,-1.069116
1459959555.985957,1836946.859319,-5679898.677019,2240954.231391,414.189118,133.532722,-1.066986
1459959645.985957,1874184.176738,-5667758.495275,2240858.300575,413.303845,136.248119,-1.064811
1459959735.985957,1911341.018195,-5655374.191002,2240762.567580,412.400770,138.957648,-1.062590
1459959825.985957,1948415.783287,-5642746.297611,2240667.036530,411.479932,141.661191,-1.060323
1459959915.985957,1985406.875145,-5629875.359005,2240571.711539,410.541371,144.358633,-1.058011
1459960005.985957,2022312.700507,-5616761.929556,2240476.596712,409.585128,147.049858,-1.055653
1459960095.985957,2059131.669781,-5603406.574078,2240381.696147,408.611243,149.734748,-1.053249
1459960185.985957,2095862.197118,-5589809.867809,2240287.013931,407.619759,152.413189,-1.050800
1459960275.985957,2132502.700476,-5575972.396379,2240192.554143,406.610717,155.085066,-1.048306
1459960365.985957,2169051.601693,-5561894.755789,2240098.320849,405.584163,157.750263,-1.045767
1459960455.985957,2205507.326551,-5547577.552385,2240004.318110,404.540139,160.408665,-1.043182
1459960545.985957,2241868.304845,-5533021.402832,2239910.549975,403.478691,163.060158,-1.040553
1459960635.985957,2278132.970451,-5518226.934085,2239817.020481,402.399865,165.704628,-1.037879
1459960725.985957,2314299.761395,-5503194.783365,2239723.733658,401.303706,168.341961,-1.035160
1459960815.985957,2350367.119916,-5487925.598129,2239630.693523,400.190263,170.972043,-1.032397
1459960905.985957,2386333.492538,-5472420.036046,2239537.904083,399.059583,173.594761,-1.029589
1459960995.985957,2422197.330133,-5456678.764964,2239445.369336,397.911715,176.210002,-1.026737
1459961085.985957,2457957.087990,-5440702.462884,2239353.093267,396.746709,178.817653,-1.023840
1459961175.985957,2493611.225882,-5424491.817929,2239261.079850,395.564613,181.417602,-1.020900
1459961265.985957,2529158.208128,-5408047.528318,2239169.333049,394.365481,184.009738,-1.017915
1459961355.985957,2564596.503667,-5391370.302331,2239077.856814,393.149362,186.593948,-1.014887
1459961445.985957,2599924.586114,-5374460.858283,2238986.655087,391.916310,189.170121,-1.011815
1459961535.985957,2635140.933836,-5357319.924489,2238895.731795,390.666377,191.738146,-1.008699
1459961625.985957,2670244.030009,-5339948.239236,2238805.090855,389.399618,194.297913,-1.005540
1459961715.985957,2705232.362689,-5322346.550749,2238714.736170,388.116086,196.849310,-1.002338
1459961805.985957,2740104.424875,-5304515.617160,2238624.671633,386.815838,199.392230,-0.999092
1459961895.985957,2774858.714571,-5286456.206475,2238534.901122,385.498929,201.926561,-0.995804
1459961985.985957,2809493.734858,-5268169.096542,2238445.428504,384.165416,204.452195,-0.992472
1459962075.985957,2844007.993952,-5249655.075013,2238356.257633,382.815357,206.969023,-0.989098
1459962165.985957,2878400.005269,-5230914.939317,2238267.392349,381.448809,209.476936,-0.985681
1459962255.985957,2912668.287493,-5211949.496620,2238178.836481,380.065831,211.975827,-0.982222
1459962345.985957,2946811.364635,-5192759.563793,2238090.593841,378.666484,214.465588,-0.978720
1459962435.985957,2980827.766101,-5173345.967377,2238002.668232,377.250826,216.946111,-0.975176
1459962525.985957,3014716.026752,-5153709.543545,2237915.063440,375.818920,219.417291,-0.971591
1459962615.985957,3048474.686967,-5133851.138068,2237827.783238,374.370827,221.879019,-0.967963
1459962705.985957,3082102.292709,-5113771.606278,2237740.831386,372.906609,224.331191,-0.964294
1459962795.985957,3115597.395584,-5093471.813033,2237654.211629,371.426329,226.773701,-0.960583
1459962885.985957,3148958.552908,-5072952.632675,2237567.927697,369.930052,229.206443,-0.956831
1459962975.985957,3182184.327762,-5052214.948997,2237481.983308,368.417841,231.629313,-0.953037
1459963065.985957,3215273.289062,-5031259.655204,2237396.382162,366.889761,234.042206,-0.949203
1459963155.985957,3248224.011615,-5010087.653872,2237311.127947,365.345880,236.445018,-0.945327
1459963245.985957,3281035.076182,-4988699.856913,2237226.224336,363.786262,238.837647,-0.941411
1459963335.985957,3313705.069540,-4967097.185531,2237141.674983,362.210975,241.219988,-0.937455
1459963425.985957,3346232.584541,-4945280.570188,2237057.483533,360.620087,243.591940,-0.933458
1459963515.985957,3378616.220175,-4923250.950559,2236973.653610,359.013667,245.953400,-0.929421
1459963605.985957,3410854.581629,-4901009.275493,2236890.188825,357.391784,248.304266,-0.925343
1459963695.985957,3442946.280347,-4878556.502974,2236807.092774,355.754507,250.644438,-0.921226
1459963785.985957,3474889.934089,-4855893.600078,2236724.369036,354.101907,252.973813,-0.917069
1459963875.985957,3506684.166993,-4833021.542931,2236642.021173,352.434056,255.292293,-0.912873
1459963965.985957,3538327.609633,-4809941.316668,2236560.052732,350.751025,257.599777,-0.908638
1459964055.985957,3569818.899075,-4786653.915389,2236478.467245,349.052886,259.896166,-0.904363
1459964145.985957,3601156.678941,-4763160.342121,2236397.268224,347.339713,262.181361,-0.900049
1459964235.985957,3632339.599465,-4739461.608766,2236316.459168,345.611579,264.455263,-0.895697
1459964325.985957,3663366.317551,-4715558.736066,2236236.043557,343.868560,266.717774,-0.891306
1459964415.985957,3694235.496828,-4691452.753555,2236156.024854,342.110730,268.968798,-0.886876
1459964505.985957,3724945.807714,-4667144.699515,2236076.406507,340.338164,271.208237,-0.882409
1459964595.985957,3755495.927469,-4642635.620931,2235997.191943,338.550939,273.435994,-0.877903
1459964685.985957,3785884.540251,-4617926.573448,2235918.384577,336.749133,275.651974,-0.873360
1459964775.985957,3816110.337176,-4593018.621321,2235839.987801,334.932822,277.856081,-0.868779
1459964865.985957,3846172.016371,-4567912.837377,2235762.004992,333.102085,280.048221,-0.864160
1459964955.985957,3876068.283034,-4542610.302958,2235684.439510,331.257001,282.228298,-0.859505
1459965045.985957,3905797.849487,-4517112.107885,2235607.294695,329.397650,284.396220,-0.854812
1459965135.985957,3935359.435230,-4491419.350405,2235530.573870,327.524110,286.551892,-0.850082
1459965225.985957,3964751.767001,-4465533.137144,2235454.280340,325.636464,288.695222,-0.845316
1459965315.985957,3993973.578826,-4439454.583061,2235378.417390,323.734792,290.826117,-0.840514
1459965405.985957,4023023.612076,-4413184.811401,2235302.988288,321.819176,292.944486,-0.835675
1459965495.985957,4051900.615523,-4386724.953642,2235227.996283,319.889699,295.050237,-0.830800
1459965585.985957,4080603.345388,-4360076.149453,2235153.444606,317.946443,297.143281,-0.825890
1459965675.985957,4109130.565400,-4333239.546638,2235079.336466,315.989494,299.223525,-0.820944
1459965765.985957,4137481.046848,-4306216.301091,2235005.675057,314.018934,301.290882,-0.815962
1459965855.985957,4165653.568633,-4279007.576746,2234932.463551,312.034849,303.345262,-0.810946
1459965945.985957,4193646.917321,-4251614.545524,2234859.705101,310.037324,305.386576,-0.805894
1459966035.985957,4221459.887195,-4224038.387285,2234787.402841,308.026445,307.414736,-0.800808
1459966125.985957,4249091.280307,-4196280.289778,2234715.559886,306.002299,309.429656,-0.795687
1459966215.985957,4276539.906530,-4168341.448586,2234644.179329,303.964973,311.431248,-0.790532
1459966305.985957,4303804.583609,-4140223.067080,2234573.264246,301.914555,313.419426,-0.785343
1459966395.985957,4330884.137213,-4111926.356360,2234502.817690,299.851133,315.394105,-0.780120
1459966485.985957,4357777.400983,-4083452.535210,2234432.842696,297.774796,317.355200,-0.774864
1459966575.985957,4384483.216585,-4054802.830042,2234363.342279,295.685633,319.302625,-0.769574
1459966665.985957,4411000.433758,-4025978.474843,2234294.319431,293.583735,321.236298,-0.764251
1459966755.985957,4437327.910365,-3996980.711122,2234225.777125,291.469191,323.156134,-0.758895
1459966845.985957,4463464.512439,-3967810.787858,2234157.718315,289.342093,325.062051,-0.753506
1459966935.985957,4489409.114238,-3938469.961445,2234090.145930,287.202534,326.953968,-0.748085
1459967025.985957,4515160.598287,-3908959.495638,2234023.062883,285.050603,328.831802,-0.742632
1459967115.985957,4540717.855430,-3879280.661498,2233956.472061,282.886396,330.695473,-0.737147
1459967205.985957,4566079.784875,-3849434.737339,2233890.376334,280.710003,332.544900,-0.731630
1459967295.985957,4591245.294247,-3819423.008669,2233824.778548,278.521521,334.380005,-0.726081
1459967385.985957,4616213.299627,-3789246.768143,2233759.681528,276.321042,336.200706,-0.720501
1459967475.985957,4640982.725604,-3758907.315496,2233695.088080,274.108661,338.006928,-0.714890
1459967565.985957,4665552.505321,-3728405.957495,2233631.000984,271.884474,339.798590,-0.709249
1459967655.985957,4689921.580520,-3697744.007883,2233567.423001,269.648576,341.575617,-0.703576
1459967745.985957,4714088.901587,-3666922.787315,2233504.356870,267.401065,343.337932,-0.697874
1459967835.985957,4738053.427597,-3635943.623311,2233441.805307,265.142036,345.085459,-0.692141
1459967925.985957,4761814.126362,-3604807.850190,2233379.771006,262.871587,346.818122,-0.686379
1459968015.985957,4785369.974472,-3573516.809019,2233318.256639,260.589815,348.535848,-0.680587
1459968105.985957,4808719.957339,-3542071.847550,2233257.264857,258.296820,350.238561,-0.674766
1459968195.985957,4831863.069244,-3510474.320168,2233196.798285,255.992699,351.926189,-0.668916
1459968285.985957,4854798.313377,-3478725.587827,2233136.859528,253.677553,353.598659,-0.663036
1459968375.985957,4877524.701882,-3446827.017993,2233077.451169,251.351480,355.255899,-0.657129
1459968465.985957,4900041.255898,-3414779.984588,2233018.575765,249.014581,356.897838,-0.651193
1459968555.985957,4922347.005602,-3382585.867927,2232960.235853,246.666956,358.524404,-0.645229
1459968645.985957,4944440.990250,-3350246.054660,2232902.433946,244.308707,360.135529,-0.639237
1459968735.985957,4966322.258222,-3317761.937713,2232845.172534,241.939936,361.731141,-0.633218
1459968825.985957,4987989.867056,-3285134.916228,2232788.454082,239.560744,363.311174,-0.627171
1459968915.985957,5009442.883496,-3252366.395500,2232732.281034,237.171233,364.875558,-0.621097
1459969005.985957,5030680.383526,-3219457.786921,2232676.655809,234.771507,366.424226,-0.614997
1459969095.985957,5051701.452415,-3186410.507916,2232621.580804,232.361669,367.957112,-0.608870
1459969185.985957,5072505.184752,-3153225.981881,2232567.058390,229.941823,369.474149,-0.602717
1459969275.985957,5093090.684489,-3119905.638127,2232513.090916,227.512074,370.975272,-0.596538
1459969365.985957,5113457.064977,-3086450.911811,2232459.680706,225.072524,372.460417,-0.590333
1459969455.985957,5133603.449003,-3052863.243880,2232406.830061,222.623281,373.929520,-0.584103
1459969545.985957,5153528.968832,-3019144.081008,2232354.541258,220.164449,375.382517,-0.577848
1459969635.985957,5173232.766241,-2985294.875531,2232302.816549,217.696134,376.819345,-0.571567
1459969725.985957,5192713.992557,-2951317.085386,2232251.658161,215.218442,378.239943,-0.565262
1459969815.985957,5211971.808694,-2917212.174050,2232201.068298,212.731481,379.644250,-0.558933
1459969905.985957,5231005.385186,-2882981.610474,2232151.049139,210.235357,381.032205,-0.552580
1459969995.985957,5249813.902230,-2848626.869022,2232101.602839,207.730178,382.403749,-0.546203
1459970085.985957,5268396.549712,-2814149.429405,2232052.731528,205.216051,383.758822,-0.539802
1459970175.985957,5286752.527249,-2779550.776620,2232004.437310,202.693086,385.097365,-0.533378
1459970265.985957,5304881.044222,-2744832.400884,2231956.722265,200.161390,386.419322,-0.526932
1459970355.985957,5322781.319806,-2709995.797572,2231909.588450,197.621073,387.724635,-0.520462
1459970445.985957,5340452.583010,-2675042.467150,2231863.037894,195.072244,389.013248,-0.513970
1459970535.985957,5357894.072704,-2639973.915113,2231817.072602,192.515013,390.285106,-0.507456
1459970625.985957,5375105.037657,-2604791.651917,2231771.694554,189.949491,391.540154,-0.500920
1459970715.985957,5392084.736565,-2569497.192917,2231726.905705,187.375786,392.778338,-0.494363
1459970805.985957,5408832.438087,-2534092.058299,2231682.707983,184.794012,393.999603,-0.487784
1459970895.985957,5425347.420874,-2498577.773018,2231639.103294,182.204277,395.203899,-0.481184
1459970985.985957,5441628.973599,-2462955.866729,2231596.093514,179.606696,396.391173,-0.474563
1459971075.985957,5457676.394991,-2427227.873723,2231553.680496,177.001378,397.561373,-0.467922
1459971165.985957,5473488.993862,-2391395.332859,2231511.866068,174.388436,398.714450,-0.461261
1459971255.985957,5489066.089140,-2355459.787501,2231470.652031,171.767983,399.850354,-0.454580
1459971345.985957,5504407.009894,-2319422.785448,2231430.040159,169.140132,400.969035,-0.447880
1459971435.985957,5519511.095369,-2283285.878870,2231390.032202,166.504996,402.070446,-0.441160
1459971525.985957,5534377.695006,-2247050.624239,2231350.629883,163.862688,403.154540,-0.434421
1459971615.985957,5549006.168479,-2210718.582264,2231311.834899,161.213322,404.221269,-0.427663
1459971705.985957,5563395.885718,-2174291.317822,2231273.648922,158.557013,405.270587,-0.420887
1459971795.985957,5577546.226933,-2137770.399892,2231236.073597,155.893874,406.302450,-0.414093
1459971885.985957,5591456.582650,-2101157.401486,2231199.110541,153.224021,407.316812,-0.407281
1459971975.985957,5605126.353725,-2064453.899583,2231162.761347,150.547568,408.313631,-0.400451
1459972065.985957,5618554.951383,-2027661.475059,2231127.027581,147.864631,409.292864,-0.393605
1459972155.985957,5631741.797232,-1990781.712621,2231091.910782,145.175325,410.254467,-0.386741
1459972245.985957,5644686.323294,-1953816.200739,2231057.412462,142.479766,411.198400,-0.379861
1459972335.985957,5657387.972028,-1916766.531572,2231023.534108,139.778070,412.124622,-0.372964
1459972425.985957,5669846.196356,-1879634.300909,2230990.277179,137.070354,413.033093,-0.366051
1459972515.985957,5682060.459681,-1842421.108092,2230957.643107,134.356734,413.923775,-0.359122
1459972605.985957,5694030.235917,-1805128.555950,2230925.633298,131.637327,414.796628,-0.352178
1459972695.985957,5705755.009507,-1767758.250732,2230894.249131,128.912250,415.651615,-0.345219
1459972785.985957,5717234.275447,-1730311.802034,2230863.491958,126.181621,416.488699,-0.338245
1459972875.985957,5728467.539306,-1692790.822734,2230833.363103,123.445557,417.307844,-0.331256
1459972965.985957,5739454.317252,-1655196.928917,2230803.863864,120.704176,418.109016,-0.324253
1459973055.985957,5750194.136066,-1617531.739811,2230774.995513,117.957596,418.892178,-0.317236
1459973145.985957,5760686.533168,-1579796.877715,2230746.759292,115.205935,419.657299,-0.310206
1459973235.985957,5770931.056634,-1541993.967926,2230719.156418,112.449313,420.404344,-0.303162
1459973325.985957,5780927.265217,-1504124.638675,2230692.188080,109.687847,421.133281,-0.296105
1459973415.985957,5790674.728364,-1466190.521052,2230665.855439,106.921656,421.844080,-0.289035
1459973505.985957,5800173.026237,-1428193.248940,2230640.159630,104.150860,422.536710,-0.281953
1459973595.985957,5809421.749729,-1390134.458938,2230615.101759,101.375579,423.211140,-0.274859
1459973685.985957,5818420.500485,-1352015.790298,2230590.682907,98.595931,423.867341,-0.267752
1459973775.985957,5827168.890914,-1313838.884851,2230566.904125,95.812036,424.505286,-0.260635
1459973865.985957,5835666.544208,-1275605.386934,2230543.766437,93.024014,425.124947,-0.253506
1459973955.985957,5843913.094362,-1237316.943323,2230521.270839,90.231986,425.726297,-0.246366
1459974045.985957,5851908.186183,-1198975.203162,2230499.418302,87.436071,426.309311,-0.239215
1459974135.985957,5859651.475310,-1160581.817888,2230478.209766,84.636391,426.873962,-0.232055
1459974225.985957,5867142.628228,-1122138.441163,2230457.646144,81.833065,427.420228,-0.224884
1459974315.985957,5874381.322282,-1083646.728805,2230437.728323,79.026214,427.948084,-0.217703
1459974405.985957,5881367.245689,-1045108.338709,2230418.457161,76.215959,428.457507,-0.210514
1459974495.985957,5888100.097556,-1006524.930785,2230399.833488,73.402422,428.948476,-0.203315
1459974585.985957,5894579.587887,-967898.166879,2230381.858106,70.585723,429.420970,-0.196107
1459974675.985957,5900805.437602,-929229.710707,2230364.531789,67.765984,429.874968,-0.188891
1459974765.985957,5906777.378543,-890521.227778,2230347.855284,64.943326,430.310450,-0.181667
1459974855.985957,5912495.153489,-851774.385326,2230331.829309,62.117871,430.727399,-0.174434
1459974945.985957,5917958.516167,-812990.852239,2230316.454555,59.289741,431.125795,-0.167195
1459975035.985957,5923167.231262,-774172.298982,2230301.731683,56.459056,431.505622,-0.159948
1459975125.985957,5928121.074426,-735320.397532,2230287.661329,53.625940,431.866863,-0.152694
1459975215.985957,5932819.832289,-696436.821299,2230274.244098,50.790514,432.209503,-0.145434
1459975305.985957,5937263.302470,-657523.245060,2230261.480568,47.952901,432.533527,-0.138168
1459975395.985957,5941451.293580,-618581.344883,2230249.371289,45.113222,432.838922,-0.130895
1459975485.985957,5945383.625236,-579612.798055,2230237.916783,42.271600,433.125673,-0.123617
1459975575.985957,5949060.128067,-540619.283012,2230227.117544,39.428157,433.393769,-0.116334
1459975665.985957,5952480.643721,-501602.479266,2230216.974036,36.583016,433.643198,-0.109045
1459975755.985957,5955645.024869,-462564.067330,2230207.486697,33.736300,433.873949,-0.101752
1459975845.985957,5958553.135218,-423505.728649,2230198.655935,30.888130,434.086013,-0.094454
1459975935.985957,5961204.849511,-384429.145527,2230190.482131,28.038630,434.279380,-0.087153
1459976025.985957,5963600.053534,-345336.001052,2230182.965637,25.187922,434.454042,-0.079847
1459976115.985957,5965738.644123,-306227.979027,2230176.106776,22.336130,434.609991,-0.072539
1459976205.985957,5967620.529164,-267106.763894,2230169.905846,19.483375,434.747221,-0.065227
1459976295.985957,5969245.627602,-227974.040666,2230164.363111,16.629781,434.865725,-0.057912
1459976385.985957,5970613.869442,-188831.494848,2230159.478813,13.775471,434.965500,-0.050595
1459976475.985957,5971725.195751,-149680.812372,2230155.253160,10.920568,435.046539,-0.043275
1459976565.985957,5972579.558663,-110523.679518,2230151.686335,8.065194,435.108841,-0.035954
1459976655.985957,5973176.921379,-71361.782843,2230148.778492,5.209473,435.152402,-0.028631
1459976745.985957,5973517.258170,-32196.809112,2230146.529757,2.353527,435.177220,-0.021307
1459976835.985957,5973600.554376,6969.554780,2230144.940225,-0.502520,435.183294,-0.013982
1459976925.985957,5973426.806412,46135.621876,2230144.009967,-3.358545,435.170624,-0.006656
1459977015.985957,5972996.021759,85299.705233,2230143.739021,-6.214426,435.139211,0.000669
1459977105.985957,5972308.218972,124460.117994,2230144.127400,-9.070039,435.089056,0.007995
1459977195.985957,5971363.427677,163615.173459,2230145.175087,-11.925261,435.020161,0.015321
1459977285.985957,5970161.688567,202763.185159,2230146.882038,-14.779970,434.932528,0.022646
1459977375.985957,5968703.053403,241902.466929,2230149.248178,-17.634042,434.826163,0.029970
1459977465.985957,5966987.585010,281031.332978,2230152.273406,-20.487354,434.701069,0.037292
1459977555.985957,5965015.357276,320148.097968,2230155.957592,-23.339784,434.557251,0.044613
1459977645.985957,5962786.455148,359251.077076,2230160.300578,-26.191209,434.394717,0.051932
1459977735.985957,5960300.974629,398338.586078,2230165.302175,-29.041506,434.213472,0.059249
1459977825.985957,5957559.022772,437408.941415,2230170.962170,-31.890552,434.013526,0.066563
1459977915.985957,5954560.717678,476460.460264,2230177.280318,-34.738224,433.794885,0.073875
1459978005.985957,5951306.188487,515491.460619,2230184.256348,-37.584400,433.557561,0.081183
1459978095.985957,5947795.575377,554500.261351,2230191.889958,-40.428957,433.301562,0.088488
1459978185.985957,5944029.029557,593485.182293,2230200.180821,-43.271773,433.026901,0.095789
1459978275.985957,5940006.713257,632444.544302,2230209.128579,-46.112725,432.733588,0.103085
1459978365.985957,5935728.799724,671376.669340,2230218.732848,-48.951691,432.421637,0.110378
1459978455.985957,5931195.473215,710279.880538,2230228.993213,-51.788549,432.091060,0.117665
1459978545.985957,5926406.928987,749152.502277,2230239.909233,-54.623176,431.741873,0.124948
1459978635.985957,5921363.373291,787992.860250,2230251.480438,-57.455450,431.374091,0.132225
1459978725.985957,5916065.023360,826799.281545,2230263.706329,-60.285250,430.987728,0.139497
1459978815.985957,5910512.107402,865570.094709,2230276.586380,-63.112453,430.582802,0.146762
1459978905.985957,5904704.864590,904303.629822,2230290.120037,-65.936937,430.159330,0.154021
1459978995.985957,5898643.545051,942998.218571,2230304.306716,-68.758582,429.717330,0.161274
1459979085.985957,5892328.409855,981652.194321,2230319.145807,-71.577265,429.256822,0.168519
1459979175.985957,5885759.731005,1020263.892184,2230334.636671,-74.392865,428.777825,0.175758
1459979265.985957,5878937.791425,1058831.649095,2230350.778641,-77.205261,428.280360,0.182988
1459979355.985957,5871862.884945,1097353.803882,2230367.571021,-80.014332,427.764448,0.190211
1459979445.985957,5864535.316294,1135828.697335,2230385.013088,-82.819956,427.230111,0.197426
1459979535.985957,5856955.401080,1174254.672280,2230403.104092,-85.622013,426.677374,0.204632
1459979625.985957,5849123.465782,1212630.073653,2230421.843253,-88.420382,426.106258,0.211829
1459979715.985957,5841039.847735,1250953.248564,2230441.229764,-91.214943,425.516790,0.219018
1459979805.985957,5832704.895112,1289222.546376,2230461.262791,-94.005575,424.908994,0.226196
1459979895.985957,5824118.966912,1327436.318770,2230481.941470,-96.792158,424.282896,0.233366
1459979985.985957,5815282.432945,1365592.919819,2230503.264911,-99.574572,423.638524,0.240525
1459980075.985957,5806195.673813,1403690.706062,2230525.232196,-102.352697,422.975905,0.247673
1459980165.985957,5796859.080898,1441728.036565,2230547.842379,-105.126414,422.295068,0.254811
1459980255.985957,5787273.056342,1479703.273003,2230571.094486,-107.895603,421.596042,0.261938
1459980345.985957,5777438.013029,1517614.779724,2230594.987515,-110.660144,420.878857,0.269054
1459980435.985957,5767354.374569,1555460.923819,2230619.520439,-113.419920,420.143544,0.276158
1459980525.985957,5757022.575281,1593240.075198,2230644.692199,-116.174810,419.390135,0.283250
1459980615.985957,5746443.060172,1630950.606654,2230670.501713,-118.924696,418.618663,0.290330
1459980705.985957,5735616.284917,1668590.893935,2230696.947868,-121.669460,417.829159,0.297398
1459980795.985957,5724542.715842,1706159.315816,2230724.029526,-124.408983,417.021659,0.304453
1459980885.985957,5713222.829904,1743654.254168,2230751.745521,-127.143148,416.196198,0.311494
1459980975.985957,5701657.114667,1781074.094024,2230780.094658,-129.871837,415.352810,0.318523
1459981065.985957,5689846.068284,1818417.223655,2230809.075717,-132.594932,414.491532,0.325537
1459981155.985957,5677790.199476,1855682.034634,2230838.687449,-135.312316,413.612402,0.332538
1459981245.985957,5665490.027508,1892866.921907,2230868.928581,-138.023872,412.715456,0.339524
1459981335.985957,5652946.082167,1929970.283865,2230899.797808,-140.729482,411.800734,0.346495
1459981425.985957,5640158.903741,1966990.522409,2230931.293802,-143.429032,410.868276,0.353452
1459981515.985957,5627129.042992,2003926.043018,2230963.415206,-146.122404,409.918120,0.360393
1459981605.985957,5613857.061137,2040775.254823,2230996.160637,-148.809482,408.950309,0.367319
1459981695.985957,5600343.529822,2077536.570671,2231029.528684,-151.490150,407.964884,0.374229
1459981785.985957,5586589.031094,2114208.407196,2231063.517911,-154.164294,406.961887,0.381123
1459981875.985957,5572594.157382,2150789.184885,2231098.126853,-156.831797,405.941362,0.388001
1459981965.985957,5558359.511466,2187277.328146,2231133.354021,-159.492546,404.903352,0.394861
1459982055.985957,5543885.706455,2223671.265380,2231169.197897,-162.146425,403.847902,0.401705
1459982145.985957,5529173.365757,2259969.429043,2231205.656937,-164.793320,402.775058,0.408532
1459982235.985957,5514223.123057,2296170.255716,2231242.729570,-167.433117,401.684865,0.415341
1459982325.985957,5499035.622284,2332272.186175,2231280.414202,-170.065703,400.577372,0.422132
1459982415.985957,5483611.517587,2368273.665453,2231318.709208,-172.690963,399.452625,0.428905
1459982505.985957,5467951.473307,2404173.142910,2231357.612939,-175.308786,398.310673,0.435659
1459982595.985957,5452056.163946,2439969.072301,2231397.123719,-177.919057,397.151565,0.442395
1459982685.985957,5435926.274140,2475659.911839,2231437.239848,-180.521666,395.975351,0.449111
1459982775.985957,5419562.498628,2511244.124265,2231477.959597,-183.116499,394.782082,0.455808
1459982865.985957,5402965.542222,2546720.176911,2231519.281212,-185.703445,393.571809,0.462486
1459982955.985957,5386136.119781,2582086.541770,2231561.202915,-188.282392,392.344584,0.469144
1459983045.985957,5369074.956173,2617341.695556,2231603.722899,-190.853230,391.100461,0.475781
1459983135.985957,5351782.786248,2652484.119777,2231646.839333,-193.415848,389.839492,0.482398
1459983225.985957,5334260.354808,2687512.300792,2231690.550360,-195.970134,388.561732,0.488994
1459983315.985957,5316508.416571,2722424.729885,2231734.854098,-198.515980,387.267236,0.495569
1459983405.985957,5298527.736140,2757219.903322,2231779.748638,-201.053276,385.956060,0.502123
1459983495.985957,5280319.087971,2791896.322423,2231825.232048,-203.581912,384.628260,0.508655
1459983585.985957,5261883.256339,2826452.493619,2231871.302368,-206.101779,383.283894,0.515166
1459983675.985957,5243221.035303,2860886.928523,2231917.957613,-208.612769,381.923019,0.521654
1459983765.985957,5224333.228675,2895198.143990,2231965.195776,-211.114774,380.545694,0.528119
1459983855.985957,5205220.649981,2929384.662184,2232013.014820,-213.607686,379.151979,0.534562
1459983945.985957,5185884.122430,2963445.010638,2232061.412687,-216.091398,377.741932,0.540982
1459984035.985957,5166324.478876,2997377.722320,2232110.387293,-218.565802,376.315616,0.547378
1459984125.985957,5146542.561783,3031181.335696,2232159.936527,-221.030792,374.873091,0.553751
1459984215.985957,5126539.223190,3064854.394791,2232210.058256,-223.486262,373.414420,0.560101
1459984305.985957,5106315.324670,3098395.449255,2232260.750321,-225.932106,371.939666,0.566426
1459984395.985957,5085871.737299,3131803.054423,2232312.010540,-228.368219,370.448891,0.572726
1459984485.985957,5065209.341614,3165075.771377,2232363.836703,-230.794496,368.942160,0.579002
1459984575.985957,5044329.027575,3198212.167011,2232416.226580,-233.210832,367.419539,0.585253
1459984665.985957,5023231.694531,3231210.814087,2232469.177914,-235.617123,365.881092,0.591479
1459984755.985957,5001918.251177,3264070.291304,2232522.688424,-238.013266,364.326887,0.597679
1459984845.985957,4980389.615514,3296789.183352,2232576.755805,-240.399157,362.756989,0.603854
1459984935.985957,4958646.714816,3329366.080979,2232631.377730,-242.774694,361.171466,0.610002
1459985025.985957,4936690.485583,3361799.581046,2232686.551845,-245.139774,359.570388,0.616125
1459985115.985957,4914521.873502,3394088.286594,2232742.275774,-247.494296,357.953822,0.622220
1459985205.985957,4892141.833411,3426230.806897,2232798.547118,-249.838158,356.321838,0.628289
1459985295.985957,4869551.329253,3458225.757527,2232855.363452,-252.171259,354.674507,0.634331
1459985385.985957,4846751.334037,3490071.760412,2232912.722330,-254.493498,353.011900,0.640346
1459985475.985957,4823742.829792,3521767.443895,2232970.621281,-256.804776,351.334088,0.646333
1459985565.985957,4800526.807531,3553311.442795,2233029.057812,-259.104993,349.641144,0.652292
1459985655.985957,4777104.267204,3584702.398462,2233088.029406,-261.394050,347.933140,0.658223
1459985745.985957,4753476.217656,3615938.958840,2233147.533522,-263.671848,346.210150,0.664126
1459985835.985957,4729643.676584,3647019.778521,2233207.567599,-265.938290,344.472248,0.670000
1459985925.985957,4705607.670492,3677943.518806,2233268.129050,-268.193277,342.719509,0.675845
1459986015.985957,4681369.234649,3708708.847762,2233329.215268,-270.436712,340.952009,0.681661
1459986105.985957,4656929.413041,3739314.440279,2233390.823621,-272.668500,339.169823,0.687448
1459986195.985957,4632289.258329,3769758.978126,2233452.951455,-274.888543,337.373029,0.693205
1459986285.985957,4607449.831803,3800041.150009,2233515.596096,-277.096747,335.561703,0.698933
1459986375.985957,4582412.203337,3830159.651630,2233578.754845,-279.293015,333.735925,0.704630
1459986465.985957,4557177.451338,3860113.185737,2233642.424981,-281.477254,331.895772,0.710297
1459986555.985957,4531746.662707,3889900.462185,2233706.603763,-283.649369,330.041324,0.715933
1459986645.985957,4506120.932787,3919520.197990,2233771.288427,-285.809267,328.172660,0.721538
1459986735.985957,4480301.365319,3948971.117385,2233836.476185,-287.956855,326.289861,0.727113
1459986825.985957,4454289.072391,3978251.951871,2233902.164232,-290.092039,324.393009,0.732656
1459986915.985957,4428085.174393,4007361.440280,2233968.349738,-292.214730,322.482184,0.738167
1459987005.985957,4401690.799967,4036298.328820,2234035.029852,-294.324834,320.557470,0.743647
1459987095.985957,4375107.085961,4065061.371133,2234102.201702,-296.422261,318.618949,0.749095
1459987185.985957,4348335.177375,4093649.328353,2234169.862395,-298.506921,316.666704,0.754510
1459987275.985957,4321376.227355,4122060.969110,2234238.009018,-300.578723,314.700820,0.759893
1459987365.985957,4294231.397049,4150295.069691,2234306.638635,-302.637579,312.721381,0.765243
1459987455.985957,4266901.855606,4178350.414031,2234375.748290,-304.683400,310.728473,0.770560
1459987545.985957,4239388.780151,4206225.793743,2234445.335007,-306.716098,308.722182,0.775845
1459987635.985957,4211693.355716,4233920.008190,2234515.395789,-308.735585,306.702593,0.781095
1459987725.985957,4183816.775185,4261431.864541,2234585.927618,-310.741775,304.669794,0.786312
1459987815.985957,4155760.239246,4288760.177817,2234656.927456,-312.734580,302.623872,0.791495
1459987905.985957,4127524.956337,4315903.770945,2234728.392246,-314.713915,300.564917,0.796644
1459987995.985957,4099112.142595,4342861.474809,2234800.318909,-316.679696,298.493015,0.801759
1459988085.985957,4070523.021806,4369632.128299,2234872.704348,-318.631836,296.408256,0.806839
1459988175.985957,4041758.825345,4396214.578361,2234945.545445,-320.570252,294.310731,0.811885
1459988265.985957,4012820.792132,4422607.680048,2235018.839063,-322.494861,292.200530,0.816895
1459988355.985957,3983710.168573,4448810.296568,2235092.582045,-324.405579,290.077743,0.821870
1459988445.985957,3954428.208507,4474821.299334,2235166.771214,-326.302325,287.942462,0.826810
1459988535.985957,3924976.173155,4500639.568012,2235241.403377,-328.185017,285.794778,0.831715
1459988625.985957,3895355.331059,4526263.990568,2235316.475318,-330.053573,283.634786,0.836583
1459988715.985957,3865566.958037,4551693.463320,2235391.983803,-331.907913,281.462576,0.841416
1459988805.985957,3835612.337120,4576926.890981,2235467.925582,-333.747957,279.278244,0.846212
1459988895.985957,3805492.758499,4601963.186707,2235544.297382,-335.573626,277.081882,0.850971
1459988985.985957,3775209.519471,4626801.272148,2235621.095915,-337.384842,274.873586,0.855695
1459989075.985957,3744763.924383,4651440.077487,2235698.317874,-339.181526,272.653451,0.860381
1459989165.985957,3714157.284573,4675878.541494,2235775.959931,-340.963601,270.421573,0.865030
1459989255.985957,3683390.918317,4700115.611566,2235854.018743,-342.730990,268.178046,0.869642
1459989345.985957,3652466.150770,4724150.243774,2235932.490949,-344.483617,265.922970,0.874216
1459989435.985957,3621384.313909,4747981.402911,2236011.373167,-346.221407,263.656439,0.878753
1459989525.985957,3590146.746478,4771608.062531,2236090.662002,-347.944284,261.378552,0.883252
1459989615.985957,3558754.793927,4795029.204998,2236170.354037,-349.652175,259.089407,0.887713
1459989705.985957,3527209.808356,4818243.821526,2236250.445841,-351.345005,256.789103,0.892136
1459989795.985957,3495513.148455,4841250.912225,2236330.933964,-353.022703,254.477739,0.896520
1459989885.985957,3463666.179451,4864049.486146,2236411.814939,-354.685196,252.155414,0.900866
1459989975.985957,3431670.273041,4886638.561318,2236493.085283,-356.332411,249.822228,0.905173
1459990065.985957,3399526.807337,4909017.164795,2236574.741496,-357.964279,247.478282,0.909440
1459990155.985957,3367237.166810,4931184.332695,2236656.780060,-359.580729,245.123676,0.913669
1459990245.985957,3334802.742223,4953139.110245,2236739.197443,-361.181691,242.758513,0.917859
1459990335.985957,3302224.930578,4974880.551818,2236821.990094,-362.767097,240.382894,0.922008
1459990425.985957,3269505.135052,4996407.720976,2236905.154447,-364.336877,237.996921,0.926118
1459990515.985957,3236644.764937,5017719.690511,2236988.686922,-365.890965,235.600697,0.930189
1459990605.985957,3203645.235580,5038815.542484,2237072.583919,-367.429294,233.194325,0.934219
1459990695.985957,3170507.968321,5059694.368263,2237156.841826,-368.951797,230.777910,0.938209
1459990785.985957,3137234.390435,5080355.268566,2237241.457013,-370.458408,228.351554,0.942158
1459990875.985957,3103825.935066,5100797.353495,2237326.425837,-371.949063,225.915364,0.946067
1459990965.985957,3070284.041167,5121019.742577,2237411.744637,-373.423698,223.469442,0.949935
1459991055.985957,3036610.153441,5141021.564804,2237497.409739,-374.882249,221.013895,0.953763
1459991145.985957,3002805.722274,5160801.958666,2237583.417453,-376.324653,218.548829,0.957549
1459991235.985957,2968872.203674,5180360.072191,2237669.764076,-377.750848,216.074350,0.961294
1459991325.985957,2934811.059211,5199695.062980,2237756.445887,-379.160773,213.590564,0.964997
1459991415.985957,2900623.755952,5218806.098245,2237843.459153,-380.554367,211.097578,0.968659
1459991505.985957,2866311.766396,5237692.354846,2237930.800128,-381.931570,208.595501,0.972280
1459991595.985957,2831876.568415,5256353.019320,2238018.465049,-383.292322,206.084438,0.975858
1459991685.985957,2797319.645185,5274787.287926,2238106.450140,-384.636566,203.564499,0.979394
1459991775.985957,2762642.485126,5292994.366669,2238194.751612,-385.964242,201.035793,0.982889
1459991865.985957,2727846.581838,5310973.471343,2238283.365661,-387.275295,198.498427,0.986340
1459991955.985957,2692933.434034,5328723.827561,2238372.288472,-388.569667,195.952512,0.989750
1459992045.985957,2657904.545478,5346244.670786,2238461.516214,-389.847302,193.398157,0.993117
1459992135.985957,2622761.424918,5363535.246370,2238551.045043,-391.108147,190.835471,0.996441
1459992225.985957,2587505.586022,5380594.809580,2238640.871105,-392.352145,188.264567,0.999722
1459992315.985957,2552138.547315,5397422.625634,2238730.990530,-393.579245,185.685553,1.002960
1459992405.985957,2516661.832109,5414017.969732,2238821.399437,-394.789392,183.098542,1.006154
1459992495.985957,2481076.968442,5430380.127088,2238912.093932,-395.982535,180.503644,1.009306
1459992585.985957,2445385.489008,5446508.392957,2239003.070108,-397.158623,177.900972,1.012414
1459992675.985957,2409588.931096,5462402.072670,2239094.324047,-398.317604,175.290637,1.015478
1459992765.985957,2373688.836517,5478060.481663,2239185.851819,-399.459429,172.672752,1.018499
1459992855.985957,2337686.751546,5493482.945502,2239277.649482,-400.584049,170.047430,1.021476
1459992945.985957,2301584.226848,5508668.799920,2239369.713083,-401.691415,167.414784,1.024408
1459993035.985957,2265382.817413,5523617.390836,2239462.038654,-402.781480,164.774927,1.027297
1459993125.985957,2229084.082494,5538328.074393,2239554.622222,-403.854196,162.127973,1.030141
1459993215.985957,2192689.585533,5552800.216979,2239647.459797,-404.909518,159.474035,1.032941
1459993305.985957,2156200.894096,5567033.195255,2239740.547381,-405.947399,156.813229,1.035697
1459993395.985957,2119619.579809,5581026.396186,2239833.880965,-406.967796,154.145669,1.038408
1459993485.985957,2082947.218286,5594779.217063,2239927.456528,-407.970664,151.471469,1.041074
1459993575.985957,2046185.389062,5608291.065530,2240021.270042,-408.955960,148.790746,1.043696
1459993665.985957,2009335.675526,5621561.359611,2240115.317464,-409.923641,146.103613,1.046272
1459993755.985957,1972399.664852,5634589.527734,2240209.594745,-410.873667,143.410188,1.048803
1459993845.985957,1935378.947932,5647375.008757,2240304.097824,-411.805996,140.710586,1.051290
1459993935.985957,1898275.119304,5659917.251987,2240398.822630,-412.720587,138.004923,1.053731
1459994025.985957,1861089.777089,5672215.717212,2240493.765084,-413.617402,135.293316,1.056126
1459994115.985957,1823824.522917,5684269.874717,2240588.921097,-414.496402,132.575882,1.058476
1459994205.985957,1786480.961859,5696079.205312,2240684.286569,-415.357549,129.852738,1.060781
1459994295.985957,1749060.702362,5707643.200350,2240779.857395,-416.200806,127.124000,1.063039
1459994385.985957,1711565.356173,5718961.361752,2240875.629456,-417.026136,124.389788,1.065252
1459994475.985957,1673996.538276,5730033.202027,2240971.598629,-417.833505,121.650217,1.067419
1459994565.985957,1636355.866817,5740858.244294,2241067.760780,-418.622876,118.905407,1.069541
1459994655.985957,1598644.963038,5751436.022302,2241164.111767,-419.394217,116.155476,1.071616
1459994745.985957,1560865.451207,5761766.080449,2241260.647441,-420.147494,113.400541,1.073645
1459994835.985957,1523018.958546,5771847.973804,2241357.363643,-420.882675,110.640722,1.075627
1459994925.985957,1485107.115161,5781681.268124,2241454.256208,-421.599727,107.876138,1.077564
1459995015.985957,1447131.553975,5791265.539874,2241551.320963,-422.298621,105.106907,1.079453
1459995105.985957,1409093.910654,5800600.376244,2241648.553727,-422.979325,102.333149,1.081297
1459995195.985957,1370995.823538,5809685.375169,2241745.950312,-423.641811,99.554984,1.083094
1459995285.985957,1332838.933570,5818520.145344,2241843.506523,-424.286051,96.772530,1.084844
1459995375.985957,1294624.884228,5827104.306241,2241941.218159,-424.912015,93.985909,1.086547
1459995465.985957,1256355.321449,5835437.488127,2242039.081011,-425.519678,91.195239,1.088204
1459995555.985957,1218031.893563,5843519.332080,2242137.090864,-426.109013,88.400641,1.089814
1459995645.985957,1179656.251219,5851349.490001,2242235.243497,-426.679995,85.602236,1.091377
1459995735.985957,1141230.047315,5858927.624634,2242333.534681,-427.232600,82.800144,1.092893
1459995825.985957,1102754.936929,5866253.409577,2242431.960185,-427.766802,79.994485,1.094362
1459995915.985957,1064232.577241,5873326.529297,2242530.515768,-428.282580,77.185381,1.095783
1459996005.985957,1025664.627471,5880146.679143,2242629.197186,-428.779911,74.372953,1.097158
1459996095.985957,987052.748799,5886713.565362,2242728.000188,-429.258775,71.557321,1.098485
1459996185.985957,948398.604299,5893026.905107,2242826.920518,-429.719149,68.738607,1.099765
1459996275.985957,909703.858864,5899086.426453,2242925.953918,-430.161014,65.916932,1.100997
1459996365.985957,870970.179138,5904891.868407,2243025.096120,-430.584352,63.092418,1.102182
1459996455.985957,832199.233440,5910442.980920,2243124.342854,-430.989144,60.265187,1.103320
1459996545.985957,793392.691695,5915739.524897,2243223.689847,-431.375373,57.435360,1.104410
1459996635.985957,754552.225360,5920781.272207,2243323.132819,-431.743021,54.603059,1.105453
1459996725.985957,715679.507355,5925568.005694,2243422.667488,-432.092074,51.768406,1.106448
1459996815.985957,676776.211988,5930099.519187,2243522.289565,-432.422516,48.931524,1.107395
1459996905.985957,637844.014883,5934375.617506,2243621.994761,-432.734332,46.092534,1.108295
1459996995.985957,598884.592912,5938396.116474,2243721.778781,-433.027510,43.251559,1.109146
1459997085.985957,559899.624117,5942160.842920,2243821.637326,-433.302037,40.408721,1.109951
1459997175.985957,520890.787640,5945669.634693,2243921.566098,-433.557901,37.564142,1.110707
1459997265.985957,481859.763653,5948922.340663,2244021.560790,-433.795091,34.717945,1.111415
1459997355.985957,442808.233283,5951918.820731,2244121.617097,-434.013597,31.870253,1.112076
1459997445.985957,403737.878539,5954658.945834,2244221.730708,-434.213409,29.021189,1.112689
1459997535.985957,364650.382242,5957142.597951,2244321.897313,-434.394519,26.170874,1.113253
1459997625.985957,325547.427951,5959369.670108,2244422.112596,-434.556919,23.319432,1.113770
1459997715.985957,286430.699892,5961340.066379,2244522.372241,-434.700602,20.466986,1.114239
1459997805.985957,247301.882881,5963053.701899,2244622.671931,-434.825561,17.613658,1.114660
1459997895.985957,208162.662258,5964510.502857,2244723.007344,-434.931792,14.759572,1.115033
1459997985.985957,169014.723810,5965710.406507,2244823.374161,-435.019290,11.904850,1.115357
1459998075.985957,129859.753699,5966653.361168,2244923.768056,-435.088051,9.049615,1.115634
1459998165.985957,90699.438390,5967339.326224,2245024.184708,-435.138072,6.193990,1.115863
1459998255.985957,51535.464579,5967768.272131,2245124.619790,-435.169351,3.338098,1.116044
1459998345.985957,12369.519119,5967940.180413,2245225.068977,-435.181886,0.482063,1.116176
1459998435.985957,-26796.711052,5967855.043665,2245325.527942,-435.175678,-2.373993,1.116261
1459998525.985957,-65961.538985,5967512.865555,2245425.992359,-435.150725,-5.229947,1.116297
1459998615.985957,-105123.277788,5966913.660821,2245526.457900,-435.107031,-8.085675,1.116285
1459998705.985957,-144280.240706,5966057.455271,2245626.920239,-435.044595,-10.941055,1.116226
1459998795.985957,-183430.741188,5964944.285783,2245727.375048,-434.963421,-13.795964,1.116118
1459998885.985957,-222573.092959,5963574.200305,2245827.818001,-434.863513,-16.650279,1.115962
1459998975.985957,-261705.610100,5961947.257846,2245928.244771,-434.744875,-19.503877,1.115758
1459999065.985957,-300826.607112,5960063.528482,2246028.651033,-434.607511,-22.356634,1.115506
1459999155.985957,-339934.398993,5957923.093349,2246129.032462,-434.451429,-25.208429,1.115206
1459999245.985957,-379027.301309,5955526.044638,2246229.384736,-434.276633,-28.059138,1.114858
1459999335.985957,-418103.630269,5952872.485594,2246329.703531,-434.083133,-30.908638,1.114462
1459999425.985957,-457161.702794,5949962.530510,2246429.984527,-433.870936,-33.756807,1.114018
1459999515.985957,-496199.836594,5946796.304721,2246530.223405,-433.640052,-36.603522,1.113526
1459999605.985957,-535216.350234,5943373.944603,2246630.415847,-433.390490,-39.448661,1.112986
1459999695.985957,-574209.563214,5939695.597562,2246730.557537,-433.122261,-42.292100,1.112398
1459999785.985957,-613177.796036,5935761.422029,2246830.644164,-432.835377,-45.133718,1.111762
1459999875.985957,-652119.370276,5931571.587456,2246930.671415,-432.529850,-47.973392,1.111078
1459999965.985957,-691032.608662,5927126.274306,2247030.634984,-432.205694,-50.811000,1.110346
1460000055.985957,-729915.835139,5922425.674044,2247130.530563,-431.862922,-53.646419,1.109567
1460000145.985957,-768767.374948,5917469.989134,2247230.353850,-431.501548,-56.479527,1.108740
1460000235.985957,-807585.554691,5912259.433024,2247330.100547,-431.121589,-59.310203,1.107865
1460000325.985957,-846368.702410,5906794.230141,2247429.766357,-430.723062,-62.138324,1.106942
1460000415.985957,-885115.147654,5901074.615880,2247529.346986,-430.305982,-64.963769,1.105972
1460000505.985957,-923823.221554,5895100.836593,2247628.838147,-429.870368,-67.786415,1.104954
1460000595.985957,-962491.256894,5888873.149580,2247728.235554,-429.416239,-70.606142,1.103888
1460000685.985957,-1001117.588181,5882391.823078,2247827.534925,-428.943615,-73.422828,1.102775
1460000775.985957,-1039700.551719,5875657.136248,2247926.731985,-428.452515,-76.236352,1.101614
1460000865.985957,-1078238.485680,5868669.379161,2248025.822459,-427.942961,-79.046592,1.100406
1460000955.985957,-1116729.730176,5861428.852793,2248124.802082,-427.414975,-81.853427,1.099151
1460001045.985957,-1155172.627329,5853935.869004,2248223.666588,-426.868579,-84.656736,1.097848
1460001135.985957,-1193565.521344,5846190.750529,2248322.411720,-426.303798,-87.456400,1.096498
1460001225.985957,-1231906.758580,5838193.830961,2248421.033226,-425.720655,-90.252296,1.095100
1460001315.985957,-1270194.687619,5829945.454740,2248519.526857,-425.119176,-93.044305,1.093656
1460001405.985957,-1308427.659342,5821445.977137,2248617.888370,-424.499386,-95.832307,1.092164
1460001495.985957,-1346604.026995,5812695.764237,2248716.113531,-423.861312,-98.616181,1.090626
1460001585.985957,-1384722.146264,5803695.192926,2248814.198107,-423.204982,-101.395807,1.089040
1460001675.985957,-1422780.375341,5794444.650872,2248912.137874,-422.530424,-104.171066,1.087407
1460001765.985957,-1460777.074999,5784944.536510,2249009.928615,-421.837666,-106.941839,1.085728
1460001855.985957,-1498710.608662,5775195.259026,2249107.566116,-421.126740,-109.708005,1.084002
1460001945.985957,-1536579.342474,5765197.238335,2249205.046173,-420.397675,-112.469446,1.082229
1460002035.985957,-1574381.645370,5754950.905068,2249302.364587,-419.650503,-115.226042,1.080410
1460002125.985957,-1612115.889146,5744456.700550,2249399.517166,-418.885255,-117.977676,1.078544
1460002215.985957,-1649780.448530,5733715.076782,2249496.499726,-418.101966,-120.724228,1.076631
1460002305.985957,-1687373.701250,5722726.496425,2249593.308090,-417.300668,-123.465581,1.074672
1460002395.985957,-1724894.028107,5711491.432771,2249689.938088,-416.481397,-126.201615,1.072667
1460002485.985957,-1762339.813043,5700010.369734,2249786.385559,-415.644187,-128.932214,1.070616
1460002575.985957,-1799709.443209,5688283.801820,2249882.646347,-414.789075,-131.657259,1.068519
1460002665.985957,-1837001.309038,5676312.234110,2249978.716307,-413.916097,-134.376634,1.066375
1460002755.985957,-1874213.804311,5664096.182240,2250074.591302,-413.025291,-137.090221,1.064186
1460002845.985957,-1911345.326229,5651636.172372,2250170.267201,-412.116696,-139.797904,1.061951
1460002935.985957,-1948394.275478,5638932.741179,2250265.739884,-411.190350,-142.499565,1.059670
1460003025.985957,-1985359.056304,5625986.435818,2250361.005239,-410.246293,-145.195088,1.057343
1460003115.985957,-2022238.076577,5612797.813905,2250456.059162,-409.284566,-147.884358,1.054971
1460003205.985957,-2059029.747858,5599367.443496,2250550.897560,-408.305211,-150.567258,1.052553
1460003295.985957,-2095732.485475,5585695.903056,2250645.516348,-407.308270,-153.243673,1.050090
1460003385.985957,-2132344.708584,5571783.781442,2250739.911449,-406.293785,-155.913487,1.047582
1460003475.985957,-2168864.840239,5557631.677868,2250834.078800,-405.261800,-158.576586,1.045029
1460003565.985957,-2205291.307461,5543240.201889,2250928.014343,-404.212360,-161.232855,1.042431
1460003655.985957,-2241622.541307,5528609.973367,2251021.714032,-403.145511,-163.882179,1.039788
1460003745.985957,-2277856.976934,5513741.622449,2251115.173833,-402.061297,-166.524444,1.037100
1460003835.985957,-2313993.053668,5498635.789538,2251208.389719,-400.959765,-169.159538,1.034367
1460003925.985957,-2350029.215073,5483293.125266,2251301.357676,-399.840964,-171.787345,1.031590
1460004015.985957,-2385963.909015,5467714.290464,2251394.073699,-398.704941,-174.407753,1.028768
1460004105.985957,-2421795.587731,5451899.956138,2251486.533796,-397.551745,-177.020649,1.025903
1460004195.985957,-2457522.707896,5435850.803435,2251578.733983,-396.381426,-179.625920,1.022992
1460004285.985957,-2493143.730687,5419567.523617,2251670.670289,-395.194034,-182.223455,1.020038
1460004375.985957,-2528657.121851,5403050.818031,2251762.338755,-393.989620,-184.813141,1.017040
1460004465.985957,-2564061.351772,5386301.398077,2251853.735432,-392.768237,-187.394867,1.013998
1460004555.985957,-2599354.895535,5369319.985177,2251944.856384,-391.529937,-189.968521,1.010913
1460004645.985957,-2634536.232991,5352107.310747,2252035.697686,-390.274773,-192.533993,1.007784
1460004735.985957,-2669603.848827,5334664.116165,2252126.255426,-389.002799,-195.091173,1.004611
1460004825.985957,-2704556.232626,5316991.152736,2252216.525702,-387.714070,-197.639950,1.001395
1460004915.985957,-2739391.878933,5299089.181661,2252306.504627,-386.408642,-200.180214,0.998137
1460005005.985957,-2774109.287325,5280958.974007,2252396.188326,-385.086570,-202.711855,0.994835
1460005095.985957,-2808706.962469,5262601.310669,2252485.572935,-383.747912,-205.234766,0.991490
1460005185.985957,-2843183.414188,5244016.982340,2252574.654605,-382.392726,-207.748837,0.988102
1460005275.985957,-2877537.157529,5225206.789476,2252663.429499,-381.021069,-210.253960,0.984672
1460005365.985957,-2911766.712824,5206171.542262,2252751.893793,-379.633001,-212.750027,0.981200
1460005455.985957,-2945870.605751,5186912.060575,2252840.043676,-378.228582,-215.236931,0.977685
1460005545.985957,-2979847.367403,5167429.173950,2252927.875353,-376.807872,-217.714563,0.974129
1460005635.985957,-3013695.534349,5147723.721546,2253015.385040,-375.370932,-220.182819,0.970530
1460005725.985957,-3047413.648696,5127796.552108,2253102.568967,-373.917825,-222.641591,0.966889
1460005815.985957,-3081000.258152,5107648.523928,2253189.423381,-372.448612,-225.090773,0.963207
1460005905.985957,-3114453.916090,5087280.504815,2253275.944539,-370.963357,-227.530261,0.959483
1460005995.985957,-3147773.181608,5066693.372050,2253362.128715,-369.462124,-229.959948,0.955718
1460006085.985957,-3180956.619596,5045888.012352,2253447.972198,-367.944978,-232.379731,0.951912
1460006175.985957,-3214002.800790,5024865.321842,2253533.471289,-366.411984,-234.789505,0.948065
1460006265.985957,-3246910.301840,5003626.205998,2253618.622307,-364.863208,-237.189166,0.944177
1460006355.985957,-3279677.705369,4982171.579623,2253703.421583,-363.298717,-239.578610,0.940248
1460006445.985957,-3312303.600034,4960502.366801,2253787.865465,-361.718578,-241.957736,0.936279
1460006535.985957,-3344786.580589,4938619.500857,2253871.950316,-360.122859,-244.326440,0.932270
1460006625.985957,-3377125.247939,4916523.924321,2253955.672514,-358.511629,-246.684621,0.928220
1460006715.985957,-3409318.209209,4894216.588885,2254039.028454,-356.884958,-249.032177,0.924130
1460006805.985957,-3441364.077799,4871698.455358,2254122.014545,-355.242915,-251.369006,0.920001
1460006895.985957,-3473261.473442,4848970.493632,2254204.627212,-353.585571,-253.695009,0.915832
1460006985.985957,-3505009.022268,4826033.682636,2254286.862898,-351.912998,-256.010085,0.911623
1460007075.985957,-3536605.356862,4802889.010294,2254368.718060,-350.225267,-258.314134,0.907376
1460007165.985957,-3568049.116320,4779537.473482,2254450.189173,-348.522451,-260.607057,0.903089
1460007255.985957,-3599338.946311,4755980.077988,2254531.272728,-346.804624,-262.888755,0.898763
1460007345.985957,-3630473.499133,4732217.838464,2254611.965232,-345.071860,-265.159130,0.894399
1460007435.985957,-3661451.433774,4708251.778388,2254692.263209,-343.324233,-267.418084,0.889996
1460007525.985957,-3692271.415964,4684082.930015,2254772.163202,-341.561818,-269.665520,0.885554
1460007615.985957,-3722932.118241,4659712.334334,2254851.661769,-339.784692,-271.901341,0.881075
1460007705.985957,-3753432.219999,4635141.041025,2254930.755485,-337.992930,-274.125452,0.876557
1460007795.985957,-3783770.407553,4610370.108412,2255009.440944,-336.186611,-276.337755,0.872002
1460007885.985957,-3813945.374189,4585400.603416,2255087.714756,-334.365812,-278.538155,0.867409
1460007975.985957,-3843955.820226,4560233.601514,2255165.573552,-332.530611,-280.726559,0.862779
1460008065.985957,-3873800.453066,4534870.186686,2255243.013976,-330.681087,-282.902871,0.858112
1460008155.985957,-3903477.987254,4509311.451376,2255320.032693,-328.817321,-285.066999,0.853408
1460008245.985957,-3932987.144535,4483558.496436,2255396.626386,-326.939392,-287.218848,0.848667
1460008335.985957,-3962326.653902,4457612.431086,2255472.791757,-325.047381,-289.358326,0.843889
1460008425.985957,-3991495.251657,4431474.372865,2255548.525523,-323.141369,-291.485341,0.839076
1460008515.985957,-4020491.681464,4405145.447578,2255623.824425,-321.221440,-293.599801,0.834226
1460008605.985957,-4049314.694402,4378626.789253,2255698.685217,-319.287675,-295.701615,0.829340
1460008695.985957,-4077963.049018,4351919.540090,2255773.104676,-317.340158,-297.790693,0.824418
1460008785.985957,-4106435.511384,4325024.850411,2255847.079597,-315.378972,-299.866945,0.819461
1460008875.985957,-4134730.855146,4297943.878613,2255920.606793,-313.404203,-301.930281,0.814468
1460008965.985957,-4162847.861580,4270677.791114,2255993.683097,-311.415935,-303.980613,0.809441
1460009055.985957,-4190785.319644,4243227.762308,2256066.305362,-309.414253,-306.017851,0.804378
1460009145.985957,-4218542.026027,4215594.974509,2256138.470459,-307.399245,-308.041909,0.799281
1460009235.985957,-4246116.785206,4187780.617906,2256210.175281,-305.370997,-310.052699,0.794150
1460009325.985957,-4273508.409492,4159785.890504,2256281.416739,-303.329595,-312.050135,0.788984
1460009415.985957,-4300715.719086,4131611.998080,2256352.191764,-301.275129,-314.034130,0.783784
1460009505.985957,-4327737.542127,4103260.154128,2256422.497308,-299.207687,-316.004599,0.778551
1460009595.985957,-4354572.714743,4074731.579806,2256492.330344,-297.127357,-317.961457,0.773284
1460009685.985957,-4381220.081102,4046027.503883,2256561.687862,-295.034229,-319.904620,0.767984
1460009775.985957,-4407678.493460,4017149.162688,2256630.566876,-292.928394,-321.834005,0.762650
1460009865.985957,-4433946.812212,3988097.800057,2256698.964418,-290.809942,-323.749527,0.757284
1460009955.985957,-4460023.905942,3958874.667276,2256766.877544,-288.678964,-325.651106,0.751885
1460010045.985957,-4485908.651468,3929481.023031,2256834.303327,-286.535553,-327.538658,0.746454
1460010135.985957,-4511599.933895,3899918.133352,2256901.238864,-284.379800,-329.412102,0.740991
1460010225.985957,-4537096.646659,3870187.271558,2256967.681271,-282.211798,-331.271358,0.735496
1460010315.985957,-4562397.691576,3840289.718204,2257033.627687,-280.031641,-333.116345,0.729969
1460010405.985957,-4587501.978893,3810226.761023,2257099.075271,-277.839423,-334.946985,0.724410
1460010495.985957,-4612408.427327,3779999.694875,2257164.021205,-275.635237,-336.763198,0.718821
1460010585.985957,-4637115.964121,3749609.821684,2257228.462690,-273.419180,-338.564907,0.713200
1460010675.985957,-4661623.525082,3719058.450390,2257292.396952,-271.191346,-340.352032,0.707549
1460010765.985957,-4685930.054631,3688346.896889,2257355.821236,-268.951831,-342.124498,0.701867
1460010855.985957,-4710034.505849,3657476.483974,2257418.732810,-266.700732,-343.882229,0.696155
1460010945.985957,-4733935.840519,3626448.541282,2257481.128966,-264.438146,-345.625148,0.690413
1460011035.985957,-4757633.029174,3595264.405234,2257543.007015,-262.164170,-347.353180,0.684641
1460011125.985957,-4781125.051139,3563925.418980,2257604.364292,-259.878903,-349.066251,0.678840
1460011215.985957,-4804410.894577,3532432.932338,2257665.198154,-257.582442,-350.764287,0.673010
1460011305.985957,-4827489.556530,3500788.301737,2257725.505982,-255.274886,-352.447216,0.667150
1460011395.985957,-4850360.042965,3468992.890163,2257785.285177,-252.956336,-354.114964,0.661262
1460011485.985957,-4873021.368813,3437048.067092,2257844.533165,-250.626890,-355.767459,0.655346
1460011575.985957,-4895472.558017,3404955.208437,2257903.247393,-248.286649,-357.404631,0.649401
1460011665.985957,-4917712.643570,3372715.696487,2257961.425334,-245.935714,-359.026410,0.643428
1460011755.985957,-4939740.667555,3340330.919849,2258019.064480,-243.574187,-360.632724,0.637427
1460011845.985957,-4961555.681193,3307802.273384,2258076.162349,-241.202168,-362.223505,0.631399
1460011935.985957,-4983156.744876,3275131.158152,2258132.716482,-238.819760,-363.798685,0.625344
1460012025.985957,-5004542.928214,3242318.981349,2258188.724444,-236.427066,-365.358196,0.619262
1460012115.985957,-5025713.310070,3209367.156245,2258244.183821,-234.024189,-366.901970,0.613153
1460012205.985957,-5046666.978603,3176277.102127,2258299.092224,-231.611232,-368.429941,0.607018
1460012295.985957,-5067403.031306,3143050.244234,2258353.447290,-229.188299,-369.942043,0.600857
1460012385.985957,-5087920.575045,3109688.013700,2258407.246676,-226.755495,-371.438211,0.594669
1460012475.985957,-5108218.726098,3076191.847487,2258460.488065,-224.312923,-372.918381,0.588457
1460012565.985957,-5128296.610192,3042563.188326,2258513.169164,-221.860691,-374.382488,0.582218
1460012655.985957,-5148153.362542,3008803.484656,2258565.287704,-219.398902,-375.830470,0.575955
1460012745.985957,-5167788.127885,2974914.190561,2258616.841441,-216.927664,-377.262265,0.569667
1460012835.985957,-5187200.060524,2940896.765704,2258667.828152,-214.447082,-378.677810,0.563354
1460012925.985957,-5206388.324354,2906752.675268,2258718.245643,-211.957264,-380.077046,0.557018
1460013015.985957,-5225352.092909,2872483.389893,2258768.091742,-209.458316,-381.459910,0.550657
1460013105.985957,-5244090.549390,2838090.385609,2258817.364302,-206.950347,-382.826345,0.544272
1460013195.985957,-5262602.886701,2803575.143776,2258866.061200,-204.433464,-384.176290,0.537864
1460013285.985957,-5280888.307488,2768939.151021,2258914.180338,-201.907775,-385.509689,0.531433
1460013375.985957,-5298946.024169,2734183.899168,2258961.719646,-199.373391,-386.826483,0.524979
1460013465.985957,-5316775.258972,2699310.885179,2259008.677073,-196.830418,-388.126616,0.518502
1460013555.985957,-5334375.243962,2664321.611091,2259055.050599,-194.278969,-389.410032,0.512003
1460013645.985957,-5351745.221081,2629217.583944,2259100.838225,-191.719151,-390.676675,0.505482
1460013735.985957,-5368884.442178,2594000.315724,2259146.037980,-189.151075,-391.926491,0.498939
1460013825.985957,-5385792.169039,2558671.323293,2259190.647916,-186.574853,-393.159426,0.492375
1460013915.985957,-5402467.673422,2523232.128326,2259234.666112,-183.990594,-394.375427,0.485789
1460014005.985957,-5418910.237089,2487684.257243,2259278.090673,-181.398411,-395.574442,0.479183
1460014095.985957,-5435119.151831,2452029.241147,2259320.919726,-178.798415,-396.756419,0.472555
1460014185.985957,-5451093.719506,2416268.615754,2259363.151429,-176.190717,-397.921307,0.465908
1460014275.985957,-5466833.252065,2380403.921329,2259404.783961,-173.575431,-399.069056,0.459240
1460014365.985957,-5482337.071582,2344436.702621,2259445.815530,-170.952668,-400.199616,0.452553
1460014455.985957,-5497604.510282,2308368.508794,2259486.244368,-168.322542,-401.312939,0.445846
1460014545.985957,-5512634.910574,2272200.893361,2259526.068733,-165.685167,-402.408977,0.439120
1460014635.985957,-5527427.625075,2235935.414116,2259565.286911,-163.040655,-403.487683,0.432375
1460014725.985957,-5541982.016640,2199573.633070,2259603.897212,-160.389121,-404.549010,0.425612
1460014815.985957,-5556297.458388,2163117.116382,2259641.897974,-157.730678,-405.592912,0.418830
1460014905.985957,-5570373.333732,2126567.434289,2259679.287558,-155.065442,-406.619345,0.412030
1460014995.985957,-5584209.036402,2089926.161045,2259716.064355,-152.393527,-407.628264,0.405212
1460015085.985957,-5597803.970472,2053194.874844,2259752.226780,-149.715048,-408.619625,0.398377
1460015175.985957,-5611157.550387,2016375.157760,2259787.773277,-147.030120,-409.593387,0.391525
1460015265.985957,-5624269.200989,1979468.595676,2259822.702313,-144.338860,-410.549507,0.384655
1460015355.985957,-5637138.357538,1942476.778215,2259857.012385,-141.641383,-411.487945,0.377770
1460015445.985957,-5649764.465739,1905401.298670,2259890.702013,-138.937805,-412.408658,0.370868
1460015535.985957,-5662146.981767,1868243.753941,2259923.769749,-136.228243,-413.311609,0.363950
1460015625.985957,-5674285.372288,1831005.744461,2259956.214166,-133.512813,-414.196757,0.357016
1460015715.985957,-5686179.114481,1793688.874128,2259988.033867,-130.791633,-415.064066,0.350067
1460015805.985957,-5697827.696065,1756294.750238,2260019.227483,-128.064819,-415.913497,0.343103
1460015895.985957,-5709230.615318,1718824.983413,2260049.793668,-125.332489,-416.745014,0.336124
1460015985.985957,-5720387.381098,1681281.187536,2260079.731107,-122.594761,-417.558581,0.329131
1460016075.985957,-5731297.512867,1643664.979674,2260109.038510,-119.851753,-418.354163,0.322123
1460016165.985957,-5741960.540707,1605977.980016,2260137.714615,-117.103583,-419.131726,0.315102
1460016255.985957,-5752376.005345,1568221.811800,2260165.758186,-114.350368,-419.891237,0.308067
1460016345.985957,-5762543.458172,1530398.101243,2260193.168016,-111.592229,-420.632662,0.301018
1460016435.985957,-5772462.461259,1492508.477471,2260219.942923,-108.829283,-421.355970,0.293957
1460016525.985957,-5782132.587380,1454554.572447,2260246.081755,-106.061649,-422.061129,0.286883
1460016615.985957,-5791553.420027,1416538.020906,2260271.583385,-103.289448,-422.748110,0.279797
1460016705.985957,-5800724.553430,1378460.460278,2260296.446715,-100.512797,-423.416882,0.272699
1460016795.985957,-5809645.592575,1340323.530626,2260320.670674,-97.731817,-424.067417,0.265589
1460016885.985957,-5818316.153218,1302128.874563,2260344.254219,-94.946628,-424.699686,0.258467
1460016975.985957,-5826735.861905,1263878.137195,2260367.196334,-92.157349,-425.313663,0.251334
1460017065.985957,-5834904.355986,1225572.966038,2260389.496030,-89.364101,-425.909322,0.244191
1460017155.985957,-5842821.283631,1187215.010956,2260411.152347,-86.567004,-426.486635,0.237037
1460017245.985957,-5850486.303847,1148805.924086,2260432.164352,-83.766178,-427.045580,0.229873
1460017335.985957,-5857899.086488,1110347.359767,2260452.531140,-80.961745,-427.586130,0.222699
1460017425.985957,-5865059.312274,1071840.974468,2260472.251834,-78.153824,-428.108264,0.215515
1460017515.985957,-5871966.672804,1033288.426719,2260491.325584,-75.342537,-428.611959,0.208322
1460017605.985957,-5878620.870567,994691.377039,2260509.751568,-72.528005,-429.097192,0.201120
1460017695.985957,-5885021.618956,956051.487861,2260527.528993,-69.710349,-429.563944,0.193910
1460017785.985957,-5891168.642280,917370.423467,2260544.657093,-66.889690,-430.012194,0.186691
1460017875.985957,-5897061.675779,878649.849908,2260561.135131,-64.066151,-430.441922,0.179464
1460017965.985957,-5902700.465631,839891.434940,2260576.962395,-61.239852,-430.853111,0.172229
1460018055.985957,-5908084.768962,801096.847949,2260592.138205,-58.410915,-431.245742,0.164987
1460018145.985957,-5913214.353864,762267.759877,2260606.661907,-55.579462,-431.619799,0.157737
1460018235.985957,-5918088.999398,723405.843153,2260620.532875,-52.745616,-431.975265,0.150481
1460018325.985957,-5922708.495603,684512.771621,2260633.750511,-49.909498,-432.312126,0.143219
1460018415.985957,-5927072.643513,645590.220464,2260646.314247,-47.071230,-432.630366,0.135950
1460018505.985957,-5931181.255155,606639.866138,2260658.223540,-44.230934,-432.929972,0.128676
1460018595.985957,-5935034.153567,567663.386294,2260669.477879,-41.388734,-433.210931,0.121396
1460018685.985957,-5938631.172796,528662.459710,2260680.076777,-38.544751,-433.473231,0.114110
1460018775.985957,-5941972.157915,489638.766217,2260690.019779,-35.699107,-433.716860,0.106820
1460018865.985957,-5945056.965022,450593.986626,2260699.306456,-32.851926,-433.941809,0.099525
1460018955.985957,-5947885.461249,411529.802654,2260707.936408,-30.003330,-434.148067,0.092226
1460019045.985957,-5950457.524769,372447.896858,2260715.909263,-27.153442,-434.335626,0.084923
1460019135.985957,-5952773.044799,333349.952556,2260723.224678,-24.302384,-434.504477,0.077616
1460019225.985957,-5954831.921606,294237.653756,2260729.882337,-21.450280,-434.654614,0.070306
1460019315.985957,-5956634.066510,255112.685086,2260735.881954,-18.597251,-434.786029,0.062993
1460019405.985957,-5958179.401891,215976.731719,2260741.223270,-15.743422,-434.898717,0.055677
1460019495.985957,-5959467.861188,176831.479302,2260745.906055,-12.888914,-434.992674,0.048359
1460019585.985957,-5960499.388906,137678.613880,2260749.930107,-10.033852,-435.067894,0.041038
1460019675.985957,-5961273.940616,98519.821828,2260753.295253,-7.178357,-435.124376,0.033716
1460019765.985957,-5961791.482955,59356.789777,2260756.001347,-4.322553,-435.162116,0.026393
1460019855.985957,-5962051.993633,20191.204538,2260758.048273,-1.466563,-435.181113,0.019068
1460019945.985957,-5962055.461428,-18975.246965,2260759.435944,1.389491,-435.181366,0.011742
1460020035.985957,-5961801.886193,-58140.877774,2260760.164298,4.245484,-435.162876,0.004416
1460020125.985957,-5961291.278847,-97304.000964,2260760.233304,7.101295,-435.125642,-0.002910
1460020215.985957,-5960523.661385,-136462.929717,2260759.642959,9.956800,-435.069666,-0.010236
1460020305.985957,-5959499.066868,-175615.977400,2260758.393290,12.811876,-434.994952,-0.017562
1460020395.985957,-5958217.539428,-214761.457629,2260756.484348,15.666400,-434.901501,-0.024886
1460020485.985957,-5956679.134261,-253897.684347,2260753.916217,18.520249,-434.789319,-0.032210
1460020575.985957,-5954883.917630,-293022.971897,2260750.689007,21.373301,-434.658410,-0.039533
1460020665.985957,-5952831.966856,-332135.635093,2260746.802857,24.225432,-434.508779,-0.046853
1460020755.985957,-5950523.370321,-371233.989290,2260742.257934,27.076520,-434.340433,-0.054172
1460020845.985957,-5947958.227460,-410316.350463,2260737.054433,29.926441,-434.153379,-0.061489
1460020935.985957,-5945136.648756,-449381.035274,2260731.192580,32.775073,-433.947626,-0.068802
1460021025.985957,-5942058.755741,-488426.361145,2260724.672625,35.622294,-433.723182,-0.076113
1460021115.985957,-5938724.680983,-527450.646334,2260717.494850,38.467981,-433.480057,-0.083421
1460021205.985957,-5935134.568086,-566452.210006,2260709.659564,41.312010,-433.218262,-0.090725
1460021295.985957,-5931288.571681,-605429.372302,2260701.167105,44.154260,-432.937806,-0.098025
1460021385.985957,-5927186.857423,-644380.454415,2260692.017837,46.994609,-432.638704,-0.105320
1460021475.985957,-5922829.601978,-683303.778662,2260682.212155,49.832933,-432.320967,-0.112612
1460021565.985957,-5918216.993019,-722197.668555,2260671.750482,52.669111,-431.984610,-0.119898
1460021655.985957,-5913349.229220,-761060.448874,2260660.633267,55.503020,-431.629646,-0.127179
1460021745.985957,-5908226.520241,-799890.445739,2260648.860989,58.334539,-431.256091,-0.134455
1460021835.985957,-5902849.086726,-838685.986682,2260636.434155,61.163545,-430.863961,-0.141725
1460021925.985957,-5897217.160290,-877445.400718,2260623.353301,63.989917,-430.453274,-0.148989
1460022015.985957,-5891330.983508,-916167.018420,2260609.618990,66.813533,-430.024046,-0.156246
1460022105.985957,-5885190.809907,-954849.171987,2260595.231812,69.634271,-429.576296,-0.163497
1460022195.985957,-5878796.903954,-993490.195320,2260580.192388,72.452009,-429.110044,-0.170741
1460022285.985957,-5872149.541044,-1032088.424089,2260564.501366,75.266627,-428.625309,-0.177977
1460022375.985957,-5865249.007489,-1070642.195809,2260548.159421,78.078004,-428.122113,-0.185206
1460022465.985957,-5858095.600506,-1109149.849910,2260531.167256,80.886017,-427.600477,-0.192426
1460022555.985957,-5850689.628203,-1147609.727806,2260513.525604,83.690546,-427.060423,-0.199639
1460022645.985957,-5843031.409567,-1186020.172972,2260495.235224,86.491471,-426.501976,-0.206843
1460022735.985957,-5835121.274449,-1224379.531010,2260476.296905,89.288670,-425.925158,-0.214038
1460022825.985957,-5826959.563551,-1262686.149723,2260456.711461,92.082024,-425.329995,-0.221223
1460022915.985957,-5818546.628411,-1300938.379186,2260436.479735,94.871411,-424.716512,-0.228399
1460023005.985957,-5809882.831387,-1339134.571816,2260415.602601,97.656712,-424.084736,-0.235566
1460023095.985957,-5800968.545641,-1377273.082443,2260394.080955,100.437807,-423.434695,-0.242722
1460023185.985957,-5791804.155126,-1415352.268383,2260371.915726,103.214576,-422.766415,-0.249868
1460023275.985957,-5782390.054566,-1453370.489508,2260349.107867,105.986899,-422.079926,-0.257003
1460023365.985957,-5772726.649442,-1491326.108311,2260325.658362,108.754658,-421.375257,-0.264126
1460023455.985957,-5762814.355970,-1529217.489987,2260301.568220,111.517732,-420.652439,-0.271239
1460023545.985957,-5752653.601089,-1567043.002495,2260276.838478,114.276003,-419.911503,-0.278340
1460023635.985957,-5742244.822439,-1604801.016632,2260251.470201,117.029351,-419.152481,-0.285429
1460023725.985957,-5731588.468341,-1642489.906100,2260225.464483,119.777659,-418.375405,-0.292505
1460023815.985957,-5720684.997781,-1680108.047583,2260198.822442,122.520809,-417.580309,-0.299569
1460023905.985957,-5709534.880388,-1717653.820807,2260171.545227,125.258681,-416.767227,-0.306620
1460023995.985957,-5698138.596416,-1755125.608618,2260143.634012,127.991157,-415.936194,-0.313658
1460024085.985957,-5686496.636719,-1792521.797049,2260115.089999,130.718121,-415.087247,-0.320682
1460024175.985957,-5674609.502736,-1829840.775387,2260085.914417,133.439455,-414.220421,-0.327693
1460024265.985957,-5662477.706462,-1867080.936246,2260056.108523,136.155042,-413.335754,-0.334689
1460024355.985957,-5650101.770435,-1904240.675636,2260025.673602,138.864764,-412.433283,-0.341671
1460024445.985957,-5637482.227703,-1941318.393027,2259994.610962,141.568505,-411.513049,-0.348639
1460024535.985957,-5624619.621811,-1978312.491426,2259962.921943,144.266148,-410.575090,-0.355591
1460024625.985957,-5611514.506771,-2015221.377440,2259930.607908,146.957578,-409.619447,-0.362528
1460024715.985957,-5598167.447040,-2052043.461345,2259897.670251,149.642677,-408.646161,-0.369449
1460024805.985957,-5584579.017497,-2088777.157157,2259864.110388,152.321332,-407.655274,-0.376355
1460024895.985957,-5570749.803417,-2125420.882700,2259829.929766,154.993426,-406.646829,-0.383244
1460024985.985957,-5556680.400445,-2161973.059670,2259795.129857,157.658844,-405.620869,-0.390117
1460025075.985957,-5542371.414572,-2198432.113710,2259759.712159,160.317471,-404.577438,-0.396973
1460025165.985957,-5527823.462108,-2234796.474471,2259723.678198,162.969193,-403.516581,-0.403811
1460025255.985957,-5513037.169657,-2271064.575684,2259687.029526,165.613896,-402.438345,-0.410633
1460025345.985957,-5498013.174086,-2307234.855226,2259649.767720,168.251466,-401.342774,-0.417437
1460025435.985957,-5482752.122503,-2343305.755186,2259611.894387,170.881789,-400.229917,-0.424222
1460025525.985957,-5467254.672224,-2379275.721935,2259573.411156,173.504752,-399.099822,-0.430990
1460025615.985957,-5451521.490749,-2415143.206191,2259534.319686,176.120241,-397.952537,-0.437739
1460025705.985957,-5435553.255730,-2450906.663086,2259494.621660,178.728145,-396.788111,-0.444469
1460025795.985957,-5419350.654944,-2486564.552232,2259454.318788,181.328351,-395.606595,-0.451180
1460025885.985957,-5402914.386262,-2522115.337789,2259413.412805,183.920746,-394.408040,-0.457871
1460025975.985957,-5386245.157619,-2557557.488529,2259371.905474,186.505220,-393.192497,-0.464543
1460026065.985957,-5369343.686985,-2592889.477904,2259329.798581,189.081661,-391.960018,-0.471195
1460026155.985957,-5352210.702333,-2628109.784110,2259287.093941,191.649958,-390.710658,-0.477826
1460026245.985957,-5334846.941606,-2663216.890155,2259243.793393,194.210000,-389.444468,-0.484437
1460026335.985957,-5317253.152688,-2698209.283921,2259199.898801,196.761677,-388.161505,-0.491027
1460026425.985957,-5299430.093372,-2733085.458231,2259155.412056,199.304879,-386.861823,-0.497596
1460026515.985957,-5281378.531324,-2767843.910914,2259110.335074,201.839497,-385.545478,-0.504144
1460026605.985957,-5263099.244053,-2802483.144870,2259064.669796,204.365422,-384.212527,-0.510670
1460026695.985957,-5244593.018876,-2837001.668133,2259018.418190,206.882544,-382.863028,-0.517173
1460026785.985957,-5225860.652884,-2871397.993938,2258971.582247,209.390755,-381.497038,-0.523655
1460026875.985957,-5206902.952910,-2905670.640781,2258924.163984,211.889948,-380.114616,-0.530114
1460026965.985957,-5187720.735491,-2939818.132486,2258876.165444,214.380014,-378.715823,-0.536550
1460027055.985957,-5168314.826836,-2973838.998268,2258827.588693,216.860846,-377.300717,-0.542963
1460027145.985957,-5148686.062786,-3007731.772795,2258778.435825,219.332338,-375.869361,-0.549352
1460027235.985957,-5128835.288782,-3041494.996253,2258728.708955,221.794383,-374.421815,-0.555718
1460027325.985957,-5108763.359829,-3075127.214408,2258678.410227,224.246875,-372.958142,-0.562060
1460027415.985957,-5088471.140456,-3108626.978668,2258627.541805,226.689708,-371.478405,-0.568378
1460027505.985957,-5067959.504679,-3141992.846146,2258576.105880,229.122778,-369.982669,-0.574672
1460027595.985957,-5047229.335966,-3175223.379723,2258524.104669,231.545978,-368.470996,-0.580940
1460027685.985957,-5026281.527199,-3208317.148108,2258471.540411,233.959206,-366.943453,-0.587184
1460027775.985957,-5005116.980632,-3241272.725901,2258418.415369,236.362357,-365.400105,-0.593402
1460027865.985957,-4983736.607853,-3274088.693654,2258364.731832,238.755327,-363.841019,-0.599595
1460027955.985957,-4962141.329750,-3306763.637933,2258310.492112,241.138013,-362.266261,-0.605762
1460028045.985957,-4940332.076464,-3339296.151378,2258255.698544,243.510314,-360.675901,-0.611902
1460028135.985957,-4918309.787354,-3371684.832762,2258200.353490,245.872126,-359.070005,-0.618017
1460028225.985957,-4896075.410953,-3403928.287054,2258144.459332,248.223348,-357.448643,-0.624105
1460028315.985957,-4873629.904930,-3436025.125480,2258088.018477,250.563878,-355.811886,-0.630166
1460028405.985957,-4850974.236049,-3467973.965579,2258031.033357,252.893617,-354.159803,-0.636199
1460028495.985957,-4828109.380124,-3499773.431265,2257973.506426,255.212463,-352.492467,-0.642206
1460028585.985957,-4805036.321980,-3531422.152885,2257915.440162,257.520316,-350.809947,-0.648185
1460028675.985957,-4781756.055409,-3562918.767280,2257856.837065,259.817078,-349.112318,-0.654135
1460028765.985957,-4758269.583128,-3594261.917842,2257797.699659,262.102649,-347.399652,-0.660058
1460028855.985957,-4734577.916736,-3625450.254573,2257738.030492,264.376931,-345.672023,-0.665952
1460028945.985957,-4710682.076669,-3656482.434143,2257677.832133,266.639825,-343.929505,-0.671818
1460029035.985957,-4686583.092159,-3687357.119948,2257617.107175,268.891236,-342.172174,-0.677654
1460029125.985957,-4662282.001186,-3718072.982167,2257555.858234,271.131064,-340.400105,-0.683462
1460029215.985957,-4637779.850436,-3748628.697821,2257494.087947,273.359215,-338.613374,-0.689240
1460029305.985957,-4613077.695254,-3779022.950827,2257431.798975,275.575591,-336.812059,-0.694988
1460029395.985957,-4588176.599600,-3809254.432058,2257368.994001,277.780098,-334.996237,-0.700707
1460029485.985957,-4563077.636004,-3839321.839398,2257305.675729,279.972641,-333.165986,-0.706395
1460029575.985957,-4537781.885515,-3869223.877796,2257241.846887,282.153125,-331.321385,-0.712053
1460029665.985957,-4512290.437662,-3898959.259325,2257177.510223,284.321456,-329.462513,-0.717680
1460029755.985957,-4486604.390401,-3928526.703237,2257112.668509,286.477540,-327.589451,-0.723276
1460029845.985957,-4460724.850069,-3957924.936015,2257047.324538,288.621286,-325.702279,-0.728841
1460029935.985957,-4434652.931337,-3987152.691433,2256981.481123,290.752601,-323.801079,-0.734374
1460030025.985957,-4408389.757166,-4016208.710605,2256915.141101,292.871392,-321.885932,-0.739877
1460030115.985957,-4381936.458748,-4045091.742044,2256848.307329,294.977569,-319.956921,-0.745347
1460030205.985957,-4355294.175470,-4073800.541713,2256780.982685,297.071040,-318.014128,-0.750785
1460030295.985957,-4328464.054856,-4102333.873079,2256713.170069,299.151717,-316.057639,-0.756190
1460030385.985957,-4301447.252520,-4130690.507168,2256644.872402,301.219508,-314.087536,-0.761564
1460030475.985957,-4274244.932118,-4158869.222615,2256576.092624,303.274326,-312.103905,-0.766904
1460030565.985957,-4246858.265295,-4186868.805720,2256506.833700,305.316081,-310.106832,-0.772211
1460030655.985957,-4219288.431639,-4214688.050497,2256437.098611,307.344685,-308.096401,-0.777485
1460030745.985957,-4191536.618625,-4242325.758728,2256366.890360,309.360052,-306.072701,-0.782726
1460030835.985957,-4163604.021565,-4269780.740014,2256296.211973,311.362094,-304.035817,-0.787933
1460030925.985957,-4135491.843561,-4297051.811827,2256225.066492,313.350725,-301.985838,-0.793106
1460031015.985957,-4107201.295447,-4324137.799559,2256153.456983,315.325860,-299.922852,-0.798244
1460031105.985957,-4078733.595741,-4351037.536575,2256081.386529,317.287413,-297.846948,-0.803349
1460031195.985957,-4050089.970591,-4377749.864261,2256008.858234,319.235300,-295.758216,-0.808419
1460031285.985957,-4021271.653723,-4404273.632076,2255935.875223,321.169438,-293.656744,-0.813454
1460031375.985957,-3992279.886385,-4430607.697601,2255862.440638,323.089741,-291.542624,-0.818453
1460031465.985957,-3963115.917298,-4456750.926586,2255788.557642,324.996129,-289.415947,-0.823418
1460031555.985957,-3933781.002599,-4482702.193002,2255714.229418,326.888519,-287.276805,-0.828347
1460031645.985957,-3904276.405789,-4508460.379088,2255639.459167,328.766829,-285.125289,-0.833241
1460031735.985957,-3874603.397676,-4534024.375398,2255564.250109,330.630979,-282.961492,-0.838099
1460031825.985957,-3844763.256322,-4559393.080852,2255488.605483,332.480888,-280.785507,-0.842920
1460031915.985957,-3814757.266989,-4584565.402781,2255412.528548,334.316477,-278.597429,-0.847705
1460032005.985957,-3784586.722082,-4609540.256973,2255336.022579,336.137666,-276.397351,-0.852454
1460032095.985957,-3754252.921091,-4634316.567722,2255259.090873,337.944377,-274.185368,-0.857166
1460032185.985957,-3723757.170542,-4658893.267876,2255181.736743,339.736532,-271.961576,-0.861841
1460032275.985957,-3693100.783932,-4683269.298876,2255103.963519,341.514054,-269.726070,-0.866479
1460032365.985957,-3662285.081681,-4707443.610810,2255025.774553,343.276867,-267.478946,-0.871080
1460032455.985957,-3631311.391068,-4731415.162452,2254947.173211,345.024894,-265.220302,-0.875643
1460032545.985957,-3600181.046178,-4755182.921312,2254868.162878,346.758060,-262.950234,-0.880168
1460032635.985957,-3568895.387843,-4778745.863673,2254788.746959,348.476291,-260.668840,-0.884656
1460032725.985957,-3537455.763585,-4802102.974645,2254708.928873,350.179513,-258.376219,-0.889105
1460032815.985957,-3505863.527557,-4825253.248200,2254628.712058,351.867652,-256.072470,-0.893517
1460032905.985957,-3474120.040485,-4848195.687220,2254548.099969,353.540635,-253.757691,-0.897889
1460032995.985957,-3442226.669612,-4870929.303538,2254467.096078,355.198391,-251.431982,-0.902223
1460033085.985957,-3410184.788633,-4893453.117983,2254385.703873,356.840848,-249.095443,-0.906518
1460033175.985957,-3377995.777643,-4915766.160419,2254303.926861,358.467935,-246.748176,-0.910774
1460033265.985957,-3345661.023071,-4937867.469788,2254221.768564,360.079583,-244.390281,-0.914991
1460033355.985957,-3313181.917625,-4959756.094153,2254139.232520,361.675721,-242.021860,-0.919169
1460033445.985957,-3280559.860232,-4981431.090737,2254056.322283,363.256281,-239.643014,-0.923307
1460033535.985957,-3247796.255973,-5002891.525965,2253973.041426,364.821196,-237.253847,-0.927405
1460033625.985957,-3214892.516028,-5024136.475501,2253889.393534,366.370397,-234.854460,-0.931463
1460033715.985957,-3181850.057611,-5045165.024293,2253805.382210,367.903817,-232.444958,-0.935481
1460033805.985957,-3148670.303913,-5065976.266610,2253721.011074,369.421392,-230.025445,-0.939458
1460033895.985957,-3115354.684037,-5086569.306078,2253636.283758,370.923055,-227.596024,-0.943396
1460033985.985957,-3081904.632938,-5106943.255723,2253551.203912,372.408742,-225.156799,-0.947292
1460034075.985957,-3048321.591362,-5127097.238008,2253465.775201,373.878388,-222.707877,-0.951148
1460034165.985957,-3014607.005782,-5147030.384870,2253380.001303,375.331931,-220.249363,-0.954963
1460034255.985957,-2980762.328337,-5166741.837756,2253293.885914,376.769308,-217.781362,-0.958737
1460034345.985957,-2946789.016772,-5186230.747665,2253207.432741,378.190457,-215.303981,-0.962469
1460034435.985957,-2912688.534367,-5205496.275179,2253120.645509,379.595317,-212.817327,-0.966160
1460034525.985957,-2878462.349885,-5224537.590500,2253033.527956,380.983827,-210.321506,-0.969810
1460034615.985957,-2844111.937499,-5243353.873492,2252946.083834,382.355927,-207.816626,-0.973417
1460034705.985957,-2809638.776736,-5261944.313707,2252858.316909,383.711559,-205.302796,-0.976983
1460034795.985957,-2775044.352408,-5280308.110425,2252770.230960,385.050663,-202.780122,-0.980507
1460034885.985957,-2740330.154549,-5298444.472691,2252681.829783,386.373183,-200.248715,-0.983988
1460034975.985957,-2705497.678355,-5316352.619342,2252593.117185,387.679061,-197.708682,-0.987427
1460035065.985957,-2670548.424114,-5334031.779047,2252504.096985,388.968241,-195.160134,-0.990823
1460035155.985957,-2635483.897144,-5351481.190337,2252414.773020,390.240668,-192.603180,-0.994177
1460035245.985957,-2600305.607730,-5368700.101639,2252325.149134,391.496287,-190.037931,-0.997488
1460035335.985957,-2565015.071054,-5385687.771308,2252235.229190,392.735043,-187.464496,-1.000756
1460035425.985957,-2529613.807134,-5402443.467658,2252145.017060,393.956883,-184.882986,-1.003981
1460035515.985957,-2494103.340758,-5418966.468996,2252054.516628,395.161755,-182.293514,-1.007163
1460035605.985957,-2458485.201417,-5435256.063651,2251963.731794,396.349607,-179.696190,-1.010301
1460035695.985957,-2422760.923238,-5451311.550004,2251872.666467,397.520388,-177.091126,-1.013396
1460035785.985957,-2386932.044922,-5467132.236520,2251781.324569,398.674047,-174.478434,-1.016447
1460035875.985957,-2351000.109675,-5482717.441779,2251689.710035,399.810534,-171.858228,-1.019454
1460035965.985957,-2314966.665139,-5498066.494501,2251597.826811,400.929800,-169.230619,-1.022418
1460036055.985957,-2278833.263332,-5513178.733578,2251505.678853,402.031798,-166.595721,-1.025337
1460036145.985957,-2242601.460576,-5528053.508104,2251413.270130,403.116480,-163.953648,-1.028212
1460036235.985957,-2206272.817428,-5542690.177398,2251320.604624,404.183799,-161.304513,-1.031043
1460036325.985957,-2169848.898622,-5557088.111037,2251227.686324,405.233710,-158.648430,-1.033830
1460036415.985957,-2133331.272991,-5571246.688879,2251134.519234,406.266166,-155.985514,-1.036572
1460036505.985957,-2096721.513406,-5585165.301092,2251041.107365,407.281124,-153.315880,-1.039269
1460036595.985957,-2060021.196706,-5598843.348181,2250947.454741,408.278539,-150.639642,-1.041922
1460036685.985957,-2023231.903631,-5612280.241010,2250853.565396,409.258369,-147.956915,-1.044530
1460036775.985957,-1986355.218752,-5625475.400831,2250759.443373,410.220572,-145.267816,-1.047092
1460036865.985957,-1949392.730406,-5638428.259309,2250665.092727,411.165106,-142.572460,-1.049610
1460036955.985957,-1912346.030623,-5651138.258544,2250570.517520,412.091931,-139.870964,-1.052082
1460037045.985957,-1875216.715063,-5663604.851097,2250475.721827,413.001006,-137.163442,-1.054510
1460037135.985957,-1838006.382942,-5675827.500012,2250380.709731,413.892292,-134.450013,-1.056891
1460037225.985957,-1800716.636968,-5687805.678840,2250285.485323,414.765752,-131.730793,-1.059227
1460037315.985957,-1763349.083267,-5699538.871663,2250190.052705,415.621347,-129.005899,-1.061518
1460037405.985957,-1725905.331319,-5711026.573115,2250094.415987,416.459040,-126.275449,-1.063763
1460037495.985957,-1688386.993882,-5722268.288401,2249998.579289,417.278796,-123.539560,-1.065962
1460037585.985957,-1650795.686931,-5733263.533325,2249902.546737,418.080579,-120.798349,-1.068115
1460037675.985957,-1613133.029580,-5744011.834303,2249806.322469,418.864355,-118.051936,-1.070222
1460037765.985957,-1575400.644019,-5754512.728389,2249709.910629,419.630089,-115.300438,-1.072283
1460037855.985957,-1537600.155440,-5764765.763295,2249613.315369,420.377750,-112.543974,-1.074298
1460037945.985957,-1499733.191969,-5774770.497405,2249516.540850,421.107304,-109.782662,-1.076267
1460038035.985957,-1461801.384594,-5784526.499801,2249419.591239,421.818720,-107.016622,-1.078189
1460038125.985957,-1423806.367098,-5794033.350276,2249322.470713,422.511968,-104.245973,-1.080064
1460038215.985957,-1385749.775984,-5803290.639355,2249225.183454,423.187018,-101.470833,-1.081894
1460038305.985957,-1347633.250408,-5812297.968313,2249127.733653,423.843840,-98.691323,-1.083676
1460038395.985957,-1309458.432109,-5821054.949190,2249030.125507,424.482407,-95.907563,-1.085412
1460038485.985957,-1271226.965335,-5829561.204809,2248932.363220,425.102691,-93.119671,-1.087102
1460038575.985957,-1232940.496775,-5837816.368793,2248834.451002,425.704665,-90.327769,-1.088744
1460038665.985957,-1194600.675485,-5845820.085579,2248736.393071,426.288303,-87.531976,-1.090340
1460038755.985957,-1156209.152822,-5853572.010434,2248638.193651,426.853580,-84.732412,-1.091888
1460038845.985957,-1117767.582368,-5861071.809471,2248539.856970,427.400472,-81.929200,-1.093390
1460038935.985957,-1079277.619860,-5868319.159662,2248441.387264,427.928955,-79.122458,-1.094844
1460039025.985957,-1040740.923121,-5875313.748853,2248342.788774,428.439007,-76.312309,-1.096251
1460039115.985957,-1002159.151986,-5882055.275775,2248244.065747,428.930605,-73.498872,-1.097611
1460039205.985957,-963533.968232,-5888543.450061,2248145.222436,429.403728,-70.682270,-1.098924
1460039295.985957,-924867.035506,-5894777.992254,2248046.263096,429.858356,-67.862624,-1.100190
1460039385.985957,-886160.019251,-5900758.633824,2247947.191991,430.294470,-65.040054,-1.101408
1460039475.985957,-847414.586639,-5906485.117175,2247848.013388,430.712050,-62.214684,-1.102578
1460039565.985957,-808632.406496,-5911957.195659,2247748.731557,431.111079,-59.386633,-1.103702
1460039655.985957,-769815.149231,-5917174.633583,2247649.350776,431.491539,-56.556025,-1.104777
1460039745.985957,-730964.486763,-5922137.206226,2247549.875325,431.853414,-53.722980,-1.105805
1460039835.985957,-692082.092449,-5926844.699842,2247450.309488,432.196689,-50.887622,-1.106786
1460039925.985957,-653169.641015,-5931296.911671,2247350.657554,432.521348,-48.050072,-1.107718
1460040015.985957,-614228.808481,-5935493.649950,2247250.923814,432.827377,-45.210453,-1.108603
1460040105.985957,-575261.272088,-5939434.733919,2247151.112565,433.114765,-42.368886,-1.109441
1460040195.985957,-536268.710228,-5943119.993830,2247051.228104,433.383497,-39.525494,-1.110230
1460040285.985957,-497252.802372,-5946549.270951,2246951.274735,433.633563,-36.680400,-1.110972
1460040375.985957,-458215.228995,-5949722.417580,2246851.256763,433.864951,-33.833725,-1.111666
1460040465.985957,-419157.671506,-5952639.297043,2246751.178494,434.077652,-30.985594,-1.112311
1460040555.985957,-380081.812174,-5955299.783707,2246651.044241,434.271657,-28.136128,-1.112909
1460040645.985957,-340989.334057,-5957703.762979,2246550.858314,434.446957,-25.285450,-1.113460
1460040735.985957,-301881.920929,-5959851.131318,2246450.625031,434.603545,-22.433683,-1.113962
1460040825.985957,-262761.257206,-5961741.796231,2246350.348707,434.741414,-19.580950,-1.114416
1460040915.985957,-223629.027877,-5963375.676286,2246250.033661,434.860558,-16.727374,-1.114822
1460041005.985957,-184486.918426,-5964752.701109,2246149.684215,434.960972,-13.873077,-1.115180
1460041095.985957,-145336.614765,-5965872.811388,2246049.304691,435.042651,-11.018182,-1.115490
1460041185.985957,-106179.803158,-5966735.958880,2245948.899411,435.105592,-8.162813,-1.115752
1460041275.985957,-67018.170150,-5967342.106406,2245848.472701,435.149793,-5.307092,-1.115966
1460041365.985957,-27853.402493,-5967691.227860,2245748.028886,435.175251,-2.451143,-1.116132
1460041455.985957,11312.812926,-5967783.308204,2245647.572291,435.181965,0.404912,-1.116250
1460041545.985957,50478.789158,-5967618.343472,2245547.107245,435.169935,3.260950,-1.116320
1460041635.985957,89642.839262,-5967196.340769,2245446.638073,435.139162,6.116847,-1.116342
1460041725.985957,128803.276384,-5966517.318272,2245346.169104,435.089647,8.972480,-1.116315
1460041815.985957,167958.413822,-5965581.305227,2245245.704664,435.021392,11.827727,-1.116241
1460041905.985957,207106.565103,-5964388.341949,2245145.249080,434.934400,14.682465,-1.116118
1460041995.985957,246246.044057,-5962938.479822,2245044.806680,434.828674,17.536570,-1.115948
1460042085.985957,285375.164885,-5961231.781293,2244944.381789,434.704220,20.389920,-1.115729
1460042175.985957,324492.242236,-5959268.319872,2244843.978733,434.561042,23.242392,-1.115462
1460042265.985957,363595.591276,-5957048.180128,2244743.601836,434.399148,26.093862,-1.115148
1460042355.985957,402683.527764,-5954571.457688,2244643.255422,434.218543,28.944209,-1.114785
1460042445.985957,441754.368121,-5951838.259225,2244542.943812,434.019235,31.793309,-1.114374
1460042535.985957,480806.429507,-5948848.702465,2244442.671328,433.801234,34.641040,-1.113915
1460042625.985957,519838.029888,-5945602.916171,2244342.442287,433.564548,37.487278,-1.113408
1460042715.985957,558847.488113,-5942101.040145,2244242.261007,433.309187,40.331902,-1.112854
1460042805.985957,597833.123984,-5938343.225218,2244142.131803,433.035164,43.174789,-1.112251
1460042895.985957,636793.258329,-5934329.633244,2244042.058987,432.742489,46.015816,-1.111600
1460042985.985957,675726.213076,-5930060.437095,2243942.046870,432.431175,48.854861,-1.110902
1460043075.985957,714630.311320,-5925535.820653,2243842.099759,432.101236,51.691802,-1.110156
1460043165.985957,753503.877404,-5920755.978799,2243742.221959,431.752685,54.526517,-1.109362
1460043255.985957,792345.236982,-5915721.117409,2243642.417772,431.385538,57.358883,-1.108520
1460043345.985957,831152.717096,-5910431.453342,2243542.691496,430.999811,60.188778,-1.107630
1460043435.985957,869924.646248,-5904887.214431,2243443.047427,430.595519,63.016081,-1.106693
1460043525.985957,908659.354472,-5899088.639476,2243343.489857,430.172682,65.840670,-1.105708
1460043615.985957,947355.173403,-5893035.978231,2243244.023073,429.731316,68.662423,-1.104675
1460043705.985957,986010.436352,-5886729.491392,2243144.651361,429.271441,71.481219,-1.103595
1460043795.985957,1024623.478378,-5880169.450591,2243045.378998,428.793077,74.296935,-1.102467
1460043885.985957,1063192.636357,-5873356.138377,2242946.210263,428.296244,77.109452,-1.101292
1460043975.985957,1101716.249056,-5866289.848212,2242847.149425,427.780963,79.918648,-1.100069
1460044065.985957,1140192.657202,-5858970.884451,2242748.200752,427.247257,82.724401,-1.098799
1460044155.985957,1178620.203558,-5851399.562332,2242649.368505,426.695149,85.526591,-1.097482
1460044245.985957,1216997.232990,-5843576.207966,2242550.656941,426.124663,88.325097,-1.096117
1460044335.985957,1255322.092540,-5835501.158315,2242452.070312,425.535823,91.119799,-1.094705
1460044425.985957,1293593.131495,-5827174.761184,2242353.612863,424.928654,93.910577,-1.093246
1460044515.985957,1331808.701464,-5818597.375205,2242255.288836,424.303183,96.697309,-1.091740
1460044605.985957,1369967.156443,-5809769.369818,2242157.102466,423.659437,99.479877,-1.090187
1460044695.985957,1408066.852888,-5800691.125260,2242059.057981,422.997443,102.258160,-1.088587
1460044785.985957,1446106.149786,-5791363.032545,2241961.159605,422.317229,105.032039,-1.086940
1460044875.985957,1484083.408726,-5781785.493447,2241863.411553,421.618826,107.801393,-1.085246
1460044965.985957,1521996.993968,-5771958.920487,2241765.818037,420.902263,110.566105,-1.083506
1460045055.985957,1559845.272516,-5761883.736909,2241668.383259,420.167571,113.326054,-1.081719
1460045145.985957,1597626.614185,-5751560.376669,2241571.111416,419.414782,116.081122,-1.079885
1460045235.985957,1635339.391675,-5740989.284408,2241474.006698,418.643929,118.831190,-1.078004
1460045325.985957,1672981.980638,-5730170.915440,2241377.073287,417.855043,121.576140,-1.076078
1460045415.985957,1710552.759749,-5719105.735730,2241280.315358,417.048160,124.315854,-1.074105
1460045505.985957,1748050.110777,-5707794.221871,2241183.737079,416.223314,127.050213,-1.072085
1460045595.985957,1785472.418653,-5696236.861067,2241087.342609,415.380540,129.779099,-1.070020
1460045685.985957,1822818.071540,-5684434.151113,2240991.136100,414.519876,132.502396,-1.067908
1460045775.985957,1860085.460902,-5672386.600370,2240895.121696,413.641357,135.219986,-1.065751
1460045865.985957,1897272.981577,-5660094.727743,2240799.303532,412.745022,137.931752,-1.063547
1460045955.985957,1934379.031839,-5647559.062663,2240703.685736,411.830910,140.637577,-1.061298
1460046045.985957,1971402.013473,-5634780.145060,2240608.272425,410.899059,143.337344,-1.059003
1460046135.985957,2008340.331844,-5621758.525343,2240513.067710,409.949511,146.030938,-1.056662
1460046225.985957,2045192.395959,-5608494.764372,2240418.075690,408.982305,148.718242,-1.054276
1460046315.985957,2081956.618543,-5594989.433438,2240323.300458,407.997484,151.399140,-1.051845
1460046405.985957,2118631.416105,-5581243.114237,2240228.746095,406.995089,154.073517,-1.049368
1460046495.985957,2155215.209004,-5567256.398844,2240134.416673,405.975165,156.741259,-1.046846
1460046585.985957,2191706.421519,-5553029.889688,2240040.316257,404.937755,159.402249,-1.044279
1460046675.985957,2228103.481918,-5538564.199527,2239946.448898,403.882903,162.056373,-1.041667
1460046765.985957,2264404.822523,-5523859.951421,2239852.818640,402.810656,164.703517,-1.039010
1460046855.985957,2300608.879779,-5508917.778705,2239759.429516,401.721059,167.343568,-1.036308
1460046945.985957,2336714.094320,-5493738.324961,2239666.285547,400.614159,169.976410,-1.033561
1460047035.985957,2372718.911040,-5478322.243991,2239573.390746,399.490004,172.601932,-1.030771
1460047125.985957,2408621.779156,-5462670.199790,2239480.749114,398.348643,175.220019,-1.027935
1460047215.985957,2444421.152274,-5446782.866517,2239388.364641,397.190124,177.830559,-1.025056
1460047305.985957,2480115.488461,-5430660.928462,2239296.241306,396.014497,180.433440,-1.022132
1460047395.985957,2515703.250307,-5414305.080023,2239204.383076,394.821813,183.028549,-1.019164
1460047485.985957,2551182.904991,-5397716.025671,2239112.793910,393.612124,185.615775,-1.016153
1460047575.985957,2586552.924349,-5380894.479923,2239021.477750,392.385482,188.195006,-1.013097
1460047665.985957,2621811.784941,-5363841.167309,2238930.438531,391.141938,190.766131,-1.009998
1460047755.985957,2656957.968113,-5346556.822341,2238839.680173,389.881548,193.329040,-1.006856
1460047845.985957,2691989.960063,-5329042.189482,2238749.206586,388.604365,195.883621,-1.003670
1460047935.985957,2726906.251910,-5311298.023116,2238659.021667,387.310444,198.429766,-1.000441
1460048025.985957,2761705.339756,-5293325.087511,2238569.129299,385.999841,200.967364,-0.997169
1460048115.985957,2796385.724748,-5275124.156788,2238479.533354,384.672612,203.496306,-0.993853
1460048205.985957,2830945.913151,-5256696.014891,2238390.237693,383.328815,206.016483,-0.990495
1460048295.985957,2865384.416402,-5238041.455548,2238301.246160,381.968507,208.527787,-0.987095
1460048385.985957,2899699.751182,-5219161.282239,2238212.562588,380.591748,211.030109,-0.983652
1460048475.985957,2933890.439477,-5200056.308163,2238124.190798,379.198595,213.523342,-0.980166
1460048565.985957,2967955.008641,-5180727.356200,2238036.134596,377.789110,216.007377,-0.976638
1460048655.985957,3001891.991459,-5161175.258880,2237948.397774,376.363353,218.482110,-0.973069
1460048745.985957,3035699.926214,-5141400.858339,2237860.984111,374.921386,220.947431,-0.969457
1460048835.985957,3069377.356745,-5121405.006294,2237773.897372,373.463270,223.403237,-0.965804
1460048925.985957,3102922.832513,-5101188.563996,2237687.141309,371.989068,225.849419,-0.962108
1460049015.985957,3136334.908664,-5080752.402198,2237600.719658,370.498844,228.285875,-0.958372
1460049105.985957,3169612.146086,-5060097.401117,2237514.636141,368.992663,230.712497,-0.954594
1460049195.985957,3202753.111478,-5039224.450397,2237428.894465,367.470588,233.129183,-0.950775
1460049285.985957,3235756.377407,-5018134.449068,2237343.498325,365.932686,235.535827,-0.946915
1460049375.985957,3268620.522371,-4996828.305509,2237258.451398,364.379022,237.932326,-0.943015
1460049465.985957,3301344.130861,-4975306.937408,2237173.757348,362.809664,240.318577,-0.939074
1460049555.985957,3333925.793420,-4953571.271724,2237089.419821,361.224679,242.694477,-0.935092
1460049645.985957,3366364.106705,-4931622.244646,2237005.442451,359.624136,245.059925,-0.931070
1460049735.985957,3398657.673549,-4909460.801552,2236921.828854,358.008103,247.414816,-0.927008
1460049825.985957,3430805.103017,-4887087.896970,2236838.582633,356.376650,249.759052,-0.922906
1460049915.985957,3462805.010470,-4864504.494535,2236755.707372,354.729848,252.092530,-0.918764
1460050005.985957,3494656.017622,-4841711.566951,2236673.206642,353.067767,254.415150,-0.914583
1460050095.985957,3526356.752600,-4818710.095943,2236591.083994,351.390478,256.726811,-0.910362
1460050185.985957,3557905.850006,-4795501.072220,2236509.342968,349.698055,259.027416,-0.906102
1460050275.985957,3589301.950970,-4772085.495431,2236427.987083,347.990570,261.316863,-0.901803
1460050365.985957,3620543.703215,-4748464.374122,2236347.019843,346.268096,263.595055,-0.897465
1460050455.985957,3651629.761109,-4724638.725689,2236266.444737,344.530708,265.861894,-0.893089
1460050545.985957,3682558.785727,-4700609.576342,2236186.265233,342.778480,268.117282,-0.888674
1460050635.985957,3713329.444909,-4676377.961052,2236106.484787,341.011488,270.361121,-0.884221
1460050725.985957,3743940.413316,-4651944.923513,2236027.106833,339.229809,272.593316,-0.879730
1460050815.985957,3774390.372484,-4627311.516094,2235948.134792,337.433518,274.813769,-0.875200
1460050905.985957,3804678.010887,-4602478.799793,2235869.572064,335.622693,277.022386,-0.870634
1460050995.985957,3834802.023990,-4577447.844194,2235791.422033,333.797413,279.219071,-0.866029
1460051085.985957,3864761.114304,-4552219.727420,2235713.688066,331.957756,281.403730,-0.861388
1460051175.985957,3894553.991446,-4526795.536083,2235636.373510,330.103800,283.576268,-0.856709
1460051265.985957,3924179.372190,-4501176.365244,2235559.481696,328.235627,285.736592,-0.851993
1460051355.985957,3953635.980525,-4475363.318360,2235483.015935,326.353316,287.884609,-0.847241
1460051445.985957,3982922.547709,-4449357.507238,2235406.979520,324.456948,290.020226,-0.842452
1460051535.985957,4012037.812325,-4423160.051990,2235331.375728,322.546606,292.143352,-0.837627
1460051625.985957,4040980.520332,-4396772.080979,2235256.207814,320.622371,294.253895,-0.832766
1460051715.985957,4069749.425124,-4370194.730778,2235181.479016,318.684326,296.351764,-0.827869
1460051805.985957,4098343.287580,-4343429.146113,2235107.192552,316.732555,298.436868,-0.822936
1460051895.985957,4126760.876117,-4316476.479820,2235033.351623,314.767142,300.509118,-0.817968
1460051985.985957,4155000.966746,-4289337.892792,2234959.959408,312.788171,302.568425,-0.812964
1460052075.985957,4183062.343122,-4262014.553930,2234887.019069,310.795728,304.614700,-0.807926
1460052165.985957,4210943.796599,-4234507.640091,2234814.533747,308.789899,306.647854,-0.802853
1460052255.985957,4238644.126279,-4206818.336043,2234742.506565,306.770769,308.667801,-0.797745
1460052345.985957,4266162.139067,-4178947.834405,2234670.940624,304.738427,310.674453,-0.792603
1460052435.985957,4293496.649717,-4150897.335604,2234599.839008,302.692959,312.667724,-0.787426
1460052525.985957,4320646.480893,-4122668.047817,2234529.204779,300.634453,314.647527,-0.782216
1460052615.985957,4347610.463206,-4094261.186925,2234459.040979,298.562999,316.613779,-0.776972
1460052705.985957,4374387.435279,-4065677.976454,2234389.350630,296.478685,318.566393,-0.771695
1460052795.985957,4400976.243783,-4036919.647528,2234320.136734,294.381601,320.505286,-0.766384
1460052885.985957,4427375.743499,-4007987.438812,2234251.402271,292.271838,322.430374,-0.761040
1460052975.985957,4453584.797360,-3978882.596462,2234183.150204,290.149486,324.341575,-0.755664
1460053065.985957,4479602.276500,-3949606.374067,2234115.383470,288.014637,326.238806,-0.750255
1460053155.985957,4505427.060306,-3920160.032602,2234048.104990,285.867383,328.121985,-0.744814
1460053245.985957,4531058.036465,-3890544.840363,2233981.317661,283.707816,329.991032,-0.739340
1460053335.985957,4556494.101012,-3860762.072925,2233915.024359,281.536029,331.845865,-0.733835
1460053425.985957,4581734.158376,-3830813.013077,2233849.227940,279.352116,333.686406,-0.728298
1460053515.985957,4606777.121427,-3800698.950771,2233783.931238,277.156171,335.512574,-0.722730
1460053605.985957,4631621.911528,-3770421.183066,2233719.137066,274.948289,337.324290,-0.717131
1460053695.985957,4656267.458574,-3739981.014073,2233654.848213,272.728564,339.121478,-0.711501
1460053785.985957,4680712.701044,-3709379.754898,2233591.067450,270.497092,340.904059,-0.705840
1460053875.985957,4704956.586043,-3678618.723583,2233527.797523,268.253969,342.671957,-0.700149
1460053965.985957,4728998.069349,-3647699.245054,2233465.041158,265.999293,344.425096,-0.694427
1460054055.985957,4752836.115460,-3616622.651061,2233402.801057,263.733159,346.163400,-0.688676
1460054145.985957,4776469.697632,-3585390.280121,2233341.079902,261.455666,347.886794,-0.682895
1460054235.985957,4799897.797931,-3554003.477460,2233279.880351,259.166912,349.595203,-0.677085
1460054325.985957,4823119.407272,-3522463.594956,2233219.205039,256.866994,351.288556,-0.671245
1460054415.985957,4846133.525466,-3490771.991082,2233159.056580,254.556014,352.966777,-0.665377
1460054505.985957,4868939.161258,-3458930.030843,2233099.437566,252.234069,354.629796,-0.659480
1460054595.985957,4891535.332373,-3426939.085723,2233040.350563,249.901260,356.277541,-0.653554
1460054685.985957,4913921.065561,-3394800.533620,2232981.798117,247.557687,357.909940,-0.647600
1460054775.985957,4936095.396633,-3362515.758792,2232923.782750,245.203452,359.526923,-0.641619
1460054865.985957,4958057.370505,-3330086.151794,2232866.306961,242.838655,361.128421,-0.635610
1460054955.985957,4979806.041243,-3297513.109419,2232809.373225,240.463399,362.714364,-0.629573
1460055045.985957,5001340.472096,-3264798.034640,2232752.983994,238.077786,364.284685,-0.623509
1460055135.985957,5022659.735545,-3231942.336544,2232697.141698,235.681918,365.839316,-0.617419
1460055225.985957,5043762.913334,-3198947.430277,2232641.848742,233.275900,367.378189,-0.611302
1460055315.985957,5064649.096517,-3165814.736983,2232587.107506,230.859833,368.901239,-0.605158
1460055405.985957,5085317.385495,-3132545.683735,2232532.920350,228.433824,370.408399,-0.598989
1460055495.985957,5105766.890052,-3099141.703485,2232479.289606,225.997975,371.899606,-0.592793
1460055585.985957,5125996.729396,-3065604.234994,2232426.217586,223.552392,373.374794,-0.586572
1460055675.985957,5146006.032197,-3031934.722771,2232373.706574,221.097180,374.833900,-0.580326
1460055765.985957,5165793.936623,-2998134.617016,2232321.758833,218.632446,376.276862,-0.574055
1460055855.985957,5185359.590378,-2964205.373551,2232270.376600,216.158294,377.703617,-0.567759
1460055945.985957,5204702.150739,-2930148.453761,2232219.562088,213.674832,379.114104,-0.561439
1460056035.985957,5223820.784593,-2895965.324530,2232169.317487,211.182167,380.508261,-0.555094
1460056125.985957,5242714.668470,-2861657.458179,2232119.644959,208.680406,381.886030,-0.548726
1460056215.985957,5261382.988581,-2827226.332401,2232070.546645,206.169657,383.247350,-0.542334
1460056305.985957,5279824.940854,-2792673.430197,2232022.024660,203.650028,384.592163,-0.535919
1460056395.985957,5298039.730963,-2758000.239814,2231974.081093,201.121627,385.920411,-0.529480
1460056485.985957,5316026.574371,-2723208.254682,2231926.718009,198.584564,387.232037,-0.523019
1460056575.985957,5333784.696356,-2688298.973343,2231879.937449,196.038947,388.526984,-0.516535
1460056665.985957,5351313.332049,-2653273.899396,2231833.741428,193.484887,389.805197,-0.510029
1460056755.985957,5368611.726463,-2618134.541423,2231788.131935,190.922493,391.066620,-0.503501
1460056845.985957,5385679.134530,-2582882.412932,2231743.110934,188.351875,392.311199,-0.496951
1460056935.985957,5402514.821131,-2547519.032287,2231698.680366,185.773145,393.538881,-0.490380
1460057025.985957,5419118.061126,-2512045.922643,2231654.842143,183.186414,394.749613,-0.483788
1460057115.985957,5435488.139389,-2476464.611882,2231611.598154,180.591792,395.943342,-0.477175
1460057205.985957,5451624.350834,-2440776.632545,2231568.950261,177.989392,397.120017,-0.470541
1460057295.985957,5467526.000450,-2404983.521770,2231526.900302,175.379325,398.279587,-0.463887
1460057385.985957,5483192.403328,-2369086.821221,2231485.450088,172.761705,399.422004,-0.457213
1460057475.985957,5498622.884692,-2333088.077025,2231444.601403,170.136644,400.547216,-0.450520
1460057565.985957,5513816.779928,-2296988.839703,2231404.356009,167.504255,401.655176,-0.443807
1460057655.985957,5528773.434610,-2260790.664106,2231364.715637,164.864651,402.745836,-0.437075
1460057745.985957,5543492.204533,-2224495.109345,2231325.681996,162.217946,403.819150,-0.430324
1460057835.985957,5557972.455736,-2188103.738725,2231287.256766,159.564254,404.875070,-0.423554
1460057925.985957,5572213.564533,-2151618.119679,2231249.441603,156.903689,405.913552,-0.416767
1460058015.985957,5586214.917537,-2115039.823700,2231212.238136,154.236366,406.934550,-0.409961
1460058105.985957,5599975.911687,-2078370.426270,2231175.647967,151.562400,407.938021,-0.403138
1460058195.985957,5613495.954277,-2041611.506799,2231139.672673,148.881906,408.923922,-0.396297
1460058285.985957,5626774.462978,-2004764.648549,2231104.313802,146.195000,409.892209,-0.389439
1460058375.985957,5639810.865862,-1967831.438572,2231069.572877,143.501796,410.842842,-0.382565
1460058465.985957,5652604.601434,-1930813.467639,2231035.451396,140.802412,411.775779,-0.375674
1460058555.985957,5665155.118646,-1893712.330170,2231001.950828,138.096963,412.690981,-0.368767
1460058645.985957,5677461.876928,-1856529.624169,2230969.072615,135.385566,413.588407,-0.361843
1460058735.985957,5689524.346209,-1819266.951153,2230936.818175,132.668338,414.468019,-0.354905
1460058825.985957,5701342.006941,-1781925.916083,2230905.188896,129.945396,415.329780,-0.347951
1460058915.985957,5712914.350117,-1744508.127294,2230874.186140,127.216856,416.173651,-0.340982
1460059005.985957,5724240.877299,-1707015.196431,2230843.811244,124.482838,416.999598,-0.333998
1460059095.985957,5735321.100637,-1669448.738369,2230814.065515,121.743457,417.807583,-0.327000
1460059185.985957,5746154.542888,-1631810.371156,2230784.950235,118.998833,418.597573,-0.319988
1460059275.985957,5756740.737438,-1594101.715934,2230756.466657,116.249084,419.369533,-0.312962
1460059365.985957,5767079.228324,-1556324.396873,2230728.616010,113.494327,420.123431,-0.305923
1460059455.985957,5777169.570251,-1518480.041100,2230701.399491,110.734682,420.859233,-0.298870
1460059545.985957,5787011.328613,-1480570.278632,2230674.818275,107.970268,421.576908,-0.291805
1460059635.985957,5796604.079510,-1442596.742300,2230648.873505,105.201203,422.276424,-0.284727
1460059725.985957,5805947.409767,-1404561.067682,2230623.566299,102.427607,422.957753,-0.277637
1460059815.985957,5815040.916952,-1366464.893035,2230598.897747,99.649599,423.620865,-0.270535
1460059905.985957,5823884.209394,-1328309.859220,2230574.868913,96.867299,424.265730,-0.263421
1460059995.985957,5832476.906199,-1290097.609632,2230551.480830,94.080827,424.892322,-0.256296
1460060085.985957,5840818.637266,-1251829.790134,2230528.734506,91.290302,425.500613,-0.249159
1460060175.985957,5848909.043303,-1213508.048978,2230506.630922,88.495846,426.090577,-0.242012
1460060265.985957,5856747.775845,-1175134.036742,2230485.171029,85.697578,426.662188,-0.234855
1460060355.985957,5864334.497265,-1136709.406254,2230464.355751,82.895619,427.215423,-0.227688
1460060445.985957,5871668.880791,-1098235.812522,2230444.185985,80.090089,427.750256,-0.220510
1460060535.985957,5878750.610520,-1059714.912663,2230424.662601,77.281110,428.266666,-0.213323
1460060625.985957,5885579.381431,-1021148.365833,2230405.786438,74.468803,428.764630,-0.206127
1460060715.985957,5892154.899399,-982537.833152,2230387.558311,71.653287,429.244126,-0.198923
1460060805.985957,5898476.881205,-943884.977636,2230369.979004,68.834686,429.705134,-0.191709
1460060895.985957,5904545.054551,-905191.464122,2230353.049274,66.013120,430.147634,-0.184487
1460060985.985957,5910359.158074,-866458.959201,2230336.769851,63.188710,430.571606,-0.177258
1460061075.985957,5915918.941349,-827689.131142,2230321.141436,60.361579,430.977034,-0.170020
1460061165.985957,5921224.164908,-788883.649820,2230306.164702,57.531848,431.363898,-0.162776
1460061255.985957,5926274.600248,-750044.186648,2230291.840295,54.699639,431.732183,-0.155524
1460061345.985957,5931070.029838,-711172.414502,2230278.168831,51.865074,432.081873,-0.148266
1460061435.985957,5935610.247131,-672270.007650,2230265.150899,49.028275,432.412952,-0.141001
1460061525.985957,5939895.056574,-633338.641678,2230252.787061,46.189364,432.725407,-0.133730
1460061615.985957,5943924.273614,-594379.993421,2230241.077848,43.348464,433.019223,-0.126454
1460061705.985957,5947697.724704,-555395.740887,2230230.023765,40.505696,433.294389,-0.119172
1460061795.985957,5951215.247318,-516387.563189,2230219.625289,37.661185,433.550891,-0.111885
1460061885.985957,5954476.689950,-477357.140470,2230209.882867,34.815051,433.788721,-0.104593
1460061975.985957,5957481.912124,-438306.153830,2230200.796919,31.967417,434.007866,-0.097296
1460062065.985957,5960230.784402,-399236.285255,2230192.367837,29.118407,434.208318,-0.089996
1460062155.985957,5962723.188384,-360149.217547,2230184.595983,26.268142,434.390067,-0.082691
1460062245.985957,5964959.016720,-321046.634244,2230177.481692,23.416746,434.553107,-0.075383
1460062335.985957,5966938.173108,-281930.219555,2230171.025271,20.564341,434.697430,-0.068072
1460062425.985957,5968660.572304,-242801.658287,2230165.226998,17.711051,434.823030,-0.060758
1460062515.985957,5970126.140120,-203662.635765,2230160.087124,14.856998,434.929902,-0.053441
1460062605.985957,5971334.813433,-164514.837769,2230155.605868,12.002305,435.018040,-0.046121
1460062695.985957,5972286.540184,-125359.950454,2230151.783425,9.147095,435.087442,-0.038800
1460062785.985957,5972981.279379,-86199.660283,2230148.619959,6.291491,435.138103,-0.031477
1460062875.985957,5973419.001096,-47035.653950,2230146.115607,3.435616,435.170023,-0.024153
1460062965.985957,5973599.686481,-7869.618308,2230144.270476,0.579593,435.183199,-0.016828
1460063055.985957,5973523.327752,31296.759700,2230143.084646,-2.276455,435.177631,-0.009502
1460063145.985957,5973189.928197,70461.793117,2230142.558168,-5.132405,435.153319,-0.002176
1460063235.985957,5972599.502177,109623.795045,2230142.691065,-7.988134,435.110265,0.005151
1460063325.985957,5971752.075122,148781.078716,2230143.483331,-10.843519,435.048469,0.012477
1460063415.985957,5970647.683533,187931.957566,2230144.934933,-13.698437,434.967936,0.019803
1460063505.985957,5969286.374976,227074.745304,2230147.045807,-16.552764,434.868668,0.027128
1460063595.985957,5967668.208087,266207.755991,2230149.815863,-19.406379,434.750669,0.034451
1460063685.985957,5965793.252561,305329.304107,2230153.244982,-22.259158,434.613945,0.041774
1460063775.985957,5963661.589156,344437.704627,2230157.333017,-25.110978,434.458501,0.049094
1460063865.985957,5961273.309687,383531.273091,2230162.079790,-27.961717,434.284345,0.056412
1460063955.985957,5958628.517019,422608.325679,2230167.485098,-30.811251,434.091483,0.063728
1460064045.985957,5955727.325069,461667.179281,2230173.548708,-33.659458,433.879924,0.071041
1460064135.985957,5952569.858795,500706.151573,2230180.270359,-36.506216,433.649678,0.078351
1460064225.985957,5949156.254194,539723.561084,2230187.649762,-39.351401,433.400753,0.085658
1460064315.985957,5945486.658295,578717.727276,2230195.686599,-42.194891,433.133161,0.092961
1460064405.985957,5941561.229154,617686.970609,2230204.380523,-45.036563,432.846914,0.100260
1460064495.985957,5937380.135845,656629.612617,2230213.731161,-47.876296,432.542023,0.107555
1460064585.985957,5932943.558455,695543.975979,2230223.738109,-50.713967,432.218502,0.114845
1460064675.985957,5928251.688072,734428.384596,2230234.400937,-53.549454,431.876364,0.122130
1460064765.985957,5923304.726784,773281.163655,2230245.719186,-56.382634,431.515625,0.129410
1460064855.985957,5918102.887664,812100.639705,2230257.692368,-59.213385,431.136300,0.136684
1460064945.985957,5912646.394763,850885.140733,2230270.319967,-62.041586,430.738405,0.143952
1460065035.985957,5906935.483101,889632.996231,2230283.601440,-64.867115,430.321958,0.151215
1460065125.985957,5900970.398655,928342.537266,2230297.536216,-67.689850,429.886976,0.158470
1460065215.985957,5894751.398352,967012.096561,2230312.123692,-70.509670,429.433478,0.165719
1460065305.985957,5888278.750052,1005640.008557,2230327.363243,-73.326452,428.961484,0.172961
1460065395.985957,5881552.732543,1044224.609490,2230343.254210,-76.140076,428.471013,0.180195
1460065485.985957,5874573.635525,1082764.237462,2230359.795911,-78.950421,427.962088,0.187422
1460065575.985957,5867341.759599,1121257.232511,2230376.987632,-81.757365,427.434730,0.194640
1460065665.985957,5859857.416253,1159701.936683,2230394.828633,-84.560788,426.888961,0.201850
1460065755.985957,5852120.927848,1198096.694108,2230413.318146,-87.360569,426.324806,0.209051
1460065845.985957,5844132.627608,1236439.851062,2230432.455374,-90.156586,425.742288,0.216244
1460065935.985957,5835892.859601,1274729.756047,2230452.239494,-92.948721,425.141433,0.223427
1460066025.985957,5827401.978726,1312964.759856,2230472.669653,-95.736852,424.522266,0.230600
1460066115.985957,5818660.350699,1351143.215650,2230493.744971,-98.520860,423.884815,0.237764
1460066205.985957,5809668.352036,1389263.479023,2230515.464541,-101.300624,423.229106,0.244917
1460066295.985957,5800426.370035,1427323.908076,2230537.827428,-104.076026,422.555168,0.252060
1460066385.985957,5790934.802764,1465322.863488,2230560.832667,-106.846944,421.863030,0.259192
1460066475.985957,5781194.059038,1503258.708584,2230584.479270,-109.613260,421.152722,0.266312
1460066565.985957,5771204.558407,1541129.809410,2230608.766216,-112.374855,420.424274,0.273422
1460066655.985957,5760966.731134,1578934.534798,2230633.692460,-115.131610,419.677717,0.280519
1460066745.985957,5750481.018178,1616671.256440,2230659.256929,-117.883406,418.913085,0.287604
1460066835.985957,5739747.871175,1654338.348957,2230685.458522,-120.630125,418.130409,0.294677
1460066925.985957,5728767.752418,1691934.189970,2230712.296110,-123.371648,417.329724,0.301738
1460067015.985957,5717541.134839,1729457.160166,2230739.768537,-126.107857,416.511063,0.308785
1460067105.985957,5706068.501984,1766905.643374,2230767.874620,-128.838634,415.674463,0.315819
1460067195.985957,5694350.347998,1804278.026629,2230796.613149,-131.563863,414.819959,0.322839
1460067285.985957,5682387.177599,1841572.700246,2230825.982886,-134.283424,413.947589,0.329846
1460067375.985957,5670179.506061,1878788.057883,2230855.982565,-136.997202,413.057388,0.336838
1460067465.985957,5657727.859187,1915922.496620,2230886.610896,-139.705079,412.149397,0.343816
1460067555.985957,5645032.773288,1952974.417018,2230917.866559,-142.406938,411.223654,0.350779
1460067645.985957,5632094.795161,1989942.223192,2230949.748207,-145.102664,410.280199,0.357727
1460067735.985957,5618914.482065,2026824.322884,2230982.254469,-147.792141,409.319072,0.364659
1460067825.985957,5605492.401697,2063619.127523,2231015.383943,-150.475251,408.340316,0.371576
1460067915.985957,5591829.132167,2100325.052299,2231049.135202,-153.151881,407.343971,0.378477
1460068005.985957,5577925.261972,2136940.516234,2231083.506794,-155.821914,406.330082,0.385361
1460068095.985957,5563781.389974,2173463.942240,2231118.497238,-158.485235,405.298691,0.392229
1460068185.985957,5549398.125371,2209893.757199,2231154.105027,-161.141730,404.249844,0.399080
1460068275.985957,5534776.087673,2246228.392021,2231190.328627,-163.791285,403.183585,0.405914
1460068365.985957,5519915.906673,2282466.281718,2231227.166478,-166.433785,402.099960,0.412730
1460068455.985957,5504818.222424,2318605.865467,2231264.616994,-169.069116,400.999016,0.419528
1460068545.985957,5489483.685204,2354645.586680,2231302.678562,-171.697165,399.880801,0.426309
1460068635.985957,5473912.955498,2390583.893072,2231341.349542,-174.317819,398.745361,0.433071
1460068725.985957,5458106.703959,2426419.236723,2231380.628269,-176.930965,397.592748,0.439814
1460068815.985957,5442065.611388,2462150.074149,2231420.513051,-179.536490,396.423009,0.446539
1460068905.985957,5425790.368700,2497774.866370,2231461.002171,-182.134282,395.236196,0.453244
1460068995.985957,5409281.676894,2533292.078968,2231502.093884,-184.724229,394.032360,0.459930
1460069085.985957,5392540.247026,2568700.182163,2231543.786421,-187.306220,392.811551,0.466596
1460069175.985957,5375566.800174,2603997.650873,2231586.077987,-189.880144,391.573824,0.473241
1460069265.985957,5358362.067412,2639182.964782,2231628.966759,-192.445889,390.319231,0.479867
1460069355.985957,5340926.789774,2674254.608404,2231672.450890,-195.003345,389.047827,0.486472
1460069445.985957,5323261.718224,2709211.071147,2231716.528509,-197.552402,387.759666,0.493055
1460069535.985957,5305367.613624,2744050.847385,2231761.197715,-200.092950,386.454803,0.499618
1460069625.985957,5287245.246702,2778772.436513,2231806.456586,-202.624880,385.133295,0.506159
1460069715.985957,5268895.398015,2813374.343019,2231852.303172,-205.148082,383.795198,0.512678
1460069805.985957,5250318.857920,2847855.076544,2231898.735499,-207.662449,382.440572,0.519176
1460069895.985957,5231516.426538,2882213.151951,2231945.751567,-210.167871,381.069472,0.525650
1460069985.985957,5212488.913717,2916447.089385,2231993.349350,-212.664240,379.681960,0.532103
1460070075.985957,5193237.139004,2950555.414336,2232041.526800,-215.151450,378.278094,0.538532
1460070165.985957,5173761.931601,2984536.657705,2232090.281840,-217.629394,376.857935,0.544938
1460070255.985957,5154064.130336,3018389.355869,2232139.612371,-220.097963,375.421544,0.551321
1460070345.985957,5134144.583623,3052112.050739,2232189.516268,-222.557053,373.968983,0.557679
1460070435.985957,5114004.149429,3085703.289827,2232239.991383,-225.006556,372.500315,0.564014
1460070525.985957,5093643.695233,3119161.626305,2232291.035541,-227.446368,371.015602,0.570325
1460070615.985957,5073064.097991,3152485.619072,2232342.646543,-229.876384,369.514910,0.576611
1460070705.985957,5052266.244099,3185673.832810,2232394.822168,-232.296499,367.998301,0.582872
1460070795.985957,5031251.029352,3218724.838054,2232447.560166,-234.706608,366.465843,0.589108
1460070885.985957,5010019.358908,3251637.211244,2232500.858268,-237.106608,364.917600,0.595319
1460070975.985957,4988572.147249,3284409.534794,2232554.714178,-239.496396,363.353640,0.601504
1460071065.985957,4966910.318138,3317040.397149,2232609.125576,-241.875868,361.774029,0.607663
1460071155.985957,4945034.804585,3349528.392847,2232664.090119,-244.244922,360.178837,0.613796
1460071245.985957,4922946.548802,3381872.122580,2232719.605439,-246.603456,358.568130,0.619902
1460071335.985957,4900646.502163,3414070.193254,2232775.669145,-248.951368,356.941980,0.625982
1460071425.985957,4878135.625167,3446121.218048,2232832.278823,-251.288558,355.300456,0.632035
1460071515.985957,4855414.887392,3478023.816474,2232889.432035,-253.614925,353.643628,0.638061
1460071605.985957,4832485.267455,3509776.614438,2232947.126318,-255.930367,351.971569,0.644059
1460071695.985957,4809347.752970,3541378.244298,2233005.359189,-258.234787,350.284349,0.650029
1460071785.985957,4786003.340507,3572827.344923,2233064.128138,-260.528084,348.582042,0.655972
1460071875.985957,4762453.035545,3604122.561751,2233123.430636,-262.810159,346.864721,0.661886
1460071965.985957,4738697.852433,3635262.546850,2233183.264127,-265.080915,345.132461,0.667772
1460072055.985957,4714738.814342,3666245.958970,2233243.626035,-267.340254,343.385334,0.673628
1460072145.985957,4690576.953226,3697071.463610,2233304.513760,-269.588077,341.623418,0.679456
1460072235.985957,4666213.309773,3727737.733067,2233365.924679,-271.824290,339.846787,0.685255
1460072325.985957,4641648.933364,3758243.446497,2233427.856148,-274.048794,338.055519,0.691024
1460072415.985957,4616884.882024,3788587.289971,2233490.305499,-276.261494,336.249690,0.696763
1460072505.985957,4591922.222379,3818767.956535,2233553.270042,-278.462296,334.429378,0.702473
1460072595.985957,4566762.029611,3848784.146258,2233616.747066,-280.651104,332.594662,0.708152
1460072685.985957,4541405.387406,3878634.566298,2233680.733837,-282.827823,330.745621,0.713800
1460072775.985957,4515853.387915,3908317.930951,2233745.227598,-284.992361,328.882334,0.719418
1460072865.985957,4490107.131702,3937832.961708,2233810.225573,-287.144624,327.004881,0.725005
1460072955.985957,4464167.727699,3967178.387312,2233875.724961,-289.284519,325.113344,0.730561
1460073045.985957,4438036.293155,3996352.943809,2233941.722941,-291.411954,323.207803,0.736085
1460073135.985957,4411713.953593,4025355.374606,2234008.216672,-293.526837,321.288342,0.741577
1460073225.985957,4385201.842755,4054184.430524,2234075.203288,-295.629078,319.355042,0.747038
1460073315.985957,4358501.102561,4082838.869850,2234142.679906,-297.718586,317.407987,0.752466
1460073405.985957,4331612.883051,4111317.458393,2234210.643618,-299.795270,315.447261,0.757862
1460073495.985957,4304538.342343,4139618.969537,2234279.091498,-301.859042,313.472948,0.763225
1460073585.985957,4277278.646580,4167742.184291,2234348.020597,-303.909812,311.485133,0.768556
1460073675.985957,4249834.969926,4195685.891298,2234417.427947,-305.947493,309.483902,0.773853
1460073765.985957,4222208.494402,4223448.887000,2234487.310559,-307.971995,307.469341,0.779117
1460073855.985957,4194400.409898,4251029.975630,2234557.665422,-309.983233,305.441537,0.784348
1460073945.985957,4166411.914150,4278427.969227,2234628.489507,-311.981120,303.400577,0.789544
1460074035.985957,4138244.212668,4305641.687717,2234699.779762,-313.965569,301.346550,0.794707
1460074125.985957,4109898.518677,4332669.958963,2234771.533118,-315.936495,299.279542,0.799835
1460074215.985957,4081376.053070,4359511.618815,2234843.746484,-317.893813,297.199645,0.804929
1460074305.985957,4052678.044354,4386165.511162,2234916.416750,-319.837439,295.106946,0.809989
1460074395.985957,4023805.728598,4412630.487979,2234989.540785,-321.767289,293.001537,0.815013
1460074485.985957,3994760.349375,4438905.409378,2235063.115441,-323.683280,290.883507,0.820002
1460074575.985957,3965543.157716,4464989.143659,2235137.137549,-325.585329,288.752949,0.824956
1460074665.985957,3936155.412051,4490880.567354,2235211.603920,-327.473355,286.609954,0.829875
1460074755.985957,3906598.378154,4516578.565280,2235286.511347,-329.347276,284.454614,0.834758
1460074845.985957,3876873.329094,4542082.030584,2235361.856603,-331.207012,282.287022,0.839604
1460074935.985957,3846981.545175,4567389.864792,2235437.636445,-333.052482,280.107272,0.844415
1460075025.985957,3816924.313881,4592500.977857,2235513.847607,-334.883607,277.915457,0.849189
1460075115.985957,3786702.929823,4617414.288204,2235590.486808,-336.700308,275.711672,0.853927
1460075205.985957,3756318.694686,4642128.722779,2235667.550746,-338.502507,273.496011,0.858628
1460075295.985957,3725772.917163,4666643.217092,2235745.036103,-340.290126,271.268571,0.863292
1460075385.985957,3695066.912909,4690956.715266,2235822.939541,-342.063089,269.029447,0.867918
1460075475.985957,3664202.004480,4715068.170081,2235901.257704,-343.821318,266.778735,0.872508
1460075565.985957,3633179.521274,4738976.543020,2235979.987220,-345.564738,264.516532,0.877060
1460075655.985957,3602000.799479,4762680.804312,2236059.124698,-347.293274,262.242936,0.881574
1460075745.985957,3570667.182009,4786179.932978,2236138.666729,-349.006851,259.958046,0.886050
1460075835.985957,3539180.018452,4809472.916873,2236218.609888,-350.705397,257.661958,0.890487
1460075925.985957,3507540.665010,4832558.752733,2236298.950730,-352.388837,255.354772,0.894887
1460076015.985957,3475750.484438,4855436.446216,2236379.685796,-354.057099,253.036588,0.899248
1460076105.985957,3443810.845989,4878105.011943,2236460.811609,-355.710111,250.707506,0.903570
1460076195.985957,3411723.125352,4900563.473544,2236542.324674,-357.347802,248.367624,0.907853
1460076285.985957,3379488.704594,4922810.863699,2236624.221481,-358.970102,246.017046,0.912098
1460076375.985957,3347108.972104,4944846.224178,2236706.498502,-360.576940,243.655871,0.916303
1460076465.985957,3314585.322525,4966668.605885,2236789.152194,-362.168248,241.284201,0.920468
1460076555.985957,3281919.156702,4988277.068894,2236872.178997,-363.743957,238.902139,0.924594
1460076645.985957,3249111.881617,5009670.682497,2236955.575334,-365.303998,236.509787,0.928680
1460076735.985957,3216164.910330,5030848.525237,2237039.337614,-366.848306,234.107248,0.932726
1460076825.985957,3183079.661919,5051809.684952,2237123.462229,-368.376812,231.694626,0.936732
1460076915.985957,3149857.561416,5072553.258812,2237207.945556,-369.889452,229.272024,0.940697
1460077005.985957,3116500.039748,5093078.353359,2237292.783956,-371.386161,226.839547,0.944622
1460077095.985957,3083008.533676,5113384.084547,2237377.973775,-372.866873,224.397300,0.948506
1460077185.985957,3049384.485731,5133469.577774,2237463.511345,-374.331525,221.945388,0.952350
1460077275.985957,3015629.344153,5153333.967929,2237549.392980,-375.780054,219.483916,0.956152
1460077365.985957,2981744.562827,5172976.399421,2237635.614981,-377.212398,217.012991,0.959913
1460077455.985957,2947731.601224,5192396.026221,2237722.173636,-378.628495,214.532719,0.963633
1460077545.985957,2913591.924335,5211592.011894,2237809.065216,-380.028283,212.043206,0.967312
1460077635.985957,2879327.002609,5230563.529640,2237896.285979,-381.411703,209.544560,0.970948
1460077725.985957,2844938.311888,5249309.762327,2237983.832168,-382.778695,207.036889,0.974543
1460077815.985957,2810427.333347,5267829.902525,2238071.700012,-384.129201,204.520301,0.978096
1460077905.985957,2775795.553428,5286123.152542,2238159.885727,-385.463161,201.994903,0.981607
1460077995.985957,2741044.463774,5304188.724462,2238248.385515,-386.780519,199.460806,0.985075
1460078085.985957,2706175.561169,5322025.840170,2238337.195563,-388.081217,196.918117,0.988502
1460078175.985957,2671190.347471,5339633.731396,2238426.312048,-389.365200,194.366946,0.991885
1460078265.985957,2636090.329547,5357011.639740,2238515.731130,-390.632413,191.807404,0.995226
1460078355.985957,2600877.019209,5374158.816708,2238605.448958,-391.882801,189.239601,0.998524
1460078445.985957,2565551.933149,5391074.523745,2238695.461668,-393.116309,186.663647,1.001779
1460078535.985957,2530116.592873,5407758.032266,2238785.765384,-394.332885,184.079652,1.004990
1460078625.985957,2494572.524636,5424208.623686,2238876.356215,-395.532477,181.487729,1.008159
1460078715.985957,2458921.259376,5440425.589452,2238967.230260,-396.715033,178.887990,1.011284
1460078805.985957,2423164.332648,5456408.231075,2239058.383605,-397.880502,176.280545,1.014366
1460078895.985957,2387303.284559,5472155.860158,2239149.812323,-399.028833,173.665507,1.017403
1460078985.985957,2351339.659700,5487667.798425,2239241.512478,-400.159977,171.042990,1.020397
1460079075.985957,2315275.007080,5502943.377754,2239333.480120,-401.273886,168.413105,1.023347
1460079165.985957,2279110.880058,5517981.940201,2239425.711286,-402.370511,165.775967,1.026253
1460079255.985957,2242848.836280,5532782.838033,2239518.202006,-403.449806,163.131688,1.029115
1460079345.985957,2206490.437608,5547345.433752,2239610.948295,-404.511724,160.480383,1.031933
1460079435.985957,2170037.250056,5561669.100125,2239703.946158,-405.556218,157.822166,1.034706
1460079525.985957,2133490.843717,5575753.220209,2239797.191591,-406.583245,155.157152,1.037434
1460079615.985957,2096852.792704,5589597.187379,2239890.680576,-407.592759,152.485454,1.040118
1460079705.985957,2060124.675072,5603200.405354,2239984.409088,-408.584718,149.807189,1.042757
1460079795.985957,2023308.072759,5616562.288222,2240078.373090,-409.559078,147.122471,1.045351
1460079885.985957,1986404.571513,5629682.260467,2240172.568534,-410.515799,144.431416,1.047900
1460079975.985957,1949415.760826,5642559.756990,2240266.991363,-411.454837,141.734141,1.050404
1460080065.985957,1912343.233861,5655194.223139,2240361.637511,-412.376154,139.030761,1.052862
1460080155.985957,1875188.587392,5667585.114727,2240456.502900,-413.279708,136.321392,1.055276
1460080245.985957,1837953.421725,5679731.898060,2240551.583446,-414.165463,133.606152,1.057644
1460080335.985957,1800639.340638,5691634.049956,2240646.875053,-415.033378,130.885158,1.059966
1460080425.985957,1763247.951304,5703291.057771,2240742.373616,-415.883417,128.158525,1.062242
1460080515.985957,1725780.864230,5714702.419421,2240838.075023,-416.715544,125.426373,1.064473
1460080605.985957,1688239.693181,5725867.643400,2240933.975152,-417.529722,122.688819,1.066658
1460080695.985957,1650626.055113,5736786.248804,2241030.069871,-418.325917,119.945980,1.068797
1460080785.985957,1612941.570104,5747457.765353,2241126.355043,-419.104093,117.197975,1.070891
1460080875.985957,1575187.861283,5757881.733407,2241222.826520,-419.864218,114.444922,1.072938
1460080965.985957,1537366.554761,5768057.703991,2241319.480147,-420.606259,111.686940,1.074938
1460081055.985957,1499479.279559,5777985.238809,2241416.311760,-421.330183,108.924147,1.076893
1460081145.985957,1461527.667543,5787663.910268,2241513.317191,-422.035961,106.156663,1.078801
1460081235.985957,1423513.353346,5797093.301491,2241610.492260,-422.723560,103.384606,1.080662
1460081325.985957,1385437.974304,5806273.006340,2241707.832782,-423.392952,100.608097,1.082477
1460081415.985957,1347303.170381,5815202.629432,2241805.334564,-424.044108,97.827254,1.084246
1460081505.985957,1309110.584104,5823881.786153,2241902.993407,-424.677000,95.042197,1.085967
1460081595.985957,1270861.860487,5832310.102680,2242000.805106,-425.291600,92.253047,1.087642
1460081685.985957,1232558.646961,5840487.215990,2242098.765446,-425.887883,89.459924,1.089271
1460081775.985957,1194202.593304,5848412.773884,2242196.870209,-426.465821,86.662947,1.090852
1460081865.985957,1155795.351572,5856086.434995,2242295.115169,-427.025391,83.862237,1.092386
1460081955.985957,1117338.576023,5863507.868806,2242393.496095,-427.566569,81.057916,1.093873
1460082045.985957,1078833.923051,5870676.755666,2242492.008749,-428.089330,78.250103,1.095313
1460082135.985957,1040283.051111,5877592.786800,2242590.648889,-428.593653,75.438920,1.096706
1460082225.985957,1001687.620649,5884255.664322,2242689.412266,-429.079516,72.624487,1.098052
1460082315.985957,963049.294029,5890665.101252,2242788.294626,-429.546898,69.806927,1.099350
1460082405.985957,924369.735463,5896820.821527,2242887.291710,-429.995778,66.986360,1.100601
1460082495.985957,885650.610942,5902722.560010,2242986.399255,-430.426138,64.162907,1.101804
1460082585.985957,846893.588157,5908370.062503,2243085.612991,-430.837959,61.336691,1.102961
1460082675.985957,808100.336433,5913763.085761,2243184.928646,-431.231223,58.507833,1.104069
1460082765.985957,769272.526655,5918901.397496,2243284.341942,-431.605913,55.676455,1.105130
1460082855.985957,730411.831198,5923784.776395,2243383.848596,-431.962013,52.842679,1.106144
1460082945.985957,691519.923852,5928413.012123,2243483.444324,-432.299508,50.006627,1.107110
1460083035.985957,652598.479752,5932785.905334,2243583.124836,-432.618383,47.168422,1.108028
1460083125.985957,613649.175304,5936903.267681,2243682.885838,-432.918624,44.328184,1.108898
1460083215.985957,574673.688116,5940764.921823,2243782.723033,-433.200220,41.486037,1.109721
1460083305.985957,535673.696922,5944370.701432,2243882.632121,-433.463156,38.642104,1.110496
1460083395.985957,496650.881512,5947720.451202,2243982.608800,-433.707422,35.796506,1.111223
1460083485.985957,457606.922658,5950814.026854,2244082.648763,-433.933009,32.949366,1.111902
1460083575.985957,418543.502046,5953651.295144,2244182.747702,-434.139904,30.100807,1.112533
1460083665.985957,379462.302197,5956232.133864,2244282.901304,-434.328101,27.250951,1.113116
1460083755.985957,340365.006398,5958556.431856,2244383.105256,-434.497591,24.399922,1.113652
1460083845.985957,301253.298631,5960624.089007,2244483.355244,-434.648366,21.547842,1.114139
1460083935.985957,262128.863498,5962435.016261,2244583.646947,-434.780420,18.694834,1.114579
1460084025.985957,222993.386149,5963989.135617,2244683.976048,-434.893748,15.841020,1.114970
1460084115.985957,183848.552209,5965286.380139,2244784.338224,-434.988344,12.986525,1.115314
1460084205.985957,144696.047707,5966326.693950,2244884.729153,-435.064204,10.131470,1.115609
1460084295.985957,105537.559002,5967110.032245,2244985.144511,-435.121326,7.275978,1.115856
1460084385.985957,66374.772711,5967636.361282,2245085.579974,-435.159706,4.420173,1.116056
1460084475.985957,27209.375635,5967905.658392,2245186.031214,-435.179343,1.564178,1.116207
1460084565.985957,-11956.945311,5967917.911977,2245286.493907,-435.180236,-1.291885,1.116310
1460084655.985957,-51122.503173,5967673.121507,2245386.963724,-435.162385,-4.147892,1.116365
1460084745.985957,-90285.611029,5967171.297528,2245487.436338,-435.125792,-7.003720,1.116372
1460084835.985957,-129444.582064,5966412.461653,2245587.907422,-435.070456,-9.859247,1.116331
1460084925.985957,-168597.729641,5965396.646566,2245688.372649,-434.996382,-12.714349,1.116242
1460085015.985957,-207743.367373,5964123.896020,2245788.827691,-434.903572,-15.568903,1.116105
1460085105.985957,-246879.809195,5962594.264835,2245889.268222,-434.792029,-18.422787,1.115919
1460085195.985957,-286005.369443,5960807.818895,2245989.689916,-434.661760,-21.275877,1.115686
1460085285.985957,-325118.362916,5958764.635143,2246090.088447,-434.512769,-24.128051,1.115404
1460085375.985957,-364217.104958,5956464.801583,2246190.459491,-434.345062,-26.979186,1.115075
1460085465.985957,-403299.911525,5953908.417273,2246290.798725,-434.158648,-29.829159,1.114697
1460085555.985957,-442365.099260,5951095.592321,2246391.101828,-433.953534,-32.677847,1.114272
1460085645.985957,-481410.985565,5948026.447878,2246491.364479,-433.729729,-35.525127,1.113798
1460085735.985957,-520435.888674,5944701.116137,2246591.582359,-433.487242,-38.370877,1.113277
1460085825.985957,-559438.127722,5941119.740327,2246691.751153,-433.226085,-41.214975,1.112707
1460085915.985957,-598416.022824,5937282.474702,2246791.866546,-432.946268,-44.057297,1.112090
1460086005.985957,-637367.895141,5933189.484539,2246891.924226,-432.647803,-46.897722,1.111425
1460086095.985957,-676292.066956,5928840.946130,2246991.919883,-432.330703,-49.736127,1.110712
1460086185.985957,-715186.861744,5924237.046773,2247091.849210,-431.994982,-52.572389,1.109951
1460086275.985957,-754050.604246,5919377.984765,2247191.707904,-431.640655,-55.406388,1.109142
1460086365.985957,-792881.620541,5914263.969393,2247291.491663,-431.267736,-58.237999,1.108285
1460086455.985957,-831678.238116,5908895.220926,2247391.196190,-430.876242,-61.067103,1.107381
1460086545.985957,-870438.785941,5903271.970605,2247490.817190,-430.466189,-63.893576,1.106429
1460086635.985957,-909161.594540,5897394.460631,2247590.350372,-430.037595,-66.717297,1.105429
1460086725.985957,-947844.996061,5891262.944158,2247689.791450,-429.590479,-69.538145,1.104382
1460086815.985957,-986487.324349,5884877.685280,2247789.136140,-429.124860,-72.355997,1.103287
1460086905.985957,-1025086.915021,5878238.959019,2247888.380163,-428.640758,-75.170733,1.102145
1460086995.985957,-1063642.105531,5871347.051317,2247987.519246,-428.138193,-77.982231,1.100955
1460087085.985957,-1102151.235248,5864202.259018,2248086.549117,-427.617188,-80.790370,1.099718
1460087175.985957,-1140612.645525,5856804.889860,2248185.465512,-427.077765,-83.595030,1.098433
1460087265.985957,-1179024.679768,5849155.262458,2248284.264170,-426.519947,-86.396089,1.097101
1460087355.985957,-1217385.683512,5841253.706294,2248382.940836,-425.943758,-89.193427,1.095722
1460087445.985957,-1255694.004489,5833100.561700,2248481.491260,-425.349223,-91.986923,1.094296
1460087535.985957,-1293947.992701,5824696.179845,2248579.911196,-424.736368,-94.776457,1.092822
1460087625.985957,-1332146.000488,5816040.922719,2248678.196407,-424.105218,-97.561909,1.091302
1460087715.985957,-1370286.382603,5807135.163117,2248776.342659,-423.455802,-100.343159,1.089734
1460087805.985957,-1408367.496282,5797979.284623,2248874.345723,-422.788146,-103.120087,1.088120
1460087895.985957,-1446387.701311,5788573.681596,2248972.201381,-422.102281,-105.892573,1.086458
1460087985.985957,-1484345.360101,5778918.759150,2249069.905416,-421.398235,-108.660499,1.084750
1460088075.985957,-1522238.837758,5769014.933136,2249167.453620,-420.676039,-111.423744,1.082995
1460088165.985957,-1560066.502150,5758862.630129,2249264.841792,-419.935723,-114.182190,1.081194
1460088255.985957,-1597826.723981,5748462.287404,2249362.065738,-419.177320,-116.935718,1.079346
1460088345.985957,-1635517.876861,5737814.352919,2249459.121269,-418.400863,-119.684209,1.077451
1460088435.985957,-1673138.337372,5726919.285297,2249556.004205,-417.606384,-122.427546,1.075510
1460088525.985957,-1710686.485143,5715777.553807,2249652.710375,-416.793919,-125.165609,1.073523
1460088615.985957,-1748160.702918,5704389.638339,2249749.235611,-415.963502,-127.898281,1.071489
1460088705.985957,-1785559.376624,5692756.029389,2249845.575758,-415.115168,-130.625445,1.069410
1460088795.985957,-1822880.895441,5680877.228035,2249941.726665,-414.248955,-133.346982,1.067284
1460088885.985957,-1860123.651875,5668753.745914,2250037.684191,-413.364899,-136.062775,1.065112
1460088975.985957,-1897286.041822,5656386.105204,2250133.444203,-412.463039,-138.772709,1.062894
1460089065.985957,-1934366.464641,5643774.838598,2250229.002576,-411.543414,-141.476665,1.060631
1460089155.985957,-1971363.323219,5630920.489283,2250324.355196,-410.606063,-144.174527,1.058322
1460089245.985957,-2008275.024046,5617823.610917,2250419.497954,-409.651026,-146.866180,1.055967
1460089335.985957,-2045099.977276,5604484.767601,2250514.426753,-408.678345,-149.551507,1.053567
1460089425.985957,-2081836.596803,5590904.533861,2250609.137505,-407.688062,-152.230392,1.051122
1460089515.985957,-2118483.300323,5577083.494617,2250703.626129,-406.680219,-154.902721,1.048631
1460089605.985957,-2155038.509406,5563022.245165,2250797.888557,-405.654859,-157.568378,1.046095
1460089695.985957,-2191500.649563,5548721.391143,2250891.920728,-404.612028,-160.227248,1.043514
1460089785.985957,-2227868.150311,5534181.548511,2250985.718591,-403.551769,-162.879217,1.040888
1460089875.985957,-2264139.445248,5519403.343523,2251079.278108,-402.474129,-165.524170,1.038217
1460089965.985957,-2300312.972112,5504387.412700,2251172.595249,-401.379153,-168.161994,1.035502
1460090055.985957,-2336387.172853,5489134.402800,2251265.665994,-400.266889,-170.792575,1.032742
1460090145.985957,-2372360.493700,5473644.970794,2251358.486334,-399.137385,-173.415800,1.029937
1460090235.985957,-2408231.385225,5457919.783837,2251451.052271,-397.990690,-176.031556,1.027088
1460090325.985957,-2443998.302415,5441959.519236,2251543.359819,-396.826853,-178.639729,1.024195
1460090415.985957,-2479659.704732,5425764.864424,2251635.405003,-395.645924,-181.240208,1.021258
1460090505.985957,-2515214.056184,5409336.516932,2251727.183856,-394.447953,-183.832881,1.018276
1460090595.985957,-2550659.825391,5392675.184352,2251818.692427,-393.232994,-186.417636,1.015251
1460090685.985957,-2585995.485649,5375781.584314,2251909.926773,-392.001097,-188.994362,1.012182
1460090775.985957,-2621219.514996,5358656.444453,2252000.882966,-390.752316,-191.562947,1.009070
1460090865.985957,-2656330.396277,5341300.502374,2252091.557088,-389.486704,-194.123282,1.005914
1460090955.985957,-2691326.617215,5323714.505624,2252181.945233,-388.204317,-196.675255,1.002715
1460091045.985957,-2726206.670466,5305899.211660,2252272.043509,-386.905209,-199.218757,0.999472
1460091135.985957,-2760969.053693,5287855.387813,2252361.848033,-385.589437,-201.753679,0.996187
1460091225.985957,-2795612.269626,5269583.811261,2252451.354940,-384.257057,-204.279910,0.992858
1460091315.985957,-2830134.826129,5251085.268986,2252540.560372,-382.908126,-206.797343,0.989487
1460091405.985957,-2864535.236260,5232360.557751,2252629.460489,-381.542703,-209.305869,0.986073
1460091495.985957,-2898812.018342,5213410.484058,2252718.051461,-380.160846,-211.805380,0.982617
1460091585.985957,-2932963.696021,5194235.864116,2252806.329472,-378.762615,-214.295768,0.979119
1460091675.985957,-2966988.798330,5174837.523805,2252894.290721,-377.348070,-216.776926,0.975578
1460091765.985957,-3000885.859755,5155216.298641,2252981.931418,-375.917272,-219.248747,0.971995
1460091855.985957,-3034653.420299,5135373.033743,2253069.247789,-374.470283,-221.711124,0.968371
1460091945.985957,-3068290.025539,5115308.583789,2253156.236072,-373.007164,-224.163953,0.964704
1460092035.985957,-3101794.226695,5095023.812986,2253242.892522,-371.527980,-226.607126,0.960996
1460092125.985957,-3135164.580689,5074519.595032,2253329.213405,-370.032794,-229.040539,0.957247
1460092215.985957,-3168399.650208,5053796.813074,2253415.195005,-368.521669,-231.464086,0.953457
1460092305.985957,-3201498.003767,5032856.359675,2253500.833617,-366.994672,-233.877664,0.949625
1460092395.985957,-3234458.215767,5011699.136773,2253586.125552,-365.451868,-236.281169,0.945753
1460092485.985957,-3267278.866562,4990326.055641,2253671.067138,-363.893323,-238.674497,0.941839
1460092575.985957,-3299958.542516,4968738.036853,2253755.654716,-362.319105,-241.057544,0.937886
1460092665.985957,-3332495.836063,4946936.010236,2253839.884642,-360.729281,-243.430209,0.933891
1460092755.985957,-3364889.345773,4924920.914839,2253923.753289,-359.123920,-245.792389,0.929857
1460092845.985957,-3397137.676407,4902693.698885,2254007.257043,-357.503091,-248.143983,0.925783
1460092935.985957,-3429239.438979,4880255.319735,2254090.392310,-355.866863,-250.484888,0.921668
1460093025.985957,-3461193.250816,4857606.743845,2254173.155507,-354.215308,-252.815004,0.917514
1460093115.985957,-3492997.735619,4834748.946724,2254255.543070,-352.548497,-255.134232,0.913321
1460093205.985957,-3524651.523519,4811682.912893,2254337.551451,-350.866500,-257.442470,0.909088
1460093295.985957,-3556153.251138,4788409.635842,2254419.177117,-349.169392,-259.739620,0.904816
1460093385.985957,-3587501.561648,4764930.117986,2254500.416552,-347.457243,-262.025583,0.900505
1460093475.985957,-3618695.104829,4741245.370625,2254581.266258,-345.730130,-264.300260,0.896155
1460093565.985957,-3649732.537127,4717356.413898,2254661.722752,-343.988125,-266.563553,0.891767
1460093655.985957,-3680612.521711,4693264.276739,2254741.782569,-342.231304,-268.815364,0.887340
1460093745.985957,-3711333.728532,4668969.996834,2254821.442260,-340.459743,-271.055598,0.882875
1460093835.985957,-3741894.834381,4644474.620575,2254900.698395,-338.673518,-273.284156,0.878372
1460093925.985957,-3772294.522943,4619779.203015,2254979.547559,-336.872705,-275.500944,0.873831
1460094015.985957,-3802531.484857,4594884.807826,2255057.986357,-335.057383,-277.705865,0.869252
1460094105.985957,-3832604.417771,4569792.507246,2255136.011411,-333.227629,-279.898826,0.864636
1460094195.985957,-3862512.026394,4544503.382040,2255213.619358,-331.383523,-282.079730,0.859983
1460094285.985957,-3892253.022563,4519018.521450,2255290.806857,-329.525143,-284.248485,0.855293
1460094375.985957,-3921826.125284,4493339.023149,2255367.570584,-327.652571,-286.404997,0.850566
1460094465.985957,-3951230.060799,4467465.993192,2255443.907231,-325.765886,-288.549173,0.845802
1460094555.985957,-3980463.562635,4441400.545970,2255519.813511,-323.865169,-290.680921,0.841002
1460094645.985957,-4009525.371660,4415143.804163,2255595.286155,-321.950503,-292.800149,0.836166
1460094735.985957,-4038414.236137,4388696.898690,2255670.321912,-320.021971,-294.906765,0.831293
1460094825.985957,-4067128.911777,4362060.968659,2255744.917549,-318.079654,-297.000680,0.826385
1460094915.985957,-4095668.161794,4335237.161321,2255819.069854,-316.123638,-299.081802,0.821441
1460095005.985957,-4124030.756960,4308226.632020,2255892.775633,-314.154005,-301.150042,0.816462
1460095095.985957,-4152215.475653,4281030.544140,2255966.031712,-312.170841,-303.205311,0.811448
1460095185.985957,-4180221.103914,4253650.069060,2256038.834935,-310.174232,-305.247520,0.806399
1460095275.985957,-4208046.435497,4226086.386098,2256111.182166,-308.164263,-307.276582,0.801315
1460095365.985957,-4235690.271921,4198340.682465,2256183.070290,-306.141020,-309.292410,0.796196
1460095455.985957,-4263151.422525,4170414.153212,2256254.496209,-304.104592,-311.294915,0.791043
1460095545.985957,-4290428.704513,4142308.001178,2256325.456849,-302.055066,-313.284013,0.785856
1460095635.985957,-4317520.943011,4114023.436937,2256395.949151,-299.992529,-315.259617,0.780636
1460095725.985957,-4344426.971114,4085561.678751,2256465.970080,-297.917072,-317.221642,0.775381
1460095815.985957,-4371145.629938,4056923.952511,2256535.516620,-295.828783,-319.170004,0.770094
1460095905.985957,-4397675.768669,4028111.491688,2256604.585776,-293.727751,-321.104619,0.764773
1460095995.985957,-4424016.244613,3999125.537280,2256673.174572,-291.614069,-323.025403,0.759419
1460096085.985957,-4450165.923244,3969967.337756,2256741.280055,-289.487826,-324.932274,0.754032
1460096175.985957,-4476123.678255,3940638.149006,2256808.899290,-287.349115,-326.825150,0.748613
1460096265.985957,-4501888.391607,3911139.234282,2256876.029367,-285.198027,-328.703949,0.743162
1460096355.985957,-4527458.953572,3881471.864150,2256942.667392,-283.034655,-330.568590,0.737679
1460096445.985957,-4552834.262786,3851637.316428,2257008.810496,-280.859093,-332.418993,0.732164
1460096535.985957,-4578013.226297,3821636.876137,2257074.455830,-278.671433,-334.255079,0.726617
1460096625.985957,-4602994.759606,3791471.835442,2257139.600566,-276.471770,-336.076767,0.721039
1460096715.985957,-4627777.786722,3761143.493598,2257204.241899,-274.260200,-337.883980,0.715430
1460096805.985957,-4652361.240199,3730653.156894,2257268.377044,-272.036817,-339.676640,0.709790
1460096895.985957,-4676744.061192,3700002.138596,2257332.003240,-269.801716,-341.454669,0.704120
1460096985.985957,-4700925.199493,3669191.758890,2257395.117744,-267.554995,-343.217992,0.698419
1460097075.985957,-4724903.613584,3638223.344828,2257457.717840,-265.296750,-344.966531,0.692689
1460097165.985957,-4748678.270678,3607098.230268,2257519.800831,-263.027078,-346.700213,0.686928
1460097255.985957,-4772248.146763,3575817.755815,2257581.364042,-260.746077,-348.418961,0.681138
1460097345.985957,-4795612.226648,3544383.268768,2257642.404822,-258.453845,-350.122702,0.675318
1460097435.985957,-4818769.504006,3512796.123061,2257702.920542,-256.150482,-351.811364,0.669470
1460097525.985957,-4841718.981417,3481057.679199,2257762.908595,-253.836085,-353.484872,0.663592
1460097615.985957,-4864459.670412,3449169.304206,2257822.366398,-251.510756,-355.143155,0.657686
1460097705.985957,-4886990.591514,3417132.371566,2257881.291390,-249.174593,-356.786141,0.651752
1460097795.985957,-4909310.774281,3384948.261156,2257939.681032,-246.827699,-358.413760,0.645789
1460097885.985957,-4931419.257348,3352618.359199,2257997.532810,-244.470172,-360.025941,0.639799
1460097975.985957,-4953315.088469,3320144.058191,2258054.844232,-242.102117,-361.622616,0.633781
1460098065.985957,-4974997.324556,3287526.756852,2258111.612829,-239.723633,-363.203715,0.627736
1460098155.985957,-4996465.031723,3254767.860060,2258167.836156,-237.334824,-364.769171,0.621664
1460098245.985957,-5017717.285320,3221868.778790,2258223.511792,-234.935793,-366.318915,0.615565
1460098335.985957,-5038753.169982,3188830.930057,2258278.637338,-232.526643,-367.852881,0.609440
1460098425.985957,-5059571.779660,3155655.736853,2258333.210420,-230.107477,-369.371003,0.603288
1460098515.985957,-5080172.217663,3122344.628085,2258387.228688,-227.678401,-370.873216,0.597110
1460098605.985957,-5100553.596701,3088899.038513,2258440.689815,-225.239518,-372.359455,0.590907
1460098695.985957,-5120715.038913,3055320.408691,2258493.591498,-222.790933,-373.829655,0.584678
1460098785.985957,-5140655.675917,3021610.184902,2258545.931459,-220.332753,-375.283755,0.578424
1460098875.985957,-5160374.648838,2987769.819098,2258597.707443,-217.865083,-376.721690,0.572145
1460098965.985957,-5179871.108350,2953800.768837,2258648.917219,-215.388028,-378.143399,0.565842
1460099055.985957,-5199144.214709,2919704.497217,2258699.558584,-212.901697,-379.548821,0.559514
1460099145.985957,-5218193.137793,2885482.472818,2258749.629354,-210.406196,-380.937895,0.553162
1460099235.985957,-5237017.057135,2851136.169635,2258799.127374,-207.901632,-382.310562,0.546786
1460099325.985957,-5255615.161961,2816667.067017,2258848.050512,-205.388113,-383.666762,0.540387
1460099415.985957,-5273986.651220,2782076.649602,2258896.396660,-202.865748,-385.006437,0.533964
1460099505.985957,-5292130.733625,2747366.407253,2258944.163736,-200.334646,-386.329529,0.527518
1460099595.985957,-5310046.627681,2712537.834992,2258991.349682,-197.794914,-387.635981,0.521050
1460099685.985957,-5327733.561724,2677592.432942,2259037.952466,-195.246663,-388.925737,0.514559
1460099775.985957,-5345190.773950,2642531.706254,2259083.970082,-192.690003,-390.198741,0.508046
1460099865.985957,-5362417.512449,2607357.165048,2259129.400545,-190.125043,-391.454939,0.501511
1460099955.985957,-5379413.035239,2572070.324347,2259174.241901,-187.551895,-392.694277,0.494955
1460100045.985957,-5396176.610296,2536672.704009,2259218.492218,-184.970668,-393.916700,0.488377
1460100135.985957,-5412707.515589,2501165.828664,2259262.149588,-182.381474,-395.122157,0.481778
1460100225.985957,-5429005.039104,2465551.227649,2259305.212133,-179.784425,-396.310595,0.475158
1460100315.985957,-5445068.478882,2429830.434940,2259347.677998,-177.179632,-397.481964,0.468518
1460100405.985957,-5460897.143047,2394004.989086,2259389.545352,-174.567207,-398.636212,0.461858
1460100495.985957,-5476490.349832,2358076.433146,2259430.812393,-171.947264,-399.773291,0.455178
1460100585.985957,-5491847.427615,2322046.314617,2259471.477344,-169.319915,-400.893151,0.448478
1460100675.985957,-5506967.714941,2285916.185372,2259511.538452,-166.685273,-401.995743,0.441759
1460100765.985957,-5521850.560558,2249687.601593,2259550.993993,-164.043451,-403.081021,0.435021
1460100855.985957,-5536495.323438,2213362.123700,2259589.842267,-161.394564,-404.148938,0.428264
1460100945.985957,-5550901.372808,2176941.316288,2259628.081600,-158.738726,-405.199448,0.421489
1460101035.985957,-5565068.088176,2140426.748057,2259665.710346,-156.076050,-406.232504,0.414695
1460101125.985957,-5578994.859362,2103819.991748,2259702.726883,-153.406652,-407.248064,0.407884
1460101215.985957,-5592681.086517,2067122.624068,2259739.129618,-150.730646,-408.246083,0.401055
1460101305.985957,-5606126.180155,2030336.225632,2259774.916982,-148.048148,-409.226518,0.394209
1460101395.985957,-5619329.561173,1993462.380885,2259810.087434,-145.359274,-410.189328,0.387346
1460101485.985957,-5632290.660883,1956502.678042,2259844.639459,-142.664139,-411.134469,0.380466
1460101575.985957,-5645008.921030,1919458.709015,2259878.571569,-139.962859,-412.061903,0.373570
1460101665.985957,-5657483.793817,1882332.069343,2259911.882302,-137.255550,-412.971588,0.366658
1460101755.985957,-5669714.741934,1845124.358130,2259944.570224,-134.542330,-413.863486,0.359730
1460101845.985957,-5681701.238574,1807837.177969,2259976.633926,-131.823314,-414.737558,0.352786
1460101935.985957,-5693442.767461,1770472.134876,2260008.072027,-129.098621,-415.593767,0.345827
1460102025.985957,-5704938.822868,1733030.838223,2260038.883173,-126.368368,-416.432076,0.338854
1460102115.985957,-5716188.909643,1695514.900662,2260069.066038,-123.632671,-417.252448,0.331865
1460102205.985957,-5727192.543226,1657925.938065,2260098.619320,-120.891650,-418.054849,0.324863
1460102295.985957,-5737949.249676,1620265.569446,2260127.541748,-118.145421,-418.839243,0.317846
1460102385.985957,-5748458.565682,1582535.416895,2260155.832075,-115.394104,-419.605597,0.310816
1460102475.985957,-5758720.038593,1544737.105509,2260183.489083,-112.637817,-420.353878,0.303772
1460102565.985957,-5768733.226432,1506872.263319,2260210.511580,-109.876678,-421.084054,0.296716
1460102655.985957,-5778497.697914,1468942.521222,2260236.898403,-107.110806,-421.796093,0.289646
1460102745.985957,-5788013.032469,1430949.512912,2260262.648414,-104.340321,-422.489965,0.282564
1460102835.985957,-5797278.820257,1392894.874806,2260287.760506,-101.565342,-423.165639,0.275470
1460102925.985957,-5806294.662186,1354780.245977,2260312.233595,-98.785989,-423.823087,0.268364
1460103015.985957,-5815060.169929,1316607.268080,2260336.066629,-96.002380,-424.462281,0.261247
1460103105.985957,-5823574.965942,1278377.585284,2260359.258580,-93.214637,-425.083192,0.254118
1460103195.985957,-5831838.683481,1240092.844202,2260381.808449,-90.422879,-425.685794,0.246978
1460103285.985957,-5839850.966614,1201754.693816,2260403.715265,-87.627226,-426.270061,0.239828
1460103375.985957,-5847611.470239,1163364.785411,2260424.978085,-84.827799,-426.835968,0.232667
1460103465.985957,-5855119.860099,1124924.772498,2260445.595993,-82.024718,-427.383490,0.225496
1460103555.985957,-5862375.812797,1086436.310749,2260465.568100,-79.218104,-427.912605,0.218316
1460103645.985957,-5869379.015808,1047901.057922,2260484.893546,-76.408078,-428.423289,0.211126
1460103735.985957,-5876129.167492,1009320.673789,2260503.571499,-73.594761,-428.915519,0.203927
1460103825.985957,-5882625.977111,970696.820067,2260521.601155,-70.778275,-429.389276,0.196719
1460103915.985957,-5888869.164835,932031.160346,2260538.981736,-67.958739,-429.844538,0.189503
1460104005.985957,-5894858.461763,893325.360015,2260555.712494,-65.136277,-430.281286,0.182279
1460104095.985957,-5900593.609925,854581.086193,2260571.792708,-62.311009,-430.699502,0.175046
1460104185.985957,-5906074.362299,815800.007657,2260587.221686,-59.483058,-431.099166,0.167807
1460104275.985957,-5911300.482822,776983.794766,2260601.998764,-56.652544,-431.480262,0.160560
1460104365.985957,-5916271.746396,738134.119396,2260616.123303,-53.819590,-431.842774,0.153306
1460104455.985957,-5920987.938900,699252.654863,2260629.594697,-50.984318,-432.186685,0.146045
1460104545.985957,-5925448.857202,660341.075851,2260642.412364,-48.146850,-432.511982,0.138778
1460104635.985957,-5929654.309163,621401.058341,2260654.575753,-45.307309,-432.818650,0.131506
1460104725.985957,-5933604.113646,582434.279542,2260666.084340,-42.465816,-433.106675,0.124227
1460104815.985957,-5937298.100529,543442.417813,2260676.937629,-39.622493,-433.376046,0.116943
1460104905.985957,-5940736.110705,504427.152593,2260687.135152,-36.777465,-433.626751,0.109655
1460104995.985957,-5943917.996094,465390.164330,2260696.676470,-33.930852,-433.858779,0.102361
1460105085.985957,-5946843.619647,426333.134408,2260705.561173,-31.082778,-434.072120,0.095063
1460105175.985957,-5949512.855354,387257.745074,2260713.788876,-28.233365,-434.266764,0.087761
1460105265.985957,-5951925.588244,348165.679365,2260721.359227,-25.382735,-434.442704,0.080455
1460105355.985957,-5954081.714400,309058.621037,2260728.271899,-22.531013,-434.599932,0.073146
1460105445.985957,-5955981.140953,269938.254492,2260734.526593,-19.678320,-434.738441,0.065833
1460105535.985957,-5957623.786091,230806.264705,2260740.123041,-16.824780,-434.858226,0.058518
1460105625.985957,-5959009.579064,191664.337149,2260745.061002,-13.970515,-434.959280,0.051200
1460105715.985957,-5960138.460183,152514.157731,2260749.340262,-11.115648,-435.041600,0.043880
1460105805.985957,-5961010.380825,113357.412708,2260752.960637,-8.260302,-435.105182,0.036558
1460105895.985957,-5961625.303436,74195.788621,2260755.921972,-5.404601,-435.150023,0.029235
1460105985.985957,-5961983.201530,35030.972223,2260758.224138,-2.548667,-435.176122,0.021910
1460106075.985957,-5962084.059692,-4135.349597,2260759.867037,0.307377,-435.183477,0.014584
1460106165.985957,-5961927.873577,-43301.489885,2260760.850597,3.163408,-435.172088,0.007258
1460106255.985957,-5961514.649913,-82465.761695,2260761.174777,6.019302,-435.141955,-0.000069
1460106345.985957,-5960844.406497,-121626.478160,2260760.839562,8.874937,-435.093080,-0.007395
1460106435.985957,-5959917.172199,-160781.952569,2260759.844966,11.730190,-435.025465,-0.014722
1460106525.985957,-5958732.986955,-199930.498433,2260758.191033,14.584938,-434.939113,-0.022047
1460106615.985957,-5957291.901771,-239070.429565,2260755.877833,17.439057,-434.834028,-0.029372
1460106705.985957,-5955593.978716,-278200.060147,2260752.905466,20.292426,-434.710213,-0.036695
1460106795.985957,-5953639.290922,-317317.704805,2260749.274060,23.144920,-434.567675,-0.044017
1460106885.985957,-5951427.922580,-356421.678682,2260744.983772,25.996417,-434.406419,-0.051337
1460106975.985957,-5948959.968939,-395510.297510,2260740.034785,28.846795,-434.226453,-0.058655
1460107065.985957,-5946235.536295,-434581.877679,2260734.427314,31.695930,-434.027783,-0.065970
1460107155.985957,-5943254.741996,-473634.736318,2260728.161599,34.543700,-433.810420,-0.073283
1460107245.985957,-5940017.714428,-512667.191359,2260721.237911,37.389983,-433.574372,-0.080592
1460107335.985957,-5936524.593014,-551677.561614,2260713.656547,40.234654,-433.319649,-0.087898
1460107425.985957,-5932775.528210,-590664.166846,2260705.417834,43.077593,-433.046262,-0.095200
1460107515.985957,-5928770.681493,-629625.327840,2260696.522128,45.918677,-432.754223,-0.102498
1460107605.985957,-5924510.225358,-668559.366481,2260686.969809,48.757782,-432.443545,-0.109791
1460107695.985957,-5919994.343310,-707464.605818,2260676.761292,51.594788,-432.114241,-0.117080
1460107785.985957,-5915223.229854,-746339.370142,2260665.897014,54.429571,-431.766325,-0.124364
1460107875.985957,-5910197.090490,-785181.985057,2260654.377443,57.262010,-431.399812,-0.131642
1460107965.985957,-5904916.141702,-823990.777552,2260642.203077,60.091982,-431.014718,-0.138915
1460108055.985957,-5899380.610947,-862764.076072,2260629.374439,62.919367,-430.611060,-0.146182
1460108145.985957,-5893590.736650,-901500.210590,2260615.892081,65.744041,-430.188855,-0.153442
1460108235.985957,-5887546.768190,-940197.512681,2260601.756585,68.565883,-429.748120,-0.160696
1460108325.985957,-5881248.965890,-978854.315593,2260586.968558,71.384773,-429.288876,-0.167943
1460108415.985957,-5874697.601006,-1017468.954318,2260571.528638,74.200587,-428.811142,-0.175182
1460108505.985957,-5867892.955715,-1056039.765662,2260555.437491,77.013206,-428.314938,-0.182414
1460108595.985957,-5860835.323103,-1094565.088321,2260538.695808,79.822508,-427.800286,-0.189639
1460108685.985957,-5853525.007155,-1133043.262951,2260521.304310,82.628371,-427.267208,-0.196855
1460108775.985957,-5845962.322737,-1171472.632236,2260503.263748,85.430676,-426.715726,-0.204062
1460108865.985957,-5838147.595585,-1209851.540964,2260484.574897,88.229301,-426.145866,-0.211261
1460108955.985957,-5830081.162291,-1248178.336096,2260465.238564,91.024126,-425.557651,-0.218451
1460109045.985957,-5821763.370290,-1286451.366837,2260445.255579,93.815030,-424.951106,-0.225631
1460109135.985957,-5813194.577841,-1324668.984709,2260424.626805,96.601893,-424.326258,-0.232802
1460109225.985957,-5804375.154016,-1362829.543620,2260403.353129,99.384596,-423.683134,-0.239962
1460109315.985957,-5795305.478680,-1400931.399935,2260381.435468,102.163018,-423.021760,-0.247113
1460109405.985957,-5785985.942480,-1438972.912549,2260358.874765,104.937040,-422.342167,-0.254252
1460109495.985957,-5776416.946821,-1476952.442954,2260335.671993,107.706542,-421.644383,-0.261381
1460109585.985957,-5766598.903856,-1514868.355314,2260311.828150,110.471405,-420.928438,-0.268498
1460109675.985957,-5756532.236461,-1552719.016530,2260287.344264,113.231509,-420.194363,-0.275604
1460109765.985957,-5746217.378226,-1590502.796317,2260262.221389,115.986737,-419.442189,-0.282698
1460109855.985957,-5735654.773425,-1628218.067270,2260236.460607,118.736969,-418.671950,-0.289780
1460109945.985957,-5724844.877008,-1665863.204931,2260210.063027,121.482086,-417.883677,-0.296849
1460110035.985957,-5713788.154572,-1703436.587868,2260183.029787,124.221972,-417.077406,-0.303906
1460110125.985957,-5702485.082349,-1740936.597736,2260155.362050,126.956507,-416.253170,-0.310949
1460110215.985957,-5690936.147178,-1778361.619353,2260127.061009,129.685573,-415.411006,-0.317979
1460110305.985957,-5679141.846492,-1815710.040763,2260098.127881,132.409054,-414.550950,-0.324995
1460110395.985957,-5667102.688287,-1852980.253313,2260068.563915,135.126832,-413.673038,-0.331998
1460110485.985957,-5654819.191110,-1890170.651717,2260038.370381,137.838790,-412.777308,-0.338986
1460110575.985957,-5642291.884029,-1927279.634128,2260007.548582,140.544810,-411.863800,-0.345959
1460110665.985957,-5629521.306616,-1964305.602202,2259976.099844,143.244778,-410.932552,-0.352918
1460110755.985957,-5616508.008918,-2001246.961176,2259944.025522,145.938575,-409.983604,-0.359861
1460110845.985957,-5603252.551439,-2038102.119927,2259911.326998,148.626087,-409.016998,-0.366789
1460110935.985957,-5589755.505112,-2074869.491047,2259878.005678,151.307197,-408.032775,-0.373701
1460111025.985957,-5576017.451275,-2111547.490907,2259844.063000,153.981790,-407.030977,-0.380597
1460111115.985957,-5562038.981647,-2148134.539731,2259809.500424,156.649751,-406.011648,-0.387477
1460111205.985957,-5547820.698303,-2184629.061655,2259774.319440,159.310965,-404.974832,-0.394339
1460111295.985957,-5533363.213647,-2221029.484806,2259738.521562,161.965317,-403.920572,-0.401185
1460111385.985957,-5518667.150384,-2257334.241361,2259702.108332,164.612693,-402.848915,-0.408014
1460111475.985957,-5503733.141498,-2293541.767617,2259665.081319,167.252978,-401.759906,-0.414825
1460111565.985957,-5488561.830217,-2329650.504060,2259627.442116,169.886060,-400.653593,-0.421618
1460111655.985957,-5473153.869996,-2365658.895432,2259589.192347,172.511825,-399.530024,-0.428393
1460111745.985957,-5457509.924477,-2401565.390794,2259550.333656,175.130159,-398.389246,-0.435150
1460111835.985957,-5441630.667471,-2437368.443598,2259510.867720,177.740950,-397.231309,-0.441888
1460111925.985957,-5425516.782921,-2473066.511752,2259470.796236,180.344086,-396.056262,-0.448606
1460112015.985957,-5409168.964878,-2508658.057685,2259430.120931,182.939454,-394.864157,-0.455306
1460112105.985957,-5392587.917466,-2544141.548412,2259388.843557,185.526942,-393.655044,-0.461986
1460112195.985957,-5375774.354858,-2579515.455607,2259346.965892,188.106440,-392.428976,-0.468646
1460112285.985957,-5358729.001240,-2614778.255658,2259304.489739,190.677835,-391.186005,-0.475285
1460112375.985957,-5341452.590781,-2649928.429744,2259261.416928,193.241018,-389.926185,-0.481905
1460112465.985957,-5323945.867604,-2684964.463892,2259217.749314,195.795877,-388.649571,-0.488503
1460112555.985957,-5306209.585749,-2719884.849045,2259173.488777,198.342303,-387.356217,-0.495081
1460112645.985957,-5288244.509147,-2754688.081128,2259128.637224,200.880187,-386.046179,-0.501637
1460112735.985957,-5270051.411580,-2789372.661112,2259083.196587,203.409418,-384.719513,-0.508171
1460112825.985957,-5251631.076653,-2823937.095079,2259037.168822,205.929888,-383.376277,-0.514684
1460112915.985957,-5232984.297760,-2858379.894285,2258990.555913,208.441488,-382.016528,-0.521175
1460113005.985957,-5214111.878044,-2892699.575225,2258943.359866,210.944110,-380.640325,-0.527643
1460113095.985957,-5195014.630372,-2926894.659697,2258895.582715,213.437647,-379.247727,-0.534088
1460113185.985957,-5175693.377291,-2960963.674866,2258847.226517,215.921991,-377.838795,-0.540510
1460113275.985957,-5156148.950996,-2994905.153327,2258798.293355,218.397034,-376.413589,-0.546910
1460113365.985957,-5136382.193298,-3028717.633168,2258748.785337,220.862671,-374.972169,-0.553285
1460113455.985957,-5116393.955580,-3062399.658033,2258698.704594,223.318795,-373.514599,-0.559637
1460113545.985957,-5096185.098767,-3095949.777185,2258648.053284,225.765300,-372.040942,-0.565964
1460113635.985957,-5075756.493286,-3129366.545568,2258596.833588,228.202081,-370.551260,-0.572268
1460113725.985957,-5055109.019029,-3162648.523870,2258545.047713,230.629033,-369.045617,-0.578546
1460113815.985957,-5034243.565314,-3195794.278585,2258492.697888,233.046051,-367.524080,-0.584800
1460113905.985957,-5013161.030848,-3228802.382074,2258439.786369,235.453032,-365.986712,-0.591028
1460113995.985957,-4991862.323689,-3261671.412628,2258386.315434,237.849872,-364.433581,-0.597231
1460114085.985957,-4970348.361205,-3294399.954524,2258332.287386,240.236467,-362.864753,-0.603408
1460114175.985957,-4948620.070036,-3326986.598096,2258277.704553,242.612715,-361.280296,-0.609560
1460114265.985957,-4926678.386053,-3359429.939785,2258222.569285,244.978512,-359.680278,-0.615685
1460114355.985957,-4904524.254318,-3391728.582207,2258166.883957,247.333759,-358.064768,-0.621783
1460114445.985957,-4882158.629045,-3423881.134208,2258110.650967,249.678352,-356.433836,-0.627855
1460114535.985957,-4859582.473555,-3455886.210930,2258053.872737,252.012191,-354.787552,-0.633900
1460114625.985957,-4836796.760237,-3487742.433862,2257996.551713,254.335176,-353.125986,-0.639917
1460114715.985957,-4813802.470509,-3519448.430910,2257938.690363,256.647206,-351.449211,-0.645907
1460114805.985957,-4790600.594770,-3551002.836446,2257880.291179,258.948182,-349.757298,-0.651869
1460114895.985957,-4767192.132360,-3582404.291373,2257821.356678,261.238005,-348.050320,-0.657803
1460114985.985957,-4743578.091518,-3613651.443182,2257761.889397,263.516575,-346.328352,-0.663708
1460115075.985957,-4719759.489338,-3644742.946009,2257701.891897,265.783796,-344.591466,-0.669585
1460115165.985957,-4695737.351723,-3675677.460696,2257641.366762,268.039569,-342.839739,-0.675434
1460115255.985957,-4671512.713345,-3706453.654845,2257580.316600,270.283797,-341.073245,-0.681253
1460115345.985957,-4647086.617595,-3737070.202877,2257518.744040,272.516383,-339.292060,-0.687042
1460115435.985957,-4622460.116544,-3767525.786091,2257456.651733,274.737232,-337.496262,-0.692803
1460115525.985957,-4597634.270893,-3797819.092717,2257394.042354,276.946247,-335.685927,-0.698533
1460115615.985957,-4572610.149930,-3827948.817976,2257330.918600,279.143334,-333.861133,-0.704233
1460115705.985957,-4547388.831483,-3857913.664133,2257267.283190,281.328398,-332.021960,-0.709903
1460115795.985957,-4521971.401872,-3887712.340556,2257203.138863,283.501344,-330.168486,-0.715542
1460115885.985957,-4496358.955865,-3917343.563771,2257138.488383,285.662080,-328.300791,-0.721151
1460115975.985957,-4470552.596631,-3946806.057515,2257073.334535,287.810512,-326.418955,-0.726728
1460116065.985957,-4444553.435690,-3976098.552792,2257007.680124,289.946547,-324.523061,-0.732274
1460116155.985957,-4418362.592865,-4005219.787928,2256941.527979,292.070094,-322.613188,-0.737789
1460116245.985957,-4391981.196236,-4034168.508629,2256874.880948,294.181061,-320.689420,-0.743272
1460116335.985957,-4365410.382091,-4062943.468026,2256807.741902,296.279357,-318.751840,-0.748723
1460116425.985957,-4338651.294877,-4091543.426739,2256740.113733,298.364892,-316.800530,-0.754141
1460116515.985957,-4311705.087147,-4119967.152922,2256671.999353,300.437576,-314.835575,-0.759527
1460116605.985957,-4284572.919519,-4148213.422322,2256603.401697,302.497319,-312.857060,-0.764881
1460116695.985957,-4257255.960615,-4176281.018327,2256534.323718,304.544034,-310.865069,-0.770201
1460116785.985957,-4229755.387020,-4204168.732025,2256464.768392,306.577631,-308.859690,-0.775488
1460116875.985957,-4202072.383226,-4231875.362246,2256394.738715,308.598024,-306.841007,-0.780742
1460116965.985957,-4174208.141583,-4259399.715624,2256324.237703,310.605125,-304.809108,-0.785962
1460117055.985957,-4146163.862246,-4286740.606642,2256253.268392,312.598847,-302.764080,-0.791149
1460117145.985957,-4117940.753126,-4313896.857686,2256181.833839,314.579106,-300.706012,-0.796301
1460117235.985957,-4089540.029837,-4340867.299093,2256109.937121,316.545815,-298.634992,-0.801419
1460117325.985957,-4060962.915641,-4367650.769206,2256037.581335,318.498889,-296.551109,-0.806503
1460117415.985957,-4032210.641399,-4394246.114419,2255964.769596,320.438246,-294.454453,-0.811551
1460117505.985957,-4003284.445516,-4420652.189228,2255891.505041,322.363801,-292.345115,-0.816565
1460117595.985957,-3974185.573888,-4446867.856283,2255817.790825,324.275471,-290.223185,-0.821544
1460117685.985957,-3944915.279849,-4472891.986436,2255743.630124,326.173174,-288.088755,-0.826487
1460117775.985957,-3915474.824115,-4498723.458786,2255669.026131,328.056829,-285.941916,-0.831395
1460117865.985957,-3885865.474732,-4524361.160732,2255593.982060,329.926353,-283.782761,-0.836267
1460117955.985957,-3856088.507021,-4549803.988018,2255518.501142,331.781667,-281.611383,-0.841102
1460118045.985957,-3826145.203521,-4575050.844782,2255442.586630,333.622691,-279.427876,-0.845902
1460118135.985957,-3796036.853939,-4600100.643603,2255366.241792,335.449345,-277.232334,-0.850665
1460118225.985957,-3765764.755085,-4624952.305548,2255289.469916,337.261550,-275.024850,-0.855392
1460118315.985957,-3735330.210828,-4649604.760217,2255212.274310,339.059230,-272.805521,-0.860081
1460118405.985957,-3704734.532030,-4674056.945790,2255134.658298,340.842305,-270.574442,-0.864734
1460118495.985957,-3673979.036493,-4698307.809074,2255056.625223,342.610700,-268.331708,-0.869349
1460118585.985957,-3643065.048905,-4722356.305546,2254978.178446,344.364338,-266.077418,-0.873927
1460118675.985957,-3611993.900779,-4746201.399401,2254899.321346,346.103144,-263.811666,-0.878468
1460118765.985957,-3580766.930398,-4769842.063594,2254820.057319,347.827042,-261.534552,-0.882970
1460118855.985957,-3549385.482755,-4793277.279885,2254740.389779,349.535960,-259.246174,-0.887434
1460118945.985957,-3517850.909499,-4816506.038881,2254660.322157,351.229822,-256.946629,-0.891861
1460119035.985957,-3486164.568871,-4839527.340086,2254579.857903,352.908556,-254.636017,-0.896248
1460119125.985957,-3454327.825652,-4862340.191935,2254499.000481,354.572090,-252.314438,-0.900598
1460119215.985957,-3422342.051100,-4884943.611844,2254417.753375,356.220351,-249.981991,-0.904908
1460119305.985957,-3390208.622891,-4907336.626248,2254336.120083,357.853270,-247.638777,-0.909180
1460119395.985957,-3357928.925062,-4929518.270647,2254254.104121,359.470776,-245.284896,-0.913412
1460119485.985957,-3325504.347949,-4951487.589641,2254171.709023,361.072798,-242.920451,-0.917605
1460119575.985957,-3292936.288130,-4973243.636978,2254088.938336,362.659269,-240.545543,-0.921758
1460119665.985957,-3260226.148360,-4994785.475592,2254005.795626,364.230119,-238.160274,-0.925872
1460119755.985957,-3227375.337517,-5016112.177642,2253922.284474,365.785282,-235.764748,-0.929946
1460119845.985957,-3194385.270536,-5037222.824554,2253838.408477,367.324689,-233.359066,-0.933979
1460119935.985957,-3161257.368349,-5058116.507061,2253754.171247,368.848275,-230.943334,-0.937973
1460120025.985957,-3127993.057827,-5078792.325238,2253669.576413,370.355974,-228.517654,-0.941926
1460120115.985957,-3094593.771715,-5099249.388545,2253584.627617,371.847722,-226.082132,-0.945839
1460120205.985957,-3061060.948573,-5119486.815867,2253499.328519,373.323453,-223.636872,-0.949711
1460120295.985957,-3027396.032710,-5139503.735545,2253413.682793,374.783105,-221.181979,-0.953542
1460120385.985957,-2993600.474128,-5159299.285420,2253327.694128,376.226615,-218.717560,-0.957331
1460120475.985957,-2959675.728452,-5178872.612866,2253241.366226,377.653919,-216.243721,-0.961080
1460120565.985957,-2925623.256875,-5198222.874830,2253154.702807,379.064958,-213.760567,-0.964787
1460120655.985957,-2891444.526089,-5217349.237866,2253067.707602,380.459669,-211.268207,-0.968453
1460120745.985957,-2857141.008224,-5236250.878173,2252980.384360,381.837994,-208.766747,-0.972077
1460120835.985957,-2822714.180787,-5254926.981627,2252892.736840,383.199872,-206.256295,-0.975659
1460120925.985957,-2788165.526594,-5273376.743819,2252804.768819,384.545246,-203.736959,-0.979199
1460121015.985957,-2753496.533709,-5291599.370091,2252716.484084,385.874056,-201.208848,-0.982697
1460121105.985957,-2718708.695379,-5309594.075564,2252627.886438,387.186246,-198.672071,-0.986153
1460121195.985957,-2683803.509972,-5327360.085179,2252538.979698,388.481759,-196.126736,-0.989566
1460121285.985957,-2648782.480905,-5344896.633727,2252449.767692,389.760540,-193.572954,-0.992936
1460121375.985957,-2613647.116591,-5362202.965881,2252360.254263,391.022534,-191.010834,-0.996264
1460121465.985957,-2578398.930363,-5379278.336231,2252270.443267,392.267685,-188.440488,-0.999549
1460121555.985957,-2543039.440416,-5396122.009314,2252180.338571,393.495941,-185.862025,-1.002791
1460121645.985957,-2507570.169736,-5412733.259646,2252089.944056,394.707248,-183.275556,-1.005989
1460121735.985957,-2471992.646042,-5429111.371757,2251999.263617,395.901555,-180.681194,-1.009144
1460121825.985957,-2436308.401711,-5445255.640214,2251908.301157,397.078809,-178.079049,-1.012256
1460121915.985957,-2400518.973719,-5461165.369660,2251817.060597,398.238961,-175.469235,-1.015324
1460122005.985957,-2364625.903573,-5476839.874837,2251725.545864,399.381960,-172.851862,-1.018349
1460122095.985957,-2328630.737243,-5492278.480621,2251633.760901,400.507757,-170.227045,-1.021329
1460122185.985957,-2292535.025096,-5507480.522047,2251541.709660,401.616304,-167.594895,-1.024266
1460122275.985957,-2256340.321829,-5522445.344339,2251449.396108,402.707552,-164.955527,-1.027159
1460122365.985957,-2220048.186407,-5537172.302938,2251356.824219,403.781455,-162.309054,-1.030007
1460122455.985957,-2183660.181986,-5551660.763534,2251263.997981,404.837966,-159.655590,-1.032811
1460122545.985957,-2147177.875854,-5565910.102084,2251170.921392,405.877041,-156.995250,-1.035570
1460122635.985957,-2110602.839361,-5579919.704847,2251077.598460,406.898634,-154.328148,-1.038285
1460122725.985957,-2073936.647851,-5593688.968410,2250984.033206,407.902701,-151.654398,-1.040955
1460122815.985957,-2037180.880592,-5607217.299706,2250890.229659,408.889199,-148.974116,-1.043580
1460122905.985957,-2000337.120713,-5620504.116052,2250796.191860,409.858085,-146.287418,-1.046161
1460122995.985957,-1963406.955132,-5633548.845163,2250701.923858,410.809319,-143.594419,-1.048696
1460123085.985957,-1926391.974487,-5646350.925182,2250607.429714,411.742858,-140.895235,-1.051186
1460123175.985957,-1889293.773072,-5658909.804703,2250512.713497,412.658662,-138.189983,-1.053631
1460123265.985957,-1852113.948764,-5671224.942798,2250417.779289,413.556693,-135.478779,-1.056030
1460123355.985957,-1814854.102954,-5683295.809032,2250322.631176,414.436912,-132.761739,-1.058384
1460123445.985957,-1777515.840483,-5695121.883496,2250227.273258,415.299280,-130.038981,-1.060692
1460123535.985957,-1740100.769567,-5706702.656822,2250131.709641,416.143760,-127.310622,-1.062955
1460123625.985957,-1702610.501731,-5718037.630208,2250035.944441,416.970316,-124.576780,-1.065172
1460123715.985957,-1665046.651739,-5729126.315439,2249939.981784,417.778913,-121.837572,-1.067343
1460123805.985957,-1627410.837524,-5739968.234909,2249843.825802,418.569515,-119.093116,-1.069468
1460123895.985957,-1589704.680119,-5750562.921639,2249747.480637,419.342089,-116.343530,-1.071547
1460123985.985957,-1551929.803586,-5760909.919300,2249650.950438,420.096602,-113.588934,-1.073580
1460124075.985957,-1514087.834949,-5771008.782230,2249554.239364,420.833020,-110.829445,-1.075566
1460124165.985957,-1476180.404119,-5780859.075456,2249457.351579,421.551312,-108.065182,-1.077506
1460124255.985957,-1438209.143827,-5790460.374710,2249360.291257,422.251447,-105.296265,-1.079400
1460124345.985957,-1400175.689556,-5799812.266449,2249263.062577,422.933395,-102.522813,-1.081248
1460124435.985957,-1362081.679464,-5808914.347874,2249165.669729,423.597127,-99.744945,-1.083048
1460124525.985957,-1323928.754320,-5817766.226943,2249068.116906,424.242614,-96.962781,-1.084803
1460124615.985957,-1285718.557429,-5826367.522391,2248970.408311,424.869828,-94.176440,-1.086510
1460124705.985957,-1247452.734563,-5834717.863749,2248872.548151,425.478742,-91.386043,-1.088171
1460124795.985957,-1209132.933891,-5842816.891354,2248774.540642,426.069331,-88.591710,-1.089784
1460124885.985957,-1170760.805906,-5850664.256368,2248676.390005,426.641567,-85.793561,-1.091351
1460124975.985957,-1132338.003356,-5858259.620793,2248578.100467,427.195428,-82.991717,-1.092871
1460125065.985957,-1093866.181168,-5865602.657484,2248479.676262,427.730889,-80.186298,-1.094344
1460125155.985957,-1055346.996385,-5872693.050167,2248381.121628,428.247927,-77.377426,-1.095769
1460125245.985957,-1016782.108088,-5879530.493446,2248282.440812,428.746519,-74.565220,-1.097148
1460125335.985957,-978173.177325,-5886114.692823,2248183.638062,429.226644,-71.749804,-1.098479
1460125425.985957,-939521.867044,-5892445.364705,2248084.717636,429.688283,-68.931296,-1.099763
1460125515.985957,-900829.842015,-5898522.236421,2247985.683792,430.131413,-66.109820,-1.100999
1460125605.985957,-862098.768765,-5904345.046231,2247886.540797,430.556018,-63.285496,-1.102188
1460125695.985957,-823330.315501,-5909913.543337,2247787.292921,430.962077,-60.458447,-1.103330
1460125785.985957,-784526.152040,-5915227.487895,2247687.944438,431.349575,-57.628793,-1.104424
1460125875.985957,-745687.949738,-5920286.651025,2247588.499628,431.718493,-54.796658,-1.105470
1460125965.985957,-706817.381415,-5925090.814822,2247488.962774,432.068817,-51.962162,-1.106469
1460126055.985957,-667916.121288,-5929639.772363,2247389.338162,432.400531,-49.125428,-1.107420
1460126145.985957,-628985.844894,-5933933.327717,2247289.630085,432.713621,-46.286578,-1.108324
1460126235.985957,-590028.229021,-5937971.295954,2247189.842835,433.008073,-43.445734,-1.109180
1460126325.985957,-551044.951633,-5941753.503152,2247089.980712,433.283875,-40.603020,-1.109988
1460126415.985957,-512037.691800,-5945279.786406,2246990.048017,433.541014,-37.758556,-1.110748
1460126505.985957,-473008.129625,-5948549.993833,2246890.049053,433.779480,-34.912466,-1.111460
1460126595.985957,-433957.946173,-5951563.984581,2246789.988127,433.999263,-32.064872,-1.112125
1460126685.985957,-394888.823394,-5954321.628832,2246689.869550,434.200353,-29.215898,-1.112741
1460126775.985957,-355802.444057,-5956822.807810,2246589.697634,434.382741,-26.365664,-1.113310
1460126865.985957,-316700.491673,-5959067.413785,2246489.476693,434.546419,-23.514296,-1.113831
1460126955.985957,-277584.650422,-5961055.350079,2246389.211043,434.691381,-20.661914,-1.114303
1460127045.985957,-238456.605086,-5962786.531069,2246288.905004,434.817620,-17.808643,-1.114728
1460127135.985957,-199318.040968,-5964260.882190,2246188.562895,434.925131,-14.954604,-1.115105
1460127225.985957,-160170.643829,-5965478.339938,2246088.189039,435.013909,-12.099922,-1.115433
1460127315.985957,-121016.099807,-5966438.851877,2245987.787758,435.083950,-9.244718,-1.115714
1460127405.985957,-81856.095349,-5967142.376635,2245887.363377,435.135252,-6.389116,-1.115947
1460127495.985957,-42692.317137,-5967588.883910,2245786.920222,435.167811,-3.533239,-1.116131
1460127585.985957,-3526.452015,-5967778.354472,2245686.462618,435.181627,-0.677209,-1.116268
1460127675.985957,35639.813083,-5967710.780159,2245585.994892,435.176699,2.178849,-1.116356
1460127765.985957,74804.791203,-5967386.163881,2245485.521372,435.153028,5.034814,-1.116396
1460127855.985957,113966.795451,-5966804.519620,2245385.046385,435.110614,7.890562,-1.116389
1460127945.985957,153124.139058,-5965965.872429,2245284.574259,435.049458,10.745970,-1.116333
1460128035.985957,192275.135456,-5964870.258429,2245184.109320,434.969565,13.600915,-1.116229
1460128125.985957,231418.098352,-5963517.724811,2245083.655897,434.870937,16.455274,-1.116077
1460128215.985957,270551.341797,-5961908.329829,2244983.218316,434.753578,19.308925,-1.115877
1460128305.985957,309673.180263,-5960042.142803,2244882.800902,434.617494,22.161744,-1.115628
1460128395.985957,348781.928710,-5957919.244113,2244782.407982,434.462690,25.013608,-1.115332
1460128485.985957,387875.902665,-5955539.725195,2244682.043878,434.289173,27.864395,-1.114988
1460128575.985957,426953.418290,-5952903.688539,2244581.712914,434.096950,30.713982,-1.114596
1460128665.985957,466012.792456,-5950011.247682,2244481.419411,433.886031,33.562246,-1.114155
1460128755.985957,505052.342814,-5946862.527207,2244381.167689,433.656423,36.409064,-1.113667
1460128845.985957,544070.387871,-5943457.662734,2244280.962065,433.408137,39.254314,-1.113131
1460128935.985957,583065.247059,-5939796.800915,2244180.806856,433.141183,42.097874,-1.112547
1460129025.985957,622035.240810,-5935880.099431,2244080.706376,432.855573,44.939620,-1.111915
1460129115.985957,660978.690625,-5931707.726978,2243980.664936,432.551320,47.779430,-1.111235
1460129205.985957,699893.919150,-5927279.863268,2243880.686844,432.228436,50.617183,-1.110507
1460129295.985957,738779.250245,-5922596.699015,2243780.776407,431.886935,53.452755,-1.109731
1460129385.985957,777633.009059,-5917658.435931,2243680.937929,431.526832,56.286026,-1.108908
1460129475.985957,816453.522101,-5912465.286715,2243581.175709,431.148143,59.116871,-1.108036
1460129565.985957,855239.117311,-5907017.475042,2243481.494044,430.750883,61.945171,-1.107117
1460129655.985957,893988.124133,-5901315.235560,2243381.897228,430.335070,64.770803,-1.106151
1460129745.985957,932698.873588,-5895358.813871,2243282.389551,429.900723,67.593644,-1.105136
1460129835.985957,971369.698343,-5889148.466530,2243182.975297,429.447858,70.413575,-1.104075
1460129925.985957,1009998.932787,-5882684.461024,2243083.658750,428.976497,73.230472,-1.102965
1460130015.985957,1048584.913098,-5875967.075768,2242984.444187,428.486659,76.044216,-1.101808
1460130105.985957,1087125.977319,-5868996.600091,2242885.335881,427.978365,78.854684,-1.100604
1460130195.985957,1125620.465426,-5861773.334222,2242786.338101,427.451638,81.661755,-1.099352
1460130285.985957,1164066.719402,-5854297.589278,2242687.455110,426.906499,84.465310,-1.098053
1460130375.985957,1202463.083307,-5846569.687251,2242588.691168,426.342973,87.265226,-1.096706
1460130465.985957,1240807.903351,-5838589.960993,2242490.050529,425.761084,90.061384,-1.095313
1460130555.985957,1279099.527962,-5830358.754205,2242391.537442,425.160857,92.853662,-1.093872
1460130645.985957,1317336.307861,-5821876.421415,2242293.156148,424.542317,95.641941,-1.092384
1460130735.985957,1355516.596132,-5813143.327973,2242194.910887,423.905492,98.426101,-1.090849
1460130825.985957,1393638.748289,-5804159.850026,2242096.805888,423.250408,101.206022,-1.089267
1460130915.985957,1431701.122352,-5794926.374505,2241998.845378,422.577094,103.981583,-1.087638
1460131005.985957,1469702.078916,-5785443.299111,2241901.033576,421.885580,106.752666,-1.085962
1460131095.985957,1507639.981222,-5775711.032295,2241803.374696,421.175894,109.519150,-1.084239
1460131185.985957,1545513.195224,-5765729.993241,2241705.872942,420.448067,112.280918,-1.082470
1460131275.985957,1583320.089666,-5755500.611847,2241608.532515,419.702131,115.037849,-1.080654
1460131365.985957,1621059.036145,-5745023.328709,2241511.357607,418.938118,117.789826,-1.078792
1460131455.985957,1658728.409186,-5734298.595099,2241414.352404,418.156060,120.536729,-1.076883
1460131545.985957,1696326.586312,-5723326.872948,2241317.521084,417.355992,123.278440,-1.074928
1460131635.985957,1733851.948110,-5712108.634826,2241220.867817,416.537948,126.014842,-1.072926
1460131725.985957,1771302.878306,-5700644.363918,2241124.396766,415.701962,128.745816,-1.070878
1460131815.985957,1808677.763829,-5688934.554011,2241028.112088,414.848072,131.471245,-1.068784
1460131905.985957,1845974.994886,-5676979.709461,2240932.017927,413.976314,134.191011,-1.066644
1460131995.985957,1883192.965027,-5664780.345185,2240836.118425,413.086725,136.904997,-1.064459
1460132085.985957,1920330.071216,-5652336.986626,2240740.417710,412.179343,139.613087,-1.062227
1460132175.985957,1957384.713901,-5639650.169739,2240644.919905,411.254209,142.315163,-1.059949
1460132265.985957,1994355.297081,-5626720.440967,2240549.629124,410.311361,145.011109,-1.057626
1460132355.985957,2031240.228375,-5613548.357211,2240454.549470,409.350840,147.700810,-1.055258
1460132445.985957,2068037.919093,-5600134.485814,2240359.685038,408.372688,150.384149,-1.052843
1460132535.985957,2104746.784301,-5586479.404532,2240265.039916,407.376947,153.061010,-1.050384
1460132625.985957,2141365.242891,-5572583.701511,2240170.618178,406.363660,155.731279,-1.047879
1460132715.985957,2177891.717650,-5558447.975260,2240076.423892,405.332869,158.394841,-1.045329
1460132805.985957,2214324.635325,-5544072.834626,2239982.461116,404.284621,161.051580,-1.042734
1460132895.985957,2250662.426695,-5529458.898770,2239888.733895,403.218959,163.701382,-1.040095
1460132985.985957,2286903.526635,-5514606.797135,2239795.246268,402.135930,166.344134,-1.037410
1460133075.985957,2323046.374185,-5499517.169426,2239702.002260,401.035580,168.979721,-1.034681
1460133165.985957,2359089.412615,-5484190.665576,2239609.005888,399.917958,171.608029,-1.031907
1460133255.985957,2395031.089496,-5468627.945720,2239516.261157,398.783110,174.228946,-1.029089
1460133345.985957,2430869.856766,-5452829.680170,2239423.772063,397.631086,176.842359,-1.026226
1460133435.985957,2466604.170792,-5436796.549381,2239331.542587,396.461935,179.448155,-1.023319
1460133525.985957,2502232.492442,-5420529.243925,2239239.576704,395.275708,182.046222,-1.020368
1460133615.985957,2537753.287150,-5404028.464459,2239147.878374,394.072456,184.636448,-1.017374
1460133705.985957,2573165.024979,-5387294.921699,2239056.451547,392.852230,187.218721,-1.014335
1460133795.985957,2608466.180692,-5370329.336383,2238965.300160,391.615084,189.792931,-1.011253
1460133885.985957,2643655.233813,-5353132.439246,2238874.428139,390.361071,192.358966,-1.008127
1460133975.985957,2678730.668695,-5335704.970984,2238783.839400,389.090243,194.916715,-1.004957
1460134065.985957,2713690.974585,-5318047.682227,2238693.537842,387.802658,197.466069,-1.001745
1460134155.985957,2748534.645687,-5300161.333499,2238603.527356,386.498369,200.006918,-0.998489
1460134245.985957,2783260.181232,-5282046.695195,2238513.811819,385.177432,202.539153,-0.995190
1460134335.985957,2817866.085537,-5263704.547539,2238424.395094,383.839906,205.062664,-0.991849
1460134425.985957,2852350.868071,-5245135.680557,2238335.281033,382.485847,207.577342,-0.988464
1460134515.985957,2886713.043522,-5226340.894038,2238246.473475,381.115314,210.083080,-0.985037
1460134605.985957,2920951.131858,-5207320.997502,2238157.976244,379.728366,212.579769,-0.981568
1460134695.985957,2955063.658391,-5188076.810167,2238069.793152,378.325062,215.067302,-0.978056
1460134785.985957,2989049.153842,-5168609.160908,2237981.927997,376.905463,217.545572,-0.974503
1460134875.985957,3022906.154403,-5148918.888229,2237894.384564,375.469630,220.014471,-0.970907
1460134965.985957,3056633.201801,-5129006.840219,2237807.166623,374.017625,222.473895,-0.967269
1460135055.985957,3090228.843359,-5108873.874521,2237720.277931,372.549511,224.923736,-0.963590
1460135145.985957,3123691.632061,-5088520.858293,2237633.722231,371.065350,227.363889,-0.959870
1460135235.985957,3157020.126613,-5067948.668171,2237547.503249,369.565207,229.794249,-0.956107
1460135325.985957,3190212.891505,-5047158.190231,2237461.624701,368.049146,232.214712,-0.952304
1460135415.985957,3223268.497074,-5026150.319951,2237376.090285,366.517233,234.625173,-0.948460
1460135505.985957,3256185.519562,-5004925.962174,2237290.903684,364.969533,237.025528,-0.944575
1460135595.985957,3288962.541184,-4983486.031063,2237206.068568,363.406114,239.415674,-0.940649
1460135685.985957,3321598.150182,-4961831.450071,2237121.588592,361.827042,241.795509,-0.936683
1460135775.985957,3354090.940890,-4939963.151895,2237037.467393,360.232385,244.164928,-0.932676
1460135865.985957,3386439.513792,-4917882.078434,2236953.708595,358.622213,246.523831,-0.928629
1460135955.985957,3418642.475586,-4895589.180756,2236870.315805,356.996594,248.872116,-0.924543
1460136045.985957,3450698.439241,-4873085.419050,2236787.292616,355.355599,251.209682,-0.920416
1460136135.985957,3482606.024056,-4850371.762589,2236704.642603,353.699299,253.536427,-0.916250
1460136225.985957,3514363.855723,-4827449.189683,2236622.369326,352.027763,255.852253,-0.912044
1460136315.985957,3545970.566382,-4804318.687644,2236540.476329,350.341066,258.157058,-0.907799
1460136405.985957,3577424.794684,-4780981.252739,2236458.967139,348.639279,260.450744,-0.903515
1460136495.985957,3608725.185845,-4757437.890146,2236377.845267,346.922475,262.733213,-0.899192
1460136585.985957,3639870.391711,-4733689.613916,2236297.114206,345.190729,265.004365,-0.894830
1460136675.985957,3670859.070807,-4709737.446923,2236216.777435,343.444115,267.264102,-0.890430
1460136765.985957,3701689.888405,-4685582.420823,2236136.838412,341.682708,269.512329,-0.885991
1460136855.985957,3732361.516573,-4661225.576012,2236057.300582,339.906585,271.748947,-0.881514
1460136945.985957,3762872.634237,-4636667.961576,2235978.167370,338.115821,273.973860,-0.876999
1460137035.985957,3793221.927235,-4611910.635250,2235899.442184,336.310494,276.186973,-0.872447
1460137125.985957,3823408.088377,-4586954.663371,2235821.128416,334.490682,278.388190,-0.867857
1460137215.985957,3853429.817497,-4561801.120830,2235743.229437,332.656462,280.577416,-0.863229
1460137305.985957,3883285.821514,-4536451.091029,2235665.748605,330.807915,282.754558,-0.858565
1460137395.985957,3912974.814482,-4510905.665834,2235588.689255,328.945119,284.919520,-0.853863
1460137485.985957,3942495.517653,-4485165.945525,2235512.054707,327.068155,287.072211,-0.849124
1460137575.985957,3971846.659521,-4459233.038753,2235435.848262,325.177103,289.212538,-0.844349
1460137665.985957,4001026.975890,-4433108.062488,2235360.073202,323.272046,291.340407,-0.839538
1460137755.985957,4030035.209916,-4406792.141971,2235284.732790,321.353065,293.455728,-0.834690
1460137845.985957,4058870.112172,-4380286.410673,2235209.830273,319.420243,295.558409,-0.829807
1460137935.985957,4087530.440692,-4353592.010235,2235135.368875,317.473663,297.648360,-0.824888
1460138025.985957,4116014.961032,-4326710.090425,2235061.351804,315.513408,299.725492,-0.819933
1460138115.985957,4144322.446320,-4299641.809091,2234987.782248,313.539564,301.789713,-0.814943
1460138205.985957,4172451.677308,-4272388.332105,2234914.663376,311.552216,303.840936,-0.809918
1460138295.985957,4200401.442427,-4244950.833317,2234841.998337,309.551448,305.879072,-0.804858
1460138385.985957,4228170.537838,-4217330.494501,2234769.790261,307.537348,307.904033,-0.799763
1460138475.985957,4255757.767482,-4189528.505309,2234698.042258,305.510001,309.915732,-0.794634
1460138565.985957,4283161.943134,-4161546.063216,2234626.757419,303.469496,311.914083,-0.789470
1460138655.985957,4310381.884455,-4133384.373468,2234555.938813,301.415920,313.898999,-0.784273
1460138745.985957,4337416.419039,-4105044.649033,2234485.589492,299.349361,315.870395,-0.779042
1460138835.985957,4364264.382467,-4076528.110548,2234415.712484,297.269909,317.828186,-0.773777
1460138925.985957,4390924.618356,-4047835.986262,2234346.310801,295.177653,319.772288,-0.768479
1460139015.985957,4417395.978408,-4018969.511992,2234277.387430,293.072683,321.702616,-0.763148
1460139105.985957,4443677.322460,-3989929.931059,2234208.945341,290.955090,323.619089,-0.757784
1460139195.985957,4469767.518536,-3960718.494245,2234140.987481,288.824965,325.521622,-0.752387
1460139285.985957,4495665.442888,-3931336.459730,2234073.516778,286.682400,327.410135,-0.746958
1460139375.985957,4521369.980054,-3901785.093046,2234006.536138,284.527488,329.284546,-0.741497
1460139465.985957,4546880.022899,-3872065.667014,2233940.048446,282.360320,331.144774,-0.736003
1460139555.985957,4572194.472666,-3842179.461696,2233874.056565,280.180990,332.990739,-0.730478
1460139645.985957,4597312.239024,-3812127.764338,2233808.563337,277.989593,334.822362,-0.724922
1460139735.985957,4622232.240110,-3781911.869312,2233743.571585,275.786222,336.639563,-0.719334
1460139825.985957,4646953.402581,-3751533.078065,2233679.084106,273.570973,338.442265,-0.713716
1460139915.985957,4671474.661660,-3720992.699057,2233615.103679,271.343941,340.230389,-0.708067
1460140005.985957,4695794.961177,-3690292.047711,2233551.633060,269.105221,342.003860,-0.702387
1460140095.985957,4719913.253619,-3659432.446350,2233488.674981,266.854911,343.762599,-0.696677
1460140185.985957,4743828.500174,-3628415.224145,2233426.232155,264.593106,345.506533,-0.690937
1460140275.985957,4767539.670776,-3597241.717057,2233364.307272,262.319906,347.235584,-0.685167
1460140365.985957,4791045.744148,-3565913.267776,2233302.902998,260.035406,348.949680,-0.679367
1460140455.985957,4814345.707846,-3534431.225667,2233242.021978,257.739707,350.648746,-0.673539
1460140545.985957,4837438.558305,-3502796.946711,2233181.666835,255.432906,352.332709,-0.667681
1460140635.985957,4860323.300881,-3471011.793445,2233121.840169,253.115104,354.001496,-0.661795
1460140725.985957,4882998.949891,-3439077.134904,2233062.544555,250.786399,355.655037,-0.655880
1460140815.985957,4905464.528661,-3406994.346565,2233003.782548,248.446893,357.293258,-0.649937
1460140905.985957,4927719.069564,-3374764.810281,2232945.556679,246.096686,358.916090,-0.643966
1460140995.985957,4949761.614062,-3342389.914230,2232887.869456,243.735879,360.523464,-0.637967
1460141085.985957,4971591.212748,-3309871.052849,2232830.723364,241.364574,362.115308,-0.631941
1460141175.985957,4993206.925387,-3277209.626773,2232774.120864,238.982873,363.691556,-0.625887
1460141265.985957,5014607.820959,-3244407.042784,2232718.064393,236.590878,365.252140,-0.619806
1460141355.985957,5035792.977692,-3211464.713737,2232662.556367,234.188693,366.796991,-0.613699
1460141445.985957,5056761.483110,-3178384.058510,2232607.599176,231.776422,368.326044,-0.607566
1460141535.985957,5077512.434065,-3145166.501939,2232553.195188,229.354167,369.839232,-0.601406
1460141625.985957,5098044.936784,-3111813.474755,2232499.346745,226.922034,371.336491,-0.595220
1460141715.985957,5118358.106899,-3078326.413524,2232446.056167,224.480127,372.817756,-0.589009
1460141805.985957,5138451.069490,-3044706.760586,2232393.325749,222.028551,374.282963,-0.582772
1460141895.985957,5158322.959123,-3010955.963992,2232341.157763,219.567412,375.732049,-0.576510
1460141985.985957,5177972.919883,-2977075.477440,2232289.554455,217.096816,377.164952,-0.570224
1460142075.985957,5197400.105418,-2943066.760216,2232238.518048,214.616869,378.581609,-0.563912
1460142165.985957,5216603.678969,-2908931.277128,2232188.050741,212.127678,379.981961,-0.557577
1460142255.985957,5235582.813406,-2874670.498443,2232138.154707,209.629351,381.365946,-0.551217
1460142345.985957,5254336.691271,-2840285.899827,2232088.832095,207.121995,382.733505,-0.544834
1460142435.985957,5272864.504803,-2805778.962278,2232040.085029,204.605717,384.084579,-0.538427
1460142525.985957,5291165.455983,-2771151.172062,2231991.915610,202.080627,385.419110,-0.531997
1460142615.985957,5309238.756558,-2736404.020652,2231944.325912,199.546833,386.737041,-0.525545
1460142705.985957,5327083.628085,-2701539.004663,2231897.317984,197.004444,388.038314,-0.519069
1460142795.985957,5344699.301957,-2666557.625783,2231850.893852,194.453570,389.322873,-0.512571
1460142885.985957,5362085.019440,-2631461.390716,2231805.055515,191.894320,390.590664,-0.506051
1460142975.985957,5379240.031703,-2596251.811110,2231759.804948,189.326806,391.841632,-0.499510
1460143065.985957,5396163.599855,-2560930.403497,2231715.144099,186.751136,393.075722,-0.492946
1460143155.985957,5412854.994970,-2525498.689224,2231671.074892,184.167423,394.292882,-0.486362
1460143245.985957,5429313.498125,-2489958.194390,2231627.599226,181.575778,395.493059,-0.479757
1460143335.985957,5445538.400426,-2454310.449779,2231584.718972,178.976312,396.676202,-0.473131
1460143425.985957,5461529.003041,-2418556.990795,2231542.435978,176.369137,397.842259,-0.466484
1460143515.985957,5477284.617231,-2382699.357394,2231500.752065,173.754366,398.991181,-0.459818
1460143605.985957,5492804.564377,-2346739.094022,2231459.669028,171.132110,400.122917,-0.453131
1460143695.985957,5508088.176011,-2310677.749540,2231419.188638,168.502484,401.237420,-0.446425
1460143785.985957,5523134.793844,-2274516.877168,2231379.312637,165.865600,402.334640,-0.439700
1460143875.985957,5537943.769794,-2238258.034410,2231340.042743,163.221572,403.414532,-0.432956
1460143965.985957,5552514.466017,-2201902.782992,2231301.380647,160.570514,404.477047,-0.426194
1460144055.985957,5566846.254929,-2165452.688789,2231263.328016,157.912540,405.522141,-0.419413
1460144145.985957,5580938.519240,-2128909.321763,2231225.886487,155.247764,406.549769,-0.412613
1460144235.985957,5594790.651971,-2092274.255895,2231189.057674,152.576302,407.559886,-0.405797
1460144325.985957,5608402.056492,-2055549.069114,2231152.843162,149.898268,408.552449,-0.398962
1460144415.985957,5621772.146538,-2018735.343228,2231117.244512,147.213777,409.527415,-0.392111
1460144505.985957,5634900.346238,-1981834.663864,2231082.263258,144.522946,410.484742,-0.385242
1460144595.985957,5647786.090141,-1944848.620391,2231047.900904,141.825890,411.424388,-0.378357
1460144685.985957,5660428.823237,-1907778.805854,2231014.158933,139.122725,412.346314,-0.371456
1460144775.985957,5672828.000984,-1870626.816908,2230981.038797,136.413568,413.250480,-0.364539
1460144865.985957,5684983.089331,-1833394.253746,2230948.541922,133.698536,414.136846,-0.357606
1460144955.985957,5696893.564739,-1796082.720033,2230916.669709,130.977744,415.005375,-0.350657
1460145045.985957,5708558.914206,-1758693.822835,2230885.423530,128.251312,415.856028,-0.343694
1460145135.985957,5719978.635286,-1721229.172548,2230854.804731,125.519355,416.688770,-0.336715
1460145225.985957,5731152.236116,-1683690.382834,2230824.814631,122.781993,417.503565,-0.329723
1460145315.985957,5742079.235429,-1646079.070546,2230795.454522,120.039341,418.300377,-0.322716
1460145405.985957,5752759.162585,-1608396.855661,2230766.725668,117.291520,419.079173,-0.315695
1460145495.985957,5763191.557581,-1570645.361212,2230738.629306,114.538646,419.839918,-0.308660
1460145585.985957,5773375.971079,-1532826.213213,2230711.166648,111.780840,420.582580,-0.301612
1460145675.985957,5783311.964419,-1494941.040594,2230684.338875,109.018218,421.307126,-0.294552
1460145765.985957,5792999.109644,-1456991.475127,2230658.147144,106.250901,422.013527,-0.287478
1460145855.985957,5802436.989513,-1418979.151360,2230632.592582,103.479008,422.701750,-0.280392
1460145945.985957,5811625.197522,-1380905.706541,2230607.676291,100.702658,423.371767,-0.273294
1460146035.985957,5820563.337920,-1342772.780554,2230583.399342,97.921970,424.023549,-0.266185
1460146125.985957,5829251.025728,-1304582.015841,2230559.762783,95.137064,424.657068,-0.259063
1460146215.985957,5837687.886754,-1266335.057340,2230536.767631,92.348061,425.272296,-0.251931
1460146305.985957,5845873.557609,-1228033.552404,2230514.414877,89.555081,425.869206,-0.244788
1460146395.985957,5853807.685723,-1189679.150740,2230492.705483,86.758243,426.447774,-0.237634
1460146485.985957,5861489.929362,-1151273.504331,2230471.640385,83.957668,427.007975,-0.230470
1460146575.985957,5868919.957640,-1112818.267368,2230451.220490,81.153477,427.549783,-0.223296
1460146665.985957,5876097.450532,-1074315.096176,2230431.446677,78.345790,428.073176,-0.216113
1460146755.985957,5883022.098895,-1035765.649149,2230412.319799,75.534730,428.578131,-0.208920
1460146845.985957,5889693.604472,-997171.586669,2230393.840678,72.720415,429.064627,-0.201718
1460146935.985957,5896111.679912,-958534.571042,2230376.010112,69.902969,429.532642,-0.194507
1460147025.985957,5902276.048777,-919856.266426,2230358.828867,67.082512,429.982157,-0.187289
1460147115.985957,5908186.445559,-881138.338754,2230342.297685,64.259165,430.413151,-0.180062
1460147205.985957,5913842.615689,-842382.455667,2230326.417277,61.433051,430.825607,-0.172827
1460147295.985957,5919244.315545,-803590.286441,2230311.188327,58.604290,431.219507,-0.165585
1460147385.985957,5924391.312469,-764763.501916,2230296.611491,55.773006,431.594833,-0.158335
1460147475.985957,5929283.384772,-725903.774421,2230282.687397,52.939319,431.951570,-0.151079
1460147565.985957,5933920.321744,-687012.777704,2230269.416645,50.103352,432.289702,-0.143817
1460147655.985957,5938301.923665,-648092.186861,2230256.799807,47.265227,432.609215,-0.136548
1460147745.985957,5942428.001812,-609143.678262,2230244.837426,44.425066,432.910095,-0.129273
1460147835.985957,5946298.378470,-570168.929479,2230233.530016,41.582992,433.192328,-0.121993
1460147925.985957,5949912.886936,-531169.619216,2230222.878066,38.739127,433.455904,-0.114707
1460148015.985957,5953271.371526,-492147.427233,2230212.882035,35.893593,433.700809,-0.107417
1460148105.985957,5956373.687585,-453104.034276,2230203.542352,33.046513,433.927035,-0.100122
1460148195.985957,5959219.701493,-414041.122006,2230194.859420,30.198010,434.134570,-0.092822
1460148285.985957,5961809.290666,-374960.372921,2230186.833613,27.348206,434.323407,-0.085519
1460148375.985957,5964142.343568,-335863.470289,2230179.465277,24.497224,434.493537,-0.078212
1460148465.985957,5966218.759709,-296752.098077,2230172.754729,21.645188,434.644952,-0.070901
1460148555.985957,5968038.449656,-257627.940870,2230166.702258,18.792218,434.777647,-0.063588
1460148645.985957,5969601.335032,-218492.683806,2230161.308126,15.938440,434.891615,-0.056272
1460148735.985957,5970907.348521,-179348.012503,2230156.572563,13.083975,434.986851,-0.048953
1460148825.985957,5971956.433870,-140195.612981,2230152.495776,10.228946,435.063352,-0.041632
1460148915.985957,5972748.545894,-101037.171595,2230149.077938,7.373477,435.121114,-0.034310
1460149005.985957,5973283.650476,-61874.374959,2230146.319197,4.517690,435.160135,-0.026986
1460149095.985957,5973561.724568,-22708.909876,2230144.219673,1.661708,435.180413,-0.019660
1460149185.985957,5973582.756192,16457.536736,2230142.779456,-1.194344,435.181947,-0.012334
1460149275.985957,5973346.744444,55623.277919,2230141.998607,-4.050346,435.164737,-0.005008
1460149365.985957,5972853.699487,94786.626743,2230141.877160,-6.906173,435.128783,0.002319
1460149455.985957,5972103.642559,133945.896382,2230142.415121,-9.761703,435.074089,0.009646
1460149545.985957,5971096.605966,173099.400187,2230143.612467,-12.616812,435.000654,0.016972
1460149635.985957,5969832.633082,212245.451754,2230145.469146,-15.471378,434.908484,0.024298
1460149725.985957,5968311.778348,251382.365002,2230147.985078,-18.325277,434.797581,0.031622
1460149815.985957,5966534.107271,290508.454245,2230151.160155,-21.178387,434.667951,0.038945
1460149905.985957,5964499.696416,329622.034262,2230154.994239,-24.030585,434.519599,0.046267
1460149995.985957,5962208.633410,368721.420368,2230159.487167,-26.881748,434.352532,0.053586
1460150085.985957,5959661.016932,407804.928494,2230164.638744,-29.731753,434.166757,0.060904
1460150175.985957,5956856.956712,446870.875252,2230170.448749,-32.580477,433.962281,0.068218
1460150265.985957,5953796.573525,485917.578012,2230176.916932,-35.427798,433.739114,0.075530
1460150355.985957,5950479.999186,524943.354971,2230184.043013,-38.273594,433.497265,0.082838
1460150445.985957,5946907.376546,563946.525229,2230191.826687,-41.117740,433.236744,0.090143
1460150535.985957,5943078.859482,602925.408859,2230200.267617,-43.960116,432.957564,0.097444
1460150625.985957,5938994.612896,641878.326980,2230209.365441,-46.800598,432.659735,0.104741
1460150715.985957,5934654.812701,680803.601830,2230219.119766,-49.639065,432.343271,0.112033
1460150805.985957,5930059.645820,719699.556836,2230229.530173,-52.475393,432.008185,0.119320
1460150895.985957,5925209.310174,758564.516690,2230240.596213,-55.309461,431.654493,0.126602
1460150985.985957,5920104.014674,797396.807418,2230252.317409,-58.141147,431.282208,0.133879
1460151075.985957,5914743.979214,836194.756452,2230264.693257,-60.970329,430.891347,0.141150
1460151165.985957,5909129.434657,874956.692706,2230277.723224,-63.796885,430.481926,0.148415
1460151255.985957,5903260.622832,913680.946642,2230291.406748,-66.620693,430.053965,0.155674
1460151345.985957,5897137.796517,952365.850346,2230305.743241,-69.441631,429.607480,0.162926
1460151435.985957,5890761.219432,991009.737601,2230320.732084,-72.259578,429.142491,0.170170
1460151525.985957,5884131.166226,1029610.943954,2230336.372633,-75.074414,428.659019,0.177408
1460151615.985957,5877247.922465,1068167.806792,2230352.664213,-77.886015,428.157083,0.184638
1460151705.985957,5870111.784622,1106678.665410,2230369.606123,-80.694262,427.636706,0.191860
1460151795.985957,5862723.060061,1145141.861086,2230387.197634,-83.499033,427.097911,0.199073
1460151885.985957,5855082.067026,1183555.737151,2230405.437987,-86.300208,426.540719,0.206278
1460151975.985957,5847189.134626,1221918.639060,2230424.326398,-89.097666,425.965156,0.213475
1460152065.985957,5839044.602822,1260228.914463,2230443.862052,-91.891286,425.371245,0.220662
1460152155.985957,5830648.822411,1298484.913277,2230464.044108,-94.680948,424.759014,0.227839
1460152245.985957,5822002.155014,1336684.987758,2230484.871697,-97.466532,424.128487,0.235007
1460152335.985957,5813104.973055,1374827.492568,2230506.343922,-100.247918,423.479692,0.242164
1460152425.985957,5803957.659749,1412910.784851,2230528.459859,-103.024987,422.812658,0.249312
1460152515.985957,5794560.609087,1450933.224301,2230551.218554,-105.797618,422.127412,0.256448
1460152605.985957,5784914.225812,1488893.173233,2230574.619027,-108.565692,421.423984,0.263573
1460152695.985957,5775018.925411,1526788.996652,2230598.660272,-111.329089,420.702406,0.270687
1460152785.985957,5764875.134088,1564619.062327,2230623.341251,-114.087692,419.962706,0.277790
1460152875.985957,5754483.288752,1602381.740858,2230648.660903,-116.841381,419.204919,0.284880
1460152965.985957,5743843.836998,1640075.405748,2230674.618136,-119.590037,418.429075,0.291958
1460153055.985957,5732957.237081,1677698.433474,2230701.211833,-122.333543,417.635210,0.299024
1460153145.985957,5721823.957905,1715249.203552,2230728.440848,-125.071779,416.823356,0.306076
1460153235.985957,5710444.478998,1752726.098612,2230756.304009,-127.804628,415.993549,0.313116
1460153325.985957,5698819.290491,1790127.504468,2230784.800116,-130.531973,415.145824,0.320142
1460153415.985957,5686948.893099,1827451.810182,2230813.927941,-133.253695,414.280218,0.327154
1460153505.985957,5674833.798099,1864697.408139,2230843.686229,-135.969678,413.396769,0.334152
1460153595.985957,5662474.527306,1901862.694114,2230874.073700,-138.679804,412.495514,0.341136
1460153685.985957,5649871.613053,1938946.067339,2230905.089043,-141.383958,411.576492,0.348105
1460153775.985957,5637025.598168,1975945.930577,2230936.730925,-144.082021,410.639743,0.355059
1460153865.985957,5623937.035948,2012860.690186,2230968.997981,-146.773879,409.685307,0.361998
1460153955.985957,5610606.490138,2049688.756190,2231001.888821,-149.459415,408.713225,0.368921
1460154045.985957,5597034.534905,2086428.542348,2231035.402030,-152.138514,407.723540,0.375828
1460154135.985957,5583221.754814,2123078.466220,2231069.536164,-154.811060,406.716293,0.382719
1460154225.985957,5569168.744803,2159636.949237,2231104.289753,-157.476937,405.691528,0.389594
1460154315.985957,5554876.110157,2196102.416769,2231139.661299,-160.136032,404.649289,0.396451
1460154405.985957,5540344.466482,2232473.298191,2231175.649280,-162.788230,403.589622,0.403292
1460154495.985957,5525574.439678,2268748.026953,2231212.252146,-165.433416,402.512571,0.410116
1460154585.985957,5510566.665914,2304925.040647,2231249.468319,-168.071477,401.418184,0.416921
1460154675.985957,5495321.791596,2341002.781072,2231287.296197,-170.702299,400.306507,0.423709
1460154765.985957,5479840.473347,2376979.694305,2231325.734151,-173.325768,399.177588,0.430478
1460154855.985957,5464123.377969,2412854.230763,2231364.780526,-175.941772,398.031475,0.437229
1460154945.985957,5448171.182423,2448624.845276,2231404.433639,-178.550197,396.868219,0.443962
1460155035.985957,5431984.573795,2484289.997148,2231444.691782,-181.150933,395.687869,0.450675
1460155125.985957,5415564.249266,2519848.150224,2231485.553223,-183.743865,394.490477,0.457368
1460155215.985957,5398910.916085,2555297.772961,2231527.016200,-186.328884,393.276093,0.464042
1460155305.985957,5382025.291538,2590637.338488,2231569.078928,-188.905877,392.044770,0.470696
1460155395.985957,5364908.102915,2625865.324675,2231611.739596,-191.474734,390.796561,0.477330
1460155485.985957,5347560.087478,2660980.214199,2231654.996365,-194.035344,389.531520,0.483943
1460155575.985957,5329981.992435,2695980.494607,2231698.847374,-196.587596,388.249701,0.490535
1460155665.985957,5312174.574901,2730864.658383,2231743.290732,-199.131381,386.951159,0.497106
1460155755.985957,5294138.601868,2765631.203011,2231788.324527,-201.666589,385.635951,0.503656
1460155845.985957,5275874.850175,2800278.631043,2231833.946818,-204.193111,384.304133,0.510184
1460155935.985957,5257384.106469,2834805.450160,2231880.155640,-206.710838,382.955763,0.516690
1460156025.985957,5238667.167176,2869210.173239,2231926.949004,-209.219661,381.590898,0.523173
1460156115.985957,5219724.838462,2903491.318415,2231974.324893,-211.719473,380.209597,0.529635
1460156205.985957,5200557.936203,2937647.409147,2232022.281268,-214.210167,378.811920,0.536073
1460156295.985957,5181167.285948,2971676.974278,2232070.816063,-216.691633,377.397927,0.542488
1460156385.985957,5161553.722882,3005578.548102,2232119.927187,-219.163767,375.967679,0.548880
1460156475.985957,5141718.091791,3039350.670426,2232169.612525,-221.626461,374.521237,0.555249
1460156565.985957,5121661.247027,3072991.886633,2232219.869937,-224.079609,373.058664,0.561593
1460156655.985957,5101384.052469,3106500.747742,2232270.697259,-226.523105,371.580023,0.567913
1460156745.985957,5080887.381487,3139875.810477,2232322.092302,-228.956845,370.085378,0.574209
1460156835.985957,5060172.116905,3173115.637320,2232374.052851,-231.380723,368.574792,0.580480
1460156925.985957,5039239.150961,3206218.796582,2232426.576669,-233.794636,367.048331,0.586726
1460157015.985957,5018089.385271,3239183.862458,2232479.661494,-236.198478,365.506061,0.592947
1460157105.985957,4996723.730787,3272009.415091,2232533.305038,-238.592147,363.948048,0.599142
1460157195.985957,4975143.107761,3304694.040634,2232587.504993,-240.975540,362.374359,0.605312
1460157285.985957,4953348.445704,3337236.331310,2232642.259023,-243.348553,360.785062,0.611455
1460157375.985957,4931340.683347,3369634.885471,2232697.564770,-245.711085,359.180226,0.617572
1460157465.985957,4909120.768598,3401888.307663,2232753.419853,-248.063034,357.559919,0.623662
1460157555.985957,4886689.658502,3433995.208679,2232809.821864,-250.404298,355.924211,0.629726
1460157645.985957,4864048.319202,3465954.205627,2232866.768376,-252.734777,354.273174,0.635762
1460157735.985957,4841197.725896,3497763.921983,2232924.256935,-255.054371,352.606877,0.641771
1460157825.985957,4818138.862795,3529422.987652,2232982.285065,-257.362978,350.925393,0.647753
1460157915.985957,4794872.723079,3560930.039030,2233040.850267,-259.660501,349.228794,0.653706
1460158005.985957,4771400.308856,3592283.719060,2233099.950019,-261.946840,347.517153,0.659632
1460158095.985957,4747722.631122,3623482.677289,2233159.581775,-264.221896,345.790544,0.665529
1460158185.985957,4723840.709708,3654525.569931,2233219.742967,-266.485572,344.049041,0.671397
1460158275.985957,4699755.573247,3685411.059921,2233280.431003,-268.737770,342.292719,0.677236
1460158365.985957,4675468.259123,3716137.816971,2233341.643270,-270.978393,340.521655,0.683046
1460158455.985957,4650979.813429,3746704.517633,2233403.377131,-273.207344,338.735924,0.688827
1460158545.985957,4626291.290919,3777109.845352,2233465.629927,-275.424529,336.935602,0.694578
1460158635.985957,4601403.754966,3807352.490524,2233528.398977,-277.629850,335.120769,0.700299
1460158725.985957,4576318.277515,3837431.150551,2233591.681578,-279.823213,333.291501,0.705990
1460158815.985957,4551035.939037,3867344.529898,2233655.475004,-282.004523,331.447878,0.711651
1460158905.985957,4525557.828481,3897091.340150,2233719.776507,-284.173688,329.589979,0.717281
1460158995.985957,4499885.043228,3926670.300066,2233784.583318,-286.330612,327.717884,0.722880
1460159085.985957,4474018.689045,3956080.135633,2233849.892645,-288.475204,325.831674,0.728448
1460159175.985957,4447959.880037,3985319.580126,2233915.701676,-290.607371,323.931429,0.733985
1460159265.985957,4421709.738596,4014387.374156,2233982.007576,-292.727021,322.017232,0.739489
1460159355.985957,4395269.395357,4043282.265727,2234048.807490,-294.834062,320.089166,0.744963
1460159445.985957,4368639.989146,4072003.010293,2234116.098539,-296.928405,318.147313,0.750404
1460159535.985957,4341822.666933,4100548.370806,2234183.877827,-299.009959,316.191757,0.755812
1460159625.985957,4314818.583782,4128917.117773,2234252.142433,-301.078633,314.222581,0.761188
1460159715.985957,4287628.902799,4157108.029309,2234320.889417,-303.134340,312.239872,0.766532
1460159805.985957,4260254.795088,4185119.891187,2234390.115819,-305.176990,310.243714,0.771842
1460159895.985957,4232697.439693,4212951.496893,2234459.818657,-307.206496,308.234194,0.777119
1460159985.985957,4204958.023552,4240601.647677,2234529.994928,-309.222770,306.211397,0.782363
1460160075.985957,4177037.741487,4268069.152563,2234600.641610,-311.225726,304.175412,0.787573
1460160165.985957,4148937.796050,4295352.828501,2234671.755661,-313.215276,302.126325,0.792749
1460160255.985957,4120659.397525,4322451.500365,2234743.334017,-315.191335,300.064225,0.797891
1460160345.985957,4092203.763907,4349364.000973,2234815.373596,-317.153819,297.989200,0.802998
1460160435.985957,4063572.120824,4376089.171161,2234887.871294,-319.102643,295.901341,0.808071
1460160525.985957,4034765.701486,4402625.859836,2234960.823989,-321.037722,293.800737,0.813109
1460160615.985957,4005785.746629,4428972.924021,2235034.228540,-322.958974,291.687479,0.818112
1460160705.985957,3976633.504465,4455129.228907,2235108.081783,-324.866315,289.561657,0.823080
1460160795.985957,3947310.230627,4481093.647902,2235182.380539,-326.759664,287.423363,0.828012
1460160885.985957,3917817.188112,4506865.062678,2235257.121608,-328.638939,285.272690,0.832909
1460160975.985957,3888155.647233,4532442.363220,2235332.301769,-330.504059,283.109729,0.837770
1460161065.985957,3858326.885557,4557824.447875,2235407.917786,-332.354944,280.934574,0.842595
1460161155.985957,3828332.187855,4583010.223396,2235483.966400,-334.191513,278.747319,0.847383
1460161245.985957,3798172.846047,4607998.604993,2235560.444338,-336.013688,276.548058,0.852135
1460161335.985957,3767850.159140,4632788.516378,2235637.348304,-337.821391,274.336886,0.856850
1460161425.985957,3737365.433181,4657378.889812,2235714.674987,-339.614543,272.113898,0.861529
1460161515.985957,3706719.981193,4681768.666148,2235792.421056,-341.393068,269.879189,0.866170
1460161605.985957,3675915.123124,4705956.794882,2235870.583162,-343.156888,267.632856,0.870774
1460161695.985957,3644952.185787,4729942.234192,2235949.157939,-344.905928,265.374995,0.875341
1460161785.985957,3613832.502803,4753723.950989,2236028.142003,-346.640112,263.105705,0.879869
1460161875.985957,3582557.414545,4777300.920959,2236107.531951,-348.359366,260.825082,0.884360
1460161965.985957,3551128.268079,4800672.128604,2236187.324365,-350.063616,258.533225,0.888813
1460162055.985957,3519546.417109,4823836.567289,2236267.515807,-351.752787,256.230233,0.893227
1460162145.985957,3487813.221913,4846793.239287,2236348.102824,-353.426809,253.916204,0.897603
1460162235.985957,3455930.049288,4869541.155819,2236429.081944,-355.085607,251.591239,0.901941
1460162325.985957,3423898.272493,4892079.337096,2236510.449680,-356.729112,249.255438,0.906239
1460162415.985957,3391719.271185,4914406.812365,2236592.202528,-358.357251,246.908900,0.910499
1460162505.985957,3359394.431365,4936522.619945,2236674.336965,-359.969956,244.551728,0.914719
1460162595.985957,3326925.145312,4958425.807276,2236756.849455,-361.567156,242.184023,0.918900
1460162685.985957,3294312.811530,4980115.430952,2236839.736444,-363.148783,239.805886,0.923041
1460162775.985957,3261558.834683,5001590.556769,2236922.994361,-364.714769,237.417421,0.927143
1460162865.985957,3228664.625533,5022850.259759,2237006.619621,-366.265045,235.018729,0.931204
1460162955.985957,3195631.600887,5043893.624233,2237090.608621,-367.799546,232.609915,0.935226
1460163045.985957,3162461.183528,5064719.743823,2237174.957745,-369.318206,230.191082,0.939207
1460163135.985957,3129154.802157,5085327.721514,2237259.663359,-370.820958,227.762335,0.943148
1460163225.985957,3095713.891330,5105716.669689,2237344.721815,-372.307738,225.323777,0.947048
1460163315.985957,3062139.891402,5125885.710165,2237430.129449,-373.778483,222.875514,0.950907
1460163405.985957,3028434.248454,5145833.974229,2237515.882583,-375.233128,220.417652,0.954726
1460163495.985957,2994598.414242,5165560.602679,2237601.977524,-376.671612,217.950296,0.958503
1460163585.985957,2960633.846128,5185064.745859,2237688.410562,-378.093872,215.473553,0.962239
1460163675.985957,2926542.007018,5204345.563695,2237775.177976,-379.499846,212.987529,0.965933
1460163765.985957,2892324.365299,5223402.225732,2237862.276028,-380.889475,210.492331,0.969586
1460163855.985957,2857982.394780,5242233.911170,2237949.700967,-382.262698,207.988067,0.973197
1460163945.985957,2823517.574621,5260839.808900,2238037.449028,-383.619457,205.474844,0.976767
1460164035.985957,2788931.389277,5279219.117537,2238125.516430,-384.959693,202.952771,0.980294
1460164125.985957,2754225.328428,5297371.045454,2238213.899381,-386.283348,200.421957,0.983779
1460164215.985957,2719400.886916,5315294.810822,2238302.594074,-387.590365,197.882511,0.987221
1460164305.985957,2684459.564686,5332989.641635,2238391.596689,-388.880688,195.334541,0.990622
1460164395.985957,2649402.866714,5350454.775750,2238480.903392,-390.154261,192.778158,0.993979
1460164485.985957,2614232.302946,5367689.460917,2238570.510338,-391.411030,190.213471,0.997294
1460164575.985957,2578949.388233,5384692.954809,2238660.413665,-392.650940,187.640592,1.000565
1460164665.985957,2543555.642264,5401464.525063,2238750.609503,-393.873938,185.059631,1.003794
1460164755.985957,2508052.589503,5418003.449298,2238841.093967,-395.079971,182.470699,1.006979
1460164845.985957,2472441.759122,5434309.015159,2238931.863158,-396.268987,179.873908,1.010121
1460164935.985957,2436724.684935,5450380.520339,2239022.913169,-397.440936,177.269369,1.013219
1460165025.985957,2400902.905329,5466217.272614,2239114.240076,-398.595766,174.657196,1.016274
1460165115.985957,2364977.963207,5481818.589870,2239205.839947,-399.733428,172.037499,1.019285
1460165205.985957,2328951.405909,5497183.800135,2239297.708835,-400.853873,169.410392,1.022252
1460165295.985957,2292824.785156,5512312.241606,2239389.842786,-401.957053,166.775989,1.025175
1460165385.985957,2256599.656978,5527203.262675,2239482.237829,-403.042919,164.134402,1.028054
1460165475.985957,2220277.581646,5541856.221966,2239574.889985,-404.111426,161.485746,1.030889
1460165565.985957,2183860.123609,5556270.488351,2239667.795265,-405.162527,158.830134,1.033679
1460165655.985957,2147348.851424,5570445.440985,2239760.949665,-406.196177,156.167682,1.036425
1460165745.985957,2110745.337686,5584380.469333,2239854.349175,-407.212332,153.498503,1.039126
1460165835.985957,2074051.158966,5598074.973191,2239947.989771,-408.210948,150.822712,1.041782
1460165925.985957,2037267.895740,5611528.362714,2240041.867420,-409.191981,148.140426,1.044394
1460166015.985957,2000397.132319,5624740.058446,2240135.978078,-410.155389,145.451758,1.046960
1460166105.985957,1963440.456784,5637709.491337,2240230.317693,-411.101132,142.756826,1.049482
1460166195.985957,1926399.460917,5650436.102774,2240324.882200,-412.029168,140.055745,1.051958
1460166285.985957,1889275.740130,5662919.344602,2240419.667527,-412.939457,137.348632,1.054389
1460166375.985957,1852070.893400,5675158.679149,2240514.669592,-413.831960,134.635603,1.056774
1460166465.985957,1814786.523197,5687153.579247,2240609.884302,-414.706639,131.916775,1.059114
1460166555.985957,1777424.235416,5698903.528259,2240705.307556,-415.563456,129.192265,1.061408
1460166645.985957,1739985.639310,5710408.020094,2240800.935245,-416.402373,126.462190,1.063657
1460166735.985957,1702472.347416,5721666.559237,2240896.763250,-417.223356,123.726669,1.065860
1460166825.985957,1664885.975490,5732678.660766,2240992.787443,-418.026368,120.985819,1.068017
1460166915.985957,1627228.142435,5743443.850371,2241089.003688,-418.811375,118.239757,1.070128
1460167005.985957,1589500.470233,5753961.664380,2241185.407842,-419.578344,115.488603,1.072192
1460167095.985957,1551704.583873,5764231.649774,2241281.995752,-420.327240,112.732474,1.074211
1460167185.985957,1513842.111282,5774253.364209,2241378.763258,-421.058033,109.971490,1.076183
1460167275.985957,1475914.683255,5784026.376034,2241475.706191,-421.770689,107.205769,1.078109
1460167365.985957,1437923.933386,5793550.264311,2241572.820378,-422.465180,104.435431,1.079989
1460167455.985957,1399871.497994,5802824.618830,2241670.101634,-423.141474,101.660595,1.081822
1460167545.985957,1361759.016058,5811849.040131,2241767.545770,-423.799542,98.881379,1.083608
1460167635.985957,1323588.129141,5820623.139518,2241865.148588,-424.439357,96.097905,1.085348
1460167725.985957,1285360.481322,5829146.539078,2241962.905886,-425.060891,93.310292,1.087041
1460167815.985957,1247077.719125,5837418.871693,2242060.813451,-425.664117,90.518660,1.088687
1460167905.985957,1208741.491447,5845439.781063,2242158.867068,-426.249009,87.723129,1.090287
1460167995.985957,1170353.449491,5853208.921713,2242257.062514,-426.815541,84.923819,1.091839
1460168085.985957,1131915.246687,5860725.959016,2242355.395557,-427.363690,82.120852,1.093344
1460168175.985957,1093428.538629,5867990.569200,2242453.861965,-427.893432,79.314348,1.094803
1460168265.985957,1054894.983000,5875002.439368,2242552.457494,-428.404744,76.504427,1.096214
1460168355.985957,1016316.239498,5881761.267508,2242651.177899,-428.897603,73.691212,1.097578
1460168445.985957,977693.969771,5888266.762505,2242750.018928,-429.371990,70.874822,1.098894
1460168535.985957,939029.837339,5894518.644160,2242848.976323,-429.827882,68.055380,1.100163
1460168625.985957,900325.507526,5900516.643192,2242948.045823,-430.265262,65.233006,1.101385
1460168715.985957,861582.647387,5906260.501260,2243047.223160,-430.684109,62.407823,1.102560
1460168805.985957,822802.925639,5911749.970967,2243146.504062,-431.084406,59.579952,1.103687
1460168895.985957,783988.012582,5916984.815872,2243245.884254,-431.466135,56.749514,1.104766
1460168985.985957,745139.580036,5921964.810503,2243345.359454,-431.829280,53.916633,1.105798
1460169075.985957,706259.301264,5926689.740363,2243444.925380,-432.173826,51.081429,1.106782
1460169165.985957,667348.850897,5931159.401942,2243544.577741,-432.499758,48.244025,1.107719
1460169255.985957,628409.904871,5935373.602726,2243644.312246,-432.807061,45.404543,1.108608
1460169345.985957,589444.140346,5939332.161202,2243744.124599,-433.095722,42.563105,1.109449
1460169435.985957,550453.235637,5943034.906869,2243844.010502,-433.365730,39.719834,1.110242
1460169525.985957,511438.870143,5946481.680244,2243943.965651,-433.617071,36.874852,1.110987
1460169615.985957,472402.724274,5949672.332869,2244043.985742,-433.849736,34.028282,1.111685
1460169705.985957,433346.479376,5952606.727317,2244144.066467,-434.063715,31.180246,1.112335
1460169795.985957,394271.817663,5955284.737201,2244244.203515,-434.258997,28.330868,1.112937
1460169885.985957,355180.422140,5957706.247173,2244344.392574,-434.435576,25.480269,1.113490
1460169975.985957,316073.976536,5959871.152936,2244444.629327,-434.593443,22.628572,1.113996
1460170065.985957,276954.165224,5961779.361243,2244544.909458,-434.732591,19.775901,1.114454
1460170155.985957,237822.673155,5963430.789906,2244645.228647,-434.853014,16.922378,1.114864
1460170245.985957,198681.185785,5964825.367794,2244745.582574,-434.954708,14.068127,1.115226
1460170335.985957,159531.388996,5965963.034842,2244845.966916,-435.037667,11.213269,1.115540
1460170425.985957,120374.969033,5966843.742047,2244946.377349,-435.101889,8.357928,1.115806
1460170515.985957,81213.612421,5967467.451477,2245046.809549,-435.147370,5.502228,1.116024
1460170605.985957,42049.005901,5967834.136268,2245147.259190,-435.174109,2.646290,1.116193
1460170695.985957,2882.836355,5967943.780625,2245247.721946,-435.182104,-0.209762,1.116315
1460170785.985957,-36283.209272,5967796.379827,2245348.193489,-435.171355,-3.065804,1.116389
1460170875.985957,-75447.444036,5967391.940221,2245448.669492,-435.141863,-5.921715,1.116414
1460170965.985957,-114608.181073,5966730.479229,2245549.145627,-435.093628,-8.777370,1.116392
1460171055.985957,-153763.733670,5965812.025339,2245649.617567,-435.026653,-11.632647,1.116321
1460171145.985957,-192912.415336,5964636.618112,2245750.080984,-434.940941,-14.487424,1.116202
1460171235.985957,-232052.539878,5963204.308174,2245850.531551,-434.836495,-17.341576,1.116035
1460171325.985957,-271182.421468,5961515.157216,2245950.964942,-434.713321,-20.194982,1.115820
1460171415.985957,-310300.374724,5959569.237993,2246051.376831,-434.571422,-23.047517,1.115557
1460171505.985957,-349404.714773,5957366.634319,2246151.762893,-434.410806,-25.899060,1.115246
1460171595.985957,-388493.757331,5954907.441064,2246252.118804,-434.231479,-28.749487,1.114887
1460171685.985957,-427565.818774,5952191.764148,2246352.440241,-434.033449,-31.598677,1.114480
1460171775.985957,-466619.216206,5949219.720540,2246452.722885,-433.816725,-34.446505,1.114025
1460171865.985957,-505652.267537,5945991.438251,2246552.962415,-433.581315,-37.292849,1.113522
1460171955.985957,-544663.291553,5942507.056327,2246653.154514,-433.327231,-40.137587,1.112971
1460172045.985957,-583650.607990,5938766.724847,2246753.294866,-433.054482,-42.980597,1.112372
1460172135.985957,-622612.537602,5934770.604912,2246853.379160,-432.763081,-45.821755,1.111725
1460172225.985957,-661547.402241,5930518.868642,2246953.403082,-432.453040,-48.660939,1.111031
1460172315.985957,-700453.524919,5926011.699165,2247053.362327,-432.124373,-51.498028,1.110288
1460172405.985957,-739329.229891,5921249.290612,2247153.252587,-431.777094,-54.332899,1.109497
1460172495.985957,-778172.842719,5916231.848107,2247253.069562,-431.411217,-57.165429,1.108659
1460172585.985957,-816982.690350,5910959.587759,2247352.808951,-431.026759,-59.995497,1.107773
1460172675.985957,-855757.101183,5905432.736654,2247452.466458,-430.623735,-62.822981,1.106840
1460172765.985957,-894494.405143,5899651.532840,2247552.037792,-430.202165,-65.647759,1.105858
1460172855.985957,-933192.933756,5893616.225323,2247651.518663,-429.762064,-68.469710,1.104829
1460172945.985957,-971851.020216,5887327.074054,2247750.904787,-429.303453,-71.288711,1.103753
1460173035.985957,-1010466.999458,5880784.349915,2247850.191883,-428.826352,-74.104642,1.102629
1460173125.985957,-1049039.208234,5873988.334713,2247949.375675,-428.330780,-76.917381,1.101457
1460173215.985957,-1087565.985178,5866939.321161,2248048.451891,-427.816759,-79.726808,1.100238
1460173305.985957,-1126045.670883,5859637.612873,2248147.416263,-427.284311,-82.532800,1.098972
1460173395.985957,-1164476.607968,5852083.524343,2248246.264528,-426.733460,-85.335237,1.097658
1460173485.985957,-1202857.141154,5844277.380938,2248344.992430,-426.164229,-88.133999,1.096297
1460173575.985957,-1241185.617331,5836219.518881,2248443.595716,-425.576642,-90.928965,1.094888
1460173665.985957,-1279460.385634,5827910.285236,2248542.070139,-424.970725,-93.720015,1.093433
1460173755.985957,-1317679.797507,5819350.037895,2248640.411458,-424.346503,-96.507027,1.091931
1460173845.985957,-1355842.206783,5810539.145562,2248738.615436,-423.704005,-99.289883,1.090381
1460173935.985957,-1393945.969747,5801477.987734,2248836.677845,-423.043257,-102.068463,1.088784
1460174025.985957,-1431989.445211,5792166.954690,2248934.594460,-422.364287,-104.842646,1.087141
1460174115.985957,-1469970.994584,5782606.447470,2249032.361064,-421.667126,-107.612314,1.085451
1460174205.985957,-1507888.981941,5772796.877861,2249129.973446,-420.951803,-110.377346,1.083714
1460174295.985957,-1545741.774096,5762738.668376,2249227.427401,-420.218349,-113.137625,1.081930
1460174385.985957,-1583527.740670,5752432.252237,2249324.718733,-419.466796,-115.893030,1.080100
1460174475.985957,-1621245.254165,5741878.073358,2249421.843251,-418.697175,-118.643443,1.078223
1460174565.985957,-1658892.690026,5731076.586323,2249518.796772,-417.909520,-121.388747,1.076300
1460174655.985957,-1696468.426722,5720028.256370,2249615.575119,-417.103866,-124.128822,1.074330
1460174745.985957,-1733970.845808,5708733.559367,2249712.174124,-416.280246,-126.863551,1.072315
1460174835.985957,-1771398.331996,5697192.981794,2249808.589627,-415.438696,-129.592815,1.070252
1460174925.985957,-1808749.273226,5685407.020721,2249904.817474,-414.579253,-132.316498,1.068144
1460175015.985957,-1846022.060734,5673376.183789,2250000.853522,-413.701953,-135.034481,1.065990
1460175105.985957,-1883215.089126,5661100.989184,2250096.693634,-412.806835,-137.746649,1.063790
1460175195.985957,-1920326.756439,5648581.965617,2250192.333681,-411.893936,-140.452883,1.061544
1460175285.985957,-1957355.464217,5635819.652303,2250287.769545,-410.963296,-143.153068,1.059253
1460175375.985957,-1994299.617575,5622814.598934,2250382.997115,-410.014955,-145.847088,1.056915
1460175465.985957,-2031157.625271,5609567.365658,2250478.012289,-409.048955,-148.534825,1.054533
1460175555.985957,-2067927.899775,5596078.523054,2250572.810975,-408.065336,-151.216165,1.052105
1460175645.985957,-2104608.857334,5582348.652107,2250667.389089,-407.064141,-153.890991,1.049631
1460175735.985957,-2141198.918041,5568378.344183,2250761.742559,-406.045413,-156.559189,1.047112
1460175825.985957,-2177696.505906,5554168.201006,2250855.867320,-405.009196,-159.220644,1.044549
1460175915.985957,-2214100.048922,5539718.834629,2250949.759318,-403.955535,-161.875241,1.041940
1460176005.985957,-2250407.979132,5525030.867407,2251043.414509,-402.884475,-164.522866,1.039286
1460176095.985957,-2286618.732697,5510104.931976,2251136.828860,-401.796062,-167.163405,1.036588
1460176185.985957,-2322730.749964,5494941.671217,2251229.998346,-400.690343,-169.796744,1.033845
1460176275.985957,-2358742.475532,5479541.738236,2251322.918955,-399.567365,-172.422769,1.031057
1460176365.985957,-2394652.358319,5463905.796332,2251415.586684,-398.427178,-175.041368,1.028225
1460176455.985957,-2430458.851634,5448034.518968,2251507.997543,-397.269830,-177.652427,1.025349
1460176545.985957,-2466160.413233,5431928.589747,2251600.147550,-396.095370,-180.255835,1.022428
1460176635.985957,-2501755.505396,5415588.702374,2251692.032737,-394.903851,-182.851478,1.019464
1460176725.985957,-2537242.594986,5399015.560635,2251783.649147,-393.695322,-185.439246,1.016455
1460176815.985957,-2572620.153520,5382209.878359,2251874.992833,-392.469836,-188.019027,1.013403
1460176905.985957,-2607886.657232,5365172.379395,2251966.059861,-391.227446,-190.590710,1.010307
1460176995.985957,-2643040.587139,5347903.797572,2252056.846308,-389.968205,-193.154184,1.007168
1460177085.985957,-2678080.429105,5330404.876677,2252147.348265,-388.692167,-195.709338,1.003985
1460177175.985957,-2713004.673913,5312676.370414,2252237.561832,-387.399388,-198.256062,1.000759
1460177265.985957,-2747811.817319,5294719.042377,2252327.483126,-386.089923,-200.794248,0.997490
1460177355.985957,-2782500.360126,5276533.666018,2252417.108271,-384.763829,-203.323785,0.994178
1460177445.985957,-2817068.808246,5258121.024607,2252506.433409,-383.421162,-205.844564,0.990823
1460177535.985957,-2851515.672761,5239481.911206,2252595.454692,-382.061980,-208.356478,0.987426
1460177625.985957,-2885839.469992,5220617.128630,2252684.168286,-380.686343,-210.859417,0.983986
1460177715.985957,-2920038.721559,5201527.489416,2252772.570369,-379.294309,-213.353274,0.980503
1460177805.985957,-2954111.954448,5182213.815782,2252860.657133,-377.885938,-215.837942,0.976979
1460177895.985957,-2988057.701072,5162676.939599,2252948.424786,-376.461291,-218.313313,0.973412
1460177985.985957,-3021874.499335,5142917.702351,2253035.869546,-375.020429,-220.779281,0.969803
1460178075.985957,-3055560.892696,5122936.955099,2253122.987648,-373.563414,-223.235740,0.966153
1460178165.985957,-3089115.430228,5102735.558443,2253209.775339,-372.090310,-225.682584,0.962461
1460178255.985957,-3122536.666687,5082314.382490,2253296.228880,-370.601179,-228.119707,0.958727
1460178345.985957,-3155823.162567,5061674.306811,2253382.344549,-369.096086,-230.547005,0.954952
1460178435.985957,-3188973.484168,5040816.220407,2253468.118635,-367.575095,-232.964372,0.951137
1460178525.985957,-3221986.203655,5019741.021667,2253553.547445,-366.038272,-235.371706,0.947280
1460178615.985957,-3254859.899117,4998449.618333,2253638.627300,-364.485683,-237.768902,0.943382
1460178705.985957,-3287593.154635,4976942.927458,2253723.354533,-362.917395,-240.155856,0.939444
1460178795.985957,-3320184.560337,4955221.875370,2253807.725498,-361.333476,-242.532467,0.935465
1460178885.985957,-3352632.712459,4933287.397627,2253891.736558,-359.733994,-244.898632,0.931446
1460178975.985957,-3384936.213409,4911140.438981,2253975.384096,-358.119017,-247.254248,0.927386
1460179065.985957,-3417093.671827,4888781.953336,2254058.664509,-356.488616,-249.599215,0.923287
1460179155.985957,-3449103.702640,4866212.903707,2254141.574210,-354.842860,-251.933431,0.919148
1460179245.985957,-3480964.927127,4843434.262178,2254224.109627,-353.181820,-254.256796,0.914970
1460179335.985957,-3512675.972976,4820447.009859,2254306.267207,-351.505569,-256.569210,0.910752
1460179425.985957,-3544235.474342,4797252.136849,2254388.043410,-349.814177,-258.870573,0.906495
1460179515.985957,-3575642.071909,4773850.642185,2254469.434714,-348.107719,-261.160785,0.902199
1460179605.985957,-3606894.412947,4750243.533806,2254550.437613,-346.386267,-263.439750,0.897863
1460179695.985957,-3637991.151368,4726431.828507,2254631.048619,-344.649895,-265.707367,0.893490
1460179785.985957,-3668930.947788,4702416.551895,2254711.264259,-342.898679,-267.963541,0.889078
1460179875.985957,-3699712.469582,4678198.738346,2254791.081079,-341.132694,-270.208172,0.884627
1460179965.985957,-3730334.390942,4653779.430957,2254870.495640,-339.352015,-272.441165,0.880138
1460180055.985957,-3760795.392935,4629159.681507,2254949.504522,-337.556721,-274.662424,0.875612
1460180145.985957,-3791094.163558,4604340.550405,2255028.104322,-335.746887,-276.871853,0.871048
1460180235.985957,-3821229.397796,4579323.106652,2255106.291655,-333.922592,-279.069356,0.866446
1460180325.985957,-3851199.797677,4554108.427785,2255184.063153,-332.083914,-281.254840,0.861807
1460180415.985957,-3881004.072331,4528697.599842,2255261.415466,-330.230933,-283.428209,0.857131
1460180505.985957,-3910640.938041,4503091.717305,2255338.345263,-328.363729,-285.589371,0.852418
1460180595.985957,-3940109.118301,4477291.883059,2255414.849229,-326.482381,-287.738232,0.847668
1460180685.985957,-3969407.343872,4451299.208344,2255490.924071,-324.586971,-289.874699,0.842881
1460180775.985957,-3998534.352833,4425114.812704,2255566.566510,-322.677581,-291.998681,0.838059
1460180865.985957,-4027488.890638,4398739.823941,2255641.773290,-320.754293,-294.110087,0.833200
1460180955.985957,-4056269.710172,4372175.378068,2255716.541171,-318.817189,-296.208824,0.828305
1460181045.985957,-4084875.571799,4345422.619255,2255790.866932,-316.866353,-298.294804,0.823375
1460181135.985957,-4113305.243421,4318482.699787,2255864.747373,-314.901869,-300.367935,0.818409
1460181225.985957,-4141557.500528,4291356.780006,2255938.179310,-312.923822,-302.428129,0.813408
1460181315.985957,-4169631.126252,4264046.028268,2256011.159582,-310.932297,-304.475297,0.808372
1460181405.985957,-4197524.911417,4236551.620890,2256083.685045,-308.927380,-306.509351,0.803301
1460181495.985957,-4225237.654596,4208874.742097,2256155.752574,-306.909156,-308.530203,0.798196
1460181585.985957,-4252768.162157,4181016.583978,2256227.359067,-304.877714,-310.537766,0.793056
1460181675.985957,-4280115.248319,4152978.346424,2256298.501438,-302.833140,-312.531954,0.787882
1460181765.985957,-4307277.735201,4124761.237087,2256369.176624,-300.775522,-314.512680,0.782674
1460181855.985957,-4334254.452872,4096366.471322,2256439.381580,-298.704950,-316.479860,0.777433
1460181945.985957,-4361044.239403,4067795.272134,2256509.113283,-296.621512,-318.433409,0.772157
1460182035.985957,-4387645.940917,4039048.870129,2256578.368728,-294.525298,-320.373242,0.766849
1460182125.985957,-4414058.411638,4010128.503460,2256647.144935,-292.416398,-322.299277,0.761508
1460182215.985957,-4440280.513938,3981035.417772,2256715.438939,-290.294904,-324.211429,0.756133
1460182305.985957,-4466311.118392,3951770.866148,2256783.247799,-288.160906,-326.109617,0.750727
1460182395.985957,-4492149.103821,3922336.109059,2256850.568595,-286.014496,-327.993759,0.745288
1460182485.985957,-4517793.357343,3892732.414305,2256917.398427,-283.855768,-329.863774,0.739816
1460182575.985957,-4543242.774420,3862961.056963,2256983.734416,-281.684813,-331.719581,0.734313
1460182665.985957,-4568496.258908,3833023.319331,2257049.573706,-279.501726,-333.561101,0.728778
1460182755.985957,-4593552.723098,3802920.490874,2257114.913461,-277.306600,-335.388253,0.723212
1460182845.985957,-4618411.087770,3772653.868167,2257179.750866,-275.099530,-337.200960,0.717615
1460182935.985957,-4643070.282236,3742224.754842,2257244.083128,-272.880611,-338.999143,0.711987
1460183025.985957,-4667529.244387,3711634.461526,2257307.907477,-270.649939,-340.782725,0.706328
1460183115.985957,-4691786.920736,3680884.305792,2257371.221164,-268.407609,-342.551628,0.700639
1460183205.985957,-4715842.266468,3649975.612096,2257434.021461,-266.153719,-344.305778,0.694919
1460183295.985957,-4739694.245483,3618909.711722,2257496.305665,-263.888365,-346.045098,0.689170
1460183385.985957,-4763341.830438,3587687.942729,2257558.071091,-261.611645,-347.769513,0.683391
1460183475.985957,-4786784.002796,3556311.649886,2257619.315080,-259.323657,-349.478949,0.677583
1460183565.985957,-4810019.752865,3524782.184617,2257680.034993,-257.024499,-351.173332,0.671745
1460183655.985957,-4833048.079846,3493100.904947,2257740.228217,-254.714271,-352.852590,0.665878
1460183745.985957,-4855867.991874,3461269.175437,2257799.892157,-252.393073,-354.516650,0.659983
1460183835.985957,-4878478.506058,3429288.367128,2257859.024244,-250.061003,-356.165440,0.654059
1460183925.985957,-4900878.648531,3397159.857484,2257917.621931,-247.718162,-357.798890,0.648107
1460184015.985957,-4923067.454482,3364885.030330,2257975.682694,-245.364652,-359.416929,0.642128
1460184105.985957,-4945043.968205,3332465.275792,2258033.204033,-243.000574,-361.019487,0.636120
1460184195.985957,-4966807.243138,3299901.990238,2258090.183470,-240.626030,-362.606495,0.630085
1460184285.985957,-4988356.341904,3267196.576222,2258146.618550,-238.241121,-364.177886,0.624023
1460184375.985957,-5009690.336348,3234350.442414,2258202.506843,-235.845951,-365.733591,0.617935
1460184465.985957,-5030808.307583,3201365.003550,2258257.845942,-233.440622,-367.273543,0.611819
1460184555.985957,-5051709.346025,3168241.680362,2258312.633463,-231.025239,-368.797676,0.605677
1460184645.985957,-5072392.551433,3134981.899524,2258366.867046,-228.599905,-370.305924,0.599509
1460184735.985957,-5092857.032951,3101587.093587,2258420.544355,-226.164726,-371.798223,0.593316
1460184825.985957,-5113101.909142,3068058.700915,2258473.663079,-223.719805,-373.274508,0.587096
1460184915.985957,-5133126.308026,3034398.165629,2258526.220930,-221.265247,-374.734715,0.580852
1460185005.985957,-5152929.367123,3000606.937541,2258578.215643,-218.801160,-376.178782,0.574582
1460185095.985957,-5172510.233484,2966686.472090,2258629.644979,-216.327649,-377.606646,0.568288
1460185185.985957,-5191868.063730,2932638.230284,2258680.506724,-213.844820,-379.018246,0.561969
1460185275.985957,-5211002.024090,2898463.678633,2258730.798685,-211.352780,-380.413521,0.555626
1460185365.985957,-5229911.290435,2864164.289088,2258780.518698,-208.851637,-381.792412,0.549259
1460185455.985957,-5248595.048313,2829741.538977,2258829.664620,-206.341499,-383.154858,0.542868
1460185545.985957,-5267052.492985,2795196.910941,2258878.234336,-203.822473,-384.500800,0.536454
1460185635.985957,-5285282.829462,2760531.892871,2258926.225752,-201.294668,-385.830182,0.530017
1460185725.985957,-5303285.272534,2725747.977843,2258973.636801,-198.758193,-387.142945,0.523557
1460185815.985957,-5321059.046808,2690846.664053,2259020.465442,-196.213157,-388.439034,0.517075
1460185905.985957,-5338603.386740,2655829.454756,2259066.709658,-193.659670,-389.718392,0.510570
1460185995.985957,-5355917.536669,2620697.858197,2259112.367457,-191.097842,-390.980964,0.504043
1460186085.985957,-5373000.750847,2585453.387548,2259157.436872,-188.527783,-392.226696,0.497495
1460186175.985957,-5389852.293473,2550097.560843,2259201.915962,-185.949604,-393.455534,0.490925
1460186265.985957,-5406471.438725,2514631.900912,2259245.802811,-183.363416,-394.667426,0.484334
1460186355.985957,-5422857.470792,2479057.935316,2259289.095529,-180.769330,-395.862318,0.477722
1460186445.985957,-5439009.683901,2443377.196281,2259331.792251,-178.167457,-397.040160,0.471090
1460186535.985957,-5454927.382352,2407591.220632,2259373.891138,-175.557911,-398.200901,0.464437
1460186625.985957,-5470609.880544,2371701.549726,2259415.390377,-172.940804,-399.344491,0.457764
1460186715.985957,-5486056.503009,2335709.729387,2259456.288180,-170.316247,-400.470881,0.451072
1460186805.985957,-5501266.584435,2299617.309837,2259496.582787,-167.684355,-401.580021,0.444360
1460186895.985957,-5516239.469702,2263425.845635,2259536.272460,-165.045240,-402.671865,0.437629
1460186985.985957,-5530974.513904,2227136.895601,2259575.355491,-162.399017,-403.746365,0.430879
1460187075.985957,-5545471.082380,2190752.022758,2259613.830197,-159.745799,-404.803475,0.424110
1460187165.985957,-5559728.550741,2154272.794258,2259651.694920,-157.085700,-405.843150,0.417323
1460187255.985957,-5573746.304894,2117700.781317,2259688.948029,-154.418835,-406.865344,0.410519
1460187345.985957,-5587523.741074,2081037.559150,2259725.587920,-151.745320,-407.870014,0.403696
1460187435.985957,-5601060.265865,2044284.706898,2259761.613014,-149.065268,-408.857117,0.396857
1460187525.985957,-5614355.296227,2007443.807563,2259797.021760,-146.378796,-409.826609,0.390000
1460187615.985957,-5627408.259525,1970516.447939,2259831.812632,-143.686019,-410.778450,0.383126
1460187705.985957,-5640218.593545,1933504.218546,2259865.984133,-140.987054,-411.712597,0.376236
1460187795.985957,-5652785.746528,1896408.713558,2259899.534790,-138.282015,-412.629012,0.369330
1460187885.985957,-5665109.177186,1859231.530734,2259932.463159,-135.571021,-413.527654,0.362407
1460187975.985957,-5677188.354730,1821974.271355,2259964.767820,-132.854188,-414.408485,0.355469
1460188065.985957,-5689022.758892,1784638.540147,2259996.447383,-130.131632,-415.271466,0.348516
1460188155.985957,-5700611.879945,1747225.945220,2260027.500482,-127.403472,-416.116561,0.341548
1460188245.985957,-5711955.218727,1709738.097990,2260057.925782,-124.669824,-416.943733,0.334565
1460188335.985957,-5723052.286665,1672176.613118,2260087.721970,-121.930806,-417.752947,0.327568
1460188425.985957,-5733902.605789,1634543.108435,2260116.887763,-119.186536,-418.544168,0.320556
1460188515.985957,-5744505.708759,1596839.204874,2260145.421906,-116.437133,-419.317361,0.313531
1460188605.985957,-5754861.138884,1559066.526401,2260173.323169,-113.682715,-420.072494,0.306492
1460188695.985957,-5764968.450140,1521226.699944,2260200.590351,-110.923400,-420.809533,0.299440
1460188785.985957,-5774827.207188,1483321.355322,2260227.222277,-108.159308,-421.528448,0.292376
1460188875.985957,-5784436.985397,1445352.125178,2260253.217799,-105.390557,-422.229207,0.285298
1460188965.985957,-5793797.370858,1407320.644905,2260278.575799,-102.617267,-422.911779,0.278208
1460189055.985957,-5802907.960406,1369228.552577,2260303.295184,-99.839556,-423.576136,0.271107
1460189145.985957,-5811768.361633,1331077.488881,2260327.374889,-97.057546,-424.222249,0.263993
1460189235.985957,-5820378.192908,1292869.097041,2260350.813877,-94.271355,-424.850090,0.256868
1460189325.985957,-5828737.083392,1254605.022752,2260373.611138,-91.481104,-425.459633,0.249733
1460189415.985957,-5836844.673055,1216286.914107,2260395.765691,-88.686912,-426.050850,0.242586
1460189505.985957,-5844700.612690,1177916.421527,2260417.276582,-85.888901,-426.623716,0.235429
1460189595.985957,-5852304.563930,1139495.197687,2260438.142883,-83.087190,-427.178207,0.228262
1460189685.985957,-5859656.199262,1101024.897451,2260458.363696,-80.281901,-427.714299,0.221085
1460189775.985957,-5866755.202037,1062507.177791,2260477.938150,-77.473154,-428.231968,0.213898
1460189865.985957,-5873601.266493,1023943.697728,2260496.865402,-74.661069,-428.731193,0.206703
1460189955.985957,-5880194.097757,985336.118249,2260515.144637,-71.845770,-429.211952,0.199498
1460190045.985957,-5886533.411867,946686.102243,2260532.775066,-69.027375,-429.674223,0.192285
1460190135.985957,-5892618.935778,907995.314426,2260549.755932,-66.206008,-430.117989,0.185063
1460190225.985957,-5898450.407378,869265.421269,2260566.086502,-63.381788,-430.543228,0.177834
1460190315.985957,-5904027.575496,830498.090930,2260581.766073,-60.554839,-430.949923,0.170597
1460190405.985957,-5909350.199914,791694.993178,2260596.793970,-57.725282,-431.338056,0.163352
1460190495.985957,-5914418.051379,752857.799321,2260611.169545,-54.893238,-431.707611,0.156101
1460190585.985957,-5919230.911612,713988.182138,2260624.892180,-52.058830,-432.058572,0.148842
1460190675.985957,-5923788.573313,675087.815804,2260637.961282,-49.222180,-432.390923,0.141578
1460190765.985957,-5928090.840179,636158.375817,2260650.376289,-46.383410,-432.704651,0.134307
1460190855.985957,-5932137.526903,597201.538930,2260662.136667,-43.542642,-432.999741,0.127030
1460190945.985957,-5935928.459189,558218.983072,2260673.241909,-40.699998,-433.276182,0.119748
1460191035.985957,-5939463.473755,519212.387284,2260683.691536,-37.855602,-433.533960,0.112461
1460191125.985957,-5942742.418343,480183.431639,2260693.485098,-35.009575,-433.773065,0.105169
1460191215.985957,-5945765.151723,441133.797176,2260702.622174,-32.162040,-433.993488,0.097873
1460191305.985957,-5948531.543701,402065.165821,2260711.102369,-29.313119,-434.195217,0.090572
1460191395.985957,-5951041.475126,362979.220323,2260718.925320,-26.462937,-434.378245,0.083267
1460191485.985957,-5953294.837890,323877.644173,2260726.090688,-23.611614,-434.542564,0.075959
1460191575.985957,-5955291.534937,284762.121537,2260732.598164,-20.759274,-434.688166,0.068647
1460191665.985957,-5957031.480266,245634.337180,2260738.447470,-17.906041,-434.815045,0.061333
1460191755.985957,-5958514.598936,206495.976397,2260743.638352,-15.052036,-434.923197,0.054016
1460191845.985957,-5959740.827066,167348.724938,2260748.170587,-12.197382,-435.012615,0.046696
1460191935.985957,-5960710.111841,128194.268936,2260752.043980,-9.342204,-435.083297,0.039375
1460192025.985957,-5961422.411512,89034.294833,2260755.258364,-6.486623,-435.135239,0.032052
1460192115.985957,-5961877.695399,49870.489310,2260757.813600,-3.630762,-435.168439,0.024727
1460192205.985957,-5962075.943892,10704.539213,2260759.709579,-0.774746,-435.182896,0.017401
1460192295.985957,-5962017.148453,-28461.868519,2260760.946219,2.081305,-435.178609,0.010075
1460192385.985957,-5961701.311614,-67627.046930,2260761.523465,4.937265,-435.155578,0.002748
1460192475.985957,-5961128.446978,-106789.309114,2260761.441295,7.793013,-435.113804,-0.004579
1460192565.985957,-5960298.579220,-145946.968291,2260760.699710,10.648425,-435.053289,-0.011905
1460192655.985957,-5959211.744083,-185098.337881,2260759.298743,13.503379,-434.974036,-0.019232
1460192745.985957,-5957867.988379,-224241.731574,2260757.238454,16.357751,-434.876048,-0.026557
1460192835.985957,-5956267.369986,-263375.463404,2260754.518933,19.211418,-434.759329,-0.033881
1460192925.985957,-5954409.957844,-302497.847818,2260751.140295,22.064258,-434.623884,-0.041204
1460193015.985957,-5952295.831956,-341607.199757,2260747.102687,24.916148,-434.469719,-0.048525
1460193105.985957,-5949925.083380,-380701.834720,2260742.406282,27.766964,-434.296841,-0.055844
1460193195.985957,-5947297.814228,-419780.068840,2260737.051282,30.616584,-434.105257,-0.063160
1460193285.985957,-5944414.137660,-458840.218956,2260731.037919,33.464886,-433.894976,-0.070474
1460193375.985957,-5941274.177881,-497880.602690,2260724.366452,36.311747,-433.666006,-0.077785
1460193465.985957,-5937878.070133,-536899.538509,2260717.037166,39.157043,-433.418357,-0.085092
1460193555.985957,-5934225.960693,-575895.345808,2260709.050379,42.000653,-433.152041,-0.092396
1460193645.985957,-5930318.006862,-614866.344978,2260700.406434,44.842453,-432.867068,-0.099696
1460193735.985957,-5926154.376963,-653810.857477,2260691.105703,47.682323,-432.563450,-0.106991
1460193825.985957,-5921735.250328,-692727.205904,2260681.148588,50.520138,-432.241202,-0.114282
1460193915.985957,-5917060.817296,-731613.714073,2260670.535516,53.355778,-431.900336,-0.121568
1460194005.985957,-5912131.279204,-770468.707081,2260659.266945,56.189120,-431.540867,-0.128849
1460194095.985957,-5906946.848372,-809290.511383,2260647.343360,59.020041,-431.162811,-0.136124
1460194185.985957,-5901507.748104,-848077.454865,2260634.765275,61.848420,-430.766185,-0.143393
1460194275.985957,-5895814.212669,-886827.866912,2260621.533231,64.674135,-430.351005,-0.150656
1460194365.985957,-5889866.487297,-925540.078484,2260607.647799,67.497065,-429.917289,-0.157913
1460194455.985957,-5883664.828165,-964212.422187,2260593.109576,70.317088,-429.465055,-0.165163
1460194545.985957,-5877209.502389,-1002843.232342,2260577.919189,73.134082,-428.994324,-0.172405
1460194635.985957,-5870500.788009,-1041430.845061,2260562.077291,75.947925,-428.505116,-0.179641
1460194725.985957,-5863538.973981,-1079973.598316,2260545.584566,78.758498,-427.997451,-0.186868
1460194815.985957,-5856324.360160,-1118469.832010,2260528.441723,81.565678,-427.471351,-0.194088
1460194905.985957,-5848857.257290,-1156917.888051,2260510.649500,84.369346,-426.926840,-0.201299
1460194995.985957,-5841137.986992,-1195316.110422,2260492.208665,87.169379,-426.363940,-0.208501
1460195085.985957,-5833166.881747,-1233662.845252,2260473.120011,89.965658,-425.782677,-0.215695
1460195175.985957,-5824944.284881,-1271956.440887,2260453.384360,92.758062,-425.183074,-0.222879
1460195265.985957,-5816470.550556,-1310195.247963,2260433.002563,95.546470,-424.565157,-0.230054
1460195355.985957,-5807746.043749,-1348377.619476,2260411.975497,98.330764,-423.928954,-0.237218
1460195445.985957,-5798771.140236,-1386501.910852,2260390.304068,101.110822,-423.274492,-0.244373
1460195535.985957,-5789546.226581,-1424566.480018,2260367.989209,103.886525,-422.601799,-0.251517
1460195625.985957,-5780071.700116,-1462569.687474,2260345.031882,106.657753,-421.910904,-0.258650
1460195715.985957,-5770347.968922,-1500509.896364,2260321.433075,109.424388,-421.201836,-0.265772
1460195805.985957,-5760375.451817,-1538385.472544,2260297.193804,112.186309,-420.474626,-0.272882
1460195895.985957,-5750154.578332,-1576194.784654,2260272.315114,114.943399,-419.729306,-0.279981
1460195985.985957,-5739685.788695,-1613936.204188,2260246.798076,117.695537,-418.965908,-0.287068
1460196075.985957,-5728969.533814,-1651608.105566,2260220.643789,120.442607,-418.184464,-0.294142
1460196165.985957,-5718006.275254,-1689208.866200,2260193.853380,123.184488,-417.385008,-0.301204
1460196255.985957,-5706796.485221,-1726736.866567,2260166.428002,125.921064,-416.567575,-0.308252
1460196345.985957,-5695340.646536,-1764190.490277,2260138.368837,128.652217,-415.732199,-0.315288
1460196435.985957,-5683639.252620,-1801568.124147,2260109.677092,131.377828,-414.878918,-0.322310
1460196525.985957,-5671692.807472,-1838868.158261,2260080.354005,134.097780,-414.007766,-0.329318
1460196615.985957,-5659501.825642,-1876088.986052,2260050.400838,136.811957,-413.118783,-0.336311
1460196705.985957,-5647066.832215,-1913229.004359,2260019.818881,139.520241,-412.212007,-0.343291
1460196795.985957,-5634388.362785,-1950286.613506,2259988.609450,142.222515,-411.287475,-0.350255
1460196885.985957,-5621466.963435,-1987260.217362,2259956.773892,144.918664,-410.345229,-0.357205
1460196975.985957,-5608303.190707,-2024148.223418,2259924.313575,147.608571,-409.385309,-0.364139
1460197065.985957,-5594897.611588,-2060949.042850,2259891.229900,150.292120,-408.407755,-0.371057
1460197155.985957,-5581250.803475,-2097661.090591,2259857.524290,152.969196,-407.412611,-0.377959
1460197245.985957,-5567363.354158,-2134282.785394,2259823.198197,155.639683,-406.399920,-0.384846
1460197335.985957,-5553235.861790,-2170812.549908,2259788.253099,158.303467,-405.369723,-0.391715
1460197425.985957,-5538868.934865,-2207248.810738,2259752.690503,160.960432,-404.322067,-0.398568
1460197515.985957,-5524263.192188,-2243589.998519,2259716.511939,163.610465,-403.256997,-0.405403
1460197605.985957,-5509419.262853,-2279834.547979,2259679.718966,166.253450,-402.174557,-0.412221
1460197695.985957,-5494337.786208,-2315980.898009,2259642.313168,168.889275,-401.074795,-0.419021
1460197785.985957,-5479019.411837,-2352027.491730,2259604.296157,171.517825,-399.957758,-0.425804
1460197875.985957,-5463464.799526,-2387972.776560,2259565.669570,174.138988,-398.823494,-0.432568
1460197965.985957,-5447674.619237,-2423815.204279,2259526.435070,176.752651,-397.672052,-0.439313
1460198055.985957,-5431649.551076,-2459553.231098,2259486.594348,179.358700,-396.503482,-0.446039
1460198145.985957,-5415390.285269,-2495185.317726,2259446.149119,181.957024,-395.317834,-0.452746
1460198235.985957,-5398897.522127,-2530709.929433,2259405.101126,184.547511,-394.115159,-0.459434
1460198325.985957,-5382171.972019,-2566125.536119,2259363.452136,187.130049,-392.895509,-0.466102
1460198415.985957,-5365214.355340,-2601430.612379,2259321.203943,189.704527,-391.658936,-0.472749
1460198505.985957,-5348025.402481,-2636623.637569,2259278.358367,192.270835,-390.405494,-0.479377
1460198595.985957,-5330605.853796,-2671703.095871,2259234.917254,194.828861,-389.135237,-0.485984
1460198685.985957,-5312956.459574,-2706667.476358,2259190.882473,197.378495,-387.848219,-0.492569
1460198775.985957,-5295077.980000,-2741515.273060,2259146.255923,199.919628,-386.544495,-0.499134
1460198865.985957,-5276971.185128,-2776244.985029,2259101.039525,202.452150,-385.224123,-0.505677
1460198955.985957,-5258636.854847,-2810855.116401,2259055.235226,204.975953,-383.887158,-0.512198
1460199045.985957,-5240075.778843,-2845344.176466,2259008.845000,207.490926,-382.533659,-0.518698
1460199135.985957,-5221288.756572,-2879710.679725,2258961.870844,209.996963,-381.163683,-0.525175
1460199225.985957,-5202276.597219,-2913953.145961,2258914.314782,212.493955,-379.777291,-0.531629
1460199315.985957,-5183040.119667,-2948070.100297,2258866.178862,214.981794,-378.374540,-0.538060
1460199405.985957,-5163580.152462,-2982060.073264,2258817.465157,217.460374,-376.955492,-0.544468
1460199495.985957,-5143897.533775,-3015921.600860,2258768.175765,219.929587,-375.520209,-0.550853
1460199585.985957,-5123993.111365,-3049653.224617,2258718.312809,222.389327,-374.068751,-0.557214
1460199675.985957,-5103867.742548,-3083253.491661,2258667.878438,224.839489,-372.601181,-0.563551
1460199765.985957,-5083522.294154,-3116720.954779,2258616.874822,227.279967,-371.117563,-0.569864
1460199855.985957,-5062957.642494,-3150054.172472,2258565.304160,229.710656,-369.617960,-0.576152
1460199945.985957,-5042174.673318,-3183251.709030,2258513.168672,232.131450,-368.102437,-0.582416
1460200035.985957,-5021174.281781,-3216312.134581,2258460.470603,234.542246,-366.571060,-0.588654
1460200125.985957,-4999957.372403,-3249234.025163,2258407.212223,236.942941,-365.023893,-0.594867
1460200215.985957,-4978524.859029,-3282015.962779,2258353.395827,239.333429,-363.461005,-0.601054
1460200305.985957,-4956877.664791,-3314656.535459,2258299.023733,241.713609,-361.882462,-0.607216
1460200395.985957,-4935016.722065,-3347154.337325,2258244.098281,244.083379,-360.288332,-0.613351
1460200485.985957,-4912942.972438,-3379507.968644,2258188.621838,246.442635,-358.678683,-0.619460
1460200575.985957,-4890657.366660,-3411716.035896,2258132.596793,248.791276,-357.053586,-0.625542
1460200665.985957,-4868160.864605,-3443777.151831,2258076.025559,251.129202,-355.413110,-0.631598
1460200755.985957,-4845454.435235,-3475689.935525,2258018.910573,253.456311,-353.757326,-0.637626
1460200845.985957,-4822539.056549,-3507453.012446,2257961.254295,255.772503,-352.086305,-0.643626
1460200935.985957,-4799415.715548,-3539065.014509,2257903.059208,258.077679,-350.400119,-0.649599
1460201025.985957,-4776085.408190,-3570524.580137,2257844.327819,260.371739,-348.698841,-0.655544
1460201115.985957,-4752549.139349,-3601830.354316,2257785.062657,262.654585,-346.982543,-0.661461
1460201205.985957,-4728807.922767,-3632980.988659,2257725.266274,264.926117,-345.251301,-0.667349
1460201295.985957,-4704862.781015,-3663975.141459,2257664.941248,267.186239,-343.505188,-0.673208
1460201385.985957,-4680714.745448,-3694811.477751,2257604.090174,269.434853,-341.744280,-0.679039
1460201475.985957,-4656364.856159,-3725488.669366,2257542.715675,271.671861,-339.968652,-0.684840
1460201565.985957,-4631814.161936,-3756005.394990,2257480.820395,273.897169,-338.178382,-0.690612
1460201655.985957,-4607063.720215,-3786360.340219,2257418.406998,276.110679,-336.373545,-0.696354
1460201745.985957,-4582114.597035,-3816552.197620,2257355.478173,278.312296,-334.554221,-0.702066
1460201835.985957,-4556967.866994,-3846579.666782,2257292.036631,280.501927,-332.720486,-0.707747
1460201925.985957,-4531624.613201,-3876441.454377,2257228.085103,282.679475,-330.872421,-0.713398
1460202015.985957,-4506085.927228,-3906136.274209,2257163.626345,284.844848,-329.010105,-0.719019
1460202105.985957,-4480352.909068,-3935662.847278,2257098.663133,286.997953,-327.133618,-0.724609
1460202195.985957,-4454426.667080,-3965019.901828,2257033.198265,289.138696,-325.243040,-0.730167
1460202285.985957,-4428308.317947,-3994206.173406,2256967.234560,291.266985,-323.338454,-0.735694
1460202375.985957,-4401998.986629,-4023220.404913,2256900.774859,293.382729,-321.419941,-0.741189
1460202465.985957,-4375499.806308,-4052061.346662,2256833.822026,295.485837,-319.487584,-0.746652
1460202555.985957,-4348811.918344,-4080727.756429,2256766.378943,297.576217,-317.541467,-0.752083
1460202645.985957,-4321936.472228,-4109218.399507,2256698.448516,299.653781,-315.581672,-0.757482
1460202735.985957,-4294874.625525,-4137532.048759,2256630.033671,301.718438,-313.608285,-0.762848
1460202825.985957,-4267627.543831,-4165667.484674,2256561.137354,303.770099,-311.621390,-0.768181
1460202915.985957,-4240196.400721,-4193623.495414,2256491.762532,305.808677,-309.621073,-0.773481
1460203005.985957,-4212582.377696,-4221398.876871,2256421.912194,307.834083,-307.607420,-0.778748
1460203095.985957,-4184786.664135,-4248992.432716,2256351.589348,309.846230,-305.580518,-0.783982
1460203185.985957,-4156810.457243,-4276402.974451,2256280.797023,311.845031,-303.540454,-0.789181
1460203275.985957,-4128654.961997,-4303629.321463,2256209.538268,313.830401,-301.487317,-0.794347
1460203365.985957,-4100321.391099,-4330670.301071,2256137.816153,315.802254,-299.421193,-0.799478
1460203455.985957,-4071810.964919,-4357524.748577,2256065.633766,317.760505,-297.342174,-0.804575
1460203545.985957,-4043124.911446,-4384191.507318,2255992.994217,319.705069,-295.250347,-0.809637
1460203635.985957,-4014264.466232,-4410669.428718,2255919.900634,321.635863,-293.145803,-0.814664
1460203725.985957,-3985230.872342,-4436957.372329,2255846.356165,323.552803,-291.028633,-0.819657
1460203815.985957,-3956025.380297,-4463054.205890,2255772.363978,325.455808,-288.898928,-0.824614
1460203905.985957,-3926649.248023,-4488958.805370,2255697.927260,327.344795,-286.756780,-0.829535
1460203995.985957,-3897103.740795,-4514670.055018,2255623.049218,329.219682,-284.602281,-0.834421
1460204085.985957,-3867390.131185,-4540186.847409,2255547.733075,331.080390,-282.435523,-0.839271
1460204175.985957,-3837509.699003,-4565508.083497,2255471.982077,332.926837,-280.256601,-0.844084
1460204265.985957,-3807463.731246,-4590632.672657,2255395.799485,334.758945,-278.065607,-0.848862
1460204355.985957,-3777253.522040,-4615559.532733,2255319.188581,336.576634,-275.862637,-0.853602
1460204445.985957,-3746880.372586,-4640287.590088,2255242.152665,338.379827,-273.647785,-0.858306
1460204535.985957,-3716345.591103,-4664815.779645,2255164.695055,340.168444,-271.421146,-0.862973
1460204625.985957,-3685650.492770,-4689143.044937,2255086.819087,341.942411,-269.182817,-0.867603
1460204715.985957,-3654796.399673,-4713268.338152,2255008.528114,343.701649,-266.932894,-0.872195
1460204805.985957,-3623784.640746,-4737190.620175,2254929.825511,345.446083,-264.671473,-0.876750
1460204895.985957,-3592616.551713,-4760908.860637,2254850.714665,347.175639,-262.398653,-0.881267
1460204985.985957,-3561293.475031,-4784422.037956,2254771.198985,348.890241,-260.114531,-0.885747
1460205075.985957,-3529816.759835,-4807729.139384,2254691.281895,350.589816,-257.819205,-0.890188
1460205165.985957,-3498187.761876,-4830829.161048,2254610.966837,352.274290,-255.512775,-0.894590
1460205255.985957,-3466407.843462,-4853721.107994,2254530.257272,353.943592,-253.195339,-0.898954
1460205345.985957,-3434478.373405,-4876403.994230,2254449.156674,355.597648,-250.866998,-0.903280
1460205435.985957,-3402400.726956,-4898876.842769,2254367.668537,357.236388,-248.527851,-0.907566
1460205525.985957,-3370176.285749,-4921138.685671,2254285.796371,358.859742,-246.178000,-0.911814
1460205615.985957,-3337806.437741,-4943188.564084,2254203.543702,360.467639,-243.817546,-0.916022
1460205705.985957,-3305292.577151,-4965025.528285,2254120.914074,362.060010,-241.446590,-0.920191
1460205795.985957,-3272636.104401,-4986648.637723,2254037.911044,363.636787,-239.065235,-0.924320
1460205885.985957,-3239838.426057,-5008056.961056,2253954.538188,365.197901,-236.673583,-0.928409
1460205975.985957,-3206900.954764,-5029249.576196,2253870.799097,366.743286,-234.271737,-0.932458
1460206065.985957,-3173825.109191,-5050225.570343,2253786.697377,368.272874,-231.859800,-0.936467
1460206155.985957,-3140612.313967,-5070984.040029,2253702.236652,369.786600,-229.437877,-0.940436
1460206245.985957,-3107263.999616,-5091524.091154,2253617.420558,371.284400,-227.006072,-0.944364
1460206335.985957,-3073781.602503,-5111844.839026,2253532.252750,372.766207,-224.564489,-0.948252
1460206425.985957,-3040166.564767,-5131945.408401,2253446.736894,374.231958,-222.113234,-0.952099
1460206515.985957,-3006420.334260,-5151824.933513,2253360.876676,375.681591,-219.652412,-0.955904
1460206605.985957,-2972544.364482,-5171482.558123,2253274.675791,377.115043,-217.182129,-0.959669
1460206695.985957,-2938540.114527,-5190917.435546,2253188.137955,378.532252,-214.702492,-0.963392
1460206785.985957,-2904409.049007,-5210128.728690,2253101.266893,379.933156,-212.213607,-0.967074
1460206875.985957,-2870152.638003,-5229115.610097,2253014.066347,381.317697,-209.715582,-0.970714
1460206965.985957,-2835772.356990,-5247877.261971,2252926.540074,382.685814,-207.208525,-0.974312
1460207055.985957,-2801269.686780,-5266412.876220,2252838.691842,384.037447,-204.692542,-0.977868
1460207145.985957,-2766646.113457,-5284721.654486,2252750.525437,385.372540,-202.167743,-0.981383
1460207235.985957,-2731903.128311,-5302802.808181,2252662.044654,386.691034,-199.634236,-0.984855
1460207325.985957,-2697042.227777,-5320655.558522,2252573.253306,387.992872,-197.092131,-0.988284
1460207415.985957,-2662064.913368,-5338279.136563,2252484.155217,389.277999,-194.541537,-0.991671
1460207505.985957,-2626972.691611,-5355672.783230,2252394.754224,390.546360,-191.982563,-0.995015
1460207595.985957,-2591767.073982,-5372835.749351,2252305.054177,391.797899,-189.415321,-0.998317
1460207685.985957,-2556449.576841,-5389767.295691,2252215.058941,393.032562,-186.839920,-1.001575
1460207775.985957,-2521021.721369,-5406466.692982,2252124.772391,394.250297,-184.256471,-1.004790
1460207865.985957,-2485485.033497,-5422933.221955,2252034.198416,395.451051,-181.665087,-1.007962
1460207955.985957,-2449841.043845,-5439166.173370,2251943.340918,396.634773,-179.065878,-1.011091
1460208045.985957,-2414091.287656,-5455164.848051,2251852.203810,397.801411,-176.458956,-1.014176
1460208135.985957,-2378237.304727,-5470928.556908,2251760.791017,398.950914,-173.844434,-1.017217
1460208225.985957,-2342280.639345,-5486456.620976,2251669.106476,400.083235,-171.222424,-1.020214
1460208315.985957,-2306222.840218,-5501748.371435,2251577.154136,401.198323,-168.593039,-1.023168
1460208405.985957,-2270065.460412,-5516803.149646,2251484.937959,402.296131,-165.956393,-1.026077
1460208495.985957,-2233810.057281,-5531620.307177,2251392.461915,403.376611,-163.312598,-1.028943
1460208585.985957,-2197458.192402,-5546199.205831,2251299.729988,404.439717,-160.661770,-1.031764
1460208675.985957,-2161011.431505,-5560539.217670,2251206.746172,405.485404,-158.004021,-1.034540
1460208765.985957,-2124471.344409,-5574639.725050,2251113.514471,406.513626,-155.339467,-1.037272
1460208855.985957,-2087839.504953,-5588500.120638,2251020.038903,407.524338,-152.668223,-1.039959
1460208945.985957,-2051117.490926,-5602119.807446,2250926.323491,408.517498,-149.990403,-1.042602
1460209035.985957,-2014306.884002,-5615498.198854,2250832.372274,409.493062,-147.306122,-1.045200
1460209125.985957,-1977409.269672,-5628634.718634,2250738.189298,410.450989,-144.615497,-1.047752
1460209215.985957,-1940426.237172,-5641528.800974,2250643.778618,411.391237,-141.918643,-1.050260
1460209305.985957,-1903359.379418,-5654179.890507,2250549.144303,412.313766,-139.215676,-1.052722
1460209395.985957,-1866210.292939,-5666587.442331,2250454.290427,413.218535,-136.506713,-1.055139
1460209485.985957,-1828980.577802,-5678750.922033,2250359.221076,414.105507,-133.791870,-1.057510
1460209575.985957,-1791671.837550,-5690669.805714,2250263.940345,414.974643,-131.071265,-1.059836
1460209665.985957,-1754285.679127,-5702343.580009,2250168.452338,415.825905,-128.345015,-1.062116
1460209755.985957,-1716823.712812,-5713771.742110,2250072.761167,416.659256,-125.613236,-1.064351
1460209845.985957,-1679287.552152,-5724953.799788,2249976.870955,417.474662,-122.876047,-1.066539
1460209935.985957,-1641678.813886,-5735889.271416,2249880.785830,418.272086,-120.133566,-1.068682
1460210025.985957,-1603999.117881,-5746577.685985,2249784.509933,419.051495,-117.385910,-1.070779
1460210115.985957,-1566250.087061,-5757018.583128,2249688.047409,419.812855,-114.633198,-1.072829
1460210205.985957,-1528433.347333,-5767211.513141,2249591.402413,420.556132,-111.875549,-1.074833
1460210295.985957,-1490550.527524,-5777156.036997,2249494.579108,421.281296,-109.113081,-1.076792
1460210385.985957,-1452603.259305,-5786851.726372,2249397.581665,421.988314,-106.345913,-1.078703
1460210475.985957,-1414593.177124,-5796298.163655,2249300.414260,422.677156,-103.574165,-1.080568
1460210565.985957,-1376521.918134,-5805494.941976,2249203.081080,423.347794,-100.797956,-1.082387
1460210655.985957,-1338391.122124,-5814441.665214,2249105.586316,424.000197,-98.017406,-1.084159
1460210745.985957,-1300202.431445,-5823137.948020,2249007.934168,424.634337,-95.232633,-1.085884
1460210835.985957,-1261957.490943,-5831583.415831,2248910.128841,425.250188,-92.443759,-1.087563
1460210925.985957,-1223657.947888,-5839777.704889,2248812.174549,425.847723,-89.650903,-1.089195
1460211015.985957,-1185305.451900,-5847720.462253,2248714.075510,426.426916,-86.854186,-1.090780
1460211105.985957,-1146901.654880,-5855411.345815,2248615.835950,426.987742,-84.053728,-1.092317
1460211195.985957,-1108448.210940,-5862850.024318,2248517.460100,427.530177,-81.249649,-1.093808
1460211285.985957,-1069946.776329,-5870036.177366,2248418.952196,428.054197,-78.442071,-1.095252
1460211375.985957,-1031399.009363,-5876969.495440,2248320.316483,428.559781,-75.631114,-1.096648
1460211465.985957,-992806.570353,-5883649.679911,2248221.557208,429.046906,-72.816900,-1.097998
1460211555.985957,-954171.121538,-5890076.443055,2248122.678626,429.515551,-69.999549,-1.099300
1460211645.985957,-915494.327004,-5896249.508059,2248023.684994,429.965696,-67.179183,-1.100554
1460211735.985957,-876777.852621,-5902168.609041,2247924.580576,430.397322,-64.355924,-1.101761
1460211825.985957,-838023.365968,-5907833.491055,2247825.369643,430.810410,-61.529893,-1.102921
1460211915.985957,-799232.536261,-5913243.910107,2247726.056465,431.204943,-58.701212,-1.104033
1460212005.985957,-760407.034280,-5918399.633162,2247626.645322,431.580903,-55.870002,-1.105098
1460212095.985957,-721548.532301,-5923300.438154,2247527.140494,431.938273,-53.036387,-1.106115
1460212185.985957,-682658.704019,-5927946.113997,2247427.546268,432.277040,-50.200486,-1.107085
1460212275.985957,-643739.224478,-5932336.460597,2247327.866933,432.597188,-47.362424,-1.108007
1460212365.985957,-604791.770002,-5936471.288853,2247228.106783,432.898703,-44.522321,-1.108881
1460212455.985957,-565818.018118,-5940350.420672,2247128.270114,433.181573,-41.680301,-1.109707
1460212545.985957,-526819.647485,-5943973.688974,2247028.361226,433.445784,-38.836485,-1.110485
1460212635.985957,-487798.337823,-5947340.937700,2246928.384424,433.691327,-35.990997,-1.111216
1460212725.985957,-448755.769842,-5950452.021816,2246828.344012,433.918190,-33.143959,-1.111899
1460212815.985957,-409693.625164,-5953306.807323,2246728.244300,434.126363,-30.295493,-1.112534
1460212905.985957,-370613.586257,-5955905.171261,2246628.089599,434.315838,-27.445722,-1.113121
1460212995.985957,-331517.336358,-5958247.001716,2246527.884223,434.486606,-24.594769,-1.113660
1460213085.985957,-292406.559404,-5960332.197819,2246427.632489,434.638660,-21.742757,-1.114151
1460213175.985957,-253282.939956,-5962160.669760,2246327.338713,434.771994,-18.889808,-1.114594
1460213265.985957,-214148.163129,-5963732.338782,2246227.007216,434.886601,-16.036046,-1.114989
1460213355.985957,-175003.914519,-5965047.137192,2246126.642319,434.982477,-13.181593,-1.115336
1460213445.985957,-135851.880128,-5966105.008359,2246026.248346,435.059618,-10.326572,-1.115635
1460213535.985957,-96693.746296,-5966905.906718,2245925.829619,435.118020,-7.471106,-1.115886
1460213625.985957,-57531.199625,-5967449.797775,2245825.390465,435.157681,-4.615319,-1.116089
1460213715.985957,-18365.926905,-5967736.658103,2245724.935209,435.178599,-1.759333,-1.116244
1460213805.985957,20800.384954,-5967766.475345,2245624.468179,435.180773,1.096729,-1.116351
1460213895.985957,59966.048999,-5967539.248219,2245523.993701,435.164203,3.952744,-1.116410
1460213985.985957,99129.378304,-5967054.986511,2245423.516103,435.128890,6.808588,-1.116420
1460214075.985957,138288.686043,-5966313.711078,2245323.039713,435.074835,9.664139,-1.116383
1460214165.985957,177442.285566,-5965315.453850,2245222.568858,435.002041,12.519274,-1.116297
1460214255.985957,216588.490464,-5964060.257821,2245122.107866,434.910511,15.373870,-1.116163
1460214345.985957,255725.614652,-5962548.177056,2245021.661064,434.800248,18.227804,-1.115982
1460214435.985957,294851.972431,-5960779.276682,2244921.232779,434.671258,21.080952,-1.115752
1460214525.985957,333965.878571,-5958753.632889,2244820.827335,434.523546,23.933193,-1.115474
1460214615.985957,373065.648373,-5956471.332924,2244720.449058,434.357118,26.784402,-1.115148
1460214705.985957,412149.597750,-5953932.475088,2244620.102270,434.171982,29.634458,-1.114774
1460214795.985957,451216.043297,-5951137.168736,2244519.791295,433.968146,32.483238,-1.114352
1460214885.985957,490263.302361,-5948085.534264,2244419.520452,433.745617,35.330618,-1.113882
1460214975.985957,529289.693115,-5944777.703113,2244319.294060,433.504407,38.176477,-1.113365
1460215065.985957,568293.534634,-5941213.817753,2244219.116437,433.244525,41.020691,-1.112799
1460215155.985957,607273.146960,-5937394.031689,2244118.991897,432.965982,43.863139,-1.112185
1460215245.985957,646226.851182,-5933318.509445,2244018.924752,432.668791,46.703697,-1.111523
1460215335.985957,685152.969504,-5928987.426558,2243918.919313,432.352965,49.542244,-1.110814
1460215425.985957,724049.825316,-5924400.969576,2243818.979888,432.018516,52.378657,-1.110056
1460215515.985957,762915.743272,-5919559.336044,2243719.110779,431.665459,55.212814,-1.109251
1460215605.985957,801749.049357,-5914462.734499,2243619.316290,431.293810,58.044592,-1.108398
1460215695.985957,840548.070958,-5909111.384460,2243519.600718,430.903585,60.873871,-1.107497
1460215785.985957,879311.136944,-5903505.516417,2243419.968359,430.494799,63.700528,-1.106549
1460215875.985957,918036.577727,-5897645.371825,2243320.423503,430.067472,66.524441,-1.105553
1460215965.985957,956722.725345,-5891531.203087,2243220.970438,429.621621,69.345489,-1.104509
1460216055.985957,995367.913523,-5885163.273552,2243121.613448,429.157265,72.163550,-1.103418
1460216145.985957,1033970.477755,-5878541.857496,2243022.356812,428.674425,74.978502,-1.102279
1460216235.985957,1072528.755368,-5871667.240112,2242923.204805,428.173122,77.790226,-1.101093
1460216325.985957,1111041.085597,-5864539.717503,2242824.161699,427.653376,80.598598,-1.099859
1460216415.985957,1149505.809656,-5857159.596661,2242725.231758,427.115211,83.403500,-1.098578
1460216505.985957,1187921.270811,-5849527.195459,2242626.419244,426.558649,86.204809,-1.097249
1460216595.985957,1226285.814448,-5841642.842637,2242527.728414,425.983714,89.002405,-1.095874
1460216685.985957,1264597.788147,-5833506.877786,2242429.163517,425.390432,91.796167,-1.094451
1460216775.985957,1302855.541752,-5825119.651335,2242330.728799,424.778828,94.585976,-1.092981
1460216865.985957,1341057.427441,-5816481.524534,2242232.428500,424.148927,97.371710,-1.091464
1460216955.985957,1379201.799801,-5807592.869441,2242134.266854,423.500758,100.153251,-1.089900
1460217045.985957,1417287.015894,-5798454.068904,2242036.248088,422.834348,102.930478,-1.088288
1460217135.985957,1455311.435332,-5789065.516545,2241938.376426,422.149726,105.703272,-1.086631
1460217225.985957,1493273.420343,-5779427.616745,2241840.656081,421.446922,108.471513,-1.084926
1460217315.985957,1531171.335846,-5769540.784621,2241743.091263,420.725965,111.235081,-1.083174
1460217405.985957,1569003.549520,-5759405.446016,2241645.686175,419.986886,113.993859,-1.081376
1460217495.985957,1606768.431871,-5749022.037474,2241548.445011,419.229718,116.747727,-1.079532
1460217585.985957,1644464.356309,-5738391.006225,2241451.371960,418.454494,119.496566,-1.077640
1460217675.985957,1682089.699211,-5727512.810163,2241354.471204,417.661245,122.240259,-1.075703
1460217765.985957,1719642.839996,-5716387.917829,2241257.746915,416.850008,124.978686,-1.073719
1460217855.985957,1757122.161192,-5705016.808389,2241161.203260,416.020816,127.711730,-1.071689
1460217945.985957,1794526.048506,-5693399.971616,2241064.844397,415.173705,130.439274,-1.069612
1460218035.985957,1831852.890894,-5681537.907863,2240968.674477,414.308713,133.161199,-1.067490
1460218125.985957,1869101.080633,-5669431.128049,2240872.697641,413.425875,135.877389,-1.065322
1460218215.985957,1906269.013385,-5657080.153632,2240776.918024,412.525230,138.587727,-1.063107
1460218305.985957,1943355.088269,-5644485.516586,2240681.339751,411.606818,141.292095,-1.060847
1460218395.985957,1980357.707931,-5631647.759382,2240585.966938,410.670677,143.990377,-1.058541
1460218485.985957,2017275.278610,-5618567.434963,2240490.803694,409.716847,146.682458,-1.056190
1460218575.985957,2054106.210210,-5605245.106718,2240395.854117,408.745371,149.368221,-1.053793
1460218665.985957,2090848.916366,-5591681.348460,2240301.122298,407.756289,152.047550,-1.051351
1460218755.985957,2127501.814512,-5577876.744402,2240206.612315,406.749644,154.720331,-1.048864
1460218845.985957,2164063.325951,-5563831.889129,2240112.328240,405.725480,157.386447,-1.046331
1460218935.985957,2200531.875922,-5549547.387576,2240018.274135,404.683841,160.045785,-1.043753
1460219025.985957,2236905.893668,-5535023.854997,2239924.454049,403.624772,162.698229,-1.041130
1460219115.985957,2273183.812505,-5520261.916943,2239830.872024,402.548317,165.343665,-1.038463
1460219205.985957,2309364.069885,-5505262.209234,2239737.532090,401.454525,167.981980,-1.035751
1460219295.985957,2345445.107470,-5490025.377931,2239644.438269,400.343441,170.613060,-1.032994
1460219385.985957,2381425.371192,-5474552.079308,2239551.594569,399.215114,173.236790,-1.030192
1460219475.985957,2417303.311327,-5458842.979824,2239459.004990,398.069592,175.853060,-1.027347
1460219565.985957,2453077.382556,-5442898.756093,2239366.673520,396.906924,178.461755,-1.024457
1460219655.985957,2488746.044034,-5426720.094858,2239274.604134,395.727161,181.062764,-1.021522
1460219745.985957,2524307.759457,-5410307.692960,2239182.800800,394.530354,183.655973,-1.018544
1460219835.985957,2559760.997127,-5393662.257305,2239091.267471,393.316553,186.241273,-1.015522
1460219925.985957,2595104.230017,-5376784.504839,2239000.008090,392.085812,188.818551,-1.012457
1460220015.985957,2630335.935841,-5359675.162512,2238909.026587,390.838183,191.387696,-1.009347
1460220105.985957,2665454.597113,-5342334.967250,2238818.326881,389.573720,193.948598,-1.006194
1460220195.985957,2700458.701220,-5324764.665923,2238727.912878,388.292477,196.501146,-1.002998
1460220285.985957,2735346.740479,-5306965.015310,2238637.788474,386.994510,199.045230,-0.999759
1460220375.985957,2770117.212209,-5288936.782070,2238547.957549,385.679875,201.580742,-0.996476
1460220465.985957,2804768.618792,-5270680.742706,2238458.423973,384.348627,204.107570,-0.993151
1460220555.985957,2839299.467738,-5252197.683536,2238369.191603,383.000826,206.625608,-0.989783
1460220645.985957,2873708.271751,-5233488.400652,2238280.264281,381.636527,209.134746,-0.986372
1460220735.985957,2907993.548788,-5214553.699892,2238191.645837,380.255791,211.634876,-0.982919
1460220825.985957,2942153.822132,-5195394.396804,2238103.340090,378.858677,214.125891,-0.979423
1460220915.985957,2976187.620445,-5176011.316608,2238015.350842,377.445245,216.607683,-0.975886
1460221005.985957,3010093.477840,-5156405.294164,2237927.681883,376.015556,219.080146,-0.972306
1460221095.985957,3043869.933938,-5136577.173933,2237840.336989,374.569671,221.543172,-0.968684
1460221185.985957,3077515.533936,-5116527.809942,2237753.319923,373.107653,223.996656,-0.965021
1460221275.985957,3111028.828664,-5096258.065750,2237666.634431,371.629565,226.440492,-0.961316
1460221365.985957,3144408.374655,-5075768.814406,2237580.284249,370.135470,228.874575,-0.957570
1460221455.985957,3177652.734198,-5055060.938412,2237494.273095,368.625432,231.298800,-0.953782
1460221545.985957,3210760.475409,-5034135.329691,2237408.604674,367.099517,233.713063,-0.949953
1460221635.985957,3243730.172284,-5012992.889539,2237323.282675,365.557791,236.117259,-0.946084
1460221725.985957,3276560.404770,-4991634.528594,2237238.310774,364.000320,238.511286,-0.942173
1460221815.985957,3309249.758815,-4970061.166795,2237153.692631,362.427170,240.895039,-0.938222
1460221905.985957,3341796.826440,-4948273.733339,2237069.431890,360.838411,243.268417,-0.934231
1460221995.985957,3374200.205792,-4926273.166645,2236985.532180,359.234109,245.631316,-0.930199
1460222085.985957,3406458.501206,-4904060.414311,2236901.997115,357.614335,247.983636,-0.926128
1460222175.985957,3438570.323269,-4881636.433075,2236818.830294,355.979157,250.325275,-0.922016
1460222265.985957,3470534.288875,-4859002.188773,2236736.035298,354.328647,252.656132,-0.917865
1460222355.985957,3502349.021285,-4836158.656296,2236653.615693,352.662876,254.976107,-0.913674
1460222445.985957,3534013.150191,-4813106.819550,2236571.575030,350.981915,257.285099,-0.909444
1460222535.985957,3565525.311768,-4789847.671415,2236489.916842,349.285836,259.583010,-0.905175
1460222625.985957,3596884.148740,-4766382.213697,2236408.644645,347.574714,261.869740,-0.900866
1460222715.985957,3628088.310433,-4742711.457091,2236327.761942,345.848620,264.145191,-0.896519
1460222805.985957,3659136.452835,-4718836.421132,2236247.272215,344.107631,266.409265,-0.892134
1460222895.985957,3690027.238654,-4694758.134155,2236167.178931,342.351820,268.661864,-0.887710
1460222985.985957,3720759.337378,-4670477.633249,2236087.485541,340.581263,270.902892,-0.883247
1460223075.985957,3751331.425326,-4645995.964213,2236008.195476,338.796038,273.132251,-0.878747
1460223165.985957,3781742.185711,-4621314.181510,2235929.312151,336.996219,275.349846,-0.874208
1460223255.985957,3811990.308696,-4596433.348224,2235850.838965,335.181886,277.555582,-0.869633
1460223345.985957,3842074.491445,-4571354.536009,2235772.779298,333.353116,279.749362,-0.865019
1460223435.985957,3871993.438188,-4546078.825049,2235695.136511,331.509988,281.931094,-0.860369
1460223525.985957,3901745.860269,-4520607.304009,2235617.913948,329.652581,284.100682,-0.855681
1460223615.985957,3931330.476204,-4494941.069986,2235541.114937,327.780976,286.258034,-0.850956
1460223705.985957,3960746.011739,-4469081.228464,2235464.742784,325.895252,288.403055,-0.846195
1460223795.985957,3989991.199901,-4443028.893268,2235388.800779,323.995492,290.535655,-0.841397
1460223885.985957,4019064.781055,-4416785.186511,2235313.292194,322.081777,292.655742,-0.836564
1460223975.985957,4047965.502955,-4390351.238550,2235238.220280,320.154189,294.763223,-0.831694
1460224065.985957,4076692.120805,-4363728.187936,2235163.588271,318.212812,296.858008,-0.826788
1460224155.985957,4105243.397302,-4336917.181367,2235089.399381,316.257729,298.940007,-0.821847
1460224245.985957,4133618.102701,-4309919.373632,2235015.656806,314.289024,301.009130,-0.816870
1460224335.985957,4161815.014858,-4282735.927570,2234942.363723,312.306782,303.065288,-0.811858
1460224425.985957,4189832.919288,-4255368.014013,2234869.523287,310.311088,305.108393,-0.806811
1460224515.985957,4217670.609217,-4227816.811741,2234797.138637,308.302029,307.138356,-0.801729
1460224605.985957,4245326.885634,-4200083.507425,2234725.212890,306.279691,309.155091,-0.796613
1460224695.985957,4272800.557338,-4172169.295583,2234653.749143,304.244161,311.158509,-0.791463
1460224785.985957,4300090.440997,-4144075.378522,2234582.750476,302.195527,313.148526,-0.786278
1460224875.985957,4327195.361193,-4115802.966292,2234512.219947,300.133877,315.125054,-0.781060
1460224965.985957,4354114.150475,-4087353.276628,2234442.160592,298.059300,317.088010,-0.775808
1460225055.985957,4380845.649409,-4058727.534903,2234372.575430,295.971884,319.037308,-0.770522
1460225145.985957,4407388.706628,-4029926.974072,2234303.467457,293.871721,320.972865,-0.765203
1460225235.985957,4433742.178881,-4000952.834619,2234234.839651,291.758900,322.894597,-0.759852
1460225325.985957,4459904.931085,-3971806.364507,2234166.694968,289.633513,324.802422,-0.754467
1460225415.985957,4485875.836367,-3942488.819118,2234099.036341,287.495650,326.696256,-0.749050
1460225505.985957,4511653.776122,-3913001.461204,2234031.866687,285.345405,328.576020,-0.743601
1460225595.985957,4537237.640054,-3883345.560831,2233965.188897,283.182870,330.441631,-0.738120
1460225685.985957,4562626.326225,-3853522.395326,2233899.005844,281.008137,332.293009,-0.732607
1460225775.985957,4587818.741106,-3823533.249218,2233833.320378,278.821301,334.130076,-0.727063
1460225865.985957,4612813.799621,-3793379.414186,2233768.135328,276.622456,335.952750,-0.721487
1460225955.985957,4637610.425194,-3763062.189002,2233703.453503,274.411696,337.760955,-0.715880
1460226045.985957,4662207.549795,-3732582.879477,2233639.277688,272.189117,339.554612,-0.710242
1460226135.985957,4686604.113988,-3701942.798400,2233575.610647,269.954814,341.333643,-0.704574
1460226225.985957,4710799.066976,-3671143.265489,2233512.455123,267.708884,343.097973,-0.698875
1460226315.985957,4734791.366645,-3640185.607326,2233449.813835,265.451423,344.847525,-0.693146
1460226405.985957,4758579.979608,-3609071.157305,2233387.689482,263.182529,346.582224,-0.687388
1460226495.985957,4782163.881254,-3577801.255576,2233326.084740,260.902299,348.301995,-0.681600
1460226585.985957,4805542.055788,-3546377.248980,2233265.002262,258.610831,350.006764,-0.675782
1460226675.985957,4828713.496275,-3514800.490997,2233204.444679,256.308225,351.696458,-0.669935
1460226765.985957,4851677.204685,-3483072.341689,2233144.414599,253.994580,353.371004,-0.664060
1460226855.985957,4874432.191936,-3451194.167635,2233084.914608,251.669994,355.030330,-0.658156
1460226945.985957,4896977.477935,-3419167.341878,2233025.947269,249.334568,356.674363,-0.652223
1460227035.985957,4919312.091623,-3386993.243863,2232967.515122,246.988404,358.303035,-0.646262
1460227125.985957,4941435.071012,-3354673.259378,2232909.620683,244.631601,359.916273,-0.640274
1460227215.985957,4963345.463232,-3322208.780494,2232852.266445,242.264261,361.514010,-0.634258
1460227305.985957,4985042.324569,-3289601.205508,2232795.454880,239.886487,363.096175,-0.628215
1460227395.985957,5006524.720503,-3256851.938877,2232739.188435,237.498381,364.662702,-0.622144
1460227485.985957,5027791.725757,-3223962.391164,2232683.469532,235.100045,366.213522,-0.616047
1460227575.985957,5048842.424326,-3190933.978972,2232628.300572,232.691583,367.748568,-0.609923
1460227665.985957,5069675.909526,-3157768.124886,2232573.683931,230.273098,369.267775,-0.603773
1460227755.985957,5090291.284024,-3124466.257411,2232519.621961,227.844695,370.771077,-0.597597
1460227845.985957,5110687.659885,-3091029.810910,2232466.116991,225.406479,372.258409,-0.591396
1460227935.985957,5130864.158606,-3057460.225542,2232413.171326,222.958554,373.729708,-0.585168
1460228025.985957,5150819.911154,-3023758.947201,2232360.787246,220.501026,375.184909,-0.578916
1460228115.985957,5170554.058003,-2989927.427454,2232308.967007,218.034001,376.623951,-0.572639
1460228205.985957,5190065.749173,-2955967.123477,2232257.712841,215.557584,378.046771,-0.566337
1460228295.985957,5209354.144265,-2921879.497992,2232207.026957,213.071883,379.453308,-0.560010
1460228385.985957,5228418.412499,-2887666.019206,2232156.911536,210.577005,380.843501,-0.553660
1460228475.985957,5247257.732747,-2853328.160747,2232107.368738,208.073057,382.217291,-0.547285
1460228565.985957,5265871.293569,-2818867.401599,2232058.400696,205.560147,383.574618,-0.540887
1460228655.985957,5284258.293252,-2784285.226040,2232010.009520,203.038383,384.915424,-0.534466
1460228745.985957,5302417.939839,-2749583.123580,2231962.197295,200.507874,386.239650,-0.528022
1460228835.985957,5320349.451165,-2714762.588890,2231914.966078,197.968729,387.547241,-0.521555
1460228925.985957,5338052.054893,-2679825.121745,2231868.317905,195.421057,388.838140,-0.515065
1460229015.985957,5355524.988544,-2644772.226957,2231822.254785,192.864968,390.112291,-0.508554
1460229105.985957,5372767.499531,-2609605.414307,2231776.778702,190.300572,391.369639,-0.502020
1460229195.985957,5389778.845194,-2574326.198484,2231731.891615,187.727979,392.610130,-0.495465
1460229285.985957,5406558.292827,-2538936.099019,2231687.595456,185.147300,393.833711,-0.488888
1460229375.985957,5423105.119713,-2503436.640219,2231643.892135,182.558647,395.040329,-0.482291
1460229465.985957,5439418.613155,-2467829.351100,2231600.783533,179.962131,396.229932,-0.475672
1460229555.985957,5455498.070505,-2432115.765323,2231558.271508,177.357864,397.402469,-0.469034
1460229645.985957,5471342.799197,-2396297.421127,2231516.357889,174.745958,398.557889,-0.462374
1460229735.985957,5486952.116773,-2360375.861264,2231475.044483,172.126525,399.696142,-0.455695
1460229825.985957,5502325.350916,-2324352.632932,2231434.333069,169.499678,400.817180,-0.448997
1460229915.985957,5517461.839477,-2288229.287706,2231394.225401,166.865530,401.920954,-0.442279
1460230005.985957,5532360.930504,-2252007.381475,2231354.723206,164.224196,403.007417,-0.435542
1460230095.985957,5547021.982269,-2215688.474373,2231315.828185,161.575788,404.076521,-0.428786
1460230185.985957,5561444.363299,-2179274.130711,2231277.542014,158.920421,405.128221,-0.422012
1460230275.985957,5575627.452400,-2142765.918910,2231239.866342,156.258209,406.162472,-0.415220
1460230365.985957,5589570.638684,-2106165.411438,2231202.802791,153.589266,407.179229,-0.408409
1460230455.985957,5603273.321595,-2069474.184733,2231166.352959,150.913708,408.178448,-0.401582
1460230545.985957,5616734.910939,-2032693.819144,2231130.518414,148.231650,409.160086,-0.394736
1460230635.985957,5629954.826904,-1995825.898859,2231095.300701,145.543208,410.124101,-0.387874
1460230725.985957,5642932.500088,-1958872.011835,2231060.701337,142.848497,411.070451,-0.380995
1460230815.985957,5655667.371522,-1921833.749734,2231026.721811,140.147633,411.999096,-0.374100
1460230905.985957,5668158.892696,-1884712.707851,2230993.363587,137.440733,412.909995,-0.367189
1460230995.985957,5680406.525580,-1847510.485047,2230960.628103,134.727913,413.803110,-0.360261
1460231085.985957,5692409.742650,-1810228.683679,2230928.516767,132.009290,414.678401,-0.353319
1460231175.985957,5704168.026908,-1772868.909532,2230897.030964,129.284981,415.535832,-0.346361
1460231265.985957,5715680.871908,-1735432.771750,2230866.172049,126.555103,416.375365,-0.339388
1460231355.985957,5726947.781773,-1697921.882764,2230835.941351,123.819775,417.196964,-0.332400
1460231445.985957,5737968.271220,-1660337.858228,2230806.340173,121.079114,418.000594,-0.325399
1460231535.985957,5748741.865580,-1622682.316942,2230777.369789,118.333237,418.786219,-0.318383
1460231625.985957,5759268.100816,-1584956.880790,2230749.031448,115.582264,419.553807,-0.311353
1460231715.985957,5769546.523549,-1547163.174664,2230721.326370,112.826312,420.303325,-0.304310
1460231805.985957,5779576.691069,-1509302.826399,2230694.255749,110.065501,421.034739,-0.297254
1460231895.985957,5789358.171363,-1471377.466697,2230667.820749,107.299949,421.748018,-0.290185
1460231985.985957,5798890.543126,-1433388.729062,2230642.022511,104.529776,422.443132,-0.283104
1460232075.985957,5808173.395786,-1395338.249730,2230616.862144,101.755100,423.120051,-0.276011
1460232165.985957,5817206.329514,-1357227.667591,2230592.340734,98.976042,423.778745,-0.268905
1460232255.985957,5825988.955249,-1319058.624129,2230568.459335,96.192720,424.419187,-0.261788
1460232345.985957,5834520.894709,-1280832.763344,2230545.218977,93.405255,425.041348,-0.254660
1460232435.985957,5842801.780411,-1242551.731681,2230522.620661,90.613768,425.645202,-0.247521
1460232525.985957,5850831.255683,-1204217.177964,2230500.665360,87.818377,426.230723,-0.240371
1460232615.985957,5858608.974684,-1165830.753323,2230479.354020,85.019204,426.797885,-0.233210
1460232705.985957,5866134.602416,-1127394.111120,2230458.687558,82.216369,427.346664,-0.226040
1460232795.985957,5873407.814738,-1088908.906880,2230438.666865,79.409993,427.877037,-0.218860
1460232885.985957,5880428.298381,-1050376.798220,2230419.292804,76.600196,428.388981,-0.211671
1460232975.985957,5887195.750963,-1011799.444780,2230400.566208,73.787100,428.882473,-0.204472
1460233065.985957,5893709.880999,-973178.508144,2230382.487884,70.970826,429.357493,-0.197265
1460233155.985957,5899970.407914,-934515.651776,2230365.058611,68.151496,429.814020,-0.190049
1460233245.985957,5905977.062060,-895812.540945,2230348.279140,65.329229,430.252034,-0.182825
1460233335.985957,5911729.584719,-857070.842655,2230332.150193,62.504149,430.671516,-0.175593
1460233425.985957,5917227.728121,-818292.225570,2230316.672466,59.676377,431.072448,-0.168353
1460233515.985957,5922471.255454,-779478.359946,2230301.846624,56.846035,431.454814,-0.161106
1460233605.985957,5927459.940869,-740630.917555,2230287.673307,54.013244,431.818596,-0.153853
1460233695.985957,5932193.569498,-701751.571617,2230274.153124,51.178126,432.163779,-0.146592
1460233785.985957,5936671.937454,-662841.996726,2230261.286659,48.340805,432.490348,-0.139326
1460233875.985957,5940894.851849,-623903.868777,2230249.074466,45.501401,432.798289,-0.132053
1460233965.985957,5944862.130794,-584938.864896,2230237.517069,42.660037,433.087589,-0.124775
1460234055.985957,5948573.603412,-545948.663366,2230226.614969,39.816836,433.358235,-0.117491
1460234145.985957,5952029.109845,-506934.943556,2230216.368633,36.971920,433.610216,-0.110202
1460234235.985957,5955228.501258,-467899.385846,2230206.778503,34.125412,433.843520,-0.102909
1460234325.985957,5958171.639850,-428843.671558,2230197.844992,31.277433,434.058138,-0.095611
1460234415.985957,5960858.398854,-389769.482883,2230189.568486,28.428108,434.254060,-0.088309
1460234505.985957,5963288.662547,-350678.502806,2230181.949340,25.577558,434.431279,-0.081003
1460234595.985957,5965462.326254,-311572.415037,2230174.987883,22.725906,434.589786,-0.073693
1460234685.985957,5967379.296353,-272452.903935,2230168.684415,19.873276,434.729574,-0.066381
1460234775.985957,5969039.490276,-233321.654438,2230163.039207,17.019790,434.850638,-0.059065
1460234865.985957,5970442.836517,-194180.351990,2230158.052503,14.165570,434.952972,-0.051748
1460234955.985957,5971589.274630,-155030.682466,2230153.724516,11.310740,435.036572,-0.044427
1460235045.985957,5972478.755237,-115874.332105,2230150.055434,8.455424,435.101435,-0.037105
1460235135.985957,5973111.240027,-76712.987431,2230147.045415,5.599743,435.147557,-0.029782
1460235225.985957,5973486.701758,-37548.335183,2230144.694588,2.743821,435.174936,-0.022457
1460235315.985957,5973605.124257,1617.937757,2230143.003055,-0.112220,435.183572,-0.015131
1460235405.985957,5973466.502425,40784.144436,2230141.970888,-2.968255,435.173464,-0.007804
1460235495.985957,5973070.842232,79948.597904,2230141.598133,-5.824163,435.144612,-0.000477
1460235585.985957,5972418.160720,119109.611290,2230141.884804,-8.679820,435.097018,0.006850
1460235675.985957,5971508.486000,158265.497867,2230142.830890,-11.535103,435.030683,0.014176
1460235765.985957,5970341.857254,197414.571130,2230144.436350,-14.389889,434.945611,0.021502
1460235855.985957,5968918.324730,236555.144868,2230146.701115,-17.244055,434.841805,0.028828
1460235945.985957,5967237.949742,275685.533236,2230149.625087,-20.097479,434.719270,0.036151
1460236035.985957,5965300.804667,314804.050827,2230153.208140,-22.950037,434.578011,0.043474
1460236125.985957,5963106.972939,353909.012748,2230157.450121,-25.801606,434.418034,0.050794
1460236215.985957,5960656.549052,392998.734685,2230162.350846,-28.652064,434.239346,0.058112
1460236305.985957,5957949.638548,432071.532985,2230167.910105,-31.501288,434.041955,0.065428
1460236395.985957,5954986.358019,471125.724721,2230174.127657,-34.349155,433.825869,0.072741
1460236485.985957,5951766.835097,510159.627769,2230181.003235,-37.195543,433.591097,0.080051
1460236575.985957,5948291.208452,549171.560879,2230188.536544,-40.040329,433.337649,0.087357
1460236665.985957,5944559.627785,588159.843745,2230196.727258,-42.883390,433.065538,0.094660
1460236755.985957,5940572.253820,627122.797083,2230205.575025,-45.724604,432.774773,0.101958
1460236845.985957,5936329.258301,666058.742697,2230215.079464,-48.563849,432.465368,0.109253
1460236935.985957,5931830.823980,704966.003556,2230225.240165,-51.401002,432.137336,0.116542
1460237025.985957,5927077.144610,743842.903864,2230236.056691,-54.235941,431.790692,0.123826
1460237115.985957,5922068.424941,782687.769133,2230247.528575,-57.068544,431.425449,0.131105
1460237205.985957,5916804.880706,821498.926254,2230259.655325,-59.898688,431.041624,0.138379
1460237295.985957,5911286.738613,860274.703571,2230272.436417,-62.726253,430.639234,0.145646
1460237385.985957,5905514.236339,899013.430951,2230285.871301,-65.551117,430.218295,0.152907
1460237475.985957,5899487.622512,937713.439856,2230299.959398,-68.373157,429.778827,0.160162
1460237565.985957,5893207.156709,976373.063418,2230314.700103,-71.192252,429.320847,0.167410
1460237655.985957,5886673.109440,1014990.636507,2230330.092778,-74.008280,428.844375,0.174650
1460237745.985957,5879885.762135,1053564.495804,2230346.136763,-76.821121,428.349432,0.181883
1460237835.985957,5872845.407137,1092092.979872,2230362.831365,-79.630653,427.836040,0.189108
1460237925.985957,5865552.347684,1130574.429232,2230380.175866,-82.436756,427.304220,0.196325
1460238015.985957,5858006.897900,1169007.186427,2230398.169519,-85.239307,426.753996,0.203534
1460238105.985957,5850209.382779,1207389.596098,2230416.811548,-88.038187,426.185391,0.210734
1460238195.985957,5842160.138171,1245720.005056,2230436.101151,-90.833276,425.598429,0.217924
1460238285.985957,5833859.510771,1283996.762352,2230456.037497,-93.624452,424.993136,0.225106
1460238375.985957,5825307.858099,1322218.219344,2230476.619728,-96.411595,424.369538,0.232277
1460238465.985957,5816505.548489,1360382.729777,2230497.846956,-99.194586,423.727661,0.239439
1460238555.985957,5807452.961069,1398488.649846,2230519.718267,-101.973304,423.067534,0.246590
1460238645.985957,5798150.485748,1436534.338270,2230542.232720,-104.747631,422.389185,0.253731
1460238735.985957,5788598.523198,1474518.156361,2230565.389345,-107.517445,421.692643,0.260861
1460238825.985957,5778797.484837,1512438.468099,2230589.187144,-110.282629,420.977938,0.267979
1460238915.985957,5768747.792812,1550293.640197,2230613.625093,-113.043062,420.245100,0.275086
1460239005.985957,5758449.879977,1588082.042172,2230638.702138,-115.798627,419.494163,0.282181
1460239095.985957,5747904.189880,1625802.046422,2230664.417200,-118.549204,418.725156,0.289264
1460239185.985957,5737111.176740,1663452.028287,2230690.769171,-121.294675,417.938115,0.296335
1460239275.985957,5726071.305429,1701030.366124,2230717.756917,-124.034922,417.133073,0.303392
1460239365.985957,5714785.051451,1738535.441374,2230745.379274,-126.769826,416.310063,0.310437
1460239455.985957,5703252.900923,1775965.638638,2230773.635053,-129.499270,415.469123,0.317468
1460239545.985957,5691475.350551,1813319.345738,2230802.523037,-132.223136,414.610288,0.324486
1460239635.985957,5679452.907615,1850594.953793,2230832.041982,-134.941307,413.733595,0.331490
1460239725.985957,5667186.089938,1887790.857283,2230862.190617,-137.653667,412.839082,0.338479
1460239815.985957,5654675.425872,1924905.454125,2230892.967642,-140.360097,411.926787,0.345454
1460239905.985957,5641921.454270,1961937.145734,2230924.371733,-143.060481,410.996750,0.352414
1460239995.985957,5628924.724465,1998884.337099,2230956.401536,-145.754704,410.049011,0.359358
1460240085.985957,5615685.796248,2035745.436847,2230989.055673,-148.442649,409.083610,0.366288
1460240175.985957,5602205.239838,2072518.857313,2231022.332736,-151.124200,408.100589,0.373201
1460240265.985957,5588483.635865,2109203.014609,2231056.231292,-153.799242,407.099991,0.380098
1460240355.985957,5574521.575339,2145796.328691,2231090.749882,-156.467660,406.081858,0.386980
1460240445.985957,5560319.659628,2182297.223429,2231125.887018,-159.129339,405.046235,0.393844
1460240535.985957,5545878.500430,2218704.126673,2231161.641188,-161.784163,403.993166,0.400691
1460240625.985957,5531198.719748,2255015.470321,2231198.010850,-164.432019,402.922696,0.407521
1460240715.985957,5516280.949863,2291229.690387,2231234.994440,-167.072793,401.834872,0.414334
1460240805.985957,5501125.833308,2327345.227070,2231272.590363,-169.706371,400.729740,0.421129
1460240895.985957,5485734.022835,2363360.524815,2231310.797001,-172.332639,399.607348,0.427905
1460240985.985957,5470106.181394,2399274.032390,2231349.612707,-174.951485,398.467744,0.434664
1460241075.985957,5454242.982100,2435084.202943,2231389.035811,-177.562795,397.310978,0.441403
1460241165.985957,5438145.108207,2470789.494075,2231429.064614,-180.166457,396.137099,0.448123
1460241255.985957,5421813.253074,2506388.367905,2231469.697391,-182.762359,394.946157,0.454825
1460241345.985957,5405248.120140,2541879.291132,2231510.932394,-185.350390,393.738205,0.461506
1460241435.985957,5388450.422890,2577260.735109,2231552.767845,-187.930437,392.513294,0.468168
1460241525.985957,5371420.884827,2612531.175902,2231595.201943,-190.502389,391.271476,0.474809
1460241615.985957,5354160.239441,2647689.094357,2231638.232861,-193.066137,390.012806,0.481430
1460241705.985957,5336669.230173,2682732.976171,2231681.858744,-195.621568,388.737338,0.488031
1460241795.985957,5318948.610389,2717661.311946,2231726.077714,-198.168574,387.445126,0.494610
1460241885.985957,5300999.143342,2752472.597268,2231770.887866,-200.707045,386.136226,0.501168
1460241975.985957,5282821.602145,2787165.332759,2231816.287270,-203.236871,384.810695,0.507704
1460242065.985957,5264416.769733,2821738.024149,2231862.273972,-205.757943,383.468589,0.514219
1460242155.985957,5245785.438829,2856189.182340,2231908.845989,-208.270152,382.109967,0.520711
1460242245.985957,5226928.411915,2890517.323466,2231956.001316,-210.773392,380.734886,0.527181
1460242335.985957,5207846.501191,2924720.968962,2232003.737923,-213.267553,379.343407,0.533629
1460242425.985957,5188540.528545,2958798.645623,2232052.053752,-215.752528,377.935589,0.540053
1460242515.985957,5169011.325515,2992748.885671,2232100.946724,-218.228210,376.511492,0.546454
1460242605.985957,5149259.733254,3026570.226817,2232150.414731,-220.694493,375.071179,0.552831
1460242695.985957,5129286.602494,3060261.212323,2232200.455644,-223.151270,373.614711,0.559185
1460242785.985957,5109092.793508,3093820.391066,2232251.067308,-225.598436,372.142150,0.565515
1460242875.985957,5088679.176076,3127246.317601,2232302.247541,-228.035885,370.653561,0.571820
1460242965.985957,5068046.629442,3160537.552221,2232353.994140,-230.463512,369.149007,0.578100
1460243055.985957,5047196.042284,3193692.661020,2232406.304877,-232.881213,367.628554,0.584356
1460243145.985957,5026128.312667,3226710.215958,2232459.177497,-235.288883,366.092266,0.590587
1460243235.985957,5004844.348012,3259588.794917,2232512.609724,-237.686418,364.540210,0.596792
1460243325.985957,4983345.065053,3292326.981765,2232566.599256,-240.073717,362.972452,0.602971
1460243415.985957,4961631.389795,3324923.366418,2232621.143768,-242.450675,361.389061,0.609125
1460243505.985957,4939704.257482,3357376.544900,2232676.240910,-244.817190,359.790104,0.615252
1460243595.985957,4917564.612548,3389685.119402,2232731.888310,-247.173160,358.175651,0.621352
1460243685.985957,4895213.408583,3421847.698343,2232788.083570,-249.518485,356.545770,0.627426
1460243775.985957,4872651.608287,3453862.896431,2232844.824270,-251.853062,354.900532,0.633473
1460243865.985957,4849880.183432,3485729.334722,2232902.107967,-254.176792,353.240009,0.639493
1460243955.985957,4826900.114819,3517445.640680,2232959.932193,-256.489574,351.564270,0.645485
1460244045.985957,4803712.392234,3549010.448234,2233018.294457,-258.791308,349.873389,0.651449
1460244135.985957,4780318.014409,3580422.397838,2233077.192246,-261.081896,348.167439,0.657385
1460244225.985957,4756717.988976,3611680.136532,2233136.623023,-263.361238,346.446493,0.663293
1460244315.985957,4732913.332424,3642782.317996,2233196.584227,-265.629238,344.710624,0.669173
1460244405.985957,4708905.070058,3673727.602612,2233257.073278,-267.885796,342.959908,0.675023
1460244495.985957,4684694.235949,3704514.657517,2233318.087568,-270.130816,341.194421,0.680845
1460244585.985957,4660281.872897,3735142.156666,2233379.624471,-272.364201,339.414238,0.686637
1460244675.985957,4635669.032379,3765608.780884,2233441.681335,-274.585855,337.619435,0.692399
1460244765.985957,4610856.774508,3795913.217928,2233504.255488,-276.795682,335.810091,0.698132
1460244855.985957,4585846.167988,3826054.162538,2233567.344234,-278.993587,333.986283,0.703835
1460244945.985957,4560638.290062,3856030.316498,2233630.944857,-281.179475,332.148090,0.709507
1460245035.985957,4535234.226475,3885840.388686,2233695.054616,-283.353252,330.295590,0.715149
1460245125.985957,4509635.071418,3915483.095139,2233759.670752,-285.514826,328.428864,0.720760
1460245215.985957,4483841.927486,3944957.159097,2233824.790480,-287.664101,326.547993,0.726339
1460245305.985957,4457855.905630,3974261.311069,2233890.410995,-289.800986,324.653056,0.731888
1460245395.985957,4431678.125108,4003394.288878,2233956.529472,-291.925389,322.744136,0.737405
1460245485.985957,4405309.713438,4032354.837722,2234023.143062,-294.037219,320.821315,0.742891
1460245575.985957,4378751.806348,4061141.710226,2234090.248897,-296.136384,318.884676,0.748344
1460245665.985957,4352005.547729,4089753.666494,2234157.844085,-298.222793,316.934301,0.753765
1460245755.985957,4325072.089583,4118189.474165,2234225.925717,-300.296358,314.970276,0.759154
1460245845.985957,4297952.591975,4146447.908465,2234294.490858,-302.356989,312.992685,0.764510
1460245935.985957,4270648.222985,4174527.752259,2234363.536556,-304.404596,311.001613,0.769833
1460246025.985957,4243160.158654,4202427.796105,2234433.059838,-306.439093,308.997145,0.775122
1460246115.985957,4215489.582935,4230146.838304,2234503.057708,-308.460391,306.979368,0.780379
1460246205.985957,4187637.687643,4257683.684955,2234573.527152,-310.468402,304.948370,0.785602
1460246295.985957,4159605.672403,4285037.150004,2234644.465134,-312.463042,302.904236,0.790791
1460246385.985957,4131394.744596,4312206.055293,2234715.868599,-314.444223,300.847056,0.795946
1460246475.985957,4103006.119335,4339189.230594,2234787.734472,-316.411861,298.776918,0.801066
1460246565.985957,4074441.019351,4365985.513710,2234860.059657,-318.365870,296.693912,0.806153
1460246655.985957,4045700.674975,4392593.750497,2234932.841040,-320.306166,294.598126,0.811204
1460246745.985957,4016786.324097,4419012.794895,2235006.075484,-322.232667,292.489651,0.816221
1460246835.985957,3987699.212104,4445241.508996,2235079.759837,-324.145289,290.368579,0.821202
1460246925.985957,3958440.591822,4471278.763090,2235153.890923,-326.043949,288.235000,0.826148
1460247015.985957,3929011.723466,4497123.435709,2235228.465552,-327.928566,286.089006,0.831058
1460247105.985957,3899413.874582,4522774.413686,2235303.480509,-329.799058,283.930690,0.835933
1460247195.985957,3869648.319997,4548230.592192,2235378.932564,-331.655346,281.760144,0.840772
1460247285.985957,3839716.341757,4573490.874790,2235454.818468,-333.497348,279.577463,0.845574
1460247375.985957,3809619.229080,4598554.173481,2235531.134952,-335.324987,277.382740,0.850340
1460247465.985957,3779358.278295,4623419.408750,2235607.878729,-337.138182,275.176069,0.855069
1460247555.985957,3748934.792788,4648085.509612,2235685.046493,-338.936856,272.957547,0.859762
1460247645.985957,3718350.082946,4672551.413661,2235762.634920,-340.720932,270.727267,0.864417
1460247735.985957,3687605.466099,4696816.067112,2235840.640669,-342.490333,268.485327,0.869036
1460247825.985957,3656702.266467,4720878.424848,2235919.060381,-344.244982,266.231823,0.873616
1460247915.985957,3625641.815096,4744737.450468,2235997.890676,-345.984803,263.966852,0.878160
1460248005.985957,3594425.449810,4768392.116325,2236077.128160,-347.709723,261.690511,0.882665
1460248095.985957,3563054.515145,4791841.403577,2236156.769420,-349.419666,259.402899,0.887132
1460248185.985957,3531530.362296,4815084.302226,2236236.811026,-351.114559,257.104114,0.891562
1460248275.985957,3499854.349058,4838119.811165,2236317.249531,-352.794329,254.794255,0.895952
1460248365.985957,3468027.839764,4860946.938219,2236398.081469,-354.458904,252.473422,0.900304
1460248455.985957,3436052.205233,4883564.700188,2236479.303358,-356.108212,250.141715,0.904618
1460248545.985957,3403928.822703,4905972.122890,2236560.911702,-357.742181,247.799233,0.908892
1460248635.985957,3371659.075780,4928168.241202,2236642.902984,-359.360742,245.446078,0.913127
1460248725.985957,3339244.354371,4950152.099104,2236725.273673,-360.963825,243.082352,0.917323
1460248815.985957,3306686.054628,4971922.749717,2236808.020222,-362.551360,240.708155,0.921480
1460248905.985957,3273985.578887,4993479.255345,2236891.139066,-364.123280,238.323591,0.925597
1460248995.985957,3241144.335610,5014820.687516,2236974.626625,-365.679517,235.928762,0.929673
1460249085.985957,3208163.739318,5035946.127021,2237058.479304,-367.220003,233.523772,0.933710
1460249175.985957,3175045.210537,5056854.663955,2237142.693490,-368.744672,231.108722,0.937707
1460249265.985957,3141790.175735,5077545.397755,2237227.265556,-370.253459,228.683719,0.941663
1460249355.985957,3108400.067255,5098017.437239,2237312.191861,-371.746299,226.248866,0.945579
1460249445.985957,3074876.323263,5118269.900645,2237397.468745,-373.223127,223.804268,0.949454
1460249535.985957,3041220.387677,5138301.915667,2237483.092536,-374.683879,221.350031,0.953288
1460249625.985957,3007433.710111,5158112.619496,2237569.059545,-376.128493,218.886259,0.957081
1460249715.985957,2973517.745810,5177701.158854,2237655.366071,-377.556907,216.413060,0.960832
1460249805.985957,2939473.955586,5197066.690032,2237742.008395,-378.969059,213.930540,0.964543
1460249895.985957,2905303.805759,5216208.378928,2237828.982787,-380.364889,211.438805,0.968212
1460249985.985957,2871008.768089,5235125.401078,2237916.285499,-381.744335,208.937963,0.971839
1460250075.985957,2836590.319717,5253816.941697,2238003.912772,-383.107339,206.428122,0.975424
1460250165.985957,2802049.943099,5272282.195712,2238091.860831,-384.453842,203.909390,0.978967
1460250255.985957,2767389.125942,5290520.367795,2238180.125888,-385.783786,201.381875,0.982468
1460250345.985957,2732609.361141,5308530.672401,2238268.704141,-387.097113,198.845686,0.985927
1460250435.985957,2697712.146715,5326312.333797,2238357.591776,-388.393768,196.300933,0.989343
1460250525.985957,2662698.985741,5343864.586100,2238446.784964,-389.673694,193.747725,0.992717
1460250615.985957,2627571.386290,5361186.673307,2238536.279862,-390.936836,191.186171,0.996048
1460250705.985957,2592330.861361,5378277.849329,2238626.072617,-392.183140,188.616383,0.999336
1460250795.985957,2556978.928819,5395137.378023,2238716.159361,-393.412552,186.038472,1.002581
1460250885.985957,2521517.111327,5411764.533223,2238806.536213,-394.625019,183.452547,1.005783
1460250975.985957,2485946.936279,5428158.598771,2238897.199281,-395.820489,180.858720,1.008941
1460251065.985957,2450269.935739,5444318.868549,2238988.144660,-396.998910,178.257104,1.012056
1460251155.985957,2414487.646369,5460244.646510,2239079.368433,-398.160232,175.647809,1.015128
1460251245.985957,2378601.609370,5475935.246706,2239170.866670,-399.304405,173.030950,1.018156
1460251335.985957,2342613.370406,5491389.993318,2239262.635431,-400.431379,170.406637,1.021139
1460251425.985957,2306524.479549,5506608.220686,2239354.670763,-401.541106,167.774985,1.024079
1460251515.985957,2270336.491201,5521589.273338,2239446.968702,-402.633538,165.136107,1.026975
1460251605.985957,2234050.964037,5536332.506017,2239539.525272,-403.708627,162.490116,1.029827
1460251695.985957,2197669.460929,5550837.283709,2239632.336487,-404.766329,159.837126,1.032634
1460251785.985957,2161193.548886,5565102.981670,2239725.398349,-405.806596,157.177252,1.035397
1460251875.985957,2124624.798982,5579128.985455,2239818.706850,-406.829385,154.510608,1.038115
1460251965.985957,2087964.786288,5592914.690943,2239912.257972,-407.834651,151.837309,1.040788
1460252055.985957,2051215.089809,5606459.504360,2240006.047684,-408.822351,149.157470,1.043417
1460252145.985957,2014377.292411,5619762.842313,2240100.071946,-409.792442,146.471207,1.046000
1460252235.985957,1977452.980755,5632824.131804,2240194.326710,-410.744883,143.778635,1.048539
1460252325.985957,1940443.745229,5645642.810264,2240288.807916,-411.679633,141.079870,1.051032
1460252415.985957,1903351.179876,5658218.325573,2240383.511493,-412.596650,138.375028,1.053480
1460252505.985957,1866176.882332,5670550.136083,2240478.433363,-413.495897,135.664227,1.055883
1460252595.985957,1828922.453751,5682637.710646,2240573.569438,-414.377334,132.947582,1.058240
1460252685.985957,1791589.498739,5694480.528629,2240668.915619,-415.240923,130.225211,1.060552
1460252775.985957,1754179.625284,5706078.079945,2240764.467801,-416.086626,127.497231,1.062818
1460252865.985957,1716694.444688,5717429.865069,2240860.221867,-416.914409,124.763760,1.065038
1460252955.985957,1679135.571495,5728535.395062,2240956.173693,-417.724234,122.024915,1.067213
1460253045.985957,1641504.623423,5739394.191592,2241052.319147,-418.516067,119.280814,1.069341
1460253135.985957,1603803.221297,5750005.786953,2241148.654087,-419.289874,116.531575,1.071423
1460253225.985957,1566032.988974,5760369.724088,2241245.174363,-420.045621,113.777317,1.073460
1460253315.985957,1528195.553276,5770485.556606,2241341.875820,-420.783277,111.018159,1.075450
1460253405.985957,1490292.543920,5780352.848802,2241438.754290,-421.502808,108.254219,1.077393
1460253495.985957,1452325.593448,5789971.175677,2241535.805603,-422.204185,105.485616,1.079291
1460253585.985957,1414296.337154,5799340.122954,2241633.025577,-422.887377,102.712470,1.081141
1460253675.985957,1376206.413019,5808459.287099,2241730.410025,-423.552355,99.934900,1.082945
1460253765.985957,1338057.461633,5817328.275335,2241827.954753,-424.199089,97.153025,1.084703
1460253855.985957,1299851.126131,5825946.705660,2241925.655560,-424.827553,94.366966,1.086414
1460253945.985957,1261589.052120,5834314.206866,2242023.508236,-425.437718,91.576842,1.088078
1460254035.985957,1223272.887605,5842430.418552,2242121.508568,-426.029560,88.782774,1.089695
1460254125.985957,1184904.282925,5850294.991139,2242219.652334,-426.603051,85.984882,1.091265
1460254215.985957,1146484.890673,5857907.585889,2242317.935307,-427.158168,83.183287,1.092788
1460254305.985957,1108016.365632,5865267.874914,2242416.353254,-427.694887,80.378108,1.094265
1460254395.985957,1069500.364702,5872375.541197,2242514.901936,-428.213184,77.569468,1.095694
1460254485.985957,1030938.546826,5879230.278598,2242613.577109,-428.713038,74.757487,1.097075
1460254575.985957,992332.572922,5885831.791875,2242712.374521,-429.194426,71.942285,1.098410
1460254665.985957,953684.105808,5892179.796688,2242811.289918,-429.657328,69.123986,1.099697
1460254755.985957,914994.810134,5898274.019620,2242910.319039,-430.101724,66.302708,1.100937
1460254845.985957,876266.352307,5904114.198184,2243009.457620,-430.527595,63.478575,1.102130
1460254935.985957,837500.400423,5909700.080833,2243108.701389,-430.934922,60.651708,1.103275
1460255025.985957,798698.624191,5915031.426975,2243208.046072,-431.323689,57.822229,1.104372
1460255115.985957,759862.694863,5920108.006981,2243307.487391,-431.693877,54.990259,1.105422
1460255205.985957,720994.285163,5924929.602195,2243407.021061,-432.045472,52.155920,1.106424
1460255295.985957,682095.069214,5929496.004943,2243506.642797,-432.378458,49.319335,1.107379
1460255385.985957,643166.722465,5933807.018542,2243606.348307,-432.692821,46.480626,1.108286
1460255475.985957,604210.921620,5937862.457312,2243706.133297,-432.988547,43.639915,1.109145
1460255565.985957,565229.344567,5941662.146577,2243805.993468,-433.265624,40.797324,1.109957
1460255655.985957,526223.670301,5945205.922680,2243905.924520,-433.524039,37.952976,1.110720
1460255745.985957,487195.578858,5948493.632984,2244005.922149,-433.763781,35.106993,1.111436
1460255835.985957,448146.751237,5951525.135883,2244105.982047,-433.984841,32.259499,1.112104
1460255925.985957,409078.869334,5954300.300805,2244206.099904,-434.187208,29.410614,1.112724
1460256015.985957,369993.615860,5956819.008220,2244306.271409,-434.370874,26.560463,1.113296
1460256105.985957,330892.674280,5959081.149642,2244406.492246,-434.535832,23.709168,1.113820
1460256195.985957,291777.728731,5961086.627639,2244506.758100,-434.682073,20.856852,1.114297
1460256285.985957,252650.463954,5962835.355830,2244607.064651,-434.809591,18.003637,1.114725
1460256375.985957,213512.565221,5964327.258896,2244707.407578,-434.918382,15.149647,1.115105
1460256465.985957,174365.718262,5965562.272577,2244807.782561,-435.008440,12.295005,1.115437
1460256555.985957,135211.609193,5966540.343681,2244908.185276,-435.079762,9.439833,1.115721
1460256645.985957,96051.924441,5967261.430079,2245008.611398,-435.132344,6.584254,1.115957
1460256735.985957,56888.350676,5967725.500714,2245109.056602,-435.166184,3.728392,1.116145
1460256825.985957,17722.574731,5967932.535597,2245209.516561,-435.181281,0.872369,1.116285
1460256915.985957,-21443.716461,5967882.525812,2245309.986948,-435.177634,-1.983692,1.116377
1460257005.985957,-60608.835948,5967575.473511,2245410.463437,-435.155243,-4.839667,1.116421
1460257095.985957,-99771.096829,5967011.391920,2245510.941698,-435.114109,-7.695433,1.116416
1460257185.985957,-138928.812322,5966190.305336,2245611.417405,-435.054235,-10.550868,1.116364
1460257275.985957,-178080.295846,5965112.249123,2245711.886230,-434.975622,-13.405849,1.116263
1460257365.985957,-217223.861084,5963777.269715,2245812.343845,-434.878273,-16.260252,1.116115
1460257455.985957,-256357.822064,5962185.424611,2245912.785923,-434.762194,-19.113955,1.115918
1460257545.985957,-295480.493225,5960336.782376,2246013.208139,-434.627389,-21.966835,1.115673
1460257635.985957,-334590.189492,5958231.422632,2246113.606166,-434.473864,-24.818768,1.115380
1460257725.985957,-373685.226351,5955869.436062,2246213.975682,-434.301626,-27.669633,1.115040
1460257815.985957,-412763.919918,5953250.924398,2246314.312361,-434.110681,-30.519305,1.114651
1460257905.985957,-451824.587013,5950376.000425,2246414.611884,-433.901039,-33.367664,1.114214
1460257995.985957,-490865.545232,5947244.787971,2246514.869929,-433.672708,-36.214585,1.113729
1460258085.985957,-529885.113021,5943857.421900,2246615.082178,-433.425698,-39.059946,1.113196
1460258175.985957,-568881.609747,5940214.048113,2246715.244316,-433.160020,-41.903625,1.112615
1460258265.985957,-607853.355771,5936314.823535,2246815.352027,-432.875684,-44.745499,1.111987
1460258355.985957,-646798.672518,5932159.916112,2246915.401001,-432.572704,-47.585445,1.111310
1460258445.985957,-685715.882555,5927749.504802,2247015.386927,-432.251093,-50.423342,1.110586
1460258535.985957,-724603.309656,5923083.779568,2247115.305499,-431.910864,-53.259068,1.109813
1460258625.985957,-763459.278879,5918162.941370,2247215.152414,-431.552031,-56.092499,1.108993
1460258715.985957,-802282.116638,5912987.202157,2247314.923371,-431.174612,-58.923514,1.108125
1460258805.985957,-841070.150773,5907556.784855,2247414.614073,-430.778620,-61.751992,1.107210
1460258895.985957,-879821.710624,5901871.923361,2247514.220225,-430.364075,-64.577810,1.106247
1460258985.985957,-918535.127101,5895932.862530,2247613.737538,-429.930993,-67.400846,1.105236
1460259075.985957,-957208.732757,5889739.858168,2247713.161725,-429.479393,-70.220979,1.104177
1460259165.985957,-995840.861859,5883293.177017,2247812.488504,-429.009295,-73.038088,1.103071
1460259255.985957,-1034429.850463,5876593.096744,2247911.713596,-428.520719,-75.852050,1.101917
1460259345.985957,-1072974.036480,5869639.905934,2248010.832728,-428.013686,-78.662746,1.100716
1460259435.985957,-1111471.759754,5862433.904070,2248109.841630,-427.488217,-81.470054,1.099468
1460259525.985957,-1149921.362127,5854975.401526,2248208.736039,-426.944336,-84.273852,1.098172
1460259615.985957,-1188321.187516,5847264.719552,2248307.511694,-426.382066,-87.074021,1.096829
1460259705.985957,-1226669.581980,5839302.190258,2248406.164341,-425.801431,-89.870439,1.095438
1460259795.985957,-1264964.893796,5831088.156603,2248504.689730,-425.202456,-92.662987,1.094001
1460259885.985957,-1303205.473523,5822622.972379,2248603.083619,-424.585166,-95.451543,1.092516
1460259975.985957,-1341389.674083,5813907.002192,2248701.341769,-423.949590,-98.235988,1.090984
1460260065.985957,-1379515.850821,5804940.621455,2248799.459948,-423.295753,-101.016202,1.089406
1460260155.985957,-1417582.361585,5795724.216363,2248897.433930,-422.623684,-103.792065,1.087780
1460260245.985957,-1455587.566791,5786258.183881,2248995.259495,-421.933412,-106.563458,1.086108
1460260335.985957,-1493529.829495,5776542.931725,2249092.932429,-421.224967,-109.330260,1.084388
1460260425.985957,-1531407.515466,5766578.878346,2249190.448525,-420.498379,-112.092354,1.082622
1460260515.985957,-1569218.993254,5756366.452912,2249287.803584,-419.753679,-114.849620,1.080810
1460260605.985957,-1606962.634259,5745906.095287,2249384.993412,-418.990900,-117.601938,1.078950
1460260695.985957,-1644636.812805,5735198.256016,2249482.013823,-418.210074,-120.349192,1.077045
1460260785.985957,-1682239.906205,5724243.396301,2249578.860637,-417.411236,-123.091262,1.075093
1460260875.985957,-1719770.294837,5713041.987986,2249675.529684,-416.594418,-125.828030,1.073094
1460260965.985957,-1757226.362209,5701594.513532,2249772.016800,-415.759658,-128.559379,1.071050
1460261055.985957,-1794606.495030,5689901.465999,2249868.317829,-414.906990,-131.285190,1.068959
1460261145.985957,-1831909.083279,5677963.349026,2249964.428623,-414.036451,-134.005347,1.066822
1460261235.985957,-1869132.520277,5665780.676805,2250060.345043,-413.148080,-136.719732,1.064640
1460261325.985957,-1906275.202753,5653353.974064,2250156.062956,-412.241913,-139.428228,1.062411
1460261415.985957,-1943335.530913,5640683.776039,2250251.578241,-411.317990,-142.130719,1.060137
1460261505.985957,-1980311.908512,5627770.628455,2250346.886784,-410.376352,-144.827088,1.057817
1460261595.985957,-2017202.742919,5614615.087503,2250441.984478,-409.417037,-147.517219,1.055451
1460261685.985957,-2054006.445191,5601217.719810,2250536.867229,-408.440089,-150.200996,1.053040
1460261775.985957,-2090721.430133,5587579.102423,2250631.530949,-407.445548,-152.878304,1.050584
1460261865.985957,-2127346.116376,5573699.822778,2250725.971561,-406.433458,-155.549027,1.048083
1460261955.985957,-2163878.926436,5559580.478677,2250820.184998,-405.403862,-158.213051,1.045536
1460262045.985957,-2200318.286790,5545221.678262,2250914.167201,-404.356805,-160.870260,1.042944
1460262135.985957,-2236662.627938,5530624.039988,2251007.914122,-403.292332,-163.520540,1.040307
1460262225.985957,-2272910.384472,5515788.192600,2251101.421724,-402.210488,-166.163777,1.037626
1460262315.985957,-2309059.995146,5500714.775099,2251194.685978,-401.111321,-168.799857,1.034900
1460262405.985957,-2345109.902940,5485404.436721,2251287.702869,-399.994877,-171.428666,1.032129
1460262495.985957,-2381058.555128,5469857.836906,2251380.468389,-398.861204,-174.050092,1.029314
1460262585.985957,-2416904.403347,5454075.645270,2251472.978543,-397.710352,-176.664021,1.026454
1460262675.985957,-2452645.903660,5438058.541576,2251565.229346,-396.542370,-179.270341,1.023550
1460262765.985957,-2488281.516625,5421807.215707,2251657.216826,-395.357308,-181.868940,1.020602
1460262855.985957,-2523809.707362,5405322.367631,2251748.937018,-394.155218,-184.459705,1.017611
1460262945.985957,-2559228.945617,5388604.707377,2251840.385975,-392.936151,-187.042525,1.014575
1460263035.985957,-2594537.705827,5371654.955000,2251931.559755,-391.700159,-189.617289,1.011496
1460263125.985957,-2629734.467190,5354473.840552,2252022.454433,-390.447296,-192.183886,1.008373
1460263215.985957,-2664817.713726,5337062.104051,2252113.066093,-389.177617,-194.742205,1.005206
1460263305.985957,-2699785.934347,5319420.495446,2252203.390832,-387.891174,-197.292137,1.001997
1460263395.985957,-2734637.622917,5301549.774590,2252293.424761,-386.588025,-199.833571,0.998744
1460263485.985957,-2769371.278319,5283450.711202,2252383.164000,-385.268224,-202.366397,0.995448
1460263575.985957,-2803985.404522,5265124.084836,2252472.604686,-383.931830,-204.890508,0.992109
1460263665.985957,-2838478.510640,5246570.684849,2252561.742965,-382.578899,-207.405793,0.988728
1460263755.985957,-2872849.111004,5227791.310364,2252650.574997,-381.209489,-209.912145,0.985304
1460263845.985957,-2907095.725217,5208786.770239,2252739.096958,-379.823661,-212.409456,0.981838
1460263935.985957,-2941216.878225,5189557.883027,2252827.305034,-378.421473,-214.897618,0.978329
1460264025.985957,-2975211.100377,5170105.476948,2252915.195426,-377.002985,-217.376524,0.974778
1460264115.985957,-3009076.927490,5150430.389845,2253002.764348,-375.568260,-219.846068,0.971185
1460264205.985957,-3042812.900909,5130533.469157,2253090.008028,-374.117358,-222.306142,0.967550
1460264295.985957,-3076417.567575,5110415.571873,2253176.922709,-372.650342,-224.756641,0.963874
1460264385.985957,-3109889.480081,5090077.564503,2253263.504647,-371.167276,-227.197460,0.960156
1460264475.985957,-3143227.196742,5069520.323037,2253349.750113,-369.668223,-229.628492,0.956397
1460264565.985957,-3176429.281649,5048744.732906,2253435.655392,-368.153248,-232.049635,0.952596
1460264655.985957,-3209494.304739,5027751.688947,2253521.216783,-366.622416,-234.460782,0.948755
1460264745.985957,-3242420.841848,5006542.095364,2253606.430603,-365.075793,-236.861831,0.944873
1460264835.985957,-3275207.474780,4985116.865686,2253691.293179,-363.513445,-239.252678,0.940950
1460264925.985957,-3307852.791365,4963476.922730,2253775.800858,-361.935440,-241.633220,0.936986
1460265015.985957,-3340355.385517,4941623.198564,2253859.949999,-360.341847,-244.003355,0.932982
1460265105.985957,-3372713.857300,4919556.634461,2253943.736978,-358.732733,-246.362980,0.928938
1460265195.985957,-3404926.812984,4897278.180861,2254027.158186,-357.108167,-248.711994,0.924854
1460265285.985957,-3436992.865107,4874788.797333,2254110.210029,-355.468221,-251.050295,0.920730
1460265375.985957,-3468910.632534,4852089.452528,2254192.888931,-353.812964,-253.377783,0.916566
1460265465.985957,-3500678.740519,4829181.124143,2254275.191330,-352.142467,-255.694358,0.912363
1460265555.985957,-3532295.820760,4806064.798875,2254357.113682,-350.456803,-257.999919,0.908121
1460265645.985957,-3563760.511459,4782741.472380,2254438.652457,-348.756045,-260.294369,0.903839
1460265735.985957,-3595071.457384,4759212.149229,2254519.804145,-347.040265,-262.577607,0.899519
1460265825.985957,-3626227.309925,4735477.842868,2254600.565249,-345.309538,-264.849535,0.895160
1460265915.985957,-3657226.727149,4711539.575568,2254680.932290,-343.563937,-267.110056,0.890762
1460266005.985957,-3688068.373865,4687398.378389,2254760.901809,-341.803539,-269.359072,0.886326
1460266095.985957,-3718750.921675,4663055.291129,2254840.470359,-340.028419,-271.596486,0.881852
1460266185.985957,-3749273.049033,4638511.362283,2254919.634513,-338.238653,-273.822202,0.877340
1460266275.985957,-3779633.441306,4613767.648996,2254998.390863,-336.434318,-276.036124,0.872789
1460266365.985957,-3809830.790823,4588825.217017,2255076.736016,-334.615493,-278.238157,0.868202
1460266455.985957,-3839863.796938,4563685.140657,2255154.666596,-332.782256,-280.428206,0.863577
1460266545.985957,-3869731.166082,4538348.502736,2255232.179249,-330.934685,-282.606176,0.858915
1460266635.985957,-3899431.611823,4512816.394543,2255309.270634,-329.072860,-284.771974,0.854215
1460266725.985957,-3928963.854916,4487089.915786,2255385.937433,-327.196862,-286.925507,0.849479
1460266815.985957,-3958326.623362,4461170.174543,2255462.176341,-325.306770,-289.066681,0.844707
1460266905.985957,-3987518.652459,4435058.287219,2255537.984076,-323.402668,-291.195404,0.839898
1460266995.985957,-4016538.684864,4408755.378492,2255613.357372,-321.484635,-293.311586,0.835053
1460267085.985957,-4045385.470638,4382262.581270,2255688.292984,-319.552756,-295.415133,0.830172
1460267175.985957,-4074057.767305,4355581.036639,2255762.787682,-317.607113,-297.505957,0.825255
1460267265.985957,-4102554.339904,4328711.893813,2255836.838259,-315.647791,-299.583967,0.820302
1460267355.985957,-4130873.961046,4301656.310088,2255910.441526,-313.674873,-301.649074,0.815314
1460267445.985957,-4159015.410958,4274415.450791,2255983.594311,-311.688444,-303.701188,0.810292
1460267535.985957,-4186977.477547,4246990.489227,2256056.293464,-309.688591,-305.740220,0.805234
1460267625.985957,-4214758.956442,4219382.606632,2256128.535854,-307.675399,-307.766085,0.800141
1460267715.985957,-4242358.651052,4191592.992120,2256200.318369,-305.648955,-309.778693,0.795014
1460267805.985957,-4269775.372615,4163622.842633,2256271.637918,-303.609346,-311.777959,0.789853
1460267895.985957,-4297007.940251,4135473.362888,2256342.491427,-301.556660,-313.763796,0.784658
1460267985.985957,-4324055.181010,4107145.765327,2256412.875847,-299.490985,-315.736118,0.779429
1460268075.985957,-4350915.929927,4078641.270064,2256482.788144,-297.412412,-317.694842,0.774167
1460268165.985957,-4377589.030068,4049961.104831,2256552.225308,-295.321028,-319.639881,0.768871
1460268255.985957,-4404073.332580,4021106.504927,2256621.184348,-293.216924,-321.571154,0.763542
1460268345.985957,-4430367.696743,3992078.713165,2256689.662294,-291.100190,-323.488576,0.758180
1460268435.985957,-4456470.990019,3962878.979817,2256757.656196,-288.970919,-325.392064,0.752785
1460268525.985957,-4482382.088098,3933508.562560,2256825.163125,-286.829201,-327.281538,0.747358
1460268615.985957,-4508099.874950,3903968.726424,2256892.180174,-284.675129,-329.156915,0.741899
1460268705.985957,-4533623.242869,3874260.743735,2256958.704457,-282.508796,-331.018114,0.736408
1460268795.985957,-4558951.092525,3844385.894061,2257024.733108,-280.330295,-332.865057,0.730885
1460268885.985957,-4584082.333007,3814345.464160,2257090.263283,-278.139719,-334.697662,0.725331
1460268975.985957,-4609015.881875,3784140.747919,2257155.292159,-275.937163,-336.515851,0.719745
1460269065.985957,-4633750.665201,3753773.046301,2257219.816936,-273.722723,-338.319546,0.714129
1460269155.985957,-4658285.617620,3723243.667291,2257283.834834,-271.496492,-340.108669,0.708481
1460269245.985957,-4682619.682375,3692553.925836,2257347.343096,-269.258568,-341.883143,0.702803
1460269335.985957,-4706751.811358,3661705.143792,2257410.338986,-267.009047,-343.642892,0.697095
1460269425.985957,-4730680.965162,3630698.649861,2257472.819792,-264.748025,-345.387839,0.691357
1460269515.985957,-4754406.113122,3599535.779544,2257534.782821,-262.475600,-347.117910,0.685589
1460269605.985957,-4777926.233358,3568217.875071,2257596.225406,-260.191870,-348.833030,0.679792
1460269695.985957,-4801240.312822,3536746.285355,2257657.144899,-257.896932,-350.533126,0.673965
1460269785.985957,-4824347.347341,3505122.365925,2257717.538677,-255.590887,-352.218123,0.668109
1460269875.985957,-4847246.341659,3473347.478872,2257777.404139,-253.273833,-353.887950,0.662225
1460269965.985957,-4869936.309481,3441422.992791,2257836.738705,-250.945871,-355.542534,0.656312
1460270055.985957,-4892416.273515,3409350.282717,2257895.539820,-248.607099,-357.181805,0.650370
1460270145.985957,-4914685.265513,3377130.730072,2257953.804952,-246.257620,-358.805691,0.644401
1460270235.985957,-4936742.326318,3344765.722603,2258011.531591,-243.897534,-360.414122,0.638404
1460270325.985957,-4958586.505895,3312256.654320,2258068.717250,-241.526943,-362.007031,0.632379
1460270415.985957,-4980216.863383,3279604.925439,2258125.359467,-239.145949,-363.584347,0.626328
1460270505.985957,-5001632.467128,3246811.942321,2258181.455801,-236.754655,-365.146002,0.620249
1460270595.985957,-5022832.394728,3213879.117410,2258237.003837,-234.353163,-366.691931,0.614143
1460270685.985957,-5043815.733069,3180807.869174,2258292.001182,-231.941577,-368.222065,0.608011
1460270775.985957,-5064581.578366,3147599.622042,2258346.445466,-229.520001,-369.736340,0.601853
1460270865.985957,-5085129.036201,3114255.806347,2258400.334346,-227.088540,-371.234689,0.595669
1460270955.985957,-5105457.221565,3080777.858256,2258453.665499,-224.647297,-372.717049,0.589459
1460271045.985957,-5125565.258889,3047167.219718,2258506.436630,-222.196379,-374.183355,0.583224
1460271135.985957,-5145452.282091,3013425.338394,2258558.645464,-219.735890,-375.633545,0.576964
1460271225.985957,-5165117.434606,2979553.667599,2258610.289753,-217.265937,-377.067555,0.570679
1460271315.985957,-5184559.869424,2945553.666240,2258661.367273,-214.786625,-378.485325,0.564369
1460271405.985957,-5203778.749130,2911426.798748,2258711.875823,-212.298063,-379.886793,0.558035
1460271495.985957,-5222773.245938,2877174.535020,2258761.813229,-209.800357,-381.271898,0.551677
1460271585.985957,-5241542.541724,2842798.350355,2258811.177339,-207.293614,-382.640582,0.545295
1460271675.985957,-5260085.828066,2808299.725388,2258859.966026,-204.777942,-383.992784,0.538890
1460271765.985957,-5278402.306276,2773680.146029,2258908.177191,-202.253451,-385.328447,0.532461
1460271855.985957,-5296491.187435,2738941.103395,2258955.808755,-199.720248,-386.647514,0.526010
1460271945.985957,-5314351.692427,2704084.093752,2259002.858667,-197.178443,-387.949927,0.519536
1460272035.985957,-5331983.051972,2669110.618445,2259049.324901,-194.628145,-389.235631,0.513040
1460272125.985957,-5349384.506661,2634022.183836,2259095.205456,-192.069465,-390.504569,0.506521
1460272215.985957,-5366555.306985,2598820.301237,2259140.498355,-189.502511,-391.756688,0.499981
1460272305.985957,-5383494.713371,2563506.486848,2259185.201647,-186.927396,-392.991933,0.493419
1460272395.985957,-5400201.996214,2528082.261691,2259229.313408,-184.344229,-394.210252,0.486836
1460272485.985957,-5416676.435905,2492549.151541,2259272.831736,-181.753122,-395.411591,0.480231
1460272575.985957,-5432917.322864,2456908.686864,2259315.754757,-179.154187,-396.595899,0.473607
1460272665.985957,-5448923.957571,2421162.402750,2259358.080623,-176.547535,-397.763126,0.466961
1460272755.985957,-5464695.650594,2385311.838848,2259399.807511,-173.933279,-398.913220,0.460296
1460272845.985957,-5480231.722625,2349358.539295,2259440.933623,-171.311531,-400.046132,0.453611
1460272935.985957,-5495531.504498,2313304.052658,2259481.457188,-168.682405,-401.161814,0.446906
1460273025.985957,-5510594.337230,2277149.931857,2259521.376460,-166.046014,-402.260217,0.440182
1460273115.985957,-5525419.572041,2240897.734108,2259560.689721,-163.402470,-403.341294,0.433439
1460273205.985957,-5540006.570384,2204549.020849,2259599.395276,-160.751889,-404.404998,0.426678
1460273295.985957,-5554354.703976,2168105.357673,2259637.491458,-158.094384,-405.451284,0.419898
1460273385.985957,-5568463.354819,2131568.314268,2259674.976628,-155.430069,-406.480107,0.413100
1460273475.985957,-5582331.915233,2094939.464340,2259711.849169,-152.759060,-407.491422,0.406284
1460273565.985957,-5595959.787877,2058220.385549,2259748.107495,-150.081471,-408.485185,0.399451
1460273655.985957,-5609346.385778,2021412.659444,2259783.750042,-147.397418,-409.461355,0.392600
1460273745.985957,-5622491.132353,1984517.871391,2259818.775277,-144.707017,-410.419888,0.385733
1460273835.985957,-5635393.461439,1947537.610505,2259853.181690,-142.010382,-411.360745,0.378849
1460273925.985957,-5648052.817312,1910473.469583,2259886.967799,-139.307631,-412.283883,0.371948
1460274015.985957,-5660468.654714,1873327.045034,2259920.132150,-136.598880,-413.189263,0.365032
1460274105.985957,-5672640.438876,1836099.936814,2259952.673313,-133.884245,-414.076847,0.358100
1460274195.985957,-5684567.645540,1798793.748352,2259984.589887,-131.163844,-414.946595,0.351152
1460274285.985957,-5696249.760983,1761410.086481,2260015.880497,-128.437793,-415.798472,0.344190
1460274375.985957,-5707686.282038,1723950.561376,2260046.543797,-125.706210,-416.632439,0.337212
1460274465.985957,-5718876.716116,1686416.786474,2260076.578463,-122.969213,-417.448461,0.330220
1460274555.985957,-5729820.581228,1648810.378415,2260105.983204,-120.226920,-418.246503,0.323214
1460274645.985957,-5740517.406006,1611132.956965,2260134.756753,-117.479448,-419.026531,0.316194
1460274735.985957,-5750966.729719,1573386.144948,2260162.897870,-114.726916,-419.788511,0.309160
1460274825.985957,-5761168.102300,1535571.568178,2260190.405343,-111.969442,-420.532409,0.302113
1460274915.985957,-5771121.084359,1497690.855387,2260217.277987,-109.207146,-421.258195,0.295053
1460275005.985957,-5780825.247207,1459745.638156,2260243.514645,-106.440146,-421.965836,0.287980
1460275095.985957,-5790280.172869,1421737.550845,2260269.114187,-103.668562,-422.655303,0.280895
1460275185.985957,-5799485.454108,1383668.230521,2260294.075510,-100.892512,-423.326565,0.273797
1460275275.985957,-5808440.694439,1345539.316888,2260318.397539,-98.112117,-423.979594,0.266688
1460275365.985957,-5817145.508144,1307352.452217,2260342.079226,-95.327496,-424.614361,0.259568
1460275455.985957,-5825599.520294,1269109.281277,2260365.119552,-92.538769,-425.230839,0.252436
1460275545.985957,-5833802.366761,1230811.451259,2260387.517523,-89.746056,-425.829003,0.245293
1460275635.985957,-5841753.694237,1192460.611710,2260409.272176,-86.949478,-426.408825,0.238140
1460275725.985957,-5849453.160246,1154058.414461,2260430.382573,-84.149155,-426.970281,0.230977
1460275815.985957,-5856900.433158,1115606.513554,2260450.847804,-81.345207,-427.513347,0.223803
1460275905.985957,-5864095.192210,1077106.565170,2260470.666989,-78.537756,-428.037999,0.216620
1460275995.985957,-5871037.127511,1038560.227564,2260489.839274,-75.726921,-428.544215,0.209428
1460276085.985957,-5877725.940062,999969.160984,2260508.363832,-72.912826,-429.031972,0.202226
1460276175.985957,-5884161.341765,961335.027610,2260526.239867,-70.095589,-429.501251,0.195016
1460276265.985957,-5890343.055437,922659.491471,2260543.466607,-67.275334,-429.952030,0.187798
1460276355.985957,-5896270.814822,883944.218383,2260560.043312,-64.452181,-430.384291,0.180571
1460276445.985957,-5901944.364603,845190.875873,2260575.969266,-61.626252,-430.798015,0.173337
1460276535.985957,-5907363.460411,806401.133108,2260591.243785,-58.797669,-431.193183,0.166095
1460276625.985957,-5912527.868837,767576.660822,2260605.866209,-55.966553,-431.569779,0.158846
1460276715.985957,-5917437.367442,728719.131245,2260619.835910,-53.133026,-431.927787,0.151590
1460276805.985957,-5922091.744767,689830.218031,2260633.152285,-50.297211,-432.267191,0.144328
1460276895.985957,-5926490.800339,650911.596185,2260645.814761,-47.459230,-432.587976,0.137059
1460276985.985957,-5930634.344686,611964.941993,2260657.822793,-44.619204,-432.890129,0.129785
1460277075.985957,-5934522.199338,572991.932948,2260669.175863,-41.777257,-433.173637,0.122504
1460277165.985957,-5938154.196839,533994.247678,2260679.873483,-38.933510,-433.438488,0.115219
1460277255.985957,-5941530.180753,494973.565872,2260689.915190,-36.088086,-433.684670,0.107929
1460277345.985957,-5944650.005672,455931.568213,2260699.300554,-33.241108,-433.912172,0.100634
1460277435.985957,-5947513.537220,416869.936299,2260708.029169,-30.392698,-434.120985,0.093334
1460277525.985957,-5950120.652060,377790.352576,2260716.100661,-27.542980,-434.311100,0.086031
1460277615.985957,-5952471.237899,338694.500261,2260723.514680,-24.692074,-434.482508,0.078724
1460277705.985957,-5954565.193495,299584.063274,2260730.270908,-21.840106,-434.635202,0.071414
1460277795.985957,-5956402.428658,260460.726162,2260736.369053,-18.987196,-434.769176,0.064100
1460277885.985957,-5957982.864254,221326.174027,2260741.808854,-16.133469,-434.884424,0.056784
1460277975.985957,-5959306.432212,182182.092455,2260746.590075,-13.279047,-434.980941,0.049465
1460278065.985957,-5960373.075524,143030.167442,2260750.712511,-10.424053,-435.058722,0.042144
1460278155.985957,-5961182.748249,103872.085323,2260754.175984,-7.568610,-435.117765,0.034822
1460278245.985957,-5961735.415511,64709.532696,2260756.980345,-4.712841,-435.158066,0.027498
1460278335.985957,-5962031.053507,25544.196353,2260759.125473,-1.856869,-435.179625,0.020172
1460278425.985957,-5962069.649503,-13622.236793,2260760.611275,0.999183,-435.182440,0.012846
1460278515.985957,-5961851.201837,-52788.079785,2260761.437689,3.855192,-435.166510,0.005519
1460278605.985957,-5961375.719918,-91951.645688,2260761.604677,6.711035,-435.131838,-0.001808
1460278695.985957,-5960643.224225,-131111.247668,2260761.112234,9.566589,-435.078424,-0.009135
1460278785.985957,-5959653.746308,-170265.199059,2260759.960379,12.421731,-435.006270,-0.016461
1460278875.985957,-5958407.328786,-209411.813440,2260758.149163,15.276338,-434.915379,-0.023787
1460278965.985957,-5956904.025344,-248549.404706,2260755.678664,18.130286,-434.805757,-0.031112
1460279055.985957,-5955143.900731,-287676.287141,2260752.548988,20.983454,-434.677406,-0.038435
1460279145.985957,-5953127.030759,-326790.775488,2260748.760269,23.835718,-434.530334,-0.045757
1460279235.985957,-5950853.502296,-365891.185027,2260744.312672,26.686956,-434.364545,-0.053077
1460279325.985957,-5948323.413269,-404975.831642,2260739.206387,29.537044,-434.180048,-0.060394
1460279415.985957,-5945536.872651,-444043.031897,2260733.441635,32.385860,-433.976849,-0.067709
1460279505.985957,-5942494.000463,-483091.103107,2260727.018663,35.233281,-433.754959,-0.075021
1460279595.985957,-5939194.927766,-522118.363412,2260719.937749,38.079184,-433.514387,-0.082330
1460279685.985957,-5935639.796657,-561123.131845,2260712.199197,40.923447,-433.255142,-0.089635
1460279775.985957,-5931828.760261,-600103.728414,2260703.803341,43.765948,-432.977236,-0.096937
1460279865.985957,-5927761.982724,-639058.474161,2260694.750541,46.606563,-432.680681,-0.104234
1460279955.985957,-5923439.639210,-677985.691246,2260685.041190,49.445171,-432.365490,-0.111527
1460280045.985957,-5918861.915887,-716883.703015,2260674.675703,52.281650,-432.031676,-0.118815
1460280135.985957,-5914029.009927,-755750.834067,2260663.654528,55.115876,-431.679254,-0.126098
1460280225.985957,-5908941.129489,-794585.410339,2260651.978140,57.947729,-431.308239,-0.133375
1460280315.985957,-5903598.493716,-833385.759161,2260639.647041,60.777086,-430.918647,-0.140647
1460280405.985957,-5898001.332725,-872150.209345,2260626.661762,63.603825,-430.510495,-0.147912
1460280495.985957,-5892149.887593,-910877.091245,2260613.022864,66.427824,-430.083799,-0.155171
1460280585.985957,-5886044.410351,-949564.736835,2260598.730932,69.248963,-429.638580,-0.162424
1460280675.985957,-5879685.163971,-988211.479778,2260583.786583,72.067118,-429.174855,-0.169669
1460280765.985957,-5873072.422357,-1026815.655497,2260568.190461,74.882170,-428.692645,-0.176908
1460280855.985957,-5866206.470330,-1065375.601254,2260551.943237,77.693996,-428.191970,-0.184138
1460280945.985957,-5859087.603615,-1103889.656209,2260535.045610,80.502476,-427.672853,-0.191361
1460281035.985957,-5851716.128835,-1142356.161504,2260517.498310,83.307489,-427.135315,-0.198575
1460281125.985957,-5844092.363489,-1180773.460327,2260499.302091,86.108913,-426.579380,-0.205781
1460281215.985957,-5836216.635945,-1219139.897985,2260480.457737,88.906629,-426.005071,-0.212978
1460281305.985957,-5828089.285424,-1257453.821975,2260460.966060,91.700515,-425.412413,-0.220166
1460281395.985957,-5819710.661982,-1295713.582059,2260440.827899,94.490451,-424.801433,-0.227344
1460281485.985957,-5811081.126500,-1333917.530329,2260420.044123,97.276318,-424.172155,-0.234513
1460281575.985957,-5802201.050665,-1372064.021282,2260398.615625,100.057995,-423.524608,-0.241671
1460281665.985957,-5793070.816956,-1410151.411889,2260376.543329,102.835362,-422.858819,-0.248819
1460281755.985957,-5783690.818626,-1448178.061668,2260353.828186,105.608300,-422.174817,-0.255957
1460281845.985957,-5774061.459687,-1486142.332752,2260330.471174,108.376689,-421.472631,-0.263083
1460281935.985957,-5764183.154889,-1524042.589960,2260306.473299,111.140410,-420.752291,-0.270198
1460282025.985957,-5754056.329706,-1561877.200871,2260281.835594,113.899345,-420.013829,-0.277301
1460282115.985957,-5743681.420318,-1599644.535889,2260256.559121,116.653373,-419.257277,-0.284393
1460282205.985957,-5733058.873586,-1637342.968316,2260230.644969,119.402377,-418.482666,-0.291472
1460282295.985957,-5722189.147041,-1674970.874423,2260204.094253,122.146238,-417.690031,-0.298538
1460282385.985957,-5711072.708858,-1712526.633517,2260176.908118,124.884838,-416.879405,-0.305592
1460282475.985957,-5699710.037840,-1750008.628013,2260149.087733,127.618059,-416.050823,-0.312633
1460282565.985957,-5688101.623394,-1787415.243505,2260120.634298,130.345784,-415.204322,-0.319660
1460282655.985957,-5676247.965513,-1824744.868831,2260091.549038,133.067894,-414.339937,-0.326673
1460282745.985957,-5664149.574753,-1861995.896146,2260061.833206,135.784273,-413.457706,-0.333672
1460282835.985957,-5651806.972209,-1899166.720992,2260031.488081,138.494803,-412.557666,-0.340657
1460282925.985957,-5639220.689497,-1936255.742363,2260000.514971,141.199368,-411.639857,-0.347627
1460283015.985957,-5626391.268727,-1973261.362777,2259968.915209,143.897852,-410.704318,-0.354583
1460283105.985957,-5613319.262483,-2010181.988346,2259936.690157,146.590137,-409.751089,-0.361523
1460283195.985957,-5600005.233796,-2047016.028840,2259903.841203,149.276109,-408.780212,-0.368447
1460283285.985957,-5586449.756121,-2083761.897761,2259870.369762,151.955651,-407.791728,-0.375356
1460283375.985957,-5572653.413315,-2120418.012407,2259836.277274,154.628648,-406.785680,-0.382248
1460283465.985957,-5558616.799607,-2156982.793942,2259801.565209,157.294985,-405.762111,-0.389124
1460283555.985957,-5544340.519575,-2193454.667465,2259766.235062,159.954548,-404.721065,-0.395983
1460283645.985957,-5529825.188122,-2229832.062076,2259730.288354,162.607220,-403.662587,-0.402825
1460283735.985957,-5515071.430444,-2266113.410944,2259693.726634,165.252889,-402.586723,-0.409650
1460283825.985957,-5500079.882010,-2302297.151375,2259656.551477,167.891440,-401.493518,-0.416457
1460283915.985957,-5484851.188528,-2338381.724879,2259618.764483,170.522760,-400.383021,-0.423246
1460284005.985957,-5469386.005922,-2374365.577239,2259580.367280,173.146736,-399.255279,-0.430017
1460284095.985957,-5453685.000301,-2410247.158573,2259541.361523,175.763253,-398.110340,-0.436769
1460284185.985957,-5437748.847932,-2446024.923406,2259501.748890,178.372200,-396.948253,-0.443503
1460284275.985957,-5421578.235210,-2481697.330736,2259461.531089,180.973464,-395.769070,-0.450217
1460284365.985957,-5405173.858627,-2517262.844095,2259420.709851,183.566934,-394.572840,-0.456912
1460284455.985957,-5388536.424746,-2552719.931623,2259379.286936,186.152497,-393.359616,-0.463588
1460284545.985957,-5371666.650167,-2588067.066126,2259337.264125,188.730042,-392.129449,-0.470243
1460284635.985957,-5354565.261497,-2623302.725152,2259294.643231,191.299458,-390.882392,-0.476878
1460284725.985957,-5337232.995320,-2658425.391043,2259251.426089,193.860635,-389.618499,-0.483493
1460284815.985957,-5319670.598162,-2693433.551013,2259207.614559,196.413462,-388.337825,-0.490087
1460284905.985957,-5301878.826464,-2728325.697206,2259163.210530,198.957829,-387.040424,-0.496660
1460284995.985957,-5283858.446544,-2763100.326764,2259118.215913,201.493626,-385.726353,-0.503211
1460285085.985957,-5265610.234569,-2797755.941889,2259072.632647,204.020745,-384.395669,-0.509741
1460285175.985957,-5247134.976517,-2832291.049910,2259026.462695,206.539077,-383.048427,-0.516248
1460285265.985957,-5228433.468147,-2866704.163347,2258979.708046,209.048512,-381.684687,-0.522734
1460285355.985957,-5209506.514960,-2900993.799974,2258932.370713,211.548944,-380.304508,-0.529197
1460285445.985957,-5190354.932170,-2935158.482883,2258884.452735,214.040263,-378.907948,-0.535637
1460285535.985957,-5170979.544666,-2969196.740547,2258835.956177,216.522364,-377.495068,-0.542054
1460285625.985957,-5151381.186976,-3003107.106888,2258786.883126,218.995139,-376.065929,-0.548448
1460285715.985957,-5131560.703230,-3036888.121332,2258737.235698,221.458481,-374.620592,-0.554818
1460285805.985957,-5111518.947129,-3070538.328879,2258687.016029,223.912285,-373.159119,-0.561164
1460285895.985957,-5091256.781901,-3104056.280163,2258636.226284,226.356444,-371.681574,-0.567486
1460285985.985957,-5070775.080269,-3137440.531513,2258584.868649,228.790854,-370.188020,-0.573784
1460286075.985957,-5050074.724412,-3170689.645019,2258532.945337,231.215409,-368.678522,-0.580056
1460286165.985957,-5029156.605927,-3203802.188589,2258480.458585,233.630006,-367.153144,-0.586304
1460286255.985957,-5008021.625788,-3236776.736015,2258427.410652,236.034540,-365.611952,-0.592527
1460286345.985957,-4986670.694313,-3269611.867032,2258373.803825,238.428907,-364.055012,-0.598724
1460286435.985957,-4965104.731119,-3302306.167379,2258319.640410,240.813006,-362.482392,-0.604895
1460286525.985957,-4943324.665085,-3334858.228864,2258264.922743,243.186731,-360.894160,-0.611041
1460286615.985957,-4921331.434313,-3367266.649419,2258209.653179,245.549983,-359.290383,-0.617160
1460286705.985957,-4899125.986085,-3399530.033161,2258153.834099,247.902658,-357.671131,-0.623252
1460286795.985957,-4876709.276824,-3431646.990459,2258097.467908,250.244656,-356.036474,-0.629318
1460286885.985957,-4854082.272052,-3463616.137984,2258040.557032,252.575875,-354.386481,-0.635356
1460286975.985957,-4831245.946350,-3495436.098775,2257983.103924,254.896215,-352.721225,-0.641367
1460287065.985957,-4808201.283314,-3527105.502299,2257925.111057,257.205577,-351.040776,-0.647351
1460287155.985957,-4784949.275513,-3558622.984504,2257866.580931,259.503860,-349.345208,-0.653306
1460287245.985957,-4761490.924446,-3589987.187884,2257807.516065,261.790966,-347.634592,-0.659234
1460287335.985957,-4737827.240502,-3621196.761534,2257747.919003,264.066797,-345.909004,-0.665133
1460287425.985957,-4713959.242912,-3652250.361210,2257687.792314,266.331253,-344.168516,-0.671003
1460287515.985957,-4689887.959707,-3683146.649384,2257627.138586,268.584239,-342.413205,-0.676844
1460287605.985957,-4665614.427675,-3713884.295307,2257565.960432,270.825656,-340.643146,-0.682657
1460287695.985957,-4641139.692314,-3744461.975059,2257504.260487,273.055408,-338.858414,-0.688440
1460287785.985957,-4616464.807790,-3774878.371613,2257442.041408,275.273399,-337.059087,-0.694193
1460287875.985957,-4591590.836887,-3805132.174888,2257379.305876,277.479534,-335.245243,-0.699916
1460287965.985957,-4566518.850967,-3835222.081805,2257316.056593,279.673717,-333.416959,-0.705609
1460288055.985957,-4541249.929918,-3865146.796345,2257252.296282,281.855854,-331.574314,-0.711272
1460288145.985957,-4515785.162112,-3894905.029606,2257188.027691,284.025851,-329.717388,-0.716904
1460288235.985957,-4490125.644356,-3924495.499853,2257123.253586,286.183615,-327.846261,-0.722506
1460288325.985957,-4464272.481845,-3953916.932580,2257057.976759,288.329053,-325.961012,-0.728076
1460288415.985957,-4438226.788115,-3983168.060559,2256992.200021,290.462072,-324.061724,-0.733615
1460288505.985957,-4411989.684995,-4012247.623899,2256925.926204,292.582580,-322.148478,-0.739122
1460288595.985957,-4385562.302555,-4041154.370099,2256859.158164,294.690486,-320.221357,-0.744597
1460288685.985957,-4358945.779067,-4069887.054100,2256791.898776,296.785699,-318.280443,-0.750041
1460288775.985957,-4332141.260943,-4098444.438340,2256724.150938,298.868129,-316.325821,-0.755452
1460288865.985957,-4305149.902696,-4126825.292810,2256655.917567,300.937687,-314.357574,-0.760830
1460288955.985957,-4277972.866886,-4155028.395102,2256587.201602,302.994283,-312.375787,-0.766176
1460289045.985957,-4250611.324070,-4183052.530465,2256518.006003,305.037828,-310.380545,-0.771489
1460289135.985957,-4223066.452751,-4210896.491855,2256448.333750,307.068235,-308.371935,-0.776768
1460289225.985957,-4195339.439331,-4238559.079990,2256378.187845,309.085416,-306.350043,-0.782014
1460289315.985957,-4167431.478053,-4266039.103401,2256307.571308,311.089284,-304.314955,-0.787227
1460289405.985957,-4139343.770959,-4293335.378478,2256236.487181,313.079753,-302.266761,-0.792405
1460289495.985957,-4111077.527827,-4320446.729531,2256164.938526,315.056737,-300.205547,-0.797549
1460289585.985957,-4082633.966130,-4347371.988830,2256092.928425,317.020151,-298.131403,-0.802659
1460289675.985957,-4054014.310976,-4374109.996663,2256020.459979,318.969911,-296.044419,-0.807735
1460289765.985957,-4025219.795057,-4400659.601384,2255947.536309,320.905932,-293.944683,-0.812775
1460289855.985957,-3996251.658599,-4427019.659458,2255874.160557,322.828132,-291.832286,-0.817781
1460289945.985957,-3967111.149302,-4453189.035519,2255800.335883,324.736426,-289.707320,-0.822751
1460290035.985957,-3937799.522295,-4479166.602410,2255726.065467,326.630734,-287.569875,-0.827686
1460290125.985957,-3908318.040074,-4504951.241237,2255651.352507,328.510973,-285.420045,-0.832585
1460290215.985957,-3878667.972452,-4530541.841416,2255576.200223,330.377063,-283.257921,-0.837449
1460290305.985957,-3848850.596504,-4555937.300720,2255500.611849,332.228922,-281.083596,-0.842276
1460290395.985957,-3818867.196511,-4581136.525327,2255424.590644,334.066473,-278.897165,-0.847067
1460290485.985957,-3788719.063903,-4606138.429869,2255348.139880,335.889634,-276.698722,-0.851822
1460290575.985957,-3758407.497208,-4630941.937473,2255271.262850,337.698328,-274.488360,-0.856540
1460290665.985957,-3727933.801991,-4655545.979815,2255193.962867,339.492477,-272.266176,-0.861221
1460290755.985957,-3697299.290802,-4679949.497161,2255116.243259,341.272004,-270.032265,-0.865864
1460290845.985957,-3666505.283117,-4704151.438412,2255038.107374,343.036831,-267.786723,-0.870471
1460290935.985957,-3635553.105282,-4728150.761155,2254959.558577,344.786883,-265.529648,-0.875040
1460291025.985957,-3604444.090453,-4751946.431701,2254880.600252,346.522085,-263.261135,-0.879572
1460291115.985957,-3573179.578546,-4775537.425134,2254801.235799,348.242362,-260.981283,-0.884065
1460291205.985957,-3541760.916171,-4798922.725353,2254721.468637,349.947639,-258.690191,-0.888521
1460291295.985957,-3510189.456578,-4822101.325116,2254641.302202,351.637843,-256.387956,-0.892938
1460291385.985957,-3478466.559598,-4845072.226087,2254560.739946,353.312902,-254.074679,-0.897316
1460291475.985957,-3446593.591588,-4867834.438872,2254479.785340,354.972743,-251.750458,-0.901657
1460291565.985957,-3414571.925363,-4890386.983069,2254398.441870,356.617295,-249.415393,-0.905958
1460291655.985957,-3382402.940148,-4912728.887303,2254316.713041,358.246487,-247.069586,-0.910220
1460291745.985957,-3350088.021509,-4934859.189275,2254234.602371,359.860248,-244.713138,-0.914443
1460291835.985957,-3317628.561301,-4956776.935797,2254152.113398,361.458510,-242.346149,-0.918627
1460291925.985957,-3285025.957604,-4978481.182840,2254069.249675,363.041204,-239.968722,-0.922771
1460292015.985957,-3252281.614660,-4999970.995567,2253986.014771,364.608260,-237.580959,-0.926875
1460292105.985957,-3219396.942821,-5021245.448379,2253902.412272,366.159612,-235.182963,-0.930939
1460292195.985957,-3186373.358479,-5042303.624952,2253818.445777,367.695193,-232.774838,-0.934964
1460292285.985957,-3153212.284012,-5063144.618278,2253734.118903,369.214937,-230.356686,-0.938948
1460292375.985957,-3119915.147719,-5083767.530703,2253649.435284,370.718779,-227.928613,-0.942891
1460292465.985957,-3086483.383758,-5104171.473967,2253564.398565,372.206653,-225.490722,-0.946794
1460292555.985957,-3052918.432088,-5124355.569240,2253479.012410,373.678495,-223.043119,-0.950656
1460292645.985957,-3019221.738403,-5144318.947161,2253393.280497,375.134243,-220.585909,-0.954478
1460292735.985957,-2985394.754071,-5164060.747878,2253307.206518,376.573832,-218.119199,-0.958258
1460292825.985957,-2951438.936074,-5183580.121079,2253220.794181,377.997203,-215.643093,-0.961997
1460292915.985957,-2917355.746941,-5202876.226037,2253134.047208,379.404292,-213.157700,-0.965694
1460293005.985957,-2883146.654687,-5221948.231637,2253046.969334,380.795040,-210.663126,-0.969350
1460293095.985957,-2848813.132752,-5240795.316418,2252959.564311,382.169386,-208.159477,-0.972964
1460293185.985957,-2814356.659933,-5259416.668608,2252871.835903,383.527272,-205.646864,-0.976536
1460293275.985957,-2779778.720325,-5277811.486157,2252783.787889,384.868638,-203.125392,-0.980066
1460293365.985957,-2745080.803251,-5295978.976770,2252695.424062,386.193428,-200.595172,-0.983554
1460293455.985957,-2710264.403205,-5313918.357946,2252606.748226,387.501584,-198.056312,-0.987000
1460293545.985957,-2675331.019784,-5331628.857008,2252517.764203,388.793049,-195.508921,-0.990403
1460293635.985957,-2640282.157623,-5349109.711138,2252428.475824,390.067769,-192.953109,-0.993763
1460293725.985957,-2605119.326330,-5366360.167407,2252338.886935,391.325688,-190.388987,-0.997081
1460293815.985957,-2569844.040422,-5383379.482813,2252249.001396,392.566752,-187.816664,-1.000355
1460293905.985957,-2534457.819262,-5400166.924306,2252158.823077,393.790907,-185.236252,-1.003587
1460293995.985957,-2498962.186988,-5416721.768827,2252068.355862,394.998101,-182.647861,-1.006775
1460294085.985957,-2463358.672452,-5433043.303331,2251977.603650,396.188282,-180.051603,-1.009920
1460294175.985957,-2427648.809153,-5449130.824826,2251886.570347,397.361398,-177.447590,-1.013021
1460294265.985957,-2391834.135169,-5464983.640396,2251795.259876,398.517400,-174.835935,-1.016079
1460294355.985957,-2355916.193095,-5480601.067237,2251703.676169,399.656237,-172.216748,-1.019093
1460294445.985957,-2319896.529971,-5495982.432681,2251611.823170,400.777860,-169.590145,-1.022063
1460294535.985957,-2283776.697220,-5511127.074230,2251519.704837,401.882220,-166.956236,-1.024989
1460294625.985957,-2247558.250580,-5526034.339581,2251427.325137,402.969271,-164.315137,-1.027871
1460294715.985957,-2211242.750035,-5540703.586654,2251334.688049,404.038966,-161.666960,-1.030709
1460294805.985957,-2174831.759750,-5555134.183622,2251241.797563,405.091258,-159.011820,-1.033502
1460294895.985957,-2138326.848002,-5569325.508937,2251148.657679,406.126102,-156.349831,-1.036251
1460294985.985957,-2101729.587115,-5583276.951357,2251055.272411,407.143454,-153.681108,-1.038955
1460295075.985957,-2065041.553389,-5596987.909971,2250961.645779,408.143269,-151.005766,-1.041615
1460295165.985957,-2028264.327034,-5610457.794228,2250867.781817,409.125505,-148.323919,-1.044229
1460295255.985957,-1991399.492104,-5623686.023958,2250773.684567,410.090119,-145.635684,-1.046799
1460295345.985957,-1954448.636423,-5636672.029401,2250679.358083,411.037071,-142.941177,-1.049323
1460295435.985957,-1917413.351521,-5649415.251231,2250584.806427,411.966318,-140.240512,-1.051803
1460295525.985957,-1880295.232567,-5661915.140576,2250490.033672,412.877821,-137.533807,-1.054237
1460295615.985957,-1843095.878294,-5674171.159047,2250395.043900,413.771540,-134.821179,-1.056625
1460295705.985957,-1805816.890937,-5686182.778758,2250299.841203,414.647438,-132.102743,-1.058968
1460295795.985957,-1768459.876159,-5697949.482350,2250204.429680,415.505477,-129.378618,-1.061266
1460295885.985957,-1731026.442985,-5709470.763014,2250108.813442,416.345619,-126.648920,-1.063517
1460295975.985957,-1693518.203731,-5720746.124509,2250012.996606,417.167828,-123.913767,-1.065723
1460296065.985957,-1655936.773934,-5731775.081189,2249916.983301,417.972070,-121.173277,-1.067883
1460296155.985957,-1618283.772285,-5742557.158019,2249820.777661,418.758308,-118.427568,-1.069997
1460296245.985957,-1580560.820557,-5753091.890599,2249724.383830,419.526510,-115.676758,-1.072065
1460296335.985957,-1542769.543536,-5763378.825181,2249627.805960,420.276643,-112.920965,-1.074087
1460296425.985957,-1504911.568951,-5773417.518691,2249531.048210,421.008673,-110.160309,-1.076063
1460296515.985957,-1466988.527403,-5783207.538747,2249434.114750,421.722570,-107.394908,-1.077992
1460296605.985957,-1429002.052297,-5792748.463678,2249337.009752,422.418303,-104.624882,-1.079874
1460296695.985957,-1390953.779769,-5802039.882541,2249239.737401,423.095841,-101.850349,-1.081711
1460296785.985957,-1352845.348616,-5811081.395140,2249142.301886,423.755156,-99.071429,-1.083500
1460296875.985957,-1314678.400229,-5819872.612045,2249044.707403,424.396220,-96.288242,-1.085243
1460296965.985957,-1276454.578516,-5828413.154602,2248946.958156,425.019003,-93.500908,-1.086939
1460297055.985957,-1238175.529836,-5836702.654959,2248849.058355,425.623481,-90.709546,-1.088589
1460297145.985957,-1199842.902928,-5844740.756072,2248751.012218,426.209626,-87.914278,-1.090191
1460297235.985957,-1161458.348838,-5852527.111730,2248652.823967,426.777414,-85.115223,-1.091747
1460297325.985957,-1123023.520846,-5860061.386561,2248554.497831,427.326820,-82.312502,-1.093255
1460297415.985957,-1084540.074402,-5867343.256053,2248456.038045,427.857821,-79.506236,-1.094717
1460297505.985957,-1046009.667046,-5874372.406564,2248357.448851,428.370392,-76.696545,-1.096131
1460297595.985957,-1007433.958343,-5881148.535337,2248258.734495,428.864514,-73.883550,-1.097498
1460297685.985957,-968814.609808,-5887671.350515,2248159.899228,429.340163,-71.067374,-1.098818
1460297775.985957,-930153.284837,-5893940.571150,2248060.947308,429.797320,-68.248136,-1.100090
1460297865.985957,-891451.648632,-5899955.927217,2247961.882996,430.235965,-65.425959,-1.101315
1460297955.985957,-852711.368133,-5905717.159624,2247862.710560,430.656079,-62.600964,-1.102493
1460298045.985957,-813934.111944,-5911224.020228,2247763.434272,431.057644,-59.773273,-1.103623
1460298135.985957,-775121.550262,-5916476.271838,2247664.058406,431.440643,-56.943007,-1.104706
1460298225.985957,-736275.354803,-5921473.688233,2247564.587244,431.805058,-54.110288,-1.105741
1460298315.985957,-697397.198733,-5926216.054165,2247465.025070,432.150876,-51.275239,-1.106728
1460298405.985957,-658488.756594,-5930703.165374,2247365.376172,432.478080,-48.437981,-1.107668
1460298495.985957,-619551.704234,-5934934.828593,2247265.644843,432.786656,-45.598637,-1.108560
1460298585.985957,-580587.718732,-5938910.861557,2247165.835377,433.076592,-42.757329,-1.109404
1460298675.985957,-541598.478327,-5942631.093014,2247065.952075,433.347874,-39.914179,-1.110201
1460298765.985957,-502585.662345,-5946095.362726,2246965.999238,433.600492,-37.069311,-1.110949
1460298855.985957,-463550.951129,-5949303.521482,2246865.981171,433.834433,-34.222845,-1.111650
1460298945.985957,-424496.025965,-5952255.431102,2246765.902183,434.049689,-31.374906,-1.112303
1460299035.985957,-385422.569008,-5954950.964442,2246665.766584,434.246250,-28.525615,-1.112908
1460299125.985957,-346332.263214,-5957390.005403,2246565.578686,434.424106,-25.675095,-1.113465
1460299215.985957,-307226.792261,-5959572.448930,2246465.342806,434.583252,-22.823470,-1.113975
1460299305.985957,-268107.840483,-5961498.201022,2246365.063261,434.723679,-19.970862,-1.114436
1460299395.985957,-228977.092795,-5963167.178734,2246264.744370,434.845382,-17.117393,-1.114849
1460299485.985957,-189836.234617,-5964579.310181,2246164.390454,434.948356,-14.263187,-1.115214
1460299575.985957,-150686.951808,-5965734.534540,2246064.005835,435.032596,-11.408367,-1.115531
1460299665.985957,-111530.930587,-5966632.802054,2245963.594837,435.098098,-8.553056,-1.115800
1460299755.985957,-72369.857464,-5967274.074032,2245863.161786,435.144860,-5.697376,-1.116021
1460299845.985957,-33205.419169,-5967658.322856,2245762.711006,435.172879,-2.841450,-1.116194
1460299935.985957,5960.697427,-5967785.531973,2245662.246825,435.182155,0.014597,-1.116319
1460300025.985957,45126.805377,-5967655.695906,2245561.773569,435.172687,2.870644,-1.116396
1460300115.985957,84291.217737,-5967268.820245,2245461.295567,435.144475,5.726568,-1.116424
1460300205.985957,123452.247635,-5966624.921656,2245360.817147,435.097521,8.582245,-1.116405
1460300295.985957,162608.208345,-5965724.027871,2245260.342635,435.031827,11.437552,-1.116338
1460300385.985957,201757.413359,-5964566.177694,2245159.876360,434.947395,14.292366,-1.116222
1460300475.985957,240898.176460,-5963151.420994,2245059.422649,434.844230,17.146565,-1.116058
1460300565.985957,280028.811794,-5961479.818708,2244958.985828,434.722335,20.000026,-1.115847
1460300655.985957,319147.633946,-5959551.442834,2244858.570225,434.581716,22.852625,-1.115587
1460300745.985957,358252.958006,-5957366.376431,2244758.180163,434.422378,25.704239,-1.115279
1460300835.985957,397343.099647,-5954924.713611,2244657.819967,434.244330,28.554747,-1.114923
1460300925.985957,436416.375198,-5952226.559543,2244557.493959,434.047578,31.404024,-1.114519
1460301015.985957,475471.101710,-5949272.030438,2244457.206462,433.832130,34.251949,-1.114067
1460301105.985957,514505.597038,-5946061.253554,2244356.961794,433.597997,37.098399,-1.113567
1460301195.985957,553518.179904,-5942594.367184,2244256.764273,433.345188,39.943251,-1.113020
1460301285.985957,592507.169976,-5938871.520651,2244156.618215,433.073715,42.786382,-1.112424
1460301375.985957,631470.887938,-5934892.874305,2244056.527933,432.783588,45.627671,-1.111780
1460301465.985957,670407.655563,-5930658.599512,2243956.497739,432.474821,48.466994,-1.111089
1460301555.985957,709315.795783,-5926168.878649,2243856.531942,432.147426,51.304230,-1.110349
1460301645.985957,748193.632765,-5921423.905095,2243756.634846,431.801418,54.139256,-1.109562
1460301735.985957,787039.491979,-5916423.883223,2243656.810754,431.436811,56.971950,-1.108727
1460301825.985957,825851.700276,-5911169.028393,2243557.063967,431.053622,59.802190,-1.107844
1460301915.985957,864628.585952,-5905659.566938,2243457.398780,430.651867,62.629855,-1.106913
1460302005.985957,903368.478828,-5899895.736160,2243357.819487,430.231563,65.454822,-1.105935
1460302095.985957,942069.710316,-5893877.784316,2243258.330376,429.792728,68.276969,-1.104909
1460302185.985957,980730.613494,-5887605.970609,2243158.935733,429.335381,71.096176,-1.103836
1460302275.985957,1019349.523178,-5881080.565175,2243059.639838,428.859543,73.912321,-1.102715
1460302365.985957,1057924.775990,-5874301.849074,2242960.446969,428.365232,76.725282,-1.101546
1460302455.985957,1096454.710435,-5867270.114275,2242861.361399,427.852471,79.534939,-1.100331
1460302545.985957,1134937.666970,-5859985.663646,2242762.387394,427.321282,82.341169,-1.099067
1460302635.985957,1173371.988073,-5852448.810940,2242663.529218,426.771688,85.143854,-1.097757
1460302725.985957,1211756.018320,-5844659.880780,2242564.791129,426.203712,87.942871,-1.096399
1460302815.985957,1250088.104450,-5836619.208649,2242466.177381,425.617378,90.738100,-1.094993
1460302905.985957,1288366.595440,-5828327.140870,2242367.692219,425.012713,93.529421,-1.093541
1460302995.985957,1326589.842578,-5819784.034595,2242269.339887,424.389742,96.316713,-1.092042
1460303085.985957,1364756.199529,-5810990.257789,2242171.124621,423.748491,99.099857,-1.090495
1460303175.985957,1402864.022409,-5801946.189214,2242073.050651,423.088989,101.878732,-1.088902
1460303265.985957,1440911.669853,-5792652.218412,2241975.122200,422.411264,104.653220,-1.087262
1460303355.985957,1478897.503093,-5783108.745688,2241877.343489,421.715345,107.423200,-1.085574
1460303445.985957,1516819.886019,-5773316.182095,2241779.718726,421.001262,110.188553,-1.083840
1460303535.985957,1554677.185255,-5763274.949413,2241682.252119,420.269046,112.949160,-1.082060
1460303625.985957,1592467.770228,-5752985.480135,2241584.947864,419.518728,115.704902,-1.080233
1460303715.985957,1630190.013241,-5742448.217443,2241487.810154,418.750341,118.455660,-1.078359
1460303805.985957,1667842.289537,-5731663.615194,2241390.843171,417.963918,121.201317,-1.076439
1460303895.985957,1705422.977374,-5720632.137897,2241294.051092,417.159492,123.941753,-1.074472
1460303985.985957,1742930.458094,-5709354.260695,2241197.438087,416.337099,126.676851,-1.072459
1460304075.985957,1780363.116192,-5697830.469343,2241101.008317,415.496773,129.406492,-1.070400
1460304165.985957,1817719.339385,-5686061.260190,2241004.765935,414.638551,132.130560,-1.068295
1460304255.985957,1854997.518683,-5674047.140153,2240908.715087,413.762471,134.848937,-1.066144
1460304345.985957,1892196.048458,-5661788.626699,2240812.859910,412.868568,137.561506,-1.063947
1460304435.985957,1929313.326509,-5649286.247821,2240717.204531,411.956883,140.268149,-1.061704
1460304525.985957,1966347.754140,-5636540.542017,2240621.753073,411.027454,142.968751,-1.059415
1460304615.985957,2003297.736220,-5623552.058262,2240526.509645,410.080322,145.663195,-1.057081
1460304705.985957,2040161.681256,-5610321.355992,2240431.478351,409.115527,148.351366,-1.054701
1460304795.985957,2076938.001461,-5596849.005073,2240336.663283,408.133111,151.033146,-1.052276
1460304885.985957,2113625.112821,-5583135.585781,2240242.068525,407.133115,153.708422,-1.049806
1460304975.985957,2150221.435167,-5569181.688773,2240147.698152,406.115584,156.377076,-1.047290
1460305065.985957,2186725.392237,-5554987.915066,2240053.556228,405.080561,159.038996,-1.044729
1460305155.985957,2223135.411750,-5540554.876007,2239959.646809,404.028090,161.694065,-1.042123
1460305245.985957,2259449.925470,-5525883.193249,2239865.973939,402.958218,164.342170,-1.039472
1460305335.985957,2295667.369275,-5510973.498726,2239772.541653,401.870989,166.983197,-1.036777
1460305425.985957,2331786.183223,-5495826.434619,2239679.353975,400.766451,169.617031,-1.034037
1460305515.985957,2367804.811621,-5480442.653338,2239586.414919,399.644651,172.243559,-1.031252
1460305605.985957,2403721.703090,-5464822.817485,2239493.728489,398.505638,174.862669,-1.028423
1460305695.985957,2439535.310636,-5448967.599831,2239401.298676,397.349461,177.474247,-1.025549
1460305785.985957,2475244.091710,-5432877.683284,2239309.129461,396.176169,180.078182,-1.022632
1460305875.985957,2510846.508279,-5416553.760862,2239217.224815,394.985814,182.674359,-1.019670
1460305965.985957,2546341.026893,-5399996.535662,2239125.588696,393.778446,185.262669,-1.016665
1460306055.985957,2581726.118748,-5383206.720829,2239034.225051,392.554117,187.842999,-1.013615
1460306145.985957,2617000.259753,-5366185.039526,2238943.137815,391.312880,190.415239,-1.010522
1460306235.985957,2652161.930595,-5348932.224905,2238852.330912,390.054789,192.979277,-1.007386
1460306325.985957,2687209.616808,-5331449.020069,2238761.808253,388.779897,195.535003,-1.004206
1460306415.985957,2722141.808834,-5313736.178048,2238671.573737,387.488261,198.082307,-1.000983
1460306505.985957,2756957.002088,-5295794.461761,2238581.631250,386.179934,200.621080,-0.997716
1460306595.985957,2791653.697027,-5277624.643987,2238491.984666,384.854974,203.151211,-0.994407
1460306685.985957,2826230.399210,-5259227.507326,2238402.637847,383.513438,205.672593,-0.991055
1460306775.985957,2860685.619365,-5240603.844172,2238313.594642,382.155383,208.185115,-0.987660
1460306865.985957,2895017.873452,-5221754.456676,2238224.858885,380.780868,210.688671,-0.984223
1460306955.985957,2929225.682729,-5202680.156709,2238136.434398,379.389953,213.183152,-0.980743
1460307045.985957,2963307.573811,-5183381.765832,2238048.324990,377.982696,215.668451,-0.977221
1460307135.985957,2997262.078739,-5163860.115255,2237960.534457,376.559159,218.144461,-0.973657
1460307225.985957,3031087.735039,-5144116.045807,2237873.066579,375.119404,220.611075,-0.970051
1460307315.985957,3064783.085790,-5124150.407894,2237785.925125,373.663491,223.068187,-0.966403
1460307405.985957,3098346.679678,-5103964.061469,2237699.113846,372.191484,225.515691,-0.962714
1460307495.985957,3131777.071069,-5083557.875989,2237612.636484,370.703446,227.953482,-0.958983
1460307585.985957,3165072.820064,-5062932.730378,2237526.496761,369.199441,230.381455,-0.955211
1460307675.985957,3198232.492563,-5042089.512995,2237440.698389,367.679535,232.799504,-0.951397
1460307765.985957,3231254.660328,-5021029.121589,2237355.245063,366.143791,235.207527,-0.947543
1460307855.985957,3264137.901043,-4999752.463264,2237270.140464,364.592278,237.605419,-0.943648
1460307945.985957,3296880.798376,-4978260.454438,2237185.388258,363.025061,239.993076,-0.939712
1460308035.985957,3329481.942040,-4956554.020805,2237100.992094,361.442208,242.370397,-0.935736
1460308125.985957,3361939.927852,-4934634.097295,2237016.955608,359.843787,244.737279,-0.931719
1460308215.985957,3394253.357798,-4912501.628034,2236933.282420,358.229866,247.093619,-0.927663
1460308305.985957,3426420.840087,-4890157.566300,2236849.976134,356.600517,249.439317,-0.923566
1460308395.985957,3458440.989217,-4867602.874487,2236767.040337,354.955808,251.774271,-0.919430
1460308485.985957,3490312.426030,-4844838.524062,2236684.478603,353.295811,254.098381,-0.915254
1460308575.985957,3522033.777773,-4821865.495519,2236602.294486,351.620596,256.411546,-0.911038
1460308665.985957,3553603.678160,-4798684.778342,2236520.491528,349.930237,258.713667,-0.906784
1460308755.985957,3585020.767426,-4775297.370961,2236439.073252,348.224806,261.004645,-0.902490
1460308845.985957,3616283.692388,-4751704.280708,2236358.043164,346.504376,263.284381,-0.898157
1460308935.985957,3647391.106503,-4727906.523774,2236277.404754,344.769021,265.552777,-0.893786
1460309025.985957,3678341.669927,-4703905.125165,2236197.161496,343.018817,267.809736,-0.889376
1460309115.985957,3709134.049571,-4679701.118658,2236117.316847,341.253839,270.055159,-0.884928
1460309205.985957,3739766.919160,-4655295.546757,2236037.874244,339.474162,272.288951,-0.880442
1460309295.985957,3770238.959289,-4630689.460649,2235958.837111,337.679864,274.511014,-0.875918
1460309385.985957,3800548.857479,-4605883.920155,2235880.208851,335.871021,276.721255,-0.871356
1460309475.985957,3830695.308237,-4580879.993688,2235801.992851,334.047711,278.919576,-0.866757
1460309565.985957,3860677.013108,-4555678.758207,2235724.192479,332.210014,281.105884,-0.862120
1460309655.985957,3890492.680733,-4530281.299167,2235646.811088,330.358008,283.280084,-0.857446
1460309745.985957,3920141.026907,-4504688.710477,2235569.852010,328.491773,285.442083,-0.852735
1460309835.985957,3949620.774628,-4478902.094449,2235493.318560,326.611389,287.591787,-0.847988
1460309925.985957,3978930.654158,-4452922.561752,2235417.214034,324.716938,289.729104,-0.843204
1460310015.985957,4008069.403075,-4426751.231365,2235341.541710,322.808500,291.853943,-0.838383
1460310105.985957,4037035.766329,-4400389.230528,2235266.304848,320.886159,293.966210,-0.833527
1460310195.985957,4065828.496293,-4373837.694693,2235191.506688,318.949997,296.065816,-0.828634
1460310285.985957,4094446.352819,-4347097.767475,2235117.150453,317.000096,298.152671,-0.823706
1460310375.985957,4122888.103293,-4320170.600606,2235043.239344,315.036543,300.226683,-0.818743
1460310465.985957,4151152.522684,-4293057.353879,2234969.776545,313.059420,302.287764,-0.813744
1460310555.985957,4179238.393599,-4265759.195105,2234896.765221,311.068813,304.335825,-0.808710
1460310645.985957,4207144.506338,-4238277.300057,2234824.208516,309.064808,306.370777,-0.803641
1460310735.985957,4234869.658940,-4210612.852422,2234752.109556,307.047491,308.392534,-0.798538
1460310825.985957,4262412.657239,-4182767.043752,2234680.471445,305.016949,310.401008,-0.793400
1460310915.985957,4289772.314918,-4154741.073409,2234609.297270,302.973269,312.396113,-0.788229
1460311005.985957,4316947.453551,-4126536.148515,2234538.590096,300.916540,314.377762,-0.783023
1460311095.985957,4343936.902666,-4098153.483898,2234468.352969,298.846850,316.345870,-0.777783
1460311185.985957,4370739.499783,-4069594.302046,2234398.588914,296.764289,318.300353,-0.772510
1460311275.985957,4397354.090474,-4040859.833046,2234329.300936,294.668945,320.241126,-0.767204
1460311365.985957,4423779.528407,-4011951.314535,2234260.492020,292.560909,322.168106,-0.761864
1460311455.985957,4450014.675397,-3982869.991649,2234192.165128,290.440272,324.081210,-0.756492
1460311545.985957,4476058.401457,-3953617.116966,2234124.323204,288.307126,325.980355,-0.751088
1460311635.985957,4501909.584842,-3924193.950451,2234056.969171,286.161562,327.865459,-0.745650
1460311725.985957,4527567.112102,-3894601.759407,2233990.105929,284.003672,329.736442,-0.740181
1460311815.985957,4553029.878128,-3864841.818415,2233923.736358,281.833550,331.593222,-0.734680
1460311905.985957,4578296.786198,-3834915.409280,2233857.863317,279.651288,333.435721,-0.729147
1460311995.985957,4603366.748029,-3804823.820982,2233792.489643,277.456982,335.263857,-0.723583
1460312085.985957,4628238.683817,-3774568.349610,2233727.618153,275.250725,337.077554,-0.717988
1460312175.985957,4652911.522290,-3744150.298314,2233663.251640,273.032613,338.876732,-0.712362
1460312265.985957,4677384.200751,-3713570.977248,2233599.392876,270.802741,340.661314,-0.706705
1460312355.985957,4701655.665124,-3682831.703510,2233536.044613,268.561205,342.431223,-0.701017
1460312445.985957,4725724.869999,-3651933.801087,2233473.209578,266.308102,344.186383,-0.695300
1460312535.985957,4749590.778678,-3620878.600802,2233410.890479,264.043528,345.926718,-0.689552
1460312625.985957,4773252.363219,-3589667.440248,2233349.089999,261.767581,347.652154,-0.683775
1460312715.985957,4796708.604482,-3558301.663740,2233287.810801,259.480360,349.362616,-0.677968
1460312805.985957,4819958.492169,-3526782.622249,2233227.055524,257.181963,351.058031,-0.672132
1460312895.985957,4843001.024873,-3495111.673350,2233166.826784,254.872488,352.738324,-0.666267
1460312985.985957,4865835.210115,-3463290.181160,2233107.127176,252.552036,354.403425,-0.660374
1460313075.985957,4888460.064392,-3431319.516279,2233047.959271,250.220706,356.053261,-0.654452
1460313165.985957,4910874.613216,-3399201.055733,2232989.325619,247.878598,357.687761,-0.648502
1460313255.985957,4933077.891158,-3366936.182915,2232931.228743,245.525814,359.306856,-0.642524
1460313345.985957,4955068.941889,-3334526.287522,2232873.671148,243.162455,360.910474,-0.636518
1460313435.985957,4976846.818220,-3301972.765499,2232816.655311,240.788622,362.498547,-0.630485
1460313525.985957,4998410.582143,-3269277.018976,2232760.183689,238.404418,364.071007,-0.624424
1460313615.985957,5019759.304875,-3236440.456210,2232704.258714,236.009946,365.627786,-0.618337
1460313705.985957,5040892.066893,-3203464.491522,2232648.882795,233.605308,367.168816,-0.612223
1460313795.985957,5061807.957975,-3170350.545239,2232594.058317,231.190609,368.694032,-0.606083
1460313885.985957,5082506.077243,-3137100.043629,2232539.787641,228.765952,370.203368,-0.599917
1460313975.985957,5102985.533196,-3103714.418843,2232486.073106,226.331442,371.696759,-0.593725
1460314065.985957,5123245.443752,-3070195.108852,2232432.917024,223.887183,373.174140,-0.587507
1460314155.985957,5143284.936286,-3036543.557383,2232380.321686,221.433281,374.635448,-0.581264
1460314245.985957,5163103.147664,-3002761.213862,2232328.289356,218.969841,376.080620,-0.574996
1460314335.985957,5182699.224288,-2968849.533345,2232276.822276,216.496971,377.509593,-0.568703
1460314425.985957,5202072.322123,-2934809.976463,2232225.922663,214.014775,378.922307,-0.562385
1460314515.985957,5221221.606739,-2900644.009352,2232175.592708,211.523361,380.318699,-0.556044
1460314605.985957,5240146.253348,-2866353.103592,2232125.834581,209.022837,381.698711,-0.549678
1460314695.985957,5258845.446836,-2831938.736145,2232076.650424,206.513310,383.062283,-0.543289
1460314785.985957,5277318.381799,-2797402.389293,2232028.042355,203.994888,384.409355,-0.536876
1460314875.985957,5295564.262580,-2762745.550568,2231980.012469,201.467679,385.739870,-0.530441
1460314965.985957,5313582.303299,-2727969.712695,2231932.562833,198.931793,387.053771,-0.523982
1460315055.985957,5331371.727893,-2693076.373523,2231885.695493,196.387339,388.351001,-0.517501
1460315145.985957,5348931.770144,-2658067.035962,2231839.412465,193.834426,389.631504,-0.510998
1460315235.985957,5366261.673712,-2622943.207919,2231793.715745,191.273165,390.895225,-0.504472
1460315325.985957,5383360.692172,-2587706.402230,2231748.607301,188.703664,392.142109,-0.497925
1460315415.985957,5400228.089044,-2552358.136600,2231704.089074,186.126037,393.372103,-0.491356
1460315505.985957,5416863.137821,-2516899.933533,2231660.162983,183.540392,394.585154,-0.484766
1460315595.985957,5433265.122007,-2481333.320270,2231616.830920,180.946842,395.781210,-0.478156
1460315685.985957,5449433.335144,-2445659.828719,2231574.094752,178.345498,396.960219,-0.471524
1460315775.985957,5465367.080840,-2409880.995393,2231531.956318,175.736473,398.122130,-0.464873
1460315865.985957,5481065.672805,-2373998.361341,2231490.417434,173.119878,399.266894,-0.458201
1460315955.985957,5496528.434877,-2338013.472084,2231449.479889,170.495827,400.394460,-0.451510
1460316045.985957,5511754.701049,-2301927.877548,2231409.145447,167.864433,401.504781,-0.444799
1460316135.985957,5526743.815504,-2265743.131994,2231369.415845,165.225808,402.597808,-0.438069
1460316225.985957,5541495.132636,-2229460.793955,2231330.292793,162.580067,403.673495,-0.431320
1460316315.985957,5556008.017085,-2193082.426169,2231291.777978,159.927323,404.731795,-0.424553
1460316405.985957,5570281.843757,-2156609.595507,2231253.873058,157.267691,405.772662,-0.417767
1460316495.985957,5584315.997856,-2120043.872911,2231216.579666,154.601285,406.796053,-0.410964
1460316585.985957,5598109.874910,-2083386.833323,2231179.899408,151.928220,407.801922,-0.404142
1460316675.985957,5611662.880796,-2046640.055619,2231143.833863,149.248611,408.790226,-0.397304
1460316765.985957,5624974.431764,-2009805.122540,2231108.384587,146.562574,409.760923,-0.390448
1460316855.985957,5638043.954464,-1972883.620622,2231073.553104,143.870225,410.713971,-0.383575
1460316945.985957,5650870.885974,-1935877.140132,2231039.340917,141.171678,411.649329,-0.376686
1460317035.985957,5663454.673816,-1898787.274998,2231005.749497,138.467051,412.566956,-0.369780
1460317125.985957,5675794.775988,-1861615.622736,2230972.780293,135.756460,413.466814,-0.362859
1460317215.985957,5687890.660982,-1824363.784387,2230940.434724,133.040022,414.348863,-0.355922
1460317305.985957,5699741.807810,-1787033.364445,2230908.714183,130.317854,415.213065,-0.348970
1460317395.985957,5711347.706024,-1749625.970791,2230877.620037,127.590073,416.059384,-0.342002
1460317485.985957,5722707.855741,-1712143.214617,2230847.153625,124.856796,416.887782,-0.335020
1460317575.985957,5733821.767661,-1674586.710365,2230817.316260,122.118141,417.698224,-0.328023
1460317665.985957,5744688.963090,-1636958.075650,2230788.109226,119.374227,418.490676,-0.321013
1460317755.985957,5755308.973963,-1599258.931198,2230759.533781,116.625171,419.265102,-0.313988
1460317845.985957,5765681.342859,-1561490.900768,2230731.591157,113.871091,420.021470,-0.306950
1460317935.985957,5775805.623023,-1523655.611087,2230704.282557,111.112107,420.759746,-0.299899
1460318025.985957,5785681.378387,-1485754.691781,2230677.609157,108.348338,421.479901,-0.292835
1460318115.985957,5795308.183587,-1447789.775300,2230651.572106,105.579901,422.181901,-0.285758
1460318205.985957,5804685.623982,-1409762.496853,2230626.172525,102.806917,422.865717,-0.278669
1460318295.985957,5813813.295671,-1371674.494333,2230601.411509,100.029505,423.531320,-0.271568
1460318385.985957,5822690.805511,-1333527.408249,2230577.290125,97.247785,424.178680,-0.264455
1460318475.985957,5831317.771133,-1295322.881656,2230553.809410,94.461876,424.807771,-0.257331
1460318565.985957,5839693.820962,-1257062.560082,2230530.970377,91.671899,425.418565,-0.250196
1460318655.985957,5847818.594227,-1218748.091457,2230508.774010,88.877972,426.011035,-0.243050
1460318745.985957,5855691.740982,-1180381.126046,2230487.221263,86.080218,426.585156,-0.235893
1460318835.985957,5863312.922119,-1141963.316373,2230466.313066,83.278757,427.140903,-0.228727
1460318925.985957,5870681.809381,-1103496.317152,2230446.050320,80.473708,427.678253,-0.221550
1460319015.985957,5877798.085379,-1064981.785217,2230426.433896,77.665193,428.197182,-0.214364
1460319105.985957,5884661.443604,-1026421.379449,2230407.464641,74.853333,428.697668,-0.207169
1460319195.985957,5891271.588440,-987816.760703,2230389.143371,72.038249,429.179689,-0.199965
1460319285.985957,5897628.235179,-949169.591741,2230371.470874,69.220062,429.643225,-0.192752
1460319375.985957,5903731.110029,-910481.537156,2230354.447914,66.398894,430.088255,-0.185531
1460319465.985957,5909579.950131,-871754.263302,2230338.075221,63.574866,430.514761,-0.178302
1460319555.985957,5915174.503565,-832989.438223,2230322.353503,60.748099,430.922724,-0.171065
1460319645.985957,5920514.529366,-794188.731580,2230307.283436,57.918716,431.312126,-0.163821
1460319735.985957,5925599.797531,-755353.814580,2230292.865669,55.086839,431.682951,-0.156569
1460319825.985957,5930430.089029,-716486.359902,2230279.100823,52.252588,432.035183,-0.149311
1460319915.985957,5935005.195812,-677588.041629,2230265.989491,49.416087,432.368806,-0.142047
1460320005.985957,5939324.920823,-638660.535170,2230253.532239,46.577458,432.683807,-0.134776
1460320095.985957,5943389.078005,-599705.517194,2230241.729601,43.736823,432.980171,-0.127500
1460320185.985957,5947197.492308,-560724.665554,2230230.582088,40.894303,433.257886,-0.120218
1460320275.985957,5950749.999698,-521719.659215,2230220.090178,38.050023,433.516940,-0.112931
1460320365.985957,5954046.447163,-482692.178184,2230210.254325,35.204103,433.757322,-0.105640
1460320455.985957,5957086.692720,-443643.903434,2230201.074951,32.356667,433.979021,-0.098343
1460320545.985957,5959870.605421,-404576.516836,2230192.552452,29.507838,434.182028,-0.091042
1460320635.985957,5962398.065359,-365491.701082,2230184.687195,26.657737,434.366335,-0.083738
1460320725.985957,5964668.963671,-326391.139615,2230177.479519,23.806489,434.531932,-0.076430
1460320815.985957,5966683.202547,-287276.516558,2230170.929734,20.954215,434.678813,-0.069118
1460320905.985957,5968440.695230,-248149.516637,2230165.038123,18.101038,434.806972,-0.061804
1460320995.985957,5969941.366023,-209011.825113,2230159.804939,15.247082,434.916404,-0.054487
1460321085.985957,5971185.150288,-169865.127708,2230155.230408,12.392469,435.007102,-0.047167
1460321175.985957,5972171.994456,-130711.110530,2230151.314727,9.537322,435.079065,-0.039846
1460321265.985957,5972901.856019,-91551.460003,2230148.058064,6.681765,435.132287,-0.032523
1460321355.985957,5973374.703543,-52387.862794,2230145.460560,3.825920,435.166768,-0.025198
1460321445.985957,5973590.516661,-13222.005740,2230143.522326,0.969910,435.182506,-0.017872
1460321535.985957,5973549.286078,25944.424225,2230142.243447,-1.886142,435.179500,-0.010546
1460321625.985957,5973251.013569,65109.740143,2230141.623976,-4.742113,435.157750,-0.003219
1460321715.985957,5972695.711981,104272.255102,2230141.663942,-7.597879,435.117256,0.004108
1460321805.985957,5971883.405233,143430.282312,2230142.363342,-10.453318,435.058022,0.011435
1460321895.985957,5970814.128311,182582.135176,2230143.722146,-13.308307,434.980049,0.018761
1460321985.985957,5969487.927271,221726.127364,2230145.740296,-16.162722,434.883341,0.026087
1460322075.985957,5967904.859235,260860.572883,2230148.417704,-19.016442,434.767902,0.033411
1460322165.985957,5966064.992387,299983.786152,2230151.754256,-21.869342,434.633736,0.040734
1460322255.985957,5963968.405974,339094.082074,2230155.749807,-24.721301,434.480851,0.048056
1460322345.985957,5961615.190299,378189.776107,2230160.404186,-27.572194,434.309251,0.055375
1460322435.985957,5959005.446718,417269.184339,2230165.717193,-30.421900,434.118945,0.062692
1460322525.985957,5956139.287637,456330.623560,2230171.688597,-33.270296,433.909941,0.070006
1460322615.985957,5953016.836506,495372.411334,2230178.318143,-36.117259,433.682248,0.077317
1460322705.985957,5949638.227814,534392.866069,2230185.605545,-38.962666,433.435875,0.084624
1460322795.985957,5946003.607083,573390.307094,2230193.550488,-41.806395,433.170834,0.091929
1460322885.985957,5942113.130862,612363.054730,2230202.152630,-44.648323,432.887135,0.099229
1460322975.985957,5937966.966718,651309.430360,2230211.411602,-47.488329,432.584792,0.106525
1460323065.985957,5933565.293235,690227.756502,2230221.327004,-50.326288,432.263816,0.113816
1460323155.985957,5928908.299998,729116.356885,2230231.898410,-53.162081,431.924222,0.121102
1460323245.985957,5923996.187593,767973.556516,2230243.125363,-55.995583,431.566024,0.128383
1460323335.985957,5918829.167591,806797.681755,2230255.007381,-58.826674,431.189238,0.135659
1460323425.985957,5913407.462543,845587.060387,2230267.543951,-61.655230,430.793880,0.142929
1460323515.985957,5907731.305971,884340.021694,2230280.734534,-64.481132,430.379967,0.150192
1460323605.985957,5901800.942356,923054.896525,2230294.578561,-67.304256,429.947517,0.157450
1460323695.985957,5895616.627128,961730.017371,2230309.075437,-70.124481,429.496548,0.164700
1460323785.985957,5889178.626654,1000363.718435,2230324.224537,-72.941685,429.027080,0.171943
1460323875.985957,5882487.218230,1038954.335703,2230340.025207,-75.755748,428.539134,0.179179
1460323965.985957,5875542.690064,1077500.207017,2230356.476769,-78.566548,428.032729,0.186407
1460324055.985957,5868345.341269,1115999.672147,2230373.578513,-81.373964,427.507889,0.193627
1460324145.985957,5860895.481845,1154451.072862,2230391.329702,-84.177876,426.964635,0.200839
1460324235.985957,5853193.432669,1192852.753000,2230409.729573,-86.978161,426.402991,0.208042
1460324325.985957,5845239.525481,1231203.058541,2230428.777332,-89.774700,425.822981,0.215237
1460324415.985957,5837034.102867,1269500.337679,2230448.472159,-92.567373,425.224631,0.222421
1460324505.985957,5828577.518248,1307742.940890,2230468.813206,-95.356058,424.607965,0.229597
1460324595.985957,5819870.135861,1345929.221005,2230489.799597,-98.140637,423.973011,0.236762
1460324685.985957,5810912.330749,1384057.533284,2230511.430427,-100.920988,423.319796,0.243918
1460324775.985957,5801704.488736,1422126.235479,2230533.704766,-103.696992,422.648347,0.251062
1460324865.985957,5792247.006419,1460133.687914,2230556.621653,-106.468530,421.958695,0.258196
1460324955.985957,5782540.291146,1498078.253549,2230580.180102,-109.235483,421.250868,0.265319
1460325045.985957,5772584.761001,1535958.298052,2230604.379099,-111.997730,420.524897,0.272430
1460325135.985957,5762380.844784,1573772.189871,2230629.217599,-114.755153,419.780813,0.279530
1460325225.985957,5751928.981993,1611518.300303,2230654.694535,-117.507634,419.018649,0.286618
1460325315.985957,5741229.622806,1649195.003565,2230680.808808,-120.255054,418.238437,0.293693
1460325405.985957,5730283.228061,1686800.676862,2230707.559294,-122.997294,417.440211,0.300755
1460325495.985957,5719090.269236,1724333.700461,2230734.944840,-125.734236,416.624005,0.307805
1460325585.985957,5707651.228430,1761792.457756,2230762.964268,-128.465762,415.789855,0.314842
1460325675.985957,5695966.598339,1799175.335340,2230791.616370,-131.191756,414.937796,0.321864
1460325765.985957,5684036.882239,1836480.723074,2230820.899911,-133.912099,414.067864,0.328873
1460325855.985957,5671862.593960,1873707.014158,2230850.813632,-136.626674,413.180099,0.335868
1460325945.985957,5659444.257869,1910852.605199,2230881.356243,-139.335364,412.274536,0.342849
1460326035.985957,5646782.408842,1947915.896276,2230912.526428,-142.038053,411.351217,0.349814
1460326125.985957,5633877.592246,1984895.291018,2230944.322846,-144.734624,410.410180,0.356765
1460326215.985957,5620730.363909,2021789.196665,2230976.744127,-147.424961,409.451466,0.363700
1460326305.985957,5607341.290104,2058596.024138,2231009.788874,-150.108949,408.475117,0.370619
1460326395.985957,5593710.947519,2095314.188111,2231043.455664,-152.786471,407.481173,0.377523
1460326485.985957,5579839.923234,2131942.107076,2231077.743046,-155.457412,406.469679,0.384410
1460326575.985957,5565728.814695,2168478.203411,2231112.649545,-158.121657,405.440678,0.391281
1460326665.985957,5551378.229689,2204920.903451,2231148.173657,-160.779092,404.394213,0.398134
1460326755.985957,5536788.786319,2241268.637551,2231184.313851,-163.429602,403.330331,0.404971
1460326845.985957,5521961.112975,2277519.840158,2231221.068571,-166.073073,402.249077,0.411790
1460326935.985957,5506895.848306,2313672.949878,2231258.436234,-168.709390,401.150497,0.418592
1460327025.985957,5491593.641199,2349726.409538,2231296.415229,-171.338441,400.034639,0.425375
1460327115.985957,5476055.150741,2385678.666262,2231335.003923,-173.960112,398.901551,0.432141
1460327205.985957,5460281.046201,2421528.171530,2231374.200652,-176.574291,397.751281,0.438887
1460327295.985957,5444272.006993,2457273.381248,2231414.003728,-179.180864,396.583880,0.445615
1460327385.985957,5428028.722652,2492912.755815,2231454.411436,-181.779720,395.399397,0.452323
1460327475.985957,5411551.892800,2528444.760187,2231495.422037,-184.370746,394.197884,0.459012
1460327565.985957,5394842.227120,2563867.863946,2231537.033764,-186.953831,392.979393,0.465681
1460327655.985957,5377900.445324,2599180.541364,2231579.244824,-189.528863,391.743974,0.472331
1460327745.985957,5360727.277120,2634381.271470,2231622.053400,-192.095733,390.491683,0.478959
1460327835.985957,5343323.462184,2669468.538113,2231665.457647,-194.654328,389.222573,0.485568
1460327925.985957,5325689.750124,2704440.830030,2231709.455697,-197.204539,387.936699,0.492155
1460328015.985957,5307826.900451,2739296.640911,2231754.045653,-199.746257,386.634115,0.498721
1460328105.985957,5289735.682547,2774034.469463,2231799.225596,-202.279371,385.314878,0.505265
1460328195.985957,5271416.875629,2808652.819471,2231844.993579,-204.803772,383.979046,0.511788
1460328285.985957,5252871.268714,2843150.199873,2231891.347632,-207.319353,382.626675,0.518289
1460328375.985957,5234099.660592,2877525.124810,2231938.285757,-209.826003,381.257823,0.524767
1460328465.985957,5215102.859785,2911776.113702,2231985.805933,-212.323617,379.872550,0.531223
1460328555.985957,5195881.684515,2945901.691306,2232033.906113,-214.812085,378.470915,0.537656
1460328645.985957,5176436.962666,2979900.387781,2232082.584225,-217.291301,377.052980,0.544066
1460328735.985957,5156769.531754,3013770.738750,2232131.838173,-219.761157,375.618803,0.550452
1460328825.985957,5136880.238885,3047511.285364,2232181.665835,-222.221549,374.168449,0.556815
1460328915.985957,5116769.940721,3081120.574366,2232232.065064,-224.672369,372.701978,0.563154
1460329005.985957,5096439.503446,3114597.158152,2232283.033691,-227.113511,371.219454,0.569468
1460329095.985957,5075889.802720,3147939.594833,2232334.569520,-229.544872,369.720942,0.575758
1460329185.985957,5055121.723654,3181146.448299,2232386.670331,-231.966346,368.206505,0.582023
1460329275.985957,5034136.160758,3214216.288279,2232439.333880,-234.377829,366.676209,0.588263
1460329365.985957,5012934.017916,3247147.690405,2232492.557899,-236.779217,365.130119,0.594478
1460329455.985957,4991516.208334,3279939.236270,2232546.340095,-239.170406,363.568303,0.600667
1460329545.985957,4969883.654512,3312589.513490,2232600.678151,-241.551294,361.990827,0.606830
1460329635.985957,4948037.288197,3345097.115769,2232655.569728,-243.921778,360.397760,0.612967
1460329725.985957,4925978.050347,3377460.642952,2232711.012461,-246.281755,358.789170,0.619078
1460329815.985957,4903706.891086,3409678.701094,2232767.003962,-248.631126,357.165126,0.625162
1460329905.985957,4881224.769667,3441749.902512,2232823.541819,-250.969787,355.525699,0.631219
1460329995.985957,4858532.654432,3473672.865850,2232880.623596,-253.297638,353.870958,0.637249
1460330085.985957,4835631.522763,3505446.216136,2232938.246837,-255.614580,352.200976,0.643251
1460330175.985957,4812522.361049,3537068.584844,2232996.409058,-257.920512,350.515824,0.649226
1460330265.985957,4789206.164637,3568538.609948,2233055.107754,-260.215334,348.815575,0.655173
1460330355.985957,4765683.937791,3599854.935986,2233114.340397,-262.498949,347.100302,0.661091
1460330445.985957,4741956.693651,3631016.214116,2233174.104435,-264.771258,345.370078,0.666981
1460330535.985957,4718025.454185,3662021.102172,2233234.397296,-267.032162,343.624979,0.672843
1460330625.985957,4693891.250148,3692868.264727,2233295.216381,-269.281566,341.865079,0.678675
1460330715.985957,4669555.121039,3723556.373145,2233356.559071,-271.519370,340.090455,0.684478
1460330805.985957,4645018.115052,3754084.105642,2233418.422723,-273.745480,338.301183,0.690252
1460330895.985957,4620281.289034,3784450.147340,2233480.804674,-275.959800,336.497339,0.695996
1460330985.985957,4595345.708439,3814653.190329,2233543.702237,-278.162233,334.679002,0.701710
1460331075.985957,4570212.447280,3844691.933715,2233607.112701,-280.352685,332.846250,0.707393
1460331165.985957,4544882.588086,3874565.083684,2233671.033337,-282.531062,330.999162,0.713047
1460331255.985957,4519357.221853,3904271.353552,2233735.461390,-284.697271,329.137817,0.718669
1460331345.985957,4493637.447998,3933809.463826,2233800.394086,-286.851216,327.262295,0.724261
1460331435.985957,4467724.374312,3963178.142251,2233865.828628,-288.992807,325.372678,0.729821
1460331525.985957,4441619.116911,3992376.123876,2233931.762197,-291.121950,323.469046,0.735350
1460331615.985957,4415322.800188,4021402.151095,2233998.191954,-293.238555,321.551483,0.740847
1460331705.985957,4388836.556768,4050254.973715,2234065.115038,-295.342528,319.620069,0.746313
1460331795.985957,4362161.527453,4078933.348998,2234132.528565,-297.433782,317.674889,0.751746
1460331885.985957,4335298.861178,4107436.041724,2234200.429632,-299.512224,315.716026,0.757147
1460331975.985957,4308249.714960,4135761.824236,2234268.815315,-301.577766,313.743565,0.762515
1460332065.985957,4281015.253847,4163909.476500,2234337.682668,-303.630318,311.757590,0.767850
1460332155.985957,4253596.650870,4191877.786153,2234407.028724,-305.669792,309.758188,0.773153
1460332245.985957,4225995.086991,4219665.548556,2234476.850498,-307.696101,307.745444,0.778422
1460332335.985957,4198211.751051,4247271.566847,2234547.144980,-309.709157,305.719444,0.783657
1460332425.985957,4170247.839722,4274694.651992,2234617.909145,-311.708873,303.680277,0.788859
1460332515.985957,4142104.557454,4301933.622837,2234689.139943,-313.695164,301.628030,0.794027
1460332605.985957,4113783.116419,4328987.306157,2234760.834307,-315.667943,299.562791,0.799160
1460332695.985957,4085284.736468,4355854.536707,2234832.989149,-317.627126,297.484650,0.804259
1460332785.985957,4056610.645068,4382534.157275,2234905.601360,-319.572628,295.393696,0.809324
1460332875.985957,4027762.077256,4409025.018730,2234978.667814,-321.504365,293.290018,0.814353
1460332965.985957,3998740.275584,4435325.980070,2235052.185362,-323.422255,291.173708,0.819348
1460333055.985957,3969546.490068,4461435.908468,2235126.150840,-325.326215,289.044857,0.824307
1460333145.985957,3940181.978130,4487353.679331,2235200.561060,-327.216162,286.903556,0.829231
1460333235.985957,3910648.004545,4513078.176340,2235275.412817,-329.092016,284.749898,0.834119
1460333325.985957,3880945.841386,4538608.291500,2235350.702888,-330.953695,282.583975,0.838971
1460333415.985957,3851076.767972,4563942.925191,2235426.428030,-332.801119,280.405880,0.843787
1460333505.985957,3821042.070811,4589080.986210,2235502.584981,-334.634209,278.215709,0.848567
1460333595.985957,3790843.043542,4614021.391822,2235579.170461,-336.452886,276.013554,0.853310
1460333685.985957,3760480.986885,4638763.067804,2235656.181171,-338.257072,273.799511,0.858016
1460333775.985957,3729957.208580,4663304.948496,2235733.613793,-340.046688,271.573674,0.862685
1460333865.985957,3699273.023335,4687645.976840,2235811.464994,-341.821658,269.336141,0.867318
1460333955.985957,3668429.752764,4711785.104430,2235889.731419,-343.581905,267.087007,0.871913
1460334045.985957,3637428.725334,4735721.291556,2235968.409698,-345.327353,264.826369,0.876470
1460334135.985957,3606271.276309,4759453.507250,2236047.496442,-347.057928,262.554325,0.880989
1460334225.985957,3574958.747688,4782980.729329,2236126.988243,-348.773554,260.270972,0.885471
1460334315.985957,3543492.488149,4806301.944439,2236206.881679,-350.474158,257.976408,0.889914
1460334405.985957,3511873.852993,4829416.148098,2236287.173308,-352.159667,255.670734,0.894320
1460334495.985957,3480104.204084,4852322.344743,2236367.859672,-353.830007,253.354047,0.898686
1460334585.985957,3448184.909790,4875019.547768,2236448.937295,-355.485108,251.026448,0.903014
1460334675.985957,3416117.344925,4897506.779569,2236530.402686,-357.124897,248.688036,0.907303
1460334765.985957,3383902.890687,4919783.071586,2236612.252335,-358.749304,246.338914,0.911553
1460334855.985957,3351542.934603,4941847.464345,2236694.482717,-360.358260,243.979181,0.915764
1460334945.985957,3319038.870467,4963699.007498,2236777.090289,-361.951694,241.608939,0.919935
1460335035.985957,3286392.098279,4985336.759866,2236860.071495,-363.529539,239.228291,0.924067
1460335125.985957,3253604.024186,5006759.789477,2236943.422760,-365.091725,236.837340,0.928158
1460335215.985957,3220676.060422,5027967.173608,2237027.140493,-366.638187,234.436187,0.932210
1460335305.985957,3187609.625244,5048957.998823,2237111.221089,-368.168857,232.024937,0.936222
1460335395.985957,3154406.142875,5069731.361017,2237195.660926,-369.683669,229.603693,0.940193
1460335485.985957,3121067.043441,5090286.365447,2237280.456367,-371.182559,227.172559,0.944124
1460335575.985957,3087593.762908,5110622.126778,2237365.603760,-372.665461,224.731641,0.948014
1460335665.985957,3053987.743023,5130737.769117,2237451.099437,-374.132311,222.281043,0.951863
1460335755.985957,3020250.431248,5150632.426053,2237536.939716,-375.583048,219.820872,0.955672
1460335845.985957,2986383.280701,5170305.240691,2237623.120899,-377.017607,217.351232,0.959439
1460335935.985957,2952387.750094,5189755.365693,2237709.639275,-378.435928,214.872231,0.963165
1460336025.985957,2918265.303667,5208981.963312,2237796.491117,-379.837949,212.383975,0.966849
1460336115.985957,2884017.411126,5227984.205429,2237883.672684,-381.223609,209.886571,0.970492
1460336205.985957,2849645.547580,5246761.273587,2237971.180221,-382.592850,207.380127,0.974093
1460336295.985957,2815151.193480,5265312.359029,2238059.009958,-383.945612,204.864751,0.977652
1460336385.985957,2780535.834551,5283636.662732,2238147.158113,-385.281836,202.340551,0.981169
1460336475.985957,2745800.961729,5301733.395438,2238235.620889,-386.601467,199.807636,0.984643
1460336565.985957,2710948.071099,5319601.777694,2238324.394476,-387.904445,197.266115,0.988075
1460336655.985957,2675978.663830,5337241.039881,2238413.475049,-389.190716,194.716097,0.991465
1460336745.985957,2640894.246108,5354650.422249,2238502.858773,-390.460224,192.157692,0.994812
1460336835.985957,2605696.329073,5371829.174948,2238592.541797,-391.712914,189.591011,0.998116
1460336925.985957,2570386.428753,5388776.558063,2238682.520258,-392.948732,187.016164,1.001377
1460337015.985957,2534966.066002,5405491.841643,2238772.790280,-394.167626,184.433262,1.004595
1460337105.985957,2499436.766429,5421974.305736,2238863.347977,-395.369542,181.842417,1.007770
1460337195.985957,2463800.060335,5438223.240417,2238954.189446,-396.554429,179.243739,1.010901
1460337285.985957,2428057.482649,5454237.945818,2239045.310775,-397.722236,176.637340,1.013989
1460337375.985957,2392210.572859,5470017.732162,2239136.708040,-398.872912,174.023334,1.017033
1460337465.985957,2356260.874947,5485561.919788,2239228.377303,-400.006408,171.401832,1.020033
1460337555.985957,2320209.937322,5500869.839185,2239320.314617,-401.122675,168.772947,1.022989
1460337645.985957,2284059.312754,5515940.831016,2239412.516021,-402.221665,166.136794,1.025902
1460337735.985957,2247810.558306,5530774.246150,2239504.977544,-403.303331,163.493484,1.028770
1460337825.985957,2211465.235268,5545369.445690,2239597.695203,-404.367626,160.843133,1.031594
1460337915.985957,2175024.909090,5559725.800998,2239690.665005,-405.414505,158.185853,1.034373
1460338005.985957,2138491.149312,5573842.693722,2239783.882946,-406.443921,155.521761,1.037108
1460338095.985957,2101865.529501,5587719.515827,2239877.345010,-407.455831,152.850970,1.039798
1460338185.985957,2065149.627178,5601355.669617,2239971.047172,-408.450192,150.173595,1.042443
1460338275.985957,2028345.023755,5614750.567761,2240064.985396,-409.426960,147.489753,1.045043
1460338365.985957,1991453.304462,5627903.633319,2240159.155635,-410.386093,144.799557,1.047599
1460338455.985957,1954476.058283,5640814.299770,2240253.553834,-411.327551,142.103125,1.050109
1460338545.985957,1917414.877885,5653482.011031,2240348.175926,-412.251291,139.400572,1.052574
1460338635.985957,1880271.359551,5665906.221483,2240443.017836,-413.157276,136.692015,1.054994
1460338725.985957,1843047.103109,5678086.395997,2240538.075478,-414.045465,133.977571,1.057368
1460338815.985957,1805743.711867,5690022.009954,2240633.344760,-414.915821,131.257356,1.059697
1460338905.985957,1768362.792538,5701712.549268,2240728.821576,-415.768305,128.531487,1.061980
1460338995.985957,1730905.955177,5713157.510410,2240824.501815,-416.602882,125.800082,1.064217
1460339085.985957,1693374.813107,5724356.400427,2240920.381355,-417.419515,123.063259,1.066409
1460339175.985957,1655770.982854,5735308.736967,2241016.456067,-418.218169,120.321136,1.068554
1460339265.985957,1618096.084072,5746014.048294,2241112.721812,-418.998810,117.573830,1.070654
1460339355.985957,1580351.739478,5756471.873315,2241209.174445,-419.761404,114.821460,1.072707
1460339445.985957,1542539.574778,5766681.761595,2241305.809810,-420.505918,112.064144,1.074714
1460339535.985957,1504661.218602,5776643.273377,2241402.623745,-421.232321,109.302002,1.076675
1460339625.985957,1466718.302429,5786355.979605,2241499.612081,-421.940580,106.535152,1.078590
1460339715.985957,1428712.460519,5795819.461937,2241596.770639,-422.630665,103.763713,1.080458
1460339805.985957,1390645.329843,5805033.312766,2241694.095235,-423.302547,100.987805,1.082280
1460339895.985957,1352518.550010,5813997.135238,2241791.581677,-423.956197,98.207547,1.084055
1460339985.985957,1314333.763200,5822710.543266,2241889.225766,-424.591587,95.423059,1.085783
1460340075.985957,1276092.614091,5831173.161550,2241987.023297,-425.208688,92.634462,1.087464
1460340165.985957,1237796.749789,5839384.625593,2242084.970056,-425.807476,89.841874,1.089099
1460340255.985957,1199447.819756,5847344.581714,2242183.061825,-426.387923,87.045417,1.090687
1460340345.985957,1161047.475739,5855052.687065,2242281.294379,-426.950005,84.245210,1.092227
1460340435.985957,1122597.371701,5862508.609647,2242379.663486,-427.493697,81.441375,1.093721
1460340525.985957,1084099.163748,5869712.028321,2242478.164911,-428.018977,78.634032,1.095168
1460340615.985957,1045554.510056,5876662.632824,2242576.794410,-428.525821,75.823303,1.096567
1460340705.985957,1006965.070804,5883360.123784,2242675.547734,-429.014208,73.009307,1.097919
1460340795.985957,968332.508098,5889804.212729,2242774.420631,-429.484116,70.192167,1.099224
1460340885.985957,929658.485904,5895994.622102,2242873.408842,-429.935526,67.372003,1.100482
1460340975.985957,890944.669970,5901931.085272,2242972.508102,-430.368418,64.548938,1.101692
1460341065.985957,852192.727761,5907613.346548,2243071.714144,-430.782774,61.723093,1.102855
1460341155.985957,813404.328383,5913041.161185,2243171.022695,-431.178575,58.894589,1.103970
1460341245.985957,774581.142513,5918214.295398,2243270.429476,-431.555804,56.063548,1.105037
1460341335.985957,735724.842324,5923132.526373,2243369.930207,-431.914446,53.230092,1.106057
1460341425.985957,696837.101419,5927795.642275,2243469.520602,-432.254484,50.394344,1.107030
1460341515.985957,657919.594752,5932203.442254,2243569.196370,-432.575905,47.556426,1.107955
1460341605.985957,618973.998562,5936355.736461,2243668.953219,-432.878694,44.716458,1.108832
1460341695.985957,580001.990293,5940252.346050,2243768.786853,-433.162838,41.874565,1.109661
1460341785.985957,541005.248533,5943893.103188,2243868.692970,-433.428325,39.030869,1.110442
1460341875.985957,501985.452930,5947277.851061,2243968.667267,-433.675144,36.185491,1.111176
1460341965.985957,462944.284127,5950406.443884,2244068.705439,-433.903283,33.338555,1.111862
1460342055.985957,423883.423689,5953278.746902,2244168.803177,-434.112734,30.490182,1.112500
1460342145.985957,384804.554027,5955894.636403,2244268.956169,-434.303487,27.640497,1.113090
1460342235.985957,345709.358328,5958253.999714,2244369.160101,-434.475534,24.789621,1.113632
1460342325.985957,306599.520483,5960356.735214,2244469.410658,-434.628867,21.937677,1.114126
1460342415.985957,267476.725013,5962202.752336,2244569.703521,-434.763480,19.084788,1.114572
1460342505.985957,228342.656998,5963791.971569,2244670.034370,-434.879367,16.231078,1.114970
1460342595.985957,189199.002003,5965124.324462,2244770.398884,-434.976523,13.376668,1.115320
1460342685.985957,150047.446005,5966199.753629,2244870.792740,-435.054944,10.521682,1.115622
1460342775.985957,110889.675322,5967018.212750,2244971.211613,-435.114627,7.666243,1.115876
1460342865.985957,71727.376541,5967579.666572,2245071.651179,-435.155568,4.810474,1.116081
1460342955.985957,32562.236442,5967884.090912,2245172.107112,-435.177767,1.954497,1.116239
1460343045.985957,-6604.058072,5967931.472658,2245272.575084,-435.181222,-0.901564,1.116349
1460343135.985957,-45769.820047,5967721.809771,2245373.050767,-435.165933,-3.757585,1.116411
1460343225.985957,-84933.362554,5967255.111279,2245473.529835,-435.131900,-6.613445,1.116424
1460343315.985957,-124092.998758,5966531.397285,2245574.007959,-435.079126,-9.469021,1.116390
1460343405.985957,-163247.041994,5965550.698960,2245674.480812,-435.007613,-12.324188,1.116307
1460343495.985957,-202393.805835,5964313.058544,2245774.944065,-434.917363,-15.178824,1.116176
1460343585.985957,-241531.604170,5962818.529345,2245875.393392,-434.808380,-18.032807,1.115998
1460343675.985957,-280658.751274,5961067.175733,2245975.824467,-434.680669,-20.886013,1.115771
1460343765.985957,-319773.561879,5959059.073142,2246076.232962,-434.534236,-23.738320,1.115496
1460343855.985957,-358874.351251,5956794.308065,2246176.614554,-434.369087,-26.589604,1.115173
1460343945.985957,-397959.435257,5954272.978049,2246276.964918,-434.185230,-29.439742,1.114802
1460344035.985957,-437027.130443,5951495.191690,2246377.279733,-433.982671,-32.288613,1.114383
1460344125.985957,-476075.754102,5948461.068633,2246477.554677,-433.761419,-35.136093,1.113916
1460344215.985957,-515103.624351,5945170.739561,2246577.785432,-433.521485,-37.982060,1.113401
1460344305.985957,-554109.060197,5941624.346195,2246677.967680,-433.262879,-40.826390,1.112838
1460344395.985957,-593090.381616,5937822.041283,2246778.097106,-432.985611,-43.668963,1.112227
1460344485.985957,-632045.909623,5933763.988597,2246878.169398,-432.689694,-46.509654,1.111568
1460344575.985957,-670973.966343,5929450.362921,2246978.180244,-432.375140,-49.348342,1.110861
1460344665.985957,-709872.875084,5924881.350053,2247078.125338,-432.041963,-52.184905,1.110107
1460344755.985957,-748740.960410,5920057.146784,2247178.000374,-431.690178,-55.019219,1.109305
1460344845.985957,-787576.548212,5914977.960903,2247277.801050,-431.319799,-57.851165,1.108455
1460344935.985957,-826377.965781,5909644.011176,2247377.523068,-430.930842,-60.680618,1.107557
1460345025.985957,-865143.541880,5904055.527346,2247477.162133,-430.523325,-63.507458,1.106611
1460345115.985957,-903871.606816,5898212.750117,2247576.713952,-430.097264,-66.331562,1.105618
1460345205.985957,-942560.492511,5892115.931146,2247676.174239,-429.652678,-69.152810,1.104577
1460345295.985957,-981208.532575,5885765.333034,2247775.538708,-429.189586,-71.971079,1.103489
1460345385.985957,-1019814.062377,5879161.229309,2247874.803080,-428.708009,-74.786247,1.102353
1460345475.985957,-1058375.419116,5872303.904421,2247973.963080,-428.207966,-77.598195,1.101169
1460345565.985957,-1096890.941896,5865193.653726,2248073.014435,-427.689480,-80.406801,1.099938
1460345655.985957,-1135358.971794,5857830.783473,2248171.952881,-427.152573,-83.211943,1.098660
1460345745.985957,-1173777.851932,5850215.610791,2248270.774155,-426.597267,-86.013501,1.097335
1460345835.985957,-1212145.927548,5842348.463680,2248369.474001,-426.023587,-88.811355,1.095962
1460345925.985957,-1250461.546071,5834229.680988,2248468.048168,-425.431558,-91.605383,1.094542
1460346015.985957,-1288723.057188,5825859.612404,2248566.492409,-424.821205,-94.395466,1.093074
1460346105.985957,-1326928.812916,5817238.618440,2248664.802485,-424.192554,-97.181483,1.091560
1460346195.985957,-1365077.167675,5808367.070416,2248762.974161,-423.545632,-99.963314,1.089999
1460346285.985957,-1403166.478354,5799245.350442,2248861.003209,-422.880468,-102.740840,1.088391
1460346375.985957,-1441195.104389,5789873.851406,2248958.885405,-422.197089,-105.513940,1.086736
1460346465.985957,-1479161.407829,5780252.976952,2249056.616535,-421.495526,-108.282496,1.085034
1460346555.985957,-1517063.753405,5770383.141466,2249154.192389,-420.775809,-111.046388,1.083285
1460346645.985957,-1554900.508605,5760264.770058,2249251.608763,-420.037968,-113.805496,1.081490
1460346735.985957,-1592670.043741,5749898.298541,2249348.861462,-419.282035,-116.559704,1.079648
1460346825.985957,-1630370.732020,5739284.173415,2249445.946297,-418.508043,-119.308890,1.077759
1460346915.985957,-1668000.949617,5728422.851847,2249542.859086,-417.716025,-122.052938,1.075825
1460347005.985957,-1705559.075738,5717314.801651,2249639.595655,-416.906016,-124.791729,1.073843
1460347095.985957,-1743043.492698,5705960.501268,2249736.151837,-416.078050,-127.525145,1.071816
1460347185.985957,-1780452.585985,5694360.439745,2249832.523474,-415.232162,-130.253068,1.069743
1460347275.985957,-1817784.744330,5682515.116714,2249928.706414,-414.368390,-132.975381,1.067623
1460347365.985957,-1855038.359781,5670425.042373,2250024.696514,-413.486771,-135.691967,1.065457
1460347455.985957,-1892211.827766,5658090.737459,2250120.489640,-412.587342,-138.402708,1.063246
1460347545.985957,-1929303.547166,5645512.733230,2250216.081666,-411.670142,-141.107488,1.060988
1460347635.985957,-1966311.920384,5632691.571439,2250311.468474,-410.735211,-143.806190,1.058685
1460347725.985957,-2003235.353411,5619627.804315,2250406.645956,-409.782589,-146.498698,1.056337
1460347815.985957,-2040072.255899,5606321.994534,2250501.610013,-408.812317,-149.184896,1.053943
1460347905.985957,-2076821.041224,5592774.715197,2250596.356553,-407.824437,-151.864669,1.051503
1460347995.985957,-2113480.126560,5578986.549808,2250690.881497,-406.818991,-154.537901,1.049018
1460348085.985957,-2150047.932943,5564958.092243,2250785.180772,-405.796023,-157.204476,1.046488
1460348175.985957,-2186522.885342,5550689.946730,2250879.250317,-404.755577,-159.864280,1.043913
1460348265.985957,-2222903.412722,5536182.727819,2250973.086080,-403.697697,-162.517199,1.041293
1460348355.985957,-2259187.948120,5521437.060361,2251066.684019,-402.622429,-165.163118,1.038628
1460348445.985957,-2295374.928703,5506453.579472,2251160.040103,-401.529820,-167.801923,1.035919
1460348535.985957,-2331462.795842,5491232.930515,2251253.150310,-400.419916,-170.433501,1.033164
1460348625.985957,-2367449.995178,5475775.769067,2251346.010631,-399.292766,-173.057737,1.030366
1460348715.985957,-2403334.976685,5460082.760891,2251438.617065,-398.148417,-175.674520,1.027523
1460348805.985957,-2439116.194742,5444154.581911,2251530.965623,-396.986919,-178.283737,1.024635
1460348895.985957,-2474792.108197,5427991.918176,2251623.052329,-395.808323,-180.885274,1.021704
1460348985.985957,-2510361.180432,5411595.465838,2251714.873215,-394.612679,-183.479020,1.018728
1460349075.985957,-2545821.879433,5394965.931117,2251806.424326,-393.400038,-186.064864,1.015709
1460349165.985957,-2581172.677852,5378104.030274,2251897.701720,-392.170452,-188.642694,1.012646
1460349255.985957,-2616412.053076,5361010.489576,2251988.701464,-390.923975,-191.212398,1.009539
1460349345.985957,-2651538.487290,5343686.045269,2252079.419640,-389.660661,-193.773866,1.006389
1460349435.985957,-2686550.467545,5326131.443544,2252169.852338,-388.380563,-196.326989,1.003195
1460349525.985957,-2721446.485820,5308347.440503,2252259.995665,-387.083737,-198.871655,0.999958
1460349615.985957,-2756225.039090,5290334.802132,2252349.845738,-385.770239,-201.407756,0.996678
1460349705.985957,-2790884.629388,5272094.304263,2252439.398686,-384.440125,-203.935182,0.993355
1460349795.985957,-2825423.763872,5253626.732543,2252528.650653,-383.093453,-206.453823,0.989990
1460349885.985957,-2859840.954889,5234932.882397,2252617.597793,-381.730280,-208.963573,0.986582
1460349975.985957,-2894134.720036,5216013.559000,2252706.236276,-380.350665,-211.464322,0.983131
1460350065.985957,-2928303.582229,5196869.577236,2252794.562284,-378.954669,-213.955963,0.979638
1460350155.985957,-2962346.069760,5177501.761666,2252882.572013,-377.542350,-216.438389,0.976102
1460350245.985957,-2996260.716368,5157910.946491,2252970.261671,-376.113769,-218.911492,0.972525
1460350335.985957,-3030046.061297,5138097.975518,2253057.627481,-374.668989,-221.375167,0.968906
1460350425.985957,-3063700.649358,5118063.702123,2253144.665681,-373.208072,-223.829306,0.965245
1460350515.985957,-3097223.030998,5097808.989213,2253231.372521,-371.731079,-226.273805,0.961543
1460350605.985957,-3130611.762354,5077334.709189,2253317.744268,-370.238076,-228.708558,0.957799
1460350695.985957,-3163865.405323,5056641.743910,2253403.777199,-368.729126,-231.133460,0.954013
1460350785.985957,-3196982.527619,5035730.984655,2253489.467611,-367.204294,-233.548407,0.950187
1460350875.985957,-3229961.702836,5014603.332083,2253574.811811,-365.663646,-235.953294,0.946320
1460350965.985957,-3262801.510509,4993259.696193,2253659.806125,-364.107249,-238.348019,0.942412
1460351055.985957,-3295500.536179,4971700.996290,2253744.446890,-362.535168,-240.732478,0.938463
1460351145.985957,-3328057.371446,4949928.160940,2253828.730462,-360.947473,-243.106567,0.934474
1460351235.985957,-3360470.614037,4927942.127932,2253912.653209,-359.344232,-245.470186,0.930445
1460351325.985957,-3392738.867865,4905743.844239,2253996.211518,-357.725512,-247.823232,0.926376
1460351415.985957,-3424860.743085,4883334.265976,2254079.401789,-356.091385,-250.165604,0.922267
1460351505.985957,-3456834.856158,4860714.358358,2254162.220439,-354.441921,-252.497201,0.918118
1460351595.985957,-3488659.829911,4837885.095659,2254244.663900,-352.777190,-254.817923,0.913929
1460351685.985957,-3520334.293591,4814847.461171,2254326.728622,-351.097264,-257.127669,0.909701
1460351775.985957,-3551856.882931,4791602.447160,2254408.411070,-349.402217,-259.426340,0.905434
1460351865.985957,-3583226.240204,4768151.054825,2254489.707725,-347.692120,-261.713838,0.901128
1460351955.985957,-3614441.014283,4744494.294254,2254570.615086,-345.967047,-263.990063,0.896783
1460352045.985957,-3645499.860700,4720633.184381,2254651.129668,-344.227073,-266.254917,0.892400
1460352135.985957,-3676401.441702,4696568.752939,2254731.248003,-342.472272,-268.508303,0.887978
1460352225.985957,-3707144.426310,4672302.036422,2254810.966640,-340.702721,-270.750125,0.883518
1460352315.985957,-3737727.490376,4647834.080034,2254890.282145,-338.918495,-272.980285,0.879020
1460352405.985957,-3768149.316641,4623165.937649,2254969.191102,-337.119672,-275.198687,0.874484
1460352495.985957,-3798408.594788,4598298.671760,2255047.690112,-335.306328,-277.405235,0.869910
1460352585.985957,-3828504.021504,4573233.353441,2255125.775795,-333.478542,-279.599836,0.865299
1460352675.985957,-3858434.300533,4547971.062293,2255203.444786,-331.636392,-281.782394,0.860650
1460352765.985957,-3888198.142731,4522512.886401,2255280.693740,-329.779959,-283.952815,0.855965
1460352855.985957,-3917794.266123,4496859.922289,2255357.519330,-327.909321,-286.111005,0.851242
1460352945.985957,-3947221.395958,4471013.274871,2255433.918247,-326.024560,-288.256873,0.846483
1460353035.985957,-3976478.264764,4444974.057400,2255509.887199,-324.125756,-290.390325,0.841688
1460353125.985957,-4005563.612404,4418743.391426,2255585.422916,-322.212992,-292.511269,0.836856
1460353215.985957,-4034476.186124,4392322.406745,2255660.522143,-320.286349,-294.619614,0.831988
1460353305.985957,-4063214.740618,4365712.241349,2255735.181646,-318.345912,-296.715270,0.827084
1460353395.985957,-4091778.038069,4338914.041380,2255809.398208,-316.391762,-298.798145,0.822145
1460353485.985957,-4120164.848214,4311928.961077,2255883.168633,-314.423986,-300.868151,0.817170
1460353575.985957,-4148373.948387,4284758.162730,2255956.489744,-312.442666,-302.925198,0.812160
1460353665.985957,-4176404.123580,4257402.816626,2256029.358383,-310.447889,-304.969198,0.807115
1460353755.985957,-4204254.166489,4229864.101003,2256101.771410,-308.439741,-307.000062,0.802036
1460353845.985957,-4231922.877570,4202143.201996,2256173.725706,-306.418307,-309.017703,0.796922
1460353935.985957,-4259409.065089,4174241.313588,2256245.218174,-304.383676,-311.022034,0.791773
1460354025.985957,-4286711.545172,4146159.637555,2256316.245732,-302.335935,-313.012969,0.786590
1460354115.985957,-4313829.141861,4117899.383418,2256386.805322,-300.275171,-314.990422,0.781374
1460354205.985957,-4340760.687157,4089461.768391,2256456.893905,-298.201474,-316.954308,0.776124
1460354295.985957,-4367505.021078,4060848.017327,2256526.508461,-296.114933,-318.904542,0.770840
1460354385.985957,-4394060.991704,4032059.362662,2256595.645992,-294.015638,-320.841041,0.765523
1460354475.985957,-4420427.455228,4003097.044369,2256664.303520,-291.903679,-322.763720,0.760174
1460354565.985957,-4446603.276005,3973962.309901,2256732.478088,-289.779148,-324.672498,0.754791
1460354655.985957,-4472587.326603,3944656.414135,2256800.166760,-287.642135,-326.567291,0.749376
1460354745.985957,-4498378.487848,3915180.619321,2256867.366619,-285.492733,-328.448019,0.743929
1460354835.985957,-4523975.648875,3885536.195028,2256934.074772,-283.331034,-330.314599,0.738449
1460354925.985957,-4549377.707175,3855724.418087,2257000.288344,-281.157132,-332.166953,0.732938
1460355015.985957,-4574583.568641,3825746.572536,2257066.004485,-278.971120,-334.005000,0.727395
1460355105.985957,-4599592.147618,3795603.949570,2257131.220363,-276.773093,-335.828660,0.721821
1460355195.985957,-4624402.366948,3765297.847475,2257195.933169,-274.563144,-337.637856,0.716216
1460355285.985957,-4649013.158016,3734829.571585,2257260.140117,-272.341369,-339.432509,0.710580
1460355375.985957,-4673423.460798,3704200.434214,2257323.838440,-270.107865,-341.212543,0.704914
1460355465.985957,-4697632.223903,3673411.754606,2257387.025394,-267.862726,-342.977880,0.699217
1460355555.985957,-4721638.404624,3642464.858879,2257449.698259,-265.606050,-344.728444,0.693490
1460355645.985957,-4745440.968976,3611361.079961,2257511.854334,-263.337934,-346.464160,0.687733
1460355735.985957,-4769038.891746,3580101.757542,2257573.490943,-261.058475,-348.184954,0.681946
1460355825.985957,-4792431.156536,3548688.238009,2257634.605430,-258.767773,-349.890751,0.676130
1460355915.985957,-4815616.755804,3517121.874390,2257695.195163,-256.465925,-351.581477,0.670285
1460356005.985957,-4838594.690910,3485404.026298,2257755.257533,-254.153030,-353.257060,0.664411
1460356095.985957,-4861363.972159,3453536.059870,2257814.789951,-251.829189,-354.917428,0.658508
1460356185.985957,-4883923.618844,3421519.347708,2257873.789855,-249.494501,-356.562509,0.652578
1460356275.985957,-4906272.659284,3389355.268821,2257932.254703,-247.149067,-358.192233,0.646618
1460356365.985957,-4928410.130873,3357045.208567,2257990.181976,-244.792988,-359.806528,0.640632
1460356455.985957,-4950335.080115,3324590.558589,2258047.569179,-242.426365,-361.405326,0.634617
1460356545.985957,-4972046.562669,3291992.716760,2258104.413841,-240.049301,-362.988558,0.628575
1460356635.985957,-4993543.643387,3259253.087118,2258160.713512,-237.661897,-364.556155,0.622506
1460356725.985957,-5014825.396357,3226373.079811,2258216.465769,-235.264257,-366.108050,0.616411
1460356815.985957,-5035890.904941,3193354.111032,2258271.668210,-232.856483,-367.644177,0.610288
1460356905.985957,-5056739.261815,3160197.602958,2258326.318456,-230.438680,-369.164468,0.604140
1460356995.985957,-5077369.569007,3126904.983692,2258380.414155,-228.010952,-370.668859,0.597965
1460357085.985957,-5097780.937939,3093477.687197,2258433.952975,-225.573403,-372.157285,0.591765
1460357175.985957,-5117972.489462,3059917.153240,2258486.932611,-223.126138,-373.629681,0.585539
1460357265.985957,-5137943.353893,3026224.827325,2258539.350780,-220.669263,-375.085984,0.579288
1460357355.985957,-5157692.671057,2992402.160633,2258591.205226,-218.202883,-376.526132,0.573012
1460357445.985957,-5177219.590319,2958450.609957,2258642.493714,-215.727105,-377.950063,0.566712
1460357535.985957,-5196523.270627,2924371.637644,2258693.214036,-213.242035,-379.357714,0.560386
1460357625.985957,-5215602.880539,2890166.711528,2258743.364006,-210.747781,-380.749026,0.554037
1460357715.985957,-5234457.598269,2855837.304867,2258792.941464,-208.244449,-382.123938,0.547664
1460357805.985957,-5253086.611713,2821384.896284,2258841.944276,-205.732148,-383.482392,0.541267
1460357895.985957,-5271489.118491,2786810.969696,2258890.370330,-203.210986,-384.824329,0.534847
1460357985.985957,-5289664.325979,2752117.014255,2258938.217540,-200.681071,-386.149691,0.528404
1460358075.985957,-5307611.451343,2717304.524285,2258985.483846,-198.142512,-387.458420,0.521939
1460358165.985957,-5325329.721572,2682374.999212,2259032.167212,-195.595419,-388.750461,0.515450
1460358255.985957,-5342818.373513,2647329.943506,2259078.265626,-193.039902,-390.025758,0.508940
1460358345.985957,-5360076.653902,2612170.866611,2259123.777104,-190.476070,-391.284256,0.502408
1460358435.985957,-5377103.819399,2576899.282884,2259168.699684,-187.904034,-392.525901,0.495854
1460358525.985957,-5393899.136617,2541516.711526,2259213.031433,-185.323904,-393.750639,0.489278
1460358615.985957,-5410461.882155,2506024.676518,2259256.770440,-182.735793,-394.958418,0.482682
1460358705.985957,-5426791.342632,2470424.706559,2259299.914821,-180.139810,-396.149185,0.476064
1460358795.985957,-5442886.814711,2434718.334993,2259342.462718,-177.536069,-397.322890,0.469427
1460358885.985957,-5458747.605136,2398907.099750,2259384.412299,-174.924681,-398.479481,0.462769
1460358975.985957,-5474373.030758,2362992.543275,2259425.761757,-172.305759,-399.618909,0.456091
1460359065.985957,-5489762.418566,2326976.212463,2259466.509309,-169.679415,-400.741125,0.449393
1460359155.985957,-5504915.105714,2290859.658593,2259506.653202,-167.045763,-401.846080,0.442676
1460359245.985957,-5519830.439553,2254644.437262,2259546.191707,-164.404916,-402.933727,0.435940
1460359335.985957,-5534507.777658,2218332.108315,2259585.123119,-161.756988,-404.004019,0.429186
1460359425.985957,-5548946.487851,2181924.235779,2259623.445763,-159.102092,-405.056910,0.422412
1460359515.985957,-5563145.948235,2145422.387800,2259661.157987,-156.440344,-406.092355,0.415621
1460359605.985957,-5577105.547218,2108828.136567,2259698.258167,-153.771858,-407.110309,0.408812
1460359695.985957,-5590824.683539,2072143.058251,2259734.744706,-151.096749,-408.110727,0.401985
1460359785.985957,-5604302.766291,2035368.732937,2259770.616031,-148.415131,-409.093568,0.395140
1460359875.985957,-5617539.214955,1998506.744550,2259805.870597,-145.727121,-410.058789,0.388279
1460359965.985957,-5630533.459415,1961558.680794,2259840.506886,-143.032835,-411.006347,0.381401
1460360055.985957,-5643284.939989,1924526.133080,2259874.523407,-140.332388,-411.936203,0.374507
1460360145.985957,-5655793.107451,1887410.696455,2259907.918693,-137.625896,-412.848317,0.367596
1460360235.985957,-5668057.423055,1850213.969540,2259940.691306,-134.913477,-413.742648,0.360670
1460360325.985957,-5680077.358558,1812937.554455,2259972.839835,-132.195247,-414.619158,0.353728
1460360415.985957,-5691852.396243,1775583.056753,2260004.362895,-129.471323,-415.477811,0.346771
1460360505.985957,-5703382.028941,1738152.085350,2260035.259128,-126.741822,-416.318568,0.339799
1460360595.985957,-5714665.760051,1700646.252457,2260065.527204,-124.006862,-417.141394,0.332812
1460360685.985957,-5725703.103568,1663067.173506,2260095.165818,-121.266562,-417.946252,0.325811
1460360775.985957,-5736493.584095,1625416.467088,2260124.173694,-118.521038,-418.733109,0.318796
1460360865.985957,-5747036.736869,1587695.754876,2260152.549582,-115.770409,-419.501931,0.311767
1460360955.985957,-5757332.107781,1549906.661560,2260180.292261,-113.014794,-420.252684,0.304725
1460361045.985957,-5767379.253392,1512050.814775,2260207.400535,-110.254311,-420.985336,0.297669
1460361135.985957,-5777177.740958,1474129.845030,2260233.873236,-107.489079,-421.699856,0.290601
1460361225.985957,-5786727.148442,1436145.385641,2260259.709225,-104.719218,-422.396212,0.283520
1460361315.985957,-5796027.064535,1398099.072657,2260284.907388,-101.944846,-423.074375,0.276427
1460361405.985957,-5805077.088677,1359992.544791,2260309.466640,-99.166083,-423.734316,0.269322
1460361495.985957,-5813876.831069,1321827.443351,2260333.385923,-96.383049,-424.376005,0.262206
1460361585.985957,-5822425.912691,1283605.412167,2260356.664208,-93.595864,-424.999417,0.255078
1460361675.985957,-5830723.965323,1245328.097520,2260379.300490,-90.804647,-425.604522,0.247940
1460361765.985957,-5838770.631554,1206997.148074,2260401.293796,-88.009519,-426.191297,0.240790
1460361855.985957,-5846565.564802,1168614.214802,2260422.643177,-85.210601,-426.759714,0.233630
1460361945.985957,-5854108.429326,1130180.950917,2260443.347715,-82.408012,-427.309751,0.226460
1460362035.985957,-5861398.900244,1091699.011798,2260463.406517,-79.601874,-427.841382,0.219281
1460362125.985957,-5868436.663545,1053170.054923,2260482.818720,-76.792308,-428.354586,0.212092
1460362215.985957,-5875221.416100,1014595.739794,2260501.583487,-73.979433,-428.849340,0.204894
1460362305.985957,-5881752.865680,975977.727864,2260519.700009,-71.163373,-429.325623,0.197687
1460362395.985957,-5888030.730965,937317.682473,2260537.167508,-68.344247,-429.783414,0.190471
1460362485.985957,-5894054.741559,898617.268768,2260553.985229,-65.522177,-430.222693,0.183247
1460362575.985957,-5899824.637996,859878.153636,2260570.152450,-62.697286,-430.643442,0.176016
1460362665.985957,-5905340.171760,821102.005631,2260585.668472,-59.869694,-431.045643,0.168777
1460362755.985957,-5910601.105287,782290.494900,2260600.532629,-57.039523,-431.429278,0.161530
1460362845.985957,-5915607.211981,743445.293117,2260614.744280,-54.206896,-431.794330,0.154277
1460362935.985957,-5920358.276221,704568.073404,2260628.302812,-51.371933,-432.140785,0.147017
1460363025.985957,-5924854.093372,665660.510262,2260641.207641,-48.534758,-432.468626,0.139750
1460363115.985957,-5929094.469791,626724.279503,2260653.458213,-45.695493,-432.777841,0.132478
1460363205.985957,-5933079.222839,587761.058167,2260665.053998,-42.854259,-433.068415,0.125200
1460363295.985957,-5936808.180887,548772.524463,2260675.994498,-40.011180,-433.340336,0.117916
1460363385.985957,-5940281.183322,509760.357686,2260686.279241,-37.166377,-433.593592,0.110627
1460363475.985957,-5943498.080558,470726.238151,2260695.907785,-34.319974,-433.828173,0.103334
1460363565.985957,-5946458.734036,431671.847118,2260704.879714,-31.472092,-434.044068,0.096036
1460363655.985957,-5949163.016238,392598.866720,2260713.194642,-28.622854,-434.241268,0.088734
1460363745.985957,-5951610.810686,353508.979890,2260720.852210,-25.772384,-434.419765,0.081429
1460363835.985957,-5953802.011949,314403.870291,2260727.852090,-22.920804,-434.579551,0.074119
1460363925.985957,-5955736.525648,275285.222241,2260734.193979,-20.068237,-434.720619,0.066807
1460364015.985957,-5957414.268463,236154.720639,2260739.877604,-17.214805,-434.842962,0.059491
1460364105.985957,-5958835.168128,197014.050898,2260744.902721,-14.360631,-434.946577,0.052174
1460364195.985957,-5959999.163445,157864.898865,2260749.269113,-11.505840,-435.031457,0.044853
1460364285.985957,-5960906.204278,118708.950757,2260752.976591,-8.650552,-435.097600,0.037531
1460364375.985957,-5961556.251559,79547.893080,2260756.024997,-5.794892,-435.145003,0.030208
1460364465.985957,-5961949.277290,40383.412562,2260758.414198,-2.938983,-435.173663,0.022883
1460364555.985957,-5962085.264542,1217.196077,2260760.144092,-0.082947,-435.183579,0.015556
1460364645.985957,-5961964.207459,-37949.069425,2260761.214604,2.773093,-435.174752,0.008230
1460364735.985957,-5961586.111254,-77113.696992,2260761.625689,5.629014,-435.147181,0.000903
1460364825.985957,-5960950.992213,-116274.999744,2260761.377328,8.484691,-435.100868,-0.006424
1460364915.985957,-5960058.877692,-155431.290941,2260760.469532,11.340004,-435.035814,-0.013751
1460365005.985957,-5958909.806114,-194580.884063,2260758.902340,14.194828,-434.952022,-0.021077
1460365095.985957,-5957503.826973,-233722.092876,2260756.675820,17.049040,-434.849496,-0.028403
1460365185.985957,-5955841.000825,-272853.231507,2260753.790067,19.902519,-434.728241,-0.035727
1460365275.985957,-5953921.399292,-311972.614517,2260750.245206,22.755140,-434.588261,-0.043049
1460365365.985957,-5951745.105054,-351078.556975,2260746.041389,25.606781,-434.429563,-0.050370
1460365455.985957,-5949312.211846,-390169.374526,2260741.178798,28.457319,-434.252153,-0.057688
1460365545.985957,-5946622.824458,-429243.383468,2260735.657641,31.306631,-434.056040,-0.065004
1460365635.985957,-5943677.058726,-468298.900825,2260729.478158,34.154595,-433.841231,-0.072318
1460365725.985957,-5940475.041528,-507334.244413,2260722.640613,37.001087,-433.607735,-0.079628
1460365815.985957,-5937016.910780,-546347.732921,2260715.145301,39.845987,-433.355564,-0.086934
1460365905.985957,-5933302.815430,-585337.685976,2260706.992545,42.689169,-433.084727,-0.094237
1460365995.985957,-5929332.915448,-624302.424223,2260698.182697,45.530514,-432.795237,-0.101536
1460366085.985957,-5925107.381825,-663240.269388,2260688.716135,48.369897,-432.487105,-0.108831
1460366175.985957,-5920626.396561,-702149.544358,2260678.593268,51.207196,-432.160346,-0.116121
1460366265.985957,-5915890.152659,-741028.573251,2260667.814530,54.042291,-431.814973,-0.123405
1460366355.985957,-5910898.854116,-779875.681487,2260656.380388,56.875057,-431.451000,-0.130685
1460366445.985957,-5905652.715915,-818689.195861,2260644.291332,59.705374,-431.068445,-0.137959
1460366535.985957,-5900151.964016,-857467.444615,2260631.547884,62.533119,-430.667323,-0.145227
1460366625.985957,-5894396.835345,-896208.757510,2260618.150593,65.358171,-430.247651,-0.152488
1460366715.985957,-5888387.577783,-934911.465896,2260604.100036,68.180407,-429.809448,-0.159743
1460366805.985957,-5882124.450159,-973573.902789,2260589.396817,70.999708,-429.352732,-0.166992
1460366895.985957,-5875607.722236,-1012194.402937,2260574.041570,73.815950,-428.877524,-0.174233
1460366985.985957,-5868837.674698,-1050771.302897,2260558.034956,76.629012,-428.383842,-0.181466
1460367075.985957,-5861814.599143,-1089302.941101,2260541.377666,79.438774,-427.871710,-0.188692
1460367165.985957,-5854538.798065,-1127787.657931,2260524.070416,82.245115,-427.341149,-0.195909
1460367255.985957,-5847010.584843,-1166223.795792,2260506.113951,85.047913,-426.792182,-0.203119
1460367345.985957,-5839230.283731,-1204609.699180,2260487.509045,87.847048,-426.224831,-0.210319
1460367435.985957,-5831198.229838,-1242943.714754,2260468.256500,90.642399,-425.639123,-0.217510
1460367525.985957,-5822914.769115,-1281224.191409,2260448.357145,93.433846,-425.035082,-0.224692
1460367615.985957,-5814380.258346,-1319449.480345,2260427.811836,96.221269,-424.412734,-0.231865
1460367705.985957,-5805595.065125,-1357617.935140,2260406.621459,99.004548,-423.772105,-0.239027
1460367795.985957,-5796559.567843,-1395727.911821,2260384.786927,101.783562,-423.113225,-0.246179
1460367885.985957,-5787274.155673,-1433777.768930,2260362.309179,104.558192,-422.436120,-0.253320
1460367975.985957,-5777739.228552,-1471765.867602,2260339.189184,107.328319,-421.740820,-0.260451
1460368065.985957,-5767955.197165,-1509690.571631,2260315.427938,110.093822,-421.027355,-0.267570
1460368155.985957,-5757922.482925,-1547550.247541,2260291.026464,112.854584,-420.295756,-0.274678
1460368245.985957,-5747641.517956,-1585343.264657,2260265.985813,115.610486,-419.546054,-0.281774
1460368335.985957,-5737112.745076,-1623067.995175,2260240.307065,118.361407,-418.778281,-0.288858
1460368425.985957,-5726336.617775,-1660722.814233,2260213.991323,121.107231,-417.992471,-0.295929
1460368515.985957,-5715313.600197,-1698306.099979,2260187.039723,123.847838,-417.188658,-0.302988
1460368605.985957,-5704044.167121,-1735816.233644,2260159.453425,126.583111,-416.366875,-0.310033
1460368695.985957,-5692528.803938,-1773251.599607,2260131.233618,129.312932,-415.527159,-0.317065
1460368785.985957,-5680768.006635,-1810610.585470,2260102.381516,132.037183,-414.669546,-0.324084
1460368875.985957,-5668762.281765,-1847891.582123,2260072.898362,134.755747,-413.794072,-0.331088
1460368965.985957,-5656512.146434,-1885092.983817,2260042.785427,137.468507,-412.900775,-0.338079
1460369055.985957,-5644018.128275,-1922213.188228,2260012.044007,140.175346,-411.989694,-0.345054
1460369145.985957,-5631280.765424,-1959250.596532,2259980.675427,142.876148,-411.060868,-0.352015
1460369235.985957,-5618300.606500,-1996203.613471,2259948.681037,145.570795,-410.114337,-0.358961
1460369325.985957,-5605078.210577,-2033070.647422,2259916.062215,148.259173,-409.150142,-0.365891
1460369415.985957,-5591614.147165,-2069850.110463,2259882.820368,150.941165,-408.168324,-0.372806
1460369505.985957,-5577908.996182,-2106540.418447,2259848.956925,153.616655,-407.168926,-0.379704
1460369595.985957,-5563963.347929,-2143139.991066,2259814.473346,156.285530,-406.151990,-0.386586
1460369685.985957,-5549777.803068,-2179647.251919,2259779.371117,158.947672,-405.117560,-0.393452
1460369775.985957,-5535352.972593,-2216060.628581,2259743.651749,161.602969,-404.065682,-0.400300
1460369865.985957,-5520689.477802,-2252378.552672,2259707.316780,164.251305,-402.996400,-0.407132
1460369955.985957,-5505787.950275,-2288599.459924,2259670.367775,166.892566,-401.909760,-0.413945
1460370045.985957,-5490649.031843,-2324721.790245,2259632.806327,169.526639,-400.805809,-0.420741
1460370135.985957,-5475273.374565,-2360743.987791,2259594.634053,172.153411,-399.684595,-0.427519
1460370225.985957,-5459661.640693,-2396664.501030,2259555.852596,174.772767,-398.546166,-0.434278
1460370315.985957,-5443814.502648,-2432481.782810,2259516.463628,177.384596,-397.390571,-0.441019
1460370405.985957,-5427732.642992,-2468194.290426,2259476.468845,179.988784,-396.217859,-0.447741
1460370495.985957,-5411416.754394,-2503800.485684,2259435.869970,182.585220,-395.028082,-0.454443
1460370585.985957,-5394867.539606,-2539298.834970,2259394.668751,185.173792,-393.821291,-0.461126
1460370675.985957,-5378085.711428,-2574687.809315,2259352.866963,187.754388,-392.597537,-0.467789
1460370765.985957,-5361071.992679,-2609965.884462,2259310.466406,190.326897,-391.356873,-0.474432
1460370855.985957,-5343827.116166,-2645131.540930,2259267.468907,192.891209,-390.099353,-0.481054
1460370945.985957,-5326351.824653,-2680183.264078,2259223.876318,195.447212,-388.825030,-0.487655
1460371035.985957,-5308646.870828,-2715119.544175,2259179.690516,197.994798,-387.533961,-0.494236
1460371125.985957,-5290713.017270,-2749938.876463,2259134.913405,200.533855,-386.226200,-0.500795
1460371215.985957,-5272551.036419,-2784639.761216,2259089.546912,203.064275,-384.901803,-0.507333
1460371305.985957,-5254161.710538,-2819220.703816,2259043.592993,205.585949,-383.560828,-0.513849
1460371395.985957,-5235545.831685,-2853680.214807,2258997.053626,208.098767,-382.203332,-0.520343
1460371485.985957,-5216704.201675,-2888016.809965,2258949.930817,210.602623,-380.829375,-0.526814
1460371575.985957,-5197637.632045,-2922229.010360,2258902.226594,213.097408,-379.439014,-0.533263
1460371665.985957,-5178346.944023,-2956315.342419,2258853.943012,215.583014,-378.032311,-0.539689
1460371755.985957,-5158832.968487,-2990274.337991,2258805.082152,218.059335,-376.609324,-0.546091
1460371845.985957,-5139096.545936,-3024104.534410,2258755.646117,220.526263,-375.170117,-0.552470
1460371935.985957,-5119138.526447,-3057804.474556,2258705.637037,222.983694,-373.714751,-0.558825
1460372025.985957,-5098959.769644,-3091372.706921,2258655.057066,225.431519,-372.243288,-0.565156
1460372115.985957,-5078561.144655,-3124807.785670,2258603.908383,227.869636,-370.755792,-0.571463
1460372205.985957,-5057943.530083,-3158108.270702,2258552.193191,230.297937,-369.252327,-0.577745
1460372295.985957,-5037107.813960,-3191272.727713,2258499.913716,232.716319,-367.732958,-0.584002
1460372385.985957,-5016054.893711,-3224299.728259,2258447.072211,235.124678,-366.197750,-0.590234
1460372475.985957,-4994785.676120,-3257187.849815,2258393.670953,237.522910,-364.646769,-0.596441
1460372565.985957,-4973301.077283,-3289935.675840,2258339.712240,239.910911,-363.080083,-0.602622
1460372655.985957,-4951602.022576,-3322541.795835,2258285.198398,242.288579,-361.497758,-0.608777
1460372745.985957,-4929689.446612,-3355004.805402,2258230.131773,244.655811,-359.899863,-0.614906
1460372835.985957,-4907564.293197,-3387323.306310,2258174.514739,247.012505,-358.286466,-0.621008
1460372925.985957,-4885227.515298,-3419495.906551,2258118.349690,249.358560,-356.657637,-0.627084
1460373015.985957,-4862680.074994,-3451521.220401,2258061.639046,251.693875,-355.013447,-0.633132
1460373105.985957,-4839922.943437,-3483397.868481,2258004.385250,254.018349,-353.353965,-0.639154
1460373195.985957,-4816957.100813,-3515124.477814,2257946.590767,256.331882,-351.679264,-0.645147
1460373285.985957,-4793783.536296,-3546699.681886,2257888.258086,258.634375,-349.989416,-0.651113
1460373375.985957,-4770403.248007,-3578122.120704,2257829.389721,260.925728,-348.284493,-0.657051
1460373465.985957,-4746817.242972,-3609390.440854,2257769.988207,263.205842,-346.564569,-0.662961
1460373555.985957,-4723026.537076,-3640503.295563,2257710.056102,265.474619,-344.829718,-0.668842
1460373645.985957,-4699032.155022,-3671459.344750,2257649.595988,267.731962,-343.080014,-0.674694
1460373735.985957,-4674835.130286,-3702257.255092,2257588.610469,269.977774,-341.315534,-0.680517
1460373825.985957,-4650436.505069,-3732895.700074,2257527.102172,272.211957,-339.536352,-0.686311
1460373915.985957,-4625837.330260,-3763373.360051,2257465.073746,274.434416,-337.742546,-0.692075
1460374005.985957,-4601038.665382,-3793688.922304,2257402.527863,276.645054,-335.934193,-0.697810
1460374095.985957,-4576041.578553,-3823841.081093,2257339.467217,278.843777,-334.111371,-0.703514
1460374185.985957,-4550847.146434,-3853828.537720,2257275.894523,281.030489,-332.274158,-0.709189
1460374275.985957,-4525456.454191,-3883650.000577,2257211.812521,283.205097,-330.422634,-0.714832
1460374365.985957,-4499870.595440,-3913304.185209,2257147.223970,285.367507,-328.556878,-0.720445
1460374455.985957,-4474090.672202,-3942789.814363,2257082.131653,287.517626,-326.676970,-0.726027
1460374545.985957,-4448117.794859,-3972105.618048,2257016.538372,289.655361,-324.782992,-0.731577
1460374635.985957,-4421953.082102,-4001250.333587,2256950.446954,291.780620,-322.875025,-0.737096
1460374725.985957,-4395597.660888,-4030222.705672,2256883.860245,293.893311,-320.953151,-0.742583
1460374815.985957,-4369052.666384,-4059021.486418,2256816.781113,295.993344,-319.017453,-0.748039
1460374905.985957,-4342319.241925,-4087645.435416,2256749.212447,298.080629,-317.068015,-0.753462
1460374995.985957,-4315398.538960,-4116093.319790,2256681.157158,300.155074,-315.104920,-0.758852
1460375085.985957,-4288291.717006,-4144363.914245,2256612.618177,302.216591,-313.128253,-0.764210
1460375175.985957,-4260999.943596,-4172456.001122,2256543.598455,304.265092,-311.138099,-0.769535
1460375265.985957,-4233524.394228,-4200368.370452,2256474.100967,306.300487,-309.134544,-0.774827
1460375355.985957,-4205866.252318,-4228099.820006,2256404.128705,308.322689,-307.117674,-0.780086
1460375445.985957,-4178026.709143,-4255649.155347,2256333.684684,310.331612,-305.087576,-0.785310
1460375535.985957,-4150006.963796,-4283015.189883,2256262.771936,312.327168,-303.044337,-0.790501
1460375625.985957,-4121808.223132,-4310196.744917,2256191.393518,314.309271,-300.988046,-0.795658
1460375715.985957,-4093431.701713,-4337192.649696,2256119.552503,316.277837,-298.918791,-0.800781
1460375805.985957,-4064878.621760,-4364001.741466,2256047.251985,318.232780,-296.836661,-0.805869
1460375895.985957,-4036150.213099,-4390622.865518,2255974.495079,320.174017,-294.741745,-0.810923
1460375985.985957,-4007247.713106,-4417054.875237,2255901.284919,322.101463,-292.634135,-0.815942
1460376075.985957,-3978172.366658,-4443296.632158,2255827.624658,324.015035,-290.513921,-0.820925
1460376165.985957,-3948925.426073,-4469347.006006,2255753.517468,325.914652,-288.381193,-0.825873
1460376255.985957,-3919508.151064,-4495204.874752,2255678.966542,327.800231,-286.236045,-0.830786
1460376345.985957,-3889921.808678,-4520869.124658,2255603.975090,329.671691,-284.078568,-0.835662
1460376435.985957,-3860167.673244,-4546338.650323,2255528.546344,331.528952,-281.908855,-0.840503
1460376525.985957,-3830247.026318,-4571612.354738,2255452.683551,333.371934,-279.727000,-0.845308
1460376615.985957,-3800161.156631,-4596689.149323,2255376.389979,335.200556,-277.533096,-0.850076
1460376705.985957,-3769911.360026,-4621567.953984,2255299.668915,337.014741,-275.327239,-0.854807
1460376795.985957,-3739498.939409,-4646247.697150,2255222.523663,338.814410,-273.109524,-0.859502
1460376885.985957,-3708925.204691,-4670727.315827,2255144.957546,340.599486,-270.880044,-0.864160
1460376975.985957,-3678191.472729,-4695005.755641,2255066.973904,342.369892,-268.638898,-0.868780
1460377065.985957,-3647299.067272,-4719081.970881,2254988.576097,344.125551,-266.386181,-0.873363
1460377155.985957,-3616249.318906,-4742954.924548,2254909.767502,345.866388,-264.121990,-0.877908
1460377245.985957,-3585043.564989,-4766623.588396,2254830.551513,347.592328,-261.846424,-0.882416
1460377335.985957,-3553683.149602,-4790086.942979,2254750.931542,349.303297,-259.559579,-0.886886
1460377425.985957,-3522169.423488,-4813343.977695,2254670.911018,350.999221,-257.261554,-0.891317
1460377515.985957,-3490503.743990,-4836393.690826,2254590.493389,352.680027,-254.952449,-0.895710
1460377605.985957,-3458687.474999,-4859235.089587,2254509.682117,354.345643,-252.632362,-0.900064
1460377695.985957,-3426721.986891,-4881867.190163,2254428.480684,355.995996,-250.301395,-0.904380
1460377785.985957,-3394608.656469,-4904289.017754,2254346.892588,357.631016,-247.959646,-0.908657
1460377875.985957,-3362348.866903,-4926499.606617,2254264.921342,359.250632,-245.607217,-0.912894
1460377965.985957,-3329944.007673,-4948498.000108,2254182.570477,360.854774,-243.244210,-0.917092
1460378055.985957,-3297395.474507,-4970283.250722,2254099.843540,362.443374,-240.870726,-0.921251
1460378145.985957,-3264704.669319,-4991854.420135,2254016.744095,364.016364,-238.486867,-0.925370
1460378235.985957,-3231873.000154,-5013210.579243,2253933.275720,365.573674,-236.092736,-0.929449
1460378325.985957,-3198901.881122,-5034350.808203,2253849.442011,367.115238,-233.688437,-0.933489
1460378415.985957,-3165792.732341,-5055274.196473,2253765.246580,368.640991,-231.274071,-0.937488
1460378505.985957,-3132546.979872,-5075979.842850,2253680.693052,370.150865,-228.849745,-0.941446
1460378595.985957,-3099166.055662,-5096466.855509,2253595.785069,371.644796,-226.415562,-0.945364
1460378685.985957,-3065651.397479,-5116734.352045,2253510.526289,373.122720,-223.971626,-0.949241
1460378775.985957,-3032004.448851,-5136781.459503,2253424.920383,374.584574,-221.518044,-0.953078
1460378865.985957,-2998226.659005,-5156607.314425,2253338.971040,376.030293,-219.054921,-0.956873
1460378955.985957,-2964319.482801,-5176211.062879,2253252.681961,377.459816,-216.582363,-0.960627
1460379045.985957,-2930284.380675,-5195591.860503,2253166.056863,378.873081,-214.100476,-0.964340
1460379135.985957,-2896122.818571,-5214748.872535,2253079.099477,380.270027,-211.609367,-0.968011
1460379225.985957,-2861836.267881,-5233681.273853,2252991.813548,381.650595,-209.109144,-0.971641
1460379315.985957,-2827426.205378,-5252388.249009,2252904.202837,383.014724,-206.599915,-0.975229
1460379405.985957,-2792894.113159,-5270868.992266,2252816.271116,384.362357,-204.081787,-0.978774
1460379495.985957,-2758241.478573,-5289122.707628,2252728.022174,385.693434,-201.554869,-0.982278
1460379585.985957,-2723469.794164,-5307148.608880,2252639.459811,387.007899,-199.019269,-0.985739
1460379675.985957,-2688580.557601,-5324945.919618,2252550.587842,388.305695,-196.475098,-0.989158
1460379765.985957,-2653575.271619,-5342513.873285,2252461.410095,389.586766,-193.922464,-0.992534
1460379855.985957,-2618455.443948,-5359851.713202,2252371.930410,390.851057,-191.361477,-0.995867
1460379945.985957,-2583222.587254,-5376958.692601,2252282.152643,392.098513,-188.792248,-0.999158
1460380035.985957,-2547878.219071,-5393834.074659,2252192.080660,393.329081,-186.214888,-1.002405
1460380125.985957,-2512423.861735,-5410477.132525,2252101.718341,394.542707,-183.629507,-1.005610
1460380215.985957,-2476861.042321,-5426887.149359,2252011.069578,395.739341,-181.036217,-1.008770
1460380305.985957,-2441191.292575,-5443063.418356,2251920.138275,396.918929,-178.435129,-1.011888
1460380395.985957,-2405416.148847,-5459005.242777,2251828.928349,398.081421,-175.826356,-1.014962
1460380485.985957,-2369537.152028,-5474711.935985,2251737.443729,399.226767,-173.210010,-1.017992
1460380575.985957,-2333555.847483,-5490182.821468,2251645.688355,400.354918,-170.586203,-1.020979
1460380665.985957,-2297473.784982,-5505417.232871,2251553.666179,401.465824,-167.955049,-1.023921
1460380755.985957,-2261292.518635,-5520414.514024,2251461.381165,402.559440,-165.316661,-1.026819
1460380845.985957,-2225013.606825,-5535174.018970,2251368.837288,403.635716,-162.671152,-1.029673
1460380935.985957,-2188638.612142,-5549695.111997,2251276.038534,404.694607,-160.018637,-1.032483
1460381025.985957,-2152169.101312,-5563977.167656,2251182.988900,405.736067,-157.359230,-1.035248
1460381115.985957,-2115606.645134,-5578019.570799,2251089.692394,406.760052,-154.693044,-1.037969
1460381205.985957,-2078952.818410,-5591821.716597,2250996.153034,407.766516,-152.020197,-1.040645
1460381295.985957,-2042209.199875,-5605383.010570,2250902.374850,408.755418,-149.340801,-1.043276
1460381385.985957,-2005377.372137,-5618702.868613,2250808.361881,409.726714,-146.654973,-1.045862
1460381475.985957,-1968458.921597,-5631780.717019,2250714.118176,410.680362,-143.962828,-1.048403
1460381565.985957,-1931455.438390,-5644615.992504,2250619.647794,411.616322,-141.264483,-1.050899
1460381655.985957,-1894368.516315,-5657208.142233,2250524.954805,412.534553,-138.560053,-1.053350
1460381745.985957,-1857199.752762,-5669556.623843,2250430.043288,413.435015,-135.849655,-1.055755
1460381835.985957,-1819950.748647,-5681660.905466,2250334.917329,414.317670,-133.133406,-1.058115
1460381925.985957,-1782623.108344,-5693520.465751,2250239.581027,415.182480,-130.411422,-1.060430
1460382015.985957,-1745218.439610,-5705134.793890,2250144.038489,416.029407,-127.683822,-1.062698
1460382105.985957,-1707738.353522,-5716503.389634,2250048.293828,416.858415,-124.950722,-1.064921
1460382195.985957,-1670184.464408,-5727625.763322,2249952.351170,417.669468,-122.212240,-1.067098
1460382285.985957,-1632558.389769,-5738501.435894,2249856.214647,418.462532,-119.468495,-1.069229
1460382375.985957,-1594861.750220,-5749129.938920,2249759.888399,419.237572,-116.719603,-1.071314
1460382465.985957,-1557096.169414,-5759510.814613,2249663.376577,419.994554,-113.965685,-1.073353
1460382555.985957,-1519263.273972,-5769643.615852,2249566.683335,420.733447,-111.206857,-1.075345
1460382645.985957,-1481364.693416,-5779527.906202,2249469.812841,421.454218,-108.443240,-1.077292
1460382735.985957,-1443402.060096,-5789163.259932,2249372.769265,422.156837,-105.674952,-1.079191
1460382825.985957,-1405377.009121,-5798549.262033,2249275.556789,422.841272,-102.902113,-1.081045
1460382915.985957,-1367291.178291,-5807685.508233,2249178.179599,423.507495,-100.124841,-1.082852
1460383005.985957,-1329146.208019,-5816571.605022,2249080.641889,424.155477,-97.343257,-1.084612
1460383095.985957,-1290943.741269,-5825207.169660,2248982.947861,424.785190,-94.557480,-1.086325
1460383185.985957,-1252685.423482,-5833591.830202,2248885.101722,425.396607,-91.767630,-1.087992
1460383275.985957,-1214372.902500,-5841725.225507,2248787.107688,425.989701,-88.973828,-1.089612
1460383365.985957,-1176007.828504,-5849607.005257,2248688.969979,426.564448,-86.176193,-1.091185
1460383455.985957,-1137591.853938,-5857236.829971,2248590.692821,427.120821,-83.374847,-1.092710
1460383545.985957,-1099126.633437,-5864614.371021,2248492.280449,427.658798,-80.569910,-1.094189
1460383635.985957,-1060613.823756,-5871739.310645,2248393.737101,428.178355,-77.761502,-1.095621
1460383725.985957,-1022055.083704,-5878611.341961,2248295.067022,428.679469,-74.949745,-1.097005
1460383815.985957,-983452.074063,-5885230.168980,2248196.274461,429.162120,-72.134760,-1.098343
1460383905.985957,-944806.457527,-5891595.506619,2248097.363674,429.626286,-69.316668,-1.099633
1460383995.985957,-906119.898621,-5897707.080713,2247998.338921,430.071947,-66.495590,-1.100875
1460384085.985957,-867394.063634,-5903564.628026,2247899.204467,430.499084,-63.671649,-1.102070
1460384175.985957,-828630.620550,-5909167.896266,2247799.964583,430.907680,-60.844965,-1.103218
1460384265.985957,-789831.238969,-5914516.644091,2247700.623543,431.297715,-58.015660,-1.104318
1460384355.985957,-750997.590041,-5919610.641122,2247601.185626,431.669173,-55.183856,-1.105371
1460384445.985957,-712131.346391,-5924449.667952,2247501.655115,432.022039,-52.349675,-1.106376
1460384535.985957,-673234.182049,-5929033.516158,2247402.036296,432.356297,-49.513240,-1.107333
1460384625.985957,-634307.772375,-5933361.988306,2247302.333462,432.671933,-46.674672,-1.108243
1460384715.985957,-595353.793990,-5937434.897962,2247202.550906,432.968933,-43.834094,-1.109104
1460384805.985957,-556373.924703,-5941252.069700,2247102.692926,433.247285,-40.991628,-1.109919
1460384895.985957,-517369.843437,-5944813.339107,2247002.763823,433.506975,-38.147396,-1.110685
1460384985.985957,-478343.230157,-5948118.552795,2246902.767902,433.747994,-35.301521,-1.111403
1460385075.985957,-439295.765802,-5951167.568404,2246802.709470,433.970331,-32.454126,-1.112074
1460385165.985957,-400229.132204,-5953960.254606,2246702.592837,434.173976,-29.605332,-1.112697
1460385255.985957,-361145.012026,-5956496.491117,2246602.422314,434.358920,-26.755264,-1.113271
1460385345.985957,-322045.088679,-5958776.168698,2246502.202217,434.525156,-23.904043,-1.113798
1460385435.985957,-282931.046259,-5960799.189159,2246401.936861,434.672676,-21.051793,-1.114277
1460385525.985957,-243804.569469,-5962565.465366,2246301.630567,434.801474,-18.198636,-1.114708
1460385615.985957,-204667.343545,-5964074.921241,2246201.287654,434.911545,-15.344695,-1.115091
1460385705.985957,-165521.054188,-5965327.491772,2246100.912445,435.002883,-12.490093,-1.115426
1460385795.985957,-126367.387491,-5966323.123007,2246000.509263,435.075485,-9.634953,-1.115712
1460385885.985957,-87208.029862,-5967061.772063,2245900.082432,435.129348,-6.779398,-1.115951
1460385975.985957,-48044.667955,-5967543.407126,2245799.636278,435.164469,-3.923551,-1.116142
1460386065.985957,-8878.988597,-5967768.007450,2245699.175128,435.180847,-1.067535,-1.116284
1460386155.985957,30287.321286,-5967735.563363,2245598.703308,435.178481,1.788526,-1.116379
1460386245.985957,69452.574739,-5967446.076260,2245498.225148,435.157371,4.644511,-1.116425
1460386335.985957,108615.084856,-5966899.558612,2245397.744973,435.117518,7.500296,-1.116423
1460386425.985957,147773.164846,-5966096.033957,2245297.267113,435.058924,10.355757,-1.116374
1460386515.985957,186925.128109,-5965035.536905,2245196.795895,434.981591,13.210773,-1.116276
1460386605.985957,226069.288311,-5963718.113132,2245096.335647,434.885523,16.065220,-1.116130
1460386695.985957,265203.959452,-5962143.819383,2244995.890695,434.770724,18.918974,-1.115936
1460386785.985957,304327.455940,-5960312.723464,2244895.465367,434.637198,21.771914,-1.115694
1460386875.985957,343438.092666,-5958224.904244,2244795.063988,434.484952,24.623916,-1.115403
1460386965.985957,382534.185075,-5955880.451648,2244694.690882,434.313992,27.474858,-1.115065
1460387055.985957,421614.049237,-5953279.466656,2244594.350373,434.124326,30.324616,-1.114679
1460387145.985957,460676.001922,-5950422.061296,2244494.046783,433.915961,33.173068,-1.114245
1460387235.985957,499718.360671,-5947308.358641,2244393.784432,433.688907,36.020091,-1.113763
1460387325.985957,538739.443870,-5943938.492803,2244293.567639,433.443173,38.865563,-1.113232
1460387415.985957,577737.570820,-5940312.608927,2244193.400720,433.178770,41.709360,-1.112654
1460387505.985957,616711.061811,-5936430.863186,2244093.287990,432.895709,44.551361,-1.112028
1460387595.985957,655658.238195,-5932293.422773,2243993.233760,432.594003,47.391444,-1.111354
1460387685.985957,694577.422456,-5927900.465893,2243893.242342,432.273664,50.229485,-1.110632
1460387775.985957,733466.938285,-5923252.181759,2243793.318041,431.934706,53.065363,-1.109863
1460387865.985957,772325.110650,-5918348.770578,2243693.465161,431.577145,55.898955,-1.109045
1460387955.985957,811150.265870,-5913190.443549,2243593.688004,431.200995,58.730139,-1.108180
1460388045.985957,849940.731685,-5907777.422848,2243493.990868,430.806272,61.558794,-1.107267
1460388135.985957,888694.837330,-5902109.941624,2243394.378045,430.392994,64.384797,-1.106306
1460388225.985957,927410.913605,-5896188.243982,2243294.853828,429.961178,67.208027,-1.105298
1460388315.985957,966087.292949,-5890012.584980,2243195.422502,429.510843,70.028363,-1.104242
1460388405.985957,1004722.309511,-5883583.230613,2243096.088351,429.042008,72.845682,-1.103138
1460388495.985957,1043314.299219,-5876900.457803,2242996.855654,428.554694,75.659863,-1.101987
1460388585.985957,1081861.599859,-5869964.554388,2242897.728684,428.048921,78.470786,-1.100789
1460388675.985957,1120362.551138,-5862775.819107,2242798.711711,427.524712,81.278329,-1.099543
1460388765.985957,1158815.494759,-5855334.561592,2242699.809000,426.982088,84.082371,-1.098250
1460388855.985957,1197218.774497,-5847641.102347,2242601.024811,426.421074,86.882792,-1.096909
1460388945.985957,1235570.736260,-5839695.772744,2242502.363399,425.841693,89.679471,-1.095521
1460389035.985957,1273869.728173,-5831498.914998,2242403.829014,425.243970,92.472286,-1.094086
1460389125.985957,1312114.100636,-5823050.882162,2242305.425900,424.627932,95.261119,-1.092604
1460389215.985957,1350302.206407,-5814352.038105,2242207.158296,423.993604,98.045849,-1.091075
1460389305.985957,1388432.400664,-5805402.757500,2242109.030433,423.341014,100.826356,-1.089499
1460389395.985957,1426503.041081,-5796203.425807,2242011.046539,422.670190,103.602520,-1.087876
1460389485.985957,1464512.487896,-5786754.439255,2241913.210834,421.981161,106.374222,-1.086206
1460389575.985957,1502459.103984,-5777056.204826,2241815.527533,421.273957,109.141342,-1.084489
1460389665.985957,1540341.254924,-5767109.140239,2241718.000842,420.548607,111.903761,-1.082726
1460389755.985957,1578157.309075,-5756913.673929,2241620.634963,419.805144,114.661361,-1.080915
1460389845.985957,1615905.637641,-5746470.245031,2241523.434089,419.043600,117.414021,-1.079059
1460389935.985957,1653584.614742,-5735779.303358,2241426.402407,418.264006,120.161625,-1.077156
1460390025.985957,1691192.617486,-5724841.309388,2241329.544097,417.466397,122.904053,-1.075206
1460390115.985957,1728728.026038,-5713656.734235,2241232.863330,416.650808,125.641187,-1.073210
1460390205.985957,1766189.223691,-5702226.059638,2241136.364271,415.817272,128.372910,-1.071168
1460390295.985957,1803574.596933,-5690549.777932,2241040.051076,414.965827,131.099103,-1.069080
1460390385.985957,1840882.535517,-5678628.392034,2240943.927894,414.096508,133.819650,-1.066946
1460390475.985957,1878111.432533,-5666462.415416,2240847.998865,413.209354,136.534433,-1.064765
1460390565.985957,1915259.684474,-5654052.372086,2240752.268122,412.304402,139.243335,-1.062539
1460390655.985957,1952325.691310,-5641398.796562,2240656.739786,411.381691,141.946240,-1.060268
1460390745.985957,1989307.856547,-5628502.233856,2240561.417974,410.441262,144.643031,-1.057950
1460390835.985957,2026204.587308,-5615363.239440,2240466.306791,409.483154,147.333592,-1.055587
1460390925.985957,2063014.294394,-5601982.379233,2240371.410334,408.507409,150.017807,-1.053178
1460391015.985957,2099735.392352,-5588360.229569,2240276.732690,407.514069,152.695561,-1.050724
1460391105.985957,2136366.299550,-5574497.377174,2240182.277937,406.503177,155.366738,-1.048225
1460391195.985957,2172905.438236,-5560394.419144,2240088.050143,405.474776,158.031223,-1.045681
1460391285.985957,2209351.234613,-5546051.962914,2239994.053368,404.428911,160.688901,-1.043092
1460391375.985957,2245702.118906,-5531470.626236,2239900.291660,403.365626,163.339658,-1.040457
1460391465.985957,2281956.525424,-5516651.037152,2239806.769058,402.284968,165.983380,-1.037778
1460391555.985957,2318112.892634,-5501593.833963,2239713.489590,401.186983,168.619953,-1.035054
1460391645.985957,2354169.663226,-5486299.665208,2239620.457273,400.071718,171.249263,-1.032286
1460391735.985957,2390125.284179,-5470769.189629,2239527.676116,398.939221,173.871197,-1.029473
1460391825.985957,2425978.206828,-5455003.076148,2239435.150114,397.789542,176.485642,-1.026616
1460391915.985957,2461726.886933,-5439002.003836,2239342.883252,396.622729,179.092485,-1.023714
1460392005.985957,2497369.784743,-5422766.661884,2239250.879506,395.438832,181.691615,-1.020769
1460392095.985957,2532905.365062,-5406297.749573,2239159.142837,394.237904,184.282919,-1.017779
1460392185.985957,2568332.097318,-5389595.976246,2239067.677198,393.019995,186.866286,-1.014746
1460392275.985957,2603648.455628,-5372662.061273,2238976.486527,391.785158,189.441604,-1.011669
1460392365.985957,2638852.918860,-5355496.734024,2238885.574753,390.533447,192.008763,-1.008549
1460392455.985957,2673943.970704,-5338100.733836,2238794.945792,389.264914,194.567651,-1.005384
1460392545.985957,2708920.099735,-5320474.809982,2238704.603547,387.979616,197.118159,-1.002177
1460392635.985957,2743779.799476,-5302619.721639,2238614.551910,386.677606,199.660177,-0.998927
1460392725.985957,2778521.568466,-5284536.237852,2238524.794759,385.358942,202.193595,-0.995633
1460392815.985957,2813143.910323,-5266225.137505,2238435.335961,384.023679,204.718305,-0.992297
1460392905.985957,2847645.333809,-5247687.209285,2238346.179368,382.671876,207.234197,-0.988917
1460392995.985957,2882024.352895,-5228923.251650,2238257.328822,381.303591,209.741163,-0.985496
1460393085.985957,2916279.486823,-5209934.072793,2238168.788148,379.918883,212.239095,-0.982031
1460393175.985957,2950409.260171,-5190720.490606,2238080.561161,378.517810,214.727886,-0.978525
1460393265.985957,2984412.202918,-5171283.332649,2237992.651662,377.100435,217.207428,-0.974976
1460393355.985957,3018286.850503,-5151623.436111,2237905.063436,375.666817,219.677614,-0.971386
1460393445.985957,3052031.743893,-5131741.647772,2237817.800256,374.217019,222.138339,-0.967753
1460393535.985957,3085645.429644,-5111638.823973,2237730.865881,372.751102,224.589496,-0.964079
1460393625.985957,3119126.459962,-5091315.830574,2237644.264056,371.269131,227.030979,-0.960363
1460393715.985957,3152473.392767,-5070773.542918,2237557.998510,369.771168,229.462684,-0.956606
1460393805.985957,3185684.791755,-5050012.845791,2237472.072960,368.257279,231.884506,-0.952808
1460393895.985957,3218759.226460,-5029034.633391,2237386.491106,366.727528,234.296339,-0.948969
1460393985.985957,3251695.272315,-5007839.809281,2237301.256635,365.181982,236.698082,-0.945088
1460394075.985957,3284491.510712,-4986429.286355,2237216.373218,363.620707,239.089629,-0.941167
1460394165.985957,3317146.529068,-4964803.986797,2237131.844512,362.043770,241.470879,-0.937206
1460394255.985957,3349658.920881,-4942964.842042,2237047.674157,360.451239,243.841728,-0.933204
1460394345.985957,3382027.285790,-4920912.792737,2236963.865778,358.843184,246.202074,-0.929162
1460394435.985957,3414250.229642,-4898648.788698,2236880.422986,357.219672,248.551816,-0.925080
1460394525.985957,3446326.364542,-4876173.788868,2236797.349375,355.580774,250.890853,-0.920958
1460394615.985957,3478254.308923,-4853488.761282,2236714.648522,353.926561,253.219083,-0.916797
1460394705.985957,3510032.687599,-4830594.683019,2236632.323991,352.257104,255.536407,-0.912596
1460394795.985957,3541660.131826,-4807492.540162,2236550.379327,350.572474,257.842724,-0.908355
1460394885.985957,3573135.279361,-4784183.327757,2236468.818060,348.872745,260.137936,-0.904076
1460394975.985957,3604456.774519,-4760668.049767,2236387.643703,347.157989,262.421943,-0.899757
1460395065.985957,3635623.268237,-4736947.719031,2236306.859752,345.428281,264.694647,-0.895400
1460395155.985957,3666633.418125,-4713023.357221,2236226.469687,343.683694,266.955951,-0.891005
1460395245.985957,3697485.888528,-4688895.994797,2236146.476970,341.924305,269.205756,-0.886570
1460395335.985957,3728179.350582,-4664566.670961,2236066.885048,340.150188,271.443966,-0.882098
1460395425.985957,3758712.482272,-4640036.433615,2235987.697348,338.361420,273.670485,-0.877588
1460395515.985957,3789083.968490,-4615306.339314,2235908.917281,336.558079,275.885216,-0.873040
1460395605.985957,3819292.501087,-4590377.453222,2235830.548241,334.740242,278.088064,-0.868454
1460395695.985957,3849336.778936,-4565250.849064,2235752.593603,332.907987,280.278935,-0.863831
1460395785.985957,3879215.507983,-4539927.609083,2235675.056725,331.061393,282.457733,-0.859171
1460395875.985957,3908927.401305,-4514408.823989,2235597.940947,329.200539,284.624366,-0.854473
1460395965.985957,3938471.179166,-4488695.592916,2235521.249590,327.325507,286.778740,-0.849739
1460396055.985957,3967845.569067,-4462789.023373,2235444.985958,325.436376,288.920761,-0.844969
1460396145.985957,3997049.305810,-4436690.231196,2235369.153335,323.533228,291.050339,-0.840161
1460396235.985957,4026081.131544,-4410400.340500,2235293.754989,321.616145,293.167380,-0.835318
1460396325.985957,4054939.795824,-4383920.483632,2235218.794166,319.685210,295.271794,-0.830439
1460396415.985957,4083624.055661,-4357251.801120,2235144.274095,317.740505,297.363490,-0.825524
1460396505.985957,4112132.675580,-4330395.441625,2235070.197987,315.782114,299.442379,-0.820573
1460396595.985957,4140464.427672,-4303352.561893,2234996.569031,313.810123,301.508370,-0.815587
1460396685.985957,4168618.091644,-4276124.326702,2234923.390401,311.824615,303.561374,-0.810566
1460396775.985957,4196592.454873,-4248711.908815,2234850.665246,309.825676,305.601304,-0.805510
1460396865.985957,4224386.312461,-4221116.488927,2234778.396701,307.813392,307.628071,-0.800419
1460396955.985957,4251998.467283,-4193339.255614,2234706.587877,305.787851,309.641588,-0.795294
1460397045.985957,4279427.730041,-4165381.405287,2234635.241868,303.749139,311.641768,-0.790135
1460397135.985957,4306672.919314,-4137244.142133,2234564.361747,301.697344,313.628525,-0.784941
1460397225.985957,4333732.861610,-4108928.678066,2234493.950567,299.632554,315.601774,-0.779714
1460397315.985957,4360606.391414,-4080436.232679,2234424.011361,297.554859,317.561429,-0.774453
1460397405.985957,4387292.351243,-4051768.033185,2234354.547141,295.464347,319.507407,-0.769159
1460397495.985957,4413789.591692,-4022925.314368,2234285.560900,293.361110,321.439623,-0.763832
1460397585.985957,4440096.971481,-3993909.318528,2234217.055609,291.245237,323.357994,-0.758471
1460397675.985957,4466213.357513,-3964721.295429,2234149.034218,289.116819,325.262437,-0.753078
1460397765.985957,4492137.624914,-3935362.502245,2234081.499657,286.975949,327.152871,-0.747653
1460397855.985957,4517868.657085,-3905834.203504,2234014.454837,284.822718,329.029214,-0.742195
1460397945.985957,4543405.345752,-3876137.671036,2233947.902643,282.657220,330.891385,-0.736706
1460398035.985957,4568746.591009,-3846274.183916,2233881.845944,280.479547,332.739304,-0.731185
1460398125.985957,4593891.301370,-3816245.028411,2233816.287584,278.289793,334.572891,-0.725632
1460398215.985957,4618838.393813,-3786051.497924,2233751.230387,276.088053,336.392068,-0.720048
1460398305.985957,4643586.793829,-3755694.892937,2233686.677155,273.874422,338.196756,-0.714433
1460398395.985957,4668135.435465,-3725176.520955,2233622.630669,271.648994,339.986877,-0.708787
1460398485.985957,4692483.261373,-3694497.696452,2233559.093687,269.411866,341.762355,-0.703111
1460398575.985957,4716629.222856,-3663659.740813,2233496.068947,267.163134,343.523112,-0.697404
1460398665.985957,4740572.279908,-3632663.982276,2233433.559163,264.902895,345.269073,-0.691667
1460398755.985957,4764311.401266,-3601511.755876,2233371.567027,262.631246,347.000163,-0.685901
1460398845.985957,4787845.564449,-3570204.403389,2233310.095210,260.348285,348.716307,-0.680105
1460398935.985957,4811173.755803,-3538743.273270,2233249.146360,258.054111,350.417432,-0.674280
1460399025.985957,4834294.970548,-3507129.720598,2233188.723101,255.748821,352.103463,-0.668425
1460399115.985957,4857208.212817,-3475365.107020,2233128.828037,253.432517,353.774329,-0.662542
1460399205.985957,4879912.495701,-3443450.800685,2233069.463747,251.105296,355.429957,-0.656631
1460399295.985957,4902406.841291,-3411388.176192,2233010.632788,248.767260,357.070276,-0.650691
1460399385.985957,4924690.280723,-3379178.614529,2232952.337695,246.418509,358.695216,-0.644723
1460399475.985957,4946761.854212,-3346823.503011,2232894.580979,244.059145,360.304706,-0.638727
1460399565.985957,4968620.611102,-3314324.235223,2232837.365126,241.689268,361.898677,-0.632704
1460399655.985957,4990265.609903,-3281682.210958,2232780.692602,239.308982,363.477061,-0.626653
1460399745.985957,5011695.918331,-3248898.836159,2232724.565848,236.918388,365.039789,-0.620576
1460399835.985957,5032910.613350,-3215975.522857,2232668.987281,234.517590,366.586794,-0.614471
1460399925.985957,5053908.781210,-3182913.689110,2232613.959295,232.106691,368.118010,-0.608341
1460400015.985957,5074689.517487,-3149714.758942,2232559.484261,229.685794,369.633370,-0.602184
1460400105.985957,5095251.927122,-3116380.162283,2232505.564525,227.255005,371.132810,-0.596001
1460400195.985957,5115595.124462,-3082911.334906,2232452.202410,224.814427,372.616264,-0.589792
1460400285.985957,5135718.233292,-3049309.718364,2232399.400213,222.364167,374.083670,-0.583559
1460400375.985957,5155620.386880,-3015576.759932,2232347.160210,219.904328,375.534963,-0.577299
1460400465.985957,5175300.728009,-2981713.912540,2232295.484650,217.435019,376.970081,-0.571016
1460400555.985957,5194758.409016,-2947722.634713,2232244.375760,214.956343,378.388962,-0.564707
1460400645.985957,5213992.591829,-2913604.390509,2232193.835741,212.468410,379.791546,-0.558374
1460400735.985957,5233002.448001,-2879360.649452,2232143.866769,209.971325,381.177771,-0.552017
1460400825.985957,5251787.158749,-2844992.886475,2232094.470998,207.465196,382.547579,-0.545637
1460400915.985957,5270345.914986,-2810502.581850,2232045.650554,204.950131,383.900909,-0.539233
1460401005.985957,5288677.917358,-2775891.221127,2231997.407541,202.426239,385.237704,-0.532805
1460401095.985957,5306782.376277,-2741160.295072,2231949.744037,199.893628,386.557907,-0.526355
1460401185.985957,5324658.511956,-2706311.299599,2231902.662094,197.352408,387.861460,-0.519882
1460401275.985957,5342305.554443,-2671345.735709,2231856.163741,194.802687,389.148307,-0.513386
1460401365.985957,5359722.743651,-2636265.109423,2231810.250981,192.244575,390.418393,-0.506869
1460401455.985957,5376909.329395,-2601070.931717,2231764.925791,189.678184,391.671663,-0.500329
1460401545.985957,5393864.571424,-2565764.718459,2231720.190124,187.103622,392.908063,-0.493769
1460401635.985957,5410587.739447,-2530347.990343,2231676.045906,184.521002,394.127540,-0.487186
1460401725.985957,5427078.113172,-2494822.272822,2231632.495038,181.930434,395.330041,-0.480583
1460401815.985957,5443334.982334,-2459189.096044,2231589.539398,179.332030,396.515515,-0.473959
1460401905.985957,5459357.646724,-2423449.994784,2231547.180835,176.725902,397.683910,-0.467315
1460401995.985957,5475145.416220,-2387606.508382,2231505.421174,174.112162,398.835176,-0.460651
1460402085.985957,5490697.610820,-2351660.180671,2231464.262212,171.490923,399.969264,-0.453966
1460402175.985957,5506013.560667,-2315612.559916,2231423.705725,168.862298,401.086125,-0.447263
1460402265.985957,5521092.606077,-2279465.198743,2231383.753457,166.226399,402.185710,-0.440540
1460402355.985957,5535934.097574,-2243219.654076,2231344.407131,163.583341,403.267973,-0.433798
1460402445.985957,5550537.395912,-2206877.487066,2231305.668440,160.933237,404.332866,-0.427037
1460402535.985957,5564901.872104,-2170440.263027,2231267.539054,158.276201,405.380343,-0.420258
1460402625.985957,5579026.907450,-2133909.551366,2231230.020615,155.612348,406.410361,-0.413460
1460402715.985957,5592911.893562,-2097286.925518,2231193.114739,152.941793,407.422874,-0.406645
1460402805.985957,5606556.232393,-2060573.962875,2231156.823016,150.264650,408.417838,-0.399813
1460402895.985957,5619959.336260,-2023772.244723,2231121.147008,147.581035,409.395211,-0.392963
1460402985.985957,5633120.627870,-1986883.356168,2231086.088253,144.891063,410.354951,-0.386096
1460403075.985957,5646039.540347,-1949908.886071,2231051.648261,142.194851,411.297016,-0.379213
1460403165.985957,5658715.517253,-1912850.426981,2231017.828515,139.492514,412.221367,-0.372313
1460403255.985957,5671148.012613,-1875709.575062,2230984.630473,136.784169,413.127962,-0.365398
1460403345.985957,5683336.490942,-1838487.930029,2230952.055563,134.069933,414.016763,-0.358466
1460403435.985957,5695280.427262,-1801187.095075,2230920.105189,131.349922,414.887731,-0.351519
1460403525.985957,5706979.307129,-1763808.676806,2230888.780727,128.624253,415.740830,-0.344557
1460403615.985957,5718432.626655,-1726354.285167,2230858.083528,125.893045,416.576022,-0.337580
1460403705.985957,5729639.892528,-1688825.533378,2230828.014912,123.156414,417.393272,-0.330589
1460403795.985957,5740600.622033,-1651224.037859,2230798.576175,120.414479,418.192544,-0.323583
1460403885.985957,5751314.343074,-1613551.418166,2230769.768585,117.667357,418.973804,-0.316564
1460403975.985957,5761780.594196,-1575809.296916,2230741.593383,114.915167,419.737017,-0.309531
1460404065.985957,5771998.924600,-1537999.299722,2230714.051783,112.158027,420.482153,-0.302484
1460404155.985957,5781968.894167,-1500123.055118,2230687.144971,109.396057,421.209177,-0.295425
1460404245.985957,5791690.073475,-1462182.194492,2230660.874106,106.629374,421.918059,-0.288352
1460404335.985957,5801162.043819,-1424178.352017,2230635.240320,103.858099,422.608769,-0.281267
1460404425.985957,5810384.397224,-1386113.164577,2230610.244716,101.082351,423.281276,-0.274171
1460404515.985957,5819356.736471,-1347988.271699,2230585.888371,98.302249,423.935551,-0.267062
1460404605.985957,5828078.675107,-1309805.315480,2230562.172336,95.517913,424.571567,-0.259942
1460404695.985957,5836549.837465,-1271565.940519,2230539.097630,92.729463,425.189297,-0.252810
1460404785.985957,5844769.858677,-1233271.793847,2230516.665248,89.937019,425.788712,-0.245668
1460404875.985957,5852738.384697,-1194924.524851,2230494.876157,87.140701,426.369789,-0.238515
1460404965.985957,5860455.072305,-1156525.785207,2230473.731295,84.340630,426.932500,-0.231352
1460405055.985957,5867919.589134,-1118077.228808,2230453.231572,81.536926,427.476824,-0.224179
1460405145.985957,5875131.613674,-1079580.511694,2230433.377872,78.729710,428.002735,-0.216997
1460405235.985957,5882090.835293,-1041037.291978,2230414.171050,75.919103,428.510211,-0.209804
1460405325.985957,5888796.954247,-1002449.229775,2230395.611933,73.105226,428.999231,-0.202603
1460405415.985957,5895249.681691,-963817.987134,2230377.701321,70.288201,429.469773,-0.195394
1460405505.985957,5901448.739698,-925145.227962,2230360.439986,67.468148,429.921817,-0.188175
1460405595.985957,5907393.861264,-886432.617954,2230343.828670,64.645189,430.355344,-0.180949
1460405685.985957,5913084.790323,-847681.824523,2230327.868089,61.819446,430.770335,-0.173715
1460405775.985957,5918521.281759,-808894.516725,2230312.558931,58.991040,431.166771,-0.166473
1460405865.985957,5923703.101414,-770072.365190,2230297.901856,56.160093,431.544637,-0.159224
1460405955.985957,5928630.026098,-731217.042048,2230283.897494,53.326727,431.903916,-0.151969
1460406045.985957,5933301.843601,-692330.220858,2230270.546449,50.491065,432.244591,-0.144707
1460406135.985957,5937718.352701,-653413.576536,2230257.849296,47.653228,432.566649,-0.137438
1460406225.985957,5941879.363172,-614468.785281,2230245.806582,44.813338,432.870076,-0.130164
1460406315.985957,5945784.695793,-575497.524506,2230234.418826,41.971518,433.154859,-0.122884
1460406405.985957,5949434.182354,-536501.472765,2230223.686518,39.127890,433.420985,-0.115598
1460406495.985957,5952827.665668,-497482.309676,2230213.610121,36.282577,433.668443,-0.108308
1460406585.985957,5955964.999571,-458441.715856,2230204.190069,33.435701,433.897222,-0.101013
1460406675.985957,5958846.048934,-419381.372844,2230195.426766,30.587385,434.107312,-0.093714
1460406765.985957,5961470.689665,-380302.963029,2230187.320592,27.737752,434.298705,-0.086411
1460406855.985957,5963838.808717,-341208.169580,2230179.871895,24.886924,434.471391,-0.079104
1460406945.985957,5965950.304091,-302098.676368,2230173.080996,22.035024,434.625365,-0.071793
1460407035.985957,5967805.084843,-262976.167902,2230166.948188,19.182175,434.760618,-0.064480
1460407125.985957,5969403.071083,-223842.329246,2230161.473735,16.328500,434.877146,-0.057164
1460407215.985957,5970744.193985,-184698.845958,2230156.657872,13.474121,434.974943,-0.049845
1460407305.985957,5971828.395783,-145547.404007,2230152.500807,10.619162,435.054004,-0.042524
1460407395.985957,5972655.629780,-106389.689706,2230149.002719,7.763746,435.114328,-0.035201
1460407485.985957,5973225.860346,-67227.389640,2230146.163760,4.907995,435.155910,-0.027877
1460407575.985957,5973539.062919,-28062.190588,2230143.984051,2.052033,435.178749,-0.020551
1460407665.985957,5973595.224009,11104.220543,2230142.463686,-0.804017,435.182845,-0.013225
1460407755.985957,5973394.341198,50270.156796,2230141.602730,-3.660033,435.168197,-0.005898
1460407845.985957,5972936.423138,89433.931232,2230141.401222,-6.515891,435.134805,0.001429
1460407935.985957,5972221.489553,128593.857008,2230141.859169,-9.371469,435.082671,0.008756
1460408025.985957,5971249.571234,167748.247445,2230142.976552,-12.226642,435.011798,0.016083
1460408115.985957,5970020.710046,206895.416101,2230144.753323,-15.081290,434.922188,0.023409
1460408205.985957,5968534.958915,246033.676850,2230147.189406,-17.935287,434.813845,0.030734
1460408295.985957,5966792.381837,285161.343943,2230150.284695,-20.788513,434.686774,0.038058
1460408385.985957,5964793.053867,324276.732094,2230154.039057,-23.640842,434.540981,0.045380
1460408475.985957,5962537.061118,363378.156541,2230158.452330,-26.492154,434.376471,0.052700
1460408565.985957,5960024.500760,402463.933124,2230163.524325,-29.342324,434.193251,0.060018
1460408655.985957,5957255.481013,441532.378361,2230169.254823,-32.191231,433.991331,0.067333
1460408745.985957,5954230.121142,480581.809511,2230175.643578,-35.038751,433.770718,0.074645
1460408835.985957,5950948.551455,519610.544655,2230182.690313,-37.884762,433.531421,0.081954
1460408925.985957,5947410.913294,558616.902765,2230190.394726,-40.729141,433.273452,0.089260
1460409015.985957,5943617.359030,597599.203778,2230198.756485,-43.571766,432.996821,0.096562
1460409105.985957,5939568.052059,636555.768664,2230207.775230,-46.412515,432.701540,0.103859
1460409195.985957,5935263.166789,675484.919505,2230217.450572,-49.251264,432.387622,0.111152
1460409285.985957,5930702.888638,714384.979561,2230227.782095,-52.087892,432.055081,0.118441
1460409375.985957,5925887.414026,753254.273347,2230238.769353,-54.922276,431.703930,0.125724
1460409465.985957,5920816.950361,792091.126702,2230250.411874,-57.754295,431.334185,0.133002
1460409555.985957,5915491.716038,830893.866862,2230262.709156,-60.583826,430.945862,0.140274
1460409645.985957,5909911.940421,869660.822534,2230275.660669,-63.410748,430.538977,0.147540
1460409735.985957,5904077.863840,908390.323964,2230289.265856,-66.234938,430.113548,0.154800
1460409825.985957,5897989.737579,947080.703013,2230303.524131,-69.056276,429.669594,0.162053
1460409915.985957,5891647.823861,985730.293226,2230318.434879,-71.874639,429.207133,0.169299
1460410005.985957,5885052.395844,1024337.429906,2230333.997458,-74.689907,428.726185,0.176538
1460410095.985957,5878203.737602,1062900.450183,2230350.211198,-77.501958,428.226772,0.183769
1460410185.985957,5871102.144118,1101417.693089,2230367.075401,-80.310670,427.708914,0.190992
1460410275.985957,5863747.921269,1139887.499626,2230384.589340,-83.115923,427.172634,0.198207
1460410365.985957,5856141.385811,1178308.212840,2230402.752262,-85.917597,426.617955,0.205413
1460410455.985957,5848282.865371,1216678.177891,2230421.563383,-88.715570,426.044901,0.212611
1460410545.985957,5840172.698427,1254995.742126,2230441.021893,-91.509721,425.453497,0.219800
1460410635.985957,5831811.234297,1293259.255147,2230461.126955,-94.299932,424.843767,0.226979
1460410725.985957,5823198.833121,1331467.068886,2230481.877703,-97.086080,424.215739,0.234148
1460410815.985957,5814335.865850,1369617.537673,2230503.273242,-99.868047,423.569440,0.241307
1460410905.985957,5805222.714224,1407709.018308,2230525.312651,-102.645713,422.904896,0.248456
1460410995.985957,5795859.770763,1445739.870133,2230547.994982,-105.418957,422.222138,0.255594
1460411085.985957,5786247.438741,1483708.455099,2230571.319256,-108.187661,421.521193,0.262721
1460411175.985957,5776386.132177,1521613.137841,2230595.284470,-110.951705,420.802093,0.269837
1460411265.985957,5766276.275813,1559452.285745,2230619.889591,-113.710970,420.064869,0.276941
1460411355.985957,5755918.305095,1597224.269021,2230645.133559,-116.465337,419.309551,0.284033
1460411445.985957,5745312.666159,1634927.460771,2230671.015288,-119.214689,418.536173,0.291113
1460411535.985957,5734459.815804,1672560.237059,2230697.533662,-121.958905,417.744769,0.298180
1460411625.985957,5723360.221481,1710120.976985,2230724.687539,-124.697868,416.935371,0.305235
1460411715.985957,5712014.361266,1747608.062748,2230752.475750,-127.431461,416.108015,0.312276
1460411805.985957,5700422.723842,1785019.879722,2230780.897097,-130.159565,415.262737,0.319304
1460411895.985957,5688585.808480,1822354.816522,2230809.950357,-132.882062,414.399573,0.326318
1460411985.985957,5676504.125013,1859611.265074,2230839.634279,-135.598836,413.518560,0.333319
1460412075.985957,5664178.193819,1896787.620686,2230869.947583,-138.309770,412.619737,0.340304
1460412165.985957,5651608.545795,1933882.282114,2230900.888964,-141.014746,411.703141,0.347276
1460412255.985957,5638795.722334,1970893.651633,2230932.457090,-143.713649,410.768812,0.354232
1460412345.985957,5625740.275304,2007820.135107,2230964.650600,-146.406362,409.816791,0.361173
1460412435.985957,5612442.767026,2044660.142055,2230997.468109,-149.092769,408.847118,0.368098
1460412525.985957,5598903.770241,2081412.085721,2231030.908202,-151.772754,407.859836,0.375008
1460412615.985957,5585123.868096,2118074.383141,2231064.969439,-154.446202,406.854986,0.381901
1460412705.985957,5571103.654113,2154645.455213,2231099.650353,-157.112998,405.832613,0.388778
1460412795.985957,5556843.732165,2191123.726765,2231134.949451,-159.773027,404.792760,0.395638
1460412885.985957,5542344.716447,2227507.626621,2231170.865212,-162.426174,403.735472,0.402481
1460412975.985957,5527607.231455,2263795.587671,2231207.396089,-165.072325,402.660794,0.409307
1460413065.985957,5512631.911955,2299986.046935,2231244.540508,-167.711366,401.568773,0.416115
1460413155.985957,5497419.402958,2336077.445634,2231282.296871,-170.343184,400.459456,0.422905
1460413245.985957,5481970.359690,2372068.229256,2231320.663549,-172.967665,399.332891,0.429677
1460413335.985957,5466285.447565,2407956.847622,2231359.638892,-175.584695,398.189125,0.436431
1460413425.985957,5450365.342157,2443741.754954,2231399.221220,-178.194163,397.028209,0.443166
1460413515.985957,5434210.729169,2479421.409940,2231439.408828,-180.795956,395.850193,0.449881
1460413605.985957,5417822.304405,2514994.275803,2231480.199986,-183.389962,394.655126,0.456577
1460413695.985957,5401200.773740,2550458.820363,2231521.592936,-185.976069,393.443061,0.463254
1460413785.985957,5384346.853089,2585813.516108,2231563.585896,-188.554166,392.214050,0.469911
1460413875.985957,5367261.268377,2621056.840257,2231606.177056,-191.124141,390.968146,0.476547
1460413965.985957,5349944.755507,2656187.274824,2231649.364583,-193.685884,389.705402,0.483163
1460414055.985957,5332398.060326,2691203.306688,2231693.146616,-196.239285,388.425873,0.489758
1460414145.985957,5314621.938600,2726103.427654,2231737.521269,-198.784233,387.129613,0.496332
1460414235.985957,5296617.155972,2760886.134519,2231782.486632,-201.320620,385.816680,0.502885
1460414325.985957,5278384.487937,2795549.929139,2231828.040767,-203.848336,384.487128,0.509416
1460414415.985957,5259924.719803,2830093.318490,2231874.181712,-206.367271,383.141017,0.515925
1460414505.985957,5241238.646663,2864514.814736,2231920.907479,-208.877318,381.778402,0.522411
1460414595.985957,5222327.073353,2898812.935288,2231968.216058,-211.378368,380.399344,0.528876
1460414685.985957,5203190.814424,2932986.202873,2232016.105408,-213.870314,379.003902,0.535317
1460414775.985957,5183830.694106,2967033.145596,2232064.573469,-216.353048,377.592135,0.541735
1460414865.985957,5164247.546267,3000952.297003,2232113.618152,-218.826463,376.164105,0.548131
1460414955.985957,5144442.214386,3034742.196142,2232163.237344,-221.290453,374.719873,0.554502
1460415045.985957,5124415.551507,3068401.387632,2232213.428910,-223.744912,373.259501,0.560850
1460415135.985957,5104168.420211,3101928.421717,2232264.190685,-226.189734,371.783052,0.567173
1460415225.985957,5083701.692573,3135321.854337,2232315.520486,-228.624813,370.290590,0.573472
1460415315.985957,5063016.250125,3168580.247186,2232367.416099,-231.050046,368.782179,0.579746
1460415405.985957,5042112.983824,3201702.167772,2232419.875291,-233.465326,367.257884,0.585996
1460415495.985957,5020992.794004,3234686.189482,2232472.895802,-235.870551,365.717771,0.592220
1460415585.985957,4999656.590344,3267530.891645,2232526.475347,-238.265616,364.161905,0.598418
1460415675.985957,4978105.291829,3300234.859588,2232580.611619,-240.650420,362.590355,0.604591
1460415765.985957,4956339.826705,3332796.684700,2232635.302287,-243.024857,361.003187,0.610738
1460415855.985957,4934361.132446,3365214.964494,2232690.544995,-245.388828,359.400470,0.616858
1460415945.985957,4912170.155707,3397488.302662,2232746.337362,-247.742229,357.782273,0.622952
1460416035.985957,4889767.852289,3429615.309144,2232802.676987,-250.084959,356.148667,0.629019
1460416125.985957,4867155.187092,3461594.600179,2232859.561443,-252.416918,354.499720,0.635059
1460416215.985957,4844333.134081,3493424.798369,2232916.988278,-254.738005,352.835504,0.641072
1460416305.985957,4821302.676235,3525104.532738,2232974.955021,-257.048120,351.156091,0.647057
1460416395.985957,4798064.805513,3556632.438792,2233033.459173,-259.347164,349.461554,0.653014
1460416485.985957,4774620.522805,3588007.158573,2233092.498216,-261.635037,347.751964,0.658943
1460416575.985957,4750970.837893,3619227.340726,2233152.069606,-263.911641,346.027396,0.664844
1460416665.985957,4727116.769406,3650291.640547,2233212.170777,-266.176878,344.287925,0.670716
1460416755.985957,4703059.344775,3681198.720050,2233272.799141,-268.430650,342.533624,0.676559
1460416845.985957,4678799.600190,3711947.248018,2233333.952086,-270.672861,340.764570,0.682373
1460416935.985957,4654338.580558,3742535.900065,2233395.626978,-272.903413,338.980838,0.688157
1460417025.985957,4629677.339451,3772963.358691,2233457.821161,-275.122211,337.182507,0.693912
1460417115.985957,4604816.939067,3803228.313337,2233520.531956,-277.329159,335.369652,0.699637
1460417205.985957,4579758.450182,3833329.460445,2233583.756661,-279.524162,333.542352,0.705332
1460417295.985957,4554502.952105,3863265.503512,2233647.492554,-281.707125,331.700686,0.710997
1460417385.985957,4529051.532628,3893035.153146,2233711.736890,-283.877955,329.844733,0.716631
1460417475.985957,4503405.287984,3922637.127122,2233776.486900,-286.036558,327.974574,0.722234
1460417565.985957,4477565.322797,3952070.150438,2233841.739796,-288.182841,326.090288,0.727806
1460417655.985957,4451532.750032,3981332.955368,2233907.492768,-290.316711,324.191957,0.733346
1460417745.985957,4425308.690955,4010424.281516,2233973.742984,-292.438077,322.279662,0.738855
1460417835.985957,4398894.275075,4039342.875875,2234040.487589,-294.546847,320.353486,0.744332
1460417925.985957,4372290.640102,4068087.492876,2234107.723709,-296.642931,318.413512,0.749777
1460418015.985957,4345498.931897,4096656.894443,2234175.448448,-298.726238,316.459824,0.755190
1460418105.985957,4318520.304419,4125049.850049,2234243.658889,-300.796678,314.492505,0.760571
1460418195.985957,4291355.919679,4153265.136765,2234312.352094,-302.854162,312.511640,0.765918
1460418285.985957,4264006.947691,4181301.539314,2234381.525104,-304.898602,310.517315,0.771233
1460418375.985957,4236474.566416,4209157.850126,2234451.174940,-306.929909,308.509616,0.776514
1460418465.985957,4208759.961716,4236832.869385,2234521.298601,-308.947997,306.488629,0.781762
1460418555.985957,4180864.327304,4264325.405087,2234591.893067,-310.952777,304.454440,0.786976
1460418645.985957,4152788.864686,4291634.273084,2234662.955298,-312.944165,302.407139,0.792156
1460418735.985957,4124534.783117,4318758.297142,2234734.482233,-314.922073,300.346812,0.797302
1460418825.985957,4096103.299543,4345696.308986,2234806.470791,-316.886417,298.273549,0.802414
1460418915.985957,4067495.638553,4372447.148356,2234878.917870,-318.837113,296.187438,0.807492
1460419005.985957,4038713.032323,4399009.663050,2234951.820352,-320.774076,294.088571,0.812534
1460419095.985957,4009756.720563,4425382.708981,2235025.175094,-322.697222,291.977036,0.817542
1460419185.985957,3980627.950469,4451565.150219,2235098.978939,-324.606469,289.852926,0.822514
1460419275.985957,3951327.976619,4477555.859083,2235173.228707,-326.501735,287.716332,0.827451
1460419365.985957,3921858.061027,4503353.716097,2235247.921200,-328.382938,285.567344,0.832352
1460419455.985957,3892219.473030,4528957.610085,2235323.053201,-330.249998,283.406057,0.837217
1460419545.985957,3862413.489208,4554366.438250,2235398.621473,-332.102832,281.232564,0.842047
1460419635.985957,3832441.393351,4579579.106192,2235474.622762,-333.941363,279.046957,0.846840
1460419725.985957,3802304.476403,4604594.527964,2235551.053794,-335.765510,276.849331,0.851596
1460419815.985957,3772004.036409,4629411.626113,2235627.911277,-337.575195,274.639781,0.856316
1460419905.985957,3741541.378454,4654029.331727,2235705.191900,-339.370341,272.418402,0.860999
1460419995.985957,3710917.814614,4678446.584484,2235782.892336,-341.150869,270.185289,0.865645
1460420085.985957,3680134.663891,4702662.332696,2235861.009236,-342.916703,267.940539,0.870253
1460420175.985957,3649193.252165,4726675.533351,2235939.539237,-344.667768,265.684249,0.874825
1460420265.985957,3618094.912130,4750485.152165,2236018.478956,-346.403987,263.416514,0.879358
1460420355.985957,3586840.983239,4774090.163621,2236097.824992,-348.125285,261.137435,0.883854
1460420445.985957,3555432.811647,4797489.551013,2236177.573929,-349.831590,258.847107,0.888311
1460420535.985957,3523871.750154,4820682.306494,2236257.722330,-351.522827,256.545631,0.892730
1460420625.985957,3492159.158142,4843667.431116,2236338.266745,-353.198923,254.233105,0.897111
1460420715.985957,3460296.401523,4866443.934874,2236419.203703,-354.859806,251.909628,0.901453
1460420805.985957,3428284.852674,4889010.836749,2236500.529719,-356.505405,249.575302,0.905757
1460420895.985957,3396125.890383,4911367.164749,2236582.241289,-358.135649,247.230226,0.910021
1460420985.985957,3363820.899786,4933511.955953,2236664.334894,-359.750467,244.874501,0.914246
1460421075.985957,3331371.272309,4955444.256550,2236746.806998,-361.349790,242.508229,0.918432
1460421165.985957,3298778.405607,4977163.121882,2236829.654049,-362.933549,240.131512,0.922578
1460421255.985957,3266043.703506,4998667.616484,2236912.872478,-364.501676,237.744452,0.926684
1460421345.985957,3233168.575941,5019956.814124,2236996.458700,-366.054104,235.347152,0.930751
1460421435.985957,3200154.438893,5041029.797842,2237080.409116,-367.590765,232.939715,0.934777
1460421525.985957,3167002.714333,5061885.659994,2237164.720110,-369.111593,230.522246,0.938763
1460421615.985957,3133714.830157,5082523.502285,2237249.388050,-370.616523,228.094847,0.942709
1460421705.985957,3100292.220126,5102942.435810,2237334.409289,-372.105490,225.657624,0.946614
1460421795.985957,3066736.323803,5123141.581095,2237419.780165,-373.578430,223.210681,0.950479
1460421885.985957,3033048.586493,5143120.068132,2237505.497001,-375.035280,220.754125,0.954302
1460421975.985957,2999230.459178,5162877.036415,2237591.556104,-376.475976,218.288060,0.958084
1460422065.985957,2965283.398458,5182411.634982,2237677.953769,-377.900456,215.812593,0.961825
1460422155.985957,2931208.866486,5201723.022447,2237764.686273,-379.308660,213.327831,0.965525
1460422245.985957,2897008.330904,5220810.367039,2237851.749881,-380.700526,210.833880,0.969183
1460422335.985957,2862683.264782,5239672.846636,2237939.140843,-382.075996,208.330849,0.972799
1460422425.985957,2828235.146554,5258309.648802,2238026.855394,-383.435008,205.818844,0.976374
1460422515.985957,2793665.459953,5276719.970821,2238114.889757,-384.777505,203.297975,0.979906
1460422605.985957,2758975.693951,5294903.019732,2238203.240139,-386.103430,200.768349,0.983396
1460422695.985957,2724167.342688,5312858.012363,2238291.902736,-387.412724,198.230076,0.986844
1460422785.985957,2689241.905414,5330584.175365,2238380.873727,-388.705332,195.683264,0.990249
1460422875.985957,2654200.886423,5348080.745243,2238470.149281,-389.981197,193.128025,0.993612
1460422965.985957,2619045.794984,5365346.968395,2238559.725553,-391.240266,190.564466,0.996931
1460423055.985957,2583778.145282,5382382.101136,2238649.598684,-392.482483,187.992700,1.000208
1460423145.985957,2548399.456350,5399185.409737,2238739.764804,-393.707795,185.412837,1.003442
1460423235.985957,2512911.252002,5415756.170454,2238830.220027,-394.916150,182.824988,1.006633
1460423325.985957,2477315.060771,5432093.669558,2238920.960459,-396.107495,180.229264,1.009780
1460423415.985957,2441612.415838,5448197.203368,2239011.982191,-397.281780,177.625778,1.012884
1460423505.985957,2405804.854974,5464066.078279,2239103.281302,-398.438952,175.014641,1.015944
1460423595.985957,2369893.920464,5479699.610795,2239194.853860,-399.578963,172.395966,1.018960
1460423685.985957,2333881.159048,5495097.127556,2239286.695920,-400.701764,169.769865,1.021932
1460423775.985957,2297768.121852,5510257.965365,2239378.803526,-401.807306,167.136452,1.024861
1460423865.985957,2261556.364320,5525181.471223,2239471.172712,-402.895542,164.495841,1.027745
1460423955.985957,2225247.446148,5539867.002351,2239563.799499,-403.966424,161.848144,1.030585
1460424045.985957,2188842.931219,5554313.926220,2239656.679896,-405.019906,159.193476,1.033381
1460424135.985957,2152344.387530,5568521.620579,2239749.809903,-406.055944,156.531952,1.036132
1460424225.985957,2115753.387131,5582489.473481,2239843.185510,-407.074493,153.863685,1.038838
1460424315.985957,2079071.506052,5596216.883308,2239936.802693,-408.075508,151.188791,1.041500
1460424405.985957,2042300.324239,5609703.258799,2240030.657421,-409.058946,148.507386,1.044117
1460424495.985957,2005441.425485,5622948.019076,2240124.745651,-410.024766,145.819584,1.046689
1460424585.985957,1968496.397357,5635950.593665,2240219.063330,-410.972926,143.125501,1.049215
1460424675.985957,1931466.831137,5648710.422527,2240313.606396,-411.903384,140.425253,1.051697
1460424765.985957,1894354.321745,5661226.956075,2240408.370776,-412.816101,137.718958,1.054133
1460424855.985957,1857160.467675,5673499.655203,2240503.352389,-413.711037,135.006730,1.056524
1460424945.985957,1819886.870922,5685527.991307,2240598.547144,-414.588154,132.288688,1.058870
1460425035.985957,1782535.136919,5697311.446307,2240693.950940,-415.447414,129.564947,1.061169
1460425125.985957,1745106.874463,5708849.512672,2240789.559668,-416.288780,126.835626,1.063423
1460425215.985957,1707603.695646,5720141.693440,2240885.369210,-417.112216,124.100842,1.065632
1460425305.985957,1670027.215790,5731187.502238,2240981.375439,-417.917686,121.360713,1.067794
1460425395.985957,1632379.053371,5741986.463307,2241077.574219,-418.705156,118.615357,1.069911
1460425485.985957,1594660.829953,5752538.111518,2241173.961408,-419.474592,115.864892,1.071981
1460425575.985957,1556874.170120,5762841.992397,2241270.532853,-420.225960,113.109436,1.074005
1460425665.985957,1519020.701401,5772897.662137,2241367.284395,-420.959228,110.349108,1.075983
1460425755.985957,1481102.054203,5782704.687627,2241464.211867,-421.674365,107.584028,1.077914
1460425845.985957,1443119.861742,5792262.646463,2241561.311093,-422.371340,104.814314,1.079799
1460425935.985957,1405075.759969,5801571.126968,2241658.577891,-423.050123,102.040085,1.081638
1460426025.985957,1366971.387502,5810629.728212,2241756.008072,-423.710684,99.261461,1.083430
1460426115.985957,1328808.385557,5819438.060026,2241853.597439,-424.352996,96.478562,1.085175
1460426205.985957,1290588.397872,5827995.743022,2241951.341788,-424.977029,93.691507,1.086874
1460426295.985957,1252313.070642,5836302.408608,2242049.236910,-425.582759,90.900417,1.088526
1460426385.985957,1213984.052444,5844357.699002,2242147.278588,-426.170158,88.105412,1.090130
1460426475.985957,1175602.994169,5852161.267251,2242245.462598,-426.739201,85.306612,1.091688
1460426565.985957,1137171.548948,5859712.777243,2242343.784712,-427.289864,82.504137,1.093199
1460426655.985957,1098691.372082,5867011.903722,2242442.240695,-427.822122,79.698109,1.094663
1460426745.985957,1060164.120974,5874058.332304,2242540.826306,-428.335954,76.888649,1.096080
1460426835.985957,1021591.455050,5880851.759488,2242639.537298,-428.831337,74.075876,1.097449
1460426925.985957,982975.035696,5887391.892671,2242738.369420,-429.308249,71.259913,1.098771
1460427015.985957,944316.526181,5893678.450158,2242837.318414,-429.766671,68.440881,1.100046
1460427105.985957,905617.591586,5899711.161179,2242936.380020,-430.206581,65.618901,1.101274
1460427195.985957,866879.898735,5905489.765896,2243035.549969,-430.627962,62.794094,1.102454
1460427285.985957,828105.116120,5911014.015413,2243134.823991,-431.030795,59.966583,1.103586
1460427375.985957,789294.913830,5916283.671794,2243234.197808,-431.415063,57.136489,1.104671
1460427465.985957,750450.963482,5921298.508066,2243333.667142,-431.780749,54.303934,1.105709
1460427555.985957,711574.938144,5926058.308233,2243433.227707,-432.127838,51.469041,1.106699
1460427645.985957,672668.512268,5930562.867282,2243532.875215,-432.456314,48.631930,1.107641
1460427735.985957,633733.361613,5934811.991195,2243632.605374,-432.766164,45.792725,1.108535
1460427825.985957,594771.163176,5938805.496956,2243732.413888,-433.057374,42.951547,1.109382
1460427915.985957,555783.595119,5942543.212558,2243832.296459,-433.329932,40.108519,1.110181
1460428005.985957,516772.336698,5946024.977012,2243932.248783,-433.583825,37.263764,1.110932
1460428095.985957,477739.068188,5949250.640352,2244032.266557,-433.819043,34.417404,1.111635
1460428185.985957,438685.470813,5952220.063646,2244132.345470,-434.035576,31.569561,1.112290
1460428275.985957,399613.226670,5954933.118994,2244232.481214,-434.233414,28.720359,1.112898
1460428365.985957,360524.018662,5957389.689541,2244332.669475,-434.412549,25.869919,1.113457
1460428455.985957,321419.530423,5959589.669479,2244432.905936,-434.572973,23.018365,1.113969
1460428545.985957,282301.446242,5961532.964052,2244533.186282,-434.714680,20.165820,1.114432
1460428635.985957,243171.450996,5963219.489559,2244633.506192,-434.837663,17.312407,1.114848
1460428725.985957,204031.230075,5964649.173358,2244733.861345,-434.941917,14.458247,1.115215
1460428815.985957,164882.469309,5965821.953870,2244834.247420,-435.027437,11.603465,1.115535
1460428905.985957,125726.854895,5966737.780583,2244934.660091,-435.094219,8.748183,1.115806
1460428995.985957,86566.073327,5967396.614050,2245035.095033,-435.142262,5.892525,1.116030
1460429085.985957,47401.811319,5967798.425893,2245135.547922,-435.171562,3.036612,1.116205
1460429175.985957,8235.755739,5967943.198807,2245236.014429,-435.182119,0.180569,1.116332
1460429265.985957,-30930.406474,5967830.926556,2245336.490228,-435.173932,-2.675482,1.116411
1460429355.985957,-70094.988370,5967461.613975,2245436.970990,-435.147001,-5.531418,1.116442
1460429445.985957,-109256.303070,5966835.276972,2245537.452388,-435.101328,-8.387116,1.116425
1460429535.985957,-148412.663837,5965951.942523,2245637.930094,-435.036914,-11.242452,1.116360
1460429625.985957,-187562.384144,5964811.648675,2245738.399779,-434.953762,-14.097304,1.116247
1460429715.985957,-226703.777753,5963414.444542,2245838.857116,-434.851877,-16.951549,1.116086
1460429805.985957,-265835.158784,5961760.390304,2245939.297778,-434.731261,-19.805064,1.115876
1460429895.985957,-304954.841787,5959849.557204,2246039.717440,-434.591922,-22.657726,1.115619
1460429985.985957,-344061.141817,5957682.027544,2246140.111774,-434.433863,-25.509411,1.115314
1460430075.985957,-383152.374505,5955257.894683,2246240.476458,-434.257093,-28.359998,1.114960
1460430165.985957,-422226.856131,5952577.263032,2246340.807168,-434.061619,-31.209364,1.114559
1460430255.985957,-461282.903697,5949640.248050,2246441.099582,-433.847449,-34.057385,1.114109
1460430345.985957,-500318.834998,5946446.976239,2246541.349381,-433.614592,-36.903940,1.113611
1460430435.985957,-539332.968696,5942997.585138,2246641.552246,-433.363059,-39.748905,1.113066
1460430525.985957,-578323.624392,5939292.223317,2246741.703862,-433.092861,-42.592158,1.112472
1460430615.985957,-617289.122698,5935331.050372,2246841.799915,-432.804008,-45.433576,1.111831
1460430705.985957,-656227.785309,5931114.236917,2246941.836093,-432.496514,-48.273038,1.111142
1460430795.985957,-695137.935079,5926641.964576,2247041.808087,-432.170392,-51.110420,1.110405
1460430885.985957,-734017.896085,5921914.425978,2247141.711591,-431.825655,-53.945601,1.109620
1460430975.985957,-772865.993707,5916931.824745,2247241.542302,-431.462319,-56.778458,1.108787
1460431065.985957,-811680.554698,5911694.375484,2247341.295920,-431.080399,-59.608870,1.107907
1460431155.985957,-850459.907255,5906202.303781,2247440.968148,-430.679912,-62.436714,1.106978
1460431245.985957,-889202.381091,5900455.846189,2247540.554694,-430.260875,-65.261870,1.106002
1460431335.985957,-927906.307508,5894455.250215,2247640.051266,-429.823306,-68.084214,1.104979
1460431425.985957,-966570.019466,5888200.774314,2247739.453581,-429.367224,-70.903626,1.103908
1460431515.985957,-1005191.851662,5881692.687878,2247838.757356,-428.892648,-73.719983,1.102789
1460431605.985957,-1043770.140592,5874931.271218,2247937.958314,-428.399599,-76.533166,1.101623
1460431695.985957,-1082303.224630,5867916.815559,2248037.052182,-427.888098,-79.343052,1.100409
1460431785.985957,-1120789.444096,5860649.623026,2248136.034692,-427.358168,-82.149521,1.099148
1460431875.985957,-1159227.141329,5853130.006627,2248234.901580,-426.809830,-84.952451,1.097840
1460431965.985957,-1197614.660757,5845358.290243,2248333.648588,-426.243109,-87.751723,1.096484
1460432055.985957,-1235950.348972,5837334.808616,2248432.271463,-425.658030,-90.547214,1.095081
1460432145.985957,-1274232.554795,5829059.907327,2248530.765955,-425.054616,-93.338806,1.093631
1460432235.985957,-1312459.629353,5820533.942790,2248629.127824,-424.432895,-96.126378,1.092134
1460432325.985957,-1350629.926147,5811757.282232,2248727.352831,-423.792892,-98.909809,1.090590
1460432415.985957,-1388741.801122,5802730.303677,2248825.436747,-423.134637,-101.688980,1.088999
1460432505.985957,-1426793.612740,5793453.395930,2248923.375347,-422.458156,-104.463771,1.087361
1460432595.985957,-1464783.722053,5783926.958563,2249021.164411,-421.763479,-107.234063,1.085676
1460432685.985957,-1502710.492766,5774151.401894,2249118.799728,-421.050637,-109.999736,1.083944
1460432775.985957,-1540572.291315,5764127.146971,2249216.277092,-420.319659,-112.760671,1.082166
1460432865.985957,-1578367.486934,5753854.625554,2249313.592305,-419.570577,-115.516749,1.080341
1460432955.985957,-1616094.451725,5743334.280097,2249410.741175,-418.803423,-118.267852,1.078469
1460433045.985957,-1653751.560730,5732566.563728,2249507.719518,-418.018232,-121.013861,1.076551
1460433135.985957,-1691337.191997,5721551.940227,2249604.523155,-417.215035,-123.754658,1.074587
1460433225.985957,-1728849.726657,5710290.884013,2249701.147919,-416.393868,-126.490124,1.072576
1460433315.985957,-1766287.548985,5698783.880117,2249797.589645,-415.554767,-129.220142,1.070519
1460433405.985957,-1803649.046477,5687031.424162,2249893.844182,-414.697767,-131.944595,1.068416
1460433495.985957,-1840932.609916,5675034.022346,2249989.907382,-413.822905,-134.663364,1.066267
1460433585.985957,-1878136.633440,5662792.191414,2250085.775108,-412.930220,-137.376333,1.064073
1460433675.985957,-1915259.514615,5650306.458642,2250181.443230,-412.019748,-140.083385,1.061832
1460433765.985957,-1952299.654501,5637577.361809,2250276.907628,-411.091531,-142.784404,1.059545
1460433855.985957,-1989255.457721,5624605.449178,2250372.164190,-410.145607,-145.479273,1.057213
1460433945.985957,-2026125.332532,5611391.279468,2250467.208812,-409.182017,-148.167875,1.054836
1460434035.985957,-2062907.690892,5597935.421834,2250562.037402,-408.200804,-150.850096,1.052412
1460434125.985957,-2099600.948526,5584238.455841,2250656.645873,-407.202008,-153.525820,1.049944
1460434215.985957,-2136203.525000,5570300.971438,2250751.030152,-406.185674,-156.194931,1.047430
1460434305.985957,-2172713.843783,5556123.568935,2250845.186172,-405.151845,-158.857314,1.044872
1460434395.985957,-2209130.332321,5541706.858973,2250939.109879,-404.100565,-161.512855,1.042268
1460434485.985957,-2245451.422098,5527051.462504,2251032.797225,-403.031880,-164.161440,1.039619
1460434575.985957,-2281675.548709,5512158.010757,2251126.244177,-401.945836,-166.802954,1.036926
1460434665.985957,-2317801.151925,5497027.145217,2251219.446709,-400.842479,-169.437283,1.034188
1460434755.985957,-2353826.675759,5481659.517593,2251312.400806,-399.721857,-172.064314,1.031405
1460434845.985957,-2389750.568538,5466055.789792,2251405.102464,-398.584019,-174.683935,1.028578
1460434935.985957,-2425571.282962,5450216.633893,2251497.547691,-397.429013,-177.296031,1.025707
1460435025.985957,-2461287.276179,5434142.732111,2251589.732505,-396.256890,-179.900491,1.022791
1460435115.985957,-2496897.009845,5417834.776774,2251681.652935,-395.067698,-182.497203,1.019832
1460435205.985957,-2532398.950194,5401293.470291,2251773.305021,-393.861491,-185.086054,1.016828
1460435295.985957,-2567791.568102,5384519.525122,2251864.684816,-392.638320,-187.666933,1.013781
1460435385.985957,-2603073.339155,5367513.663746,2251955.788383,-391.398237,-190.239729,1.010690
1460435475.985957,-2638242.743712,5350276.618632,2252046.611799,-390.141295,-192.804331,1.007555
1460435565.985957,-2673298.266972,5332809.132207,2252137.151152,-388.867550,-195.360628,1.004377
1460435655.985957,-2708238.399040,5315111.956823,2252227.402541,-387.577056,-197.908512,1.001156
1460435745.985957,-2743061.634990,5297185.854723,2252317.362080,-386.269868,-200.447870,0.997892
1460435835.985957,-2777766.474931,5279031.598012,2252407.025893,-384.946043,-202.978596,0.994584
1460435925.985957,-2812351.424072,5260649.968624,2252496.390118,-383.605637,-205.500579,0.991234
1460436015.985957,-2846814.992785,5242041.758282,2252585.450906,-382.248710,-208.013710,0.987841
1460436105.985957,-2881155.696672,5223207.768472,2252674.204421,-380.875318,-210.517882,0.984406
1460436195.985957,-2915372.056626,5204148.810401,2252762.646840,-379.485521,-213.012987,0.980928
1460436285.985957,-2949462.598894,5184865.704971,2252850.774353,-378.079379,-215.498917,0.977408
1460436375.985957,-2983425.855144,5165359.282732,2252938.583164,-376.656953,-217.975565,0.973846
1460436465.985957,-3017260.362525,5145630.383858,2253026.069492,-375.218303,-220.442824,0.970242
1460436555.985957,-3050964.663735,5125679.858101,2253113.229567,-373.763493,-222.900589,0.966596
1460436645.985957,-3084537.307075,5105508.564763,2253200.059636,-372.292584,-225.348753,0.962909
1460436735.985957,-3117976.846520,5085117.372653,2253286.555958,-370.805639,-227.787211,0.959180
1460436825.985957,-3151281.841778,5064507.160049,2253372.714808,-369.302723,-230.215858,0.955409
1460436915.985957,-3184450.858350,5043678.814667,2253458.532475,-367.783901,-232.634589,0.951598
1460437005.985957,-3217482.467597,5022633.233615,2253544.005262,-366.249238,-235.043300,0.947745
1460437095.985957,-3250375.246794,5001371.323358,2253629.129487,-364.698800,-237.441887,0.943852
1460437185.985957,-3283127.779200,4979893.999681,2253713.901484,-363.132654,-239.830247,0.939918
1460437275.985957,-3315738.654111,4958202.187644,2253798.317601,-361.550867,-242.208278,0.935944
1460437365.985957,-3348206.466928,4936296.821549,2253882.374203,-359.953508,-244.575876,0.931929
1460437455.985957,-3380529.819211,4914178.844891,2253966.067668,-358.340644,-246.932940,0.927874
1460437545.985957,-3412707.318743,4891849.210328,2254049.394393,-356.712347,-249.279368,0.923779
1460437635.985957,-3444737.579590,4869308.879631,2254132.350786,-355.068685,-251.615060,0.919645
1460437725.985957,-3476619.222158,4846558.823647,2254214.933276,-353.409730,-253.939914,0.915470
1460437815.985957,-3508350.873256,4823600.022256,2254297.138305,-351.735554,-256.253830,0.911257
1460437905.985957,-3539931.166152,4800433.464329,2254378.962333,-350.046227,-258.556709,0.907004
1460437995.985957,-3571358.740635,4777060.147686,2254460.401834,-348.341823,-260.848452,0.902712
1460438085.985957,-3602632.243070,4753481.079051,2254541.453301,-346.622416,-263.128959,0.898381
1460438175.985957,-3633750.326458,4729697.274012,2254622.113243,-344.888079,-265.398133,0.894011
1460438265.985957,-3664711.650496,4705709.756973,2254702.378185,-343.138887,-267.655876,0.889603
1460438355.985957,-3695514.881632,4681519.561115,2254782.244671,-341.374916,-269.902091,0.885157
1460438445.985957,-3726158.693123,4657127.728346,2254861.709259,-339.596241,-272.136680,0.880672
1460438535.985957,-3756641.765092,4632535.309261,2254940.768528,-337.802939,-274.359549,0.876150
1460438625.985957,-3786962.784586,4607743.363093,2255019.419071,-335.995088,-276.570600,0.871590
1460438715.985957,-3817120.445632,4582752.957669,2255097.657501,-334.172765,-278.769739,0.866992
1460438805.985957,-3847113.449293,4557565.169364,2255175.480448,-332.336048,-280.956870,0.862357
1460438895.985957,-3876940.503724,4532181.083057,2255252.884561,-330.485017,-283.131901,0.857685
1460438985.985957,-3906600.324226,4506601.792079,2255329.866503,-328.619752,-285.294736,0.852976
1460439075.985957,-3936091.633307,4480828.398168,2255406.422961,-326.740332,-287.445284,0.848230
1460439165.985957,-3965413.160729,4454862.011426,2255482.550636,-324.846840,-289.583451,0.843447
1460439255.985957,-3994563.643568,4428703.750265,2255558.246249,-322.939355,-291.709145,0.838628
1460439345.985957,-4023541.826269,4402354.741361,2255633.506540,-321.017961,-293.822274,0.833774
1460439435.985957,-4052346.460697,4375816.119608,2255708.328267,-319.082741,-295.922748,0.828883
1460439525.985957,-4080976.306190,4349089.028064,2255782.708207,-317.133777,-298.010477,0.823956
1460439615.985957,-4109430.129617,4322174.617907,2255856.643156,-315.171153,-300.085369,0.818994
1460439705.985957,-4137706.705428,4295074.048382,2255930.129930,-313.194955,-302.147337,0.813997
1460439795.985957,-4165804.815707,4267788.486752,2256003.165363,-311.205267,-304.196290,0.808965
1460439885.985957,-4193723.250225,4240319.108250,2256075.746309,-309.202174,-306.232142,0.803897
1460439975.985957,-4221460.806492,4212667.096023,2256147.869642,-307.185764,-308.254803,0.798796
1460440065.985957,-4249016.289808,4184833.641086,2256219.532256,-305.156123,-310.264187,0.793659
1460440155.985957,-4276388.513315,4156819.942271,2256290.731063,-303.113339,-312.260208,0.788489
1460440245.985957,-4303576.298050,4128627.206168,2256361.462997,-301.057499,-314.242779,0.783285
1460440335.985957,-4330578.472993,4100256.647085,2256431.725011,-298.988691,-316.211816,0.778046
1460440425.985957,-4357393.875119,4071709.486984,2256501.514079,-296.907006,-318.167232,0.772775
1460440515.985957,-4384021.349445,4042986.955435,2256570.827194,-294.812533,-320.108945,0.767470
1460440605.985957,-4410459.749086,4014090.289564,2256639.661371,-292.705362,-322.036870,0.762132
1460440695.985957,-4436707.935299,3985020.733993,2256708.013645,-290.585583,-323.950925,0.756761
1460440785.985957,-4462764.777534,3955779.540794,2256775.881072,-288.453289,-325.851026,0.751358
1460440875.985957,-4488629.153483,3926367.969430,2256843.260728,-286.308570,-327.737093,0.745922
1460440965.985957,-4514299.949126,3896787.286703,2256910.149711,-284.151519,-329.609043,0.740454
1460441055.985957,-4539776.058782,3867038.766698,2256976.545141,-281.982230,-331.466797,0.734954
1460441145.985957,-4565056.385157,3837123.690731,2257042.444156,-279.800795,-333.310273,0.729423
1460441235.985957,-4590139.839387,3807043.347290,2257107.843919,-277.607309,-335.139394,0.723860
1460441325.985957,-4615025.341089,3776799.031982,2257172.741612,-275.401866,-336.954080,0.718266
1460441415.985957,-4639711.818406,3746392.047476,2257237.134441,-273.184561,-338.754252,0.712641
1460441505.985957,-4664198.208054,3715823.703449,2257301.019631,-270.955489,-340.539834,0.706985
1460441595.985957,-4688483.455365,3685095.316526,2257364.394430,-268.714747,-342.310748,0.701299
1460441685.985957,-4712566.514336,3654208.210226,2257427.256110,-266.462431,-344.066918,0.695583
1460441775.985957,-4736446.347673,3623163.714906,2257489.601961,-264.198638,-345.808269,0.689837
1460441865.985957,-4760121.926833,3591963.167698,2257551.429300,-261.923466,-347.534726,0.684061
1460441955.985957,-4783592.232075,3560607.912460,2257612.735461,-259.637012,-349.246213,0.678255
1460442045.985957,-4806856.252494,3529099.299710,2257673.517806,-257.339375,-350.942658,0.672420
1460442135.985957,-4829912.986073,3497438.686573,2257733.773715,-255.030654,-352.623988,0.666557
1460442225.985957,-4852761.439724,3465627.436722,2257793.500593,-252.710949,-354.290129,0.660664
1460442315.985957,-4875400.629328,3433666.920315,2257852.695868,-250.380359,-355.941010,0.654743
1460442405.985957,-4897829.579780,3401558.513941,2257911.356989,-248.038984,-357.576561,0.648794
1460442495.985957,-4920047.325030,3369303.600560,2257969.481430,-245.686927,-359.196710,0.642817
1460442585.985957,-4942052.908126,3336903.569440,2258027.066688,-243.324287,-360.801388,0.636813
1460442675.985957,-4963845.381254,3304359.816100,2258084.110281,-240.951166,-362.390526,0.630781
1460442765.985957,-4985423.805776,3271673.742251,2258140.609753,-238.567668,-363.964054,0.624721
1460442855.985957,-5006787.252278,3238846.755733,2258196.562670,-236.173894,-365.521907,0.618635
1460442945.985957,-5027934.800603,3205880.270454,2258251.966622,-233.769948,-367.064016,0.612522
1460443035.985957,-5048865.539893,3172775.706332,2258306.819223,-231.355933,-368.590315,0.606383
1460443125.985957,-5069578.568628,3139534.489232,2258361.118109,-228.931953,-370.100738,0.600218
1460443215.985957,-5090072.994667,3106158.050904,2258414.860942,-226.498113,-371.595220,0.594027
1460443305.985957,-5110347.935282,3072647.828923,2258468.045406,-224.054517,-373.073697,0.587810
1460443395.985957,-5130402.517202,3039005.266627,2258520.669212,-221.601270,-374.536106,0.581568
1460443485.985957,-5150235.876642,3005231.813053,2258572.730092,-219.138479,-375.982382,0.575301
1460443575.985957,-5169847.159351,2971328.922875,2258624.225804,-216.666249,-377.412464,0.569009
1460443665.985957,-5189235.520640,2937298.056343,2258675.154129,-214.184687,-378.826291,0.562692
1460443755.985957,-5208400.125422,2903140.679221,2258725.512874,-211.693900,-380.223801,0.556352
1460443845.985957,-5227340.148248,2868858.262718,2258775.299870,-209.193995,-381.604934,0.549987
1460443935.985957,-5246054.773342,2834452.283431,2258824.512972,-206.685080,-382.969630,0.543599
1460444025.985957,-5264543.194635,2799924.223280,2258873.150061,-204.167262,-384.317832,0.537187
1460444115.985957,-5282804.615804,2765275.569440,2258921.209041,-201.640651,-385.649481,0.530752
1460444205.985957,-5300838.250299,2730507.814284,2258968.687842,-199.105354,-386.964518,0.524294
1460444295.985957,-5318643.321386,2695622.455312,2259015.584419,-196.561482,-388.262889,0.517814
1460444385.985957,-5336219.062171,2660620.995092,2259061.896752,-194.009143,-389.544537,0.511312
1460444475.985957,-5353564.715640,2625504.941188,2259107.622846,-191.448449,-390.809406,0.504787
1460444565.985957,-5370679.534689,2590275.806106,2259152.760732,-188.879508,-392.057443,0.498240
1460444655.985957,-5387562.782157,2554935.107217,2259197.308465,-186.302432,-393.288593,0.491673
1460444745.985957,-5404213.730856,2519484.366701,2259241.264127,-183.717332,-394.502804,0.485084
1460444835.985957,-5420631.663603,2483925.111476,2259284.625824,-181.124318,-395.700023,0.478474
1460444925.985957,-5436815.873253,2448258.873133,2259327.391687,-178.523504,-396.880198,0.471843
1460445015.985957,-5452765.662726,2412487.187873,2259369.559876,-175.915000,-398.043279,0.465192
1460445105.985957,-5468480.345041,2376611.596439,2259411.128573,-173.298919,-399.189216,0.458521
1460445195.985957,-5483959.243342,2340633.644047,2259452.095989,-170.675374,-400.317959,0.451831
1460445285.985957,-5499201.690929,2304554.880322,2259492.460358,-168.044477,-401.429460,0.445121
1460445375.985957,-5514207.031286,2268376.859234,2259532.219942,-165.406343,-402.523670,0.438391
1460445465.985957,-5528974.618110,2232101.139026,2259571.373028,-162.761084,-403.600543,0.431643
1460445555.985957,-5543503.815337,2195729.282149,2259609.917930,-160.108815,-404.660033,0.424876
1460445645.985957,-5557793.997174,2159262.855195,2259647.852986,-157.449650,-405.702093,0.418091
1460445735.985957,-5571844.548119,2122703.428830,2259685.176565,-154.783703,-406.726679,0.411288
1460445825.985957,-5585654.862993,2086052.577725,2259721.887056,-152.111090,-407.733747,0.404467
1460445915.985957,-5599224.346965,2049311.880489,2259757.982880,-149.431925,-408.723253,0.397629
1460446005.985957,-5612552.415577,2012482.919600,2259793.462482,-146.746323,-409.695154,0.390774
1460446095.985957,-5625638.494767,1975567.281338,2259828.324332,-144.054401,-410.649410,0.383902
1460446185.985957,-5638482.020898,1938566.555718,2259862.566930,-141.356275,-411.585978,0.377013
1460446275.985957,-5651082.440780,1901482.336418,2259896.188800,-138.652060,-412.504818,0.370108
1460446365.985957,-5663439.211692,1864316.220713,2259929.188495,-135.941873,-413.405891,0.363187
1460446455.985957,-5675551.801409,1827069.809404,2259961.564592,-133.225830,-414.289158,0.356251
1460446545.985957,-5687419.688225,1789744.706753,2259993.315698,-130.504050,-415.154581,0.349299
1460446635.985957,-5699042.360969,1752342.520409,2260024.440443,-127.776648,-416.002123,0.342332
1460446725.985957,-5710419.319036,1714864.861342,2260054.937489,-125.043743,-416.831747,0.335350
1460446815.985957,-5721550.072402,1677313.343774,2260084.805520,-122.305452,-417.643417,0.328354
1460446905.985957,-5732434.141650,1639689.585105,2260114.043251,-119.561893,-418.437099,0.321344
1460446995.985957,-5743071.057984,1601995.205850,2260142.649422,-116.813185,-419.212758,0.314320
1460447085.985957,-5753460.363256,1564231.829564,2260170.622801,-114.059445,-419.970361,0.307282
1460447175.985957,-5763601.609984,1526401.082774,2260197.962182,-111.300792,-420.709875,0.300231
1460447265.985957,-5773494.361367,1488504.594908,2260224.666389,-108.537346,-421.431268,0.293167
1460447355.985957,-5783138.191310,1450543.998228,2260250.734270,-105.769225,-422.134510,0.286091
1460447445.985957,-5792532.684438,1412520.927754,2260276.164704,-102.996548,-422.819570,0.279002
1460447535.985957,-5801677.436115,1374437.021199,2260300.956594,-100.219435,-423.486418,0.271901
1460447625.985957,-5810572.052464,1336293.918897,2260325.108872,-97.438005,-424.135026,0.264789
1460447715.985957,-5819216.150378,1298093.263729,2260348.620499,-94.652378,-424.765366,0.257665
1460447805.985957,-5827609.357544,1259836.701057,2260371.490461,-91.862675,-425.377411,0.250530
1460447895.985957,-5835751.312453,1221525.878650,2260393.717773,-89.069015,-425.971134,0.243384
1460447985.985957,-5843641.664418,1183162.446614,2260415.301479,-86.271518,-426.546510,0.236228
1460448075.985957,-5851280.073589,1144748.057323,2260436.240647,-83.470306,-427.103513,0.229062
1460448165.985957,-5858666.210969,1106284.365342,2260456.534376,-80.665499,-427.642121,0.221885
1460448255.985957,-5865799.758425,1067773.027364,2260476.181792,-77.857217,-428.162309,0.214699
1460448345.985957,-5872680.408704,1029215.702130,2260495.182048,-75.045581,-428.664056,0.207504
1460448435.985957,-5879307.865446,990614.050365,2260513.534327,-72.230714,-429.147340,0.200300
1460448525.985957,-5885681.843196,951969.734701,2260531.237837,-69.412735,-429.612140,0.193087
1460448615.985957,-5891802.067417,913284.419610,2260548.291816,-66.591767,-430.058435,0.185866
1460448705.985957,-5897668.274501,874559.771326,2260564.695529,-63.767930,-430.486207,0.178637
1460448795.985957,-5903280.211782,835797.457781,2260580.448269,-60.941347,-430.895438,0.171401
1460448885.985957,-5908637.637545,796999.148528,2260595.549359,-58.112139,-431.286109,0.164157
1460448975.985957,-5913740.321038,758166.514670,2260609.998147,-55.280428,-431.658204,0.156905
1460449065.985957,-5918588.042478,719301.228788,2260623.794011,-52.446336,-432.011707,0.149648
1460449155.985957,-5923180.593069,680404.964871,2260636.936357,-49.609985,-432.346602,0.142383
1460449245.985957,-5927517.775002,641479.398240,2260649.424618,-46.771497,-432.662876,0.135113
1460449335.985957,-5931599.401467,602526.205481,2260661.258257,-43.930995,-432.960514,0.127836
1460449425.985957,-5935425.296662,563547.064367,2260672.436764,-41.088600,-433.239504,0.120554
1460449515.985957,-5938995.295800,524543.653791,2260682.959657,-38.244436,-433.499834,0.113267
1460449605.985957,-5942309.245117,485517.653689,2260692.826483,-35.398624,-433.741492,0.105976
1460449695.985957,-5945367.001874,446470.744972,2260702.036816,-32.551288,-433.964468,0.098679
1460449785.985957,-5948168.434370,407404.609451,2260710.590261,-29.702550,-434.168753,0.091378
1460449875.985957,-5950713.421942,368320.929764,2260718.486449,-26.852533,-434.354337,0.084074
1460449965.985957,-5953001.854974,329221.389307,2260725.725038,-24.001359,-434.521213,0.076765
1460450055.985957,-5955033.634900,290107.672156,2260732.305719,-21.149151,-434.669373,0.069454
1460450145.985957,-5956808.674207,250981.463001,2260738.228206,-18.296032,-434.798812,0.062139
1460450235.985957,-5958326.896443,211844.447067,2260743.492245,-15.442125,-434.909523,0.054822
1460450325.985957,-5959588.236214,172698.310047,2260748.097609,-12.587553,-435.001502,0.047502
1460450415.985957,-5960592.639193,133544.738025,2260752.044100,-9.732439,-435.074745,0.040181
1460450505.985957,-5961340.062118,94385.417406,2260755.331547,-6.876906,-435.129248,0.032857
1460450595.985957,-5961830.472798,55222.034843,2260757.959809,-4.021076,-435.165010,0.025533
1460450685.985957,-5962063.850109,16056.277163,2260759.928772,-1.165073,-435.182028,0.018207
1460450775.985957,-5962040.183999,-23110.168705,2260761.238352,1.690979,-435.180303,0.010880
1460450865.985957,-5961759.475488,-62275.615799,2260761.888493,4.546959,-435.159833,0.003553
1460450955.985957,-5961221.736666,-101438.377205,2260761.879165,7.402744,-435.120621,-0.003775
1460451045.985957,-5960426.990694,-140596.766122,2260761.210370,10.258209,-435.062667,-0.011102
1460451135.985957,-5959375.271804,-179749.095936,2260759.882136,13.113232,-434.985975,-0.018428
1460451225.985957,-5958066.625294,-218893.680297,2260757.894520,15.967691,-434.890547,-0.025754
1460451315.985957,-5956501.107530,-258028.833187,2260755.247609,18.821462,-434.776387,-0.033079
1460451405.985957,-5954678.785941,-297152.868995,2260751.941515,21.674422,-434.643501,-0.040402
1460451495.985957,-5952599.739018,-336264.102586,2260747.976381,24.526449,-434.491895,-0.047724
1460451585.985957,-5950264.056307,-375360.849381,2260743.352378,27.377420,-434.321574,-0.055044
1460451675.985957,-5947671.838412,-414441.425421,2260738.069705,30.227211,-434.132546,-0.062361
1460451765.985957,-5944823.196981,-453504.147446,2260732.128589,33.075700,-433.924819,-0.069675
1460451855.985957,-5941718.254712,-492547.332964,2260725.529287,35.922764,-433.698403,-0.076987
1460451945.985957,-5938357.145338,-531569.300324,2260718.272082,38.768282,-433.453306,-0.084295
1460452035.985957,-5934740.013627,-570568.368790,2260710.357287,41.612129,-433.189540,-0.091600
1460452125.985957,-5930867.015376,-609542.858612,2260701.785242,44.454185,-432.907116,-0.098900
1460452215.985957,-5926738.317399,-648491.091098,2260692.556318,47.294325,-432.606046,-0.106197
1460452305.985957,-5922354.097527,-687411.388687,2260682.670911,50.132429,-432.286343,-0.113488
1460452395.985957,-5917714.544595,-726302.075022,2260672.129447,52.968373,-431.948021,-0.120775
1460452485.985957,-5912819.858435,-765161.475021,2260660.932381,55.802036,-431.591093,-0.128057
1460452575.985957,-5907670.249869,-803987.914950,2260649.080193,58.633295,-431.215577,-0.135333
1460452665.985957,-5902265.940699,-842779.722493,2260636.573395,61.462029,-430.821488,-0.142603
1460452755.985957,-5896607.163696,-881535.226828,2260623.412526,64.288115,-430.408842,-0.149868
1460452845.985957,-5890694.162593,-920252.758695,2260609.598152,67.111433,-429.977658,-0.157125
1460452935.985957,-5884527.192072,-958930.650469,2260595.130868,69.931860,-429.527954,-0.164376
1460453025.985957,-5878106.517755,-997567.236234,2260580.011297,72.749275,-429.059750,-0.171620
1460453115.985957,-5871432.416188,-1036160.851853,2260564.240091,75.563557,-428.573065,-0.178857
1460453205.985957,-5864505.174836,-1074709.835039,2260547.817928,78.374583,-428.067922,-0.186086
1460453295.985957,-5857325.092067,-1113212.525428,2260530.745516,81.182235,-427.544340,-0.193306
1460453385.985957,-5849892.477137,-1151667.264648,2260513.023591,83.986389,-427.002344,-0.200519
1460453475.985957,-5842207.650181,-1190072.396396,2260494.652915,86.786926,-426.441956,-0.207723
1460453565.985957,-5834270.942196,-1228426.266502,2260475.634280,89.583725,-425.863200,-0.214918
1460453655.985957,-5826082.695028,-1266727.223005,2260455.968504,92.376666,-425.266102,-0.222103
1460453745.985957,-5817643.261358,-1304973.616226,2260435.656435,95.165628,-424.650687,-0.229279
1460453835.985957,-5808953.004685,-1343163.798831,2260414.698948,97.950490,-424.016982,-0.236446
1460453925.985957,-5800012.299313,-1381296.125911,2260393.096946,100.731134,-423.365014,-0.243602
1460454015.985957,-5790821.530330,-1419368.955048,2260370.851358,103.507440,-422.694810,-0.250747
1460454105.985957,-5781381.093598,-1457380.646385,2260347.963142,106.279287,-422.006401,-0.257882
1460454195.985957,-5771691.395731,-1495329.562701,2260324.433286,109.046556,-421.299815,-0.265005
1460454285.985957,-5761752.854079,-1533214.069476,2260300.262801,111.809129,-420.575083,-0.272118
1460454375.985957,-5751565.896711,-1571032.534968,2260275.452730,114.566886,-419.832236,-0.279218
1460454465.985957,-5741130.962395,-1608783.330275,2260250.004140,117.319708,-419.071306,-0.286306
1460454555.985957,-5730448.500579,-1646464.829412,2260223.918128,120.067477,-418.292327,-0.293383
1460454645.985957,-5719518.971373,-1684075.409379,2260197.195817,122.810075,-417.495330,-0.300446
1460454735.985957,-5708342.845530,-1721613.450231,2260169.838359,125.547383,-416.680352,-0.307497
1460454825.985957,-5696920.604422,-1759077.335145,2260141.846931,128.279283,-415.847426,-0.314534
