827782601.383775	7077281.4206702905	215.57559438246918	12350.317530699756	-13.098880650015193	130.98202335788267	7503.955092492296	6811602.187573938	33527.3031566023	1920777.9114245756	-2036.9879334665281	126.06501796983179	7222.260042472624	4792822.714161723	4840237.480995583	1920777.9114245756	-1529.509410026226	-1351.226551872482	7222.260042472624	7077281.4206702905	12352.198830410845	0.0	-13.098880650015193	7505.098155293106	0.0	7077281.4206702905	7084.930186246614	10118.328923395138	-13.098880650015193	4304.747454377831	6147.81649649789	20267942.130119637	35374.26819616104	0.0	-7.740385485753029	4434.9096982050305	0.0
827782661.383775	7062158.059097777	8068.532721281616	462257.4203906531	-490.8410121351687	130.69475208651946	7487.871735184125	6675673.546750734	41017.99244414327	2349920.8823215044	-2492.41971555649	123.54057992172943	7077.671743806461	4691409.406150672	4749418.421796986	2349920.5154627226	-1849.7800968699153	-1675.0405296356469	7077.659707853244	7062158.003375845	462328.6529865316	-0.19446142713959652	-490.8448101867895	7489.0524833287955	-0.006547370990182936	7062158.051719714	265180.72646286734	378716.75405316555	-490.84170935980916	4295.540858138138	6134.638469692711	20265730.885936335	301458.1537866568	-0.002803188993184784	-65.96669517489562	4434.425749726497	-9.316557077915661e-05
827782721.383775	7018420.676848007	15888.342319825599	910286.410807631	-966.5746304132545	129.87749585085444	7441.37311290265	6512715.990644387	48342.192897918656	2769524.5009368295	-2937.646339323796	120.51730736695441	6904.392375099622	4571000.611397552	4639369.967650462	2769523.0902331313	-2162.477782025987	-1991.989183211464	6904.369948413359	7018419.747020047	910431.4059607568	-0.7918725121448311	-966.6059170207811	7442.662517293202	-0.013392575842898751	7018420.463823207	522201.6320854976	745776.3892401371	-966.5825008111947	4268.930176671797	6096.541196157115	20260026.354098275	567490.070387363	-0.011146602455148	-124.18163497403302	4433.177423427944	-0.00018466788341532997
827782781.383775	6946248.184846179	23643.30009884022	1354617.5602833636	-1438.355258247016	128.53382327333702	7364.653228217865	6323396.352611921	55470.33666420797	3177888.4130013785	-3370.858509547074	117.00755950399218	6703.144906750377	4432088.989600176	4510542.832082656	3177885.401248807	-2466.3324754937976	-2300.7848433144936	6703.114440887087	6946243.424257376	1354844.8105063697	-1.8008351848043596	-1438.4614918262068	7366.115498539163	-0.02020255757506759	6946246.94871983	777106.3552153539	1109806.2959577357	-1438.3845235395993	4225.02577703072	6033.68231967125	20250829.517799903	833424.1611247649	-0.024929321923496256	-182.37517198584948	4431.164934443853	-0.0002744695868628996
827782841.383775	6845935.678462492	31301.988130244732	1793446.5626613148	-1904.255996548059	126.66968235865343	7258.031876935905	6108488.493129964	62373.650926393144	3573359.077756742	-3790.298956281279	113.02553753780002	6474.766244931768	4275242.267666214	4363463.95113429	3573354.0812646206	-2760.112833207859	-2600.1753641624773	6474.731200369967	6845920.603615463	1793768.081315244	-3.209067722070854	-1904.5069248645136	7259.719361964093	-0.02666658690744979	6845931.5120298825	1028862.3587866442	1469328.0558318605	-1904.3287072649453	4164.008890604049	5946.321244765311	20238141.96210749	1099214.5859831334	-0.04404820266471125	-240.5372770011582	4428.388629557842	-0.0003625338254059831
827782901.383775	6717893.132859582	38833.41217681857	2224992.029314232	-2362.3757676608598	124.2932227349494	7121.952894257782	5868869.982117607	69024.28066805679	3954336.516816852	-4194.269297669987	108.58764265846948	6220.204407309512	4101100.7539155427	4198734.178955321	3954329.3736884147	-3042.6316907928976	-2888.9498228295524	6220.168381558577	6717856.465096894	2225422.50124492	-4.991301550257003	-2362.8610653740943	7123.901549782683	-0.032653844376521364	6717882.585551228	1276450.0755177168	1822881.8279769479	-2362.5211636790723	4086.130431626014	5834.8175809570375	20221965.873686053	1364815.5297017922	-0.06839790380328092	-298.6579262254096	4424.848987142883	-0.00044882425229741816
827782961.383775	6562643.607588309	46207.1279501254	2647502.8757001916	-2810.84754901676	121.41457475814816	6956.982187990091	5605518.314991772	75395.41237827983	4319280.877502296	-4581.13856273129	103.7121195357874	5940.514802591491	3910374.5457334267	4017025.6763282814	4319271.591537278	-3312.7506023972956	-3165.942998581229	5940.4794697793595	6562568.159560071	2648058.535189419	-7.115320148110679	-2811.6739029411506	6959.206902890961	-0.03802293507757573	6562621.289867582	1518867.0536045802	2169032.315114691	-2811.100723588095	3991.709794488003	5699.629528491087	20202304.040422697	1630181.2096681204	-0.09787091926804181	-356.7271030042646	4420.546617078907	-0.0005333050433589891
827783021.383775	6380820.955266869	53393.351294713655	3059265.565910249	-3247.8466262474676	118.0455859309573	6763.804887380074	5319506.595337602	81461.38044906511	4666718.701765492	-4949.352010442531	98.41901290362107	5636.8537475945195	3703840.4777208613	3819079.0131815365	4666707.311239951	-3569.384167384599	-3430.040791036263	5636.818834275129	6380682.737786468	3059962.792858367	-9.536062828034634	-3249.13314966927	6766.295007527428	-0.04249723135214742	6380779.25212431	1755132.0315888762	2506374.6200755704	-3248.246213823574	3881.133758088305	5541.3118827544195	20179159.850946467	1895265.8838049336	-0.1323576095532027	-414.73479954793675	4415.482260647808	-0.0006159409105364643
827783081.383775	6173167.051572091	60363.05807376418	3458611.1456204103	-3671.5979890358594	114.19975696085193	6543.22123157594	5011998.8054742	87197.77469155661	4995248.725401231	-5297.435513367846	92.73008216877648	5310.470382422677	3482338.8146764874	3605699.9432225153	4995235.239312206	-3811.5040855306415	-3680.1851048729695	5310.435352837261	6172934.701221022	3459464.846344472	-12.193360936869508	-3673.470461516472	6545.9380255844935	-0.04590747544544686	6173095.985202625	1984288.9452939269	2833539.9819049807	-3672.1839056426656	3754.8551746924854	5360.514087639343	20152537.29404479	2160023.8584508873	-0.1717462342911835	-472.67101865400815	4409.656790405862	-0.0006966971154036848
827783141.383775	5940528.630481726	67088.0926046501	3843922.0484368466	-4080.3825685077927	109.89262398911937	6296.14353157176	4684244.869847151	92581.537800102	5303547.300740951	-5623.999309037345	86.66864801582983	4962.701981174102	3246769.710230726	3377755.953471897	5303531.696413886	-4038.142992013499	-3915.3766923047815	4962.666356280359	5940163.16760066	3844943.927717987	-15.026863163917945	-4082.9681997567463	6299.018784157808	-0.04841429139510368	5940415.794934915	2205410.8358195503	3149201.39922782	-4081.196015202738	3613.3909431684397	5157.978204193723	20122440.95797658	2424409.496232547	-0.2159229856339983	-530.5257754284245	4403.071210033577	-0.0007755394826092581
827783201.383775	5683853.685880193	73541.29682435414	4213638.739508689	-4472.545606913279	105.14183757225297	6023.593193107429	4337575.44380354	97591.05323102981	5590373.521232873	-5927.742845004103	80.25936546235776	4594.968349723623	2998089.4409419647	3136172.6464451044	5590355.762623333	-4248.398069418941	-4134.678214436592	4594.9322623836415	5683308.5984733235	4214835.4902819125	-17.98918132836096	-4475.9671358605265	6026.527844004017	-0.05021817439283444	5683684.139606259	2417603.5943230307	3452079.0485471683	-4473.629561293874	3457.318474936371	4934.533447460488	20088876.029682174	2688377.223926774	-0.26477202243956344	-588.2890990043733	4395.726654163012	-0.0008524344132594886
827783261.383775	5404187.339207677	79696.6272981159	4566266.114045629	-4846.505695009718	99.9669156956909	5726.695260088375	3973396.4321501413	102206.22005665203	5854574.008145317	-6207.459136901877	73.52812522770549	4208.76637472274	2737306.429745798	2881929.913212453	5854554.092535513	-4441.434463266078	-4337.218024720024	4208.730752299489	5403409.082042998	4567637.5459019635	-21.04067497193346	-4850.873338506629	5729.5592184085735	-0.05141705320832087	5403943.669630444	2620009.5010372633	3740945.3105362044	-4847.897819299031	3287.2733773548593	4691.090715578976	20051848.293890174	2951881.540312079	-0.31817550525893123	-645.9510342587522	4387.624388182593	-0.0009273488982318534
827783321.383775	5102667.231780416	85529.26846146607	4900379.46930785	-5200.760804243204	94.38921558043667	5406.670163644136	3593183.2296973756	106408.53367916541	6095087.364750445	-6462.039641096724	66.50226720339766	3805.664160363158	2465477.078210161	2616057.8814084264	6095065.353715388	-4616.488168528416	-4522.193760250437	3805.6300838429784	5101596.22692452	4901916.746942193	-24.152807125242166	-5206.164422923977	5409.306228125848	-0.05228304316846764	5102330.113261962	2811810.734037663	4014629.740309134	-5202.487150323189	3103.9495672723137	4428.644916867964	20011364.132121414	3214877.0240075802	-0.3760136321200413	-703.5016435259323	4378.765808019442	-0.0010002505314110574
827783381.383775	4780518.669847634	91015.73295938129	5214630.048886545	-5533.891536859492	88.43163246395362	5064.828301450243	3198474.679712361	110181.17139229682	6310948.244589867	-6690.4785641070475	59.210462247347095	3387.2940709034447	2183701.4397929814	2339632.672470427	6310924.249111444	-4772.8685296181475	-4688.874986759924	3387.261975371783	4779090.6805947395	5216314.219796474	-27.309327852186016	-5540.395920118444	5067.057235683316	-0.05286610312631991	4780067.504154289	2992232.729846993	4272023.975586902	-5535.968911964828	2908.0940553646433	4148.269030637566	19967430.521590155	3477318.3412982407	-0.4381646751032028	-760.9310083085234	4369.152439899284	-0.0010711075228430227
827783441.383775	4439049.517380949	96133.95000305279	5507750.294347261	-5844.5661573066045	82.1184427273994	4702.5649017472715	2790866.810937952	113509.06108283962	6501290.991402688	-6891.8759641650095	51.682323663249754	2955.345607800052	1893118.7555526444	2053772.0364245684	6501265.111904357	-4909.9601754305895	-4836.604752153917	2955.314653470161	4437197.256986354	5509551.10938732	-30.484993698384958	-5852.207719868918	4704.190155162235	-0.0528640855423179	4438462.925426793	3160547.20999786	4512086.170338793	-5847.0040096446955	2700.5019861285773	3851.1061553908607	19920055.034002762	3739160.253945017	-0.5045050177031455	-818.2292309848483	4358.785940083951	-0.0011398887117985866
827783501.383775	4079644.803829289	100863.34094228836	5778558.763890212	-6131.544950793035	75.47511745404313	4321.35440161183	2372006.405630205	116378.92720068347	6665352.86694381	-7065.44047748424	43.94809851882614	2511.558735789994	1594902.898514065	1759630.8940142521	6665325.120080885	-5027.224378234579	-4964.801371625847	2511.5271532803717	4077299.716297051	5780433.773716997	-33.63521709397658	-6140.329163742604	4322.166590166264	-0.05197905726971965	4078901.0479428605	3316074.9585050126	4733845.007963575	-6134.345613483703	2482.013220027877	3538.3633302518556	19869245.834254023	4000357.626978593	-0.5749091929720463	-875.3864365128336	4347.668094586535	-0.0012065635797412963
827783561.383775	3703761.063093805	105184.89688880519	6025964.722985465	-6393.68498823026	68.52854812714267	3922.744954090196	1943584.403955033	118779.3265864161	6802476.8643238135	-7210.491843530269	36.03861691002808	2057.7166266140794	1290257.7081892153	1458396.7418647634	6802447.168649652	-5124.201385495139	-5072.961117984116	2057.6831057479744	3700855.258851081	6027858.645532134	-36.702079496629175	-6403.583724996279	3922.5265723963334	-0.05008788178350663	3702838.5186459236	3458188.445744916	4936403.410918749	-6396.842035094222	2253.510434966947	3211.307521072912	19815011.67902135	4260865.436475354	-0.6492499224375601	-932.3927741300247	4335.800818864248	-0.0012711022631920234
827783621.383775	3312920.3792360546	109081.2659928009	6248972.375881369	-6629.944901174285	61.307039793913574	3508.3518417097275	1507329.196174243	120700.68360411673	6912114.08722898	-7326.462175190509	27.98531460391561	1595.6387484812476	980412.1966412249	1151284.909511533	6912082.305567043	-5200.511952043623	-5160.660099198032	1595.6026531541847	3309388.7203105087	6250816.777393569	-39.62839285812179	-6640.894335849687	3506.883026204572	-0.04732625094910804	3311798.1206256375	3586314.316892107	5118942.013652551	-6633.441159211091	2015.9161418576834	2871.2614483518323	19757361.915257115	4520638.777314263	-0.7273981557894713	-989.2384190494345	4323.186157489024	-0.001333475566483688
827783681.383775	2908704.179295114	112536.82908702278	6446684.676008402	-6839.388456448125	53.83997639204449	3079.8502335091553	1064999.8394265645	122135.32987780594	6993825.741002459	-7412.89736605719	19.820343291422205	1127.1746046857133	666615.710008726	839533.7534970064	6993791.708168216	-5255.857616156946	-5227.554744365169	1127.1356540838594	2904486.449522935	6448398.016994854	-42.366782589069686	-6851.288378250082	3076.915068258827	-0.04384875373726315	2907362.664541338	3699935.657356828	5280722.376199518	-6843.194907596896	1770.188413189145	2519.5990514997184	19696306.478579335	4779632.870913305	-0.8092231113281645	-1045.913574150935	4309.826283795933	-0.0013936549743997129
827783741.383775	2492746.8409181735	115537.75252216196	6618306.711917684	-7021.187335826286	46.15744915630637	2638.9683532054582	618379.1957899185	123077.54708914206	7047284.743334062	-7469.458243800926	11.576518798976558	654.1974764417613	350133.05217968294	524399.8116518173	7047248.286484147	-5290.02179785155	-5273.382742704772	654.1555614675284	2487789.9032072625	6619794.770919275	-44.88129650286159	-7033.902264137048	2634.360877806945	-0.039927760721293865	2491168.6310380744	3798593.9924799562	5421089.8908063425	-7025.262839202564	1517.3165115293903	2157.7398412816688	19631855.89156106	5037803.072944175	-0.894592317167737	-1102.4084716679022	4295.723499509463	-0.0014516126646886894
827783801.383775	2066729.1319689886	118072.02668319731	6763148.683673758	-7174.623915383297	38.290168081123625	2187.4804558153583	169266.98038251244	123523.598038681	7072276.972461229	-7495.922584031841	3.2870090407068595	178.5982269585104	32239.53968734428	207152.90280315926	7072237.893035587	-5302.870749600652	-5297.963824955164	178.55251899997052	2060989.0082297022	6764305.299745024	-47.15646450959099	-7187.9840780436425	2181.0095939369785	-0.03592768109557166	2064899.629337816	3881891.04681416	5539476.346439096	-7178.914888265284	1258.317219641605	1787.1432549766562	19564021.261918675	5295104.881023882	-0.9833716531861036	-1158.7133748688248	4280.880234347734	-0.0015073215204489119
827783861.383775	1632371.513399227	120129.50289042402	6880628.444230427	-7299.092905144785	30.26945756473259	1727.1996098513412	-280527.30245672533	123471.74058128735	7068702.087140978	-7492.186308264621	-5.014872350548545	-297.72265428542914	-285783.9797358276	-110928.81745636859	7068660.116816531	-5294.353859903884	-5301.20046412008	-297.77354761746074	1625815.4183698748	6881336.609191574	-49.200300976458266	-7312.895467250915	1718.6960782947372	-0.03231824005802459	1630279.6976241039	3949490.2875396125	5635402.1562634725	-7303.533915490873	994.2312352181825	1409.3030885204	19492814.280599482	5551493.942381939	-1.0754253937141136	-1214.8185797335902	4265.299045604706	-0.001560755142375762
827783921.383775	1191427.360723402	121701.93222175339	6970273.638758811	-7394.102714393437	22.127336987575568	1259.9714315804704	-729191.4358497346	122922.23271046898	7036573.8814218575	-7458.2630146229385	-13.295786240296572	-772.8621906618603	-602656.1159630578	-428563.8351366913	7036528.667776969	-5264.503678108683	-5283.078297226919	-772.9196206901133	1184035.5687908863	6970407.00004912	-51.05312065967089	-7408.116013462166	1249.2938453869851	-0.02960252128320545	1189066.448523131	4001118.2454346647	5708478.251135139	-7398.618295335403	726.1192943244791	1025.741787366619	19418247.219768867	5806926.061501836	-1.1706162509551796	-1270.714416624159	4248.982617710469	-0.0016118878608640183
827783981.383775	745676.0986333485	122783.00935895994	7031723.463024519	-7459.276818811617	13.896557160820777	787.6676380510612	-1174917.5561673339	121877.33129756378	6976020.24636576	-7394.284330028681	-21.522460035068256	-1244.9213304385826	-917099.9328676899	-744472.2775297044	6975971.362552622	-5213.436152687193	-5243.666439525119	-1244.9863649365398	737443.5194217257	7031148.125477808	-52.77019387114533	-7473.24555265668	774.7064678787915	-0.027759454552841446	743044.0810918951	4036565.5949458657	5758407.6158350585	-7463.783702973962	455.05813598382395	638.0044077005807	19340332.930697404	6061357.207735467	-1.268805419126594	-1326.391251949342	4231.933761769662	-0.0016606947479606065
827784041.383775	296916.2505711395	123368.40955761068	7064730.052277846	-7494.355517018043	5.610322057888137	312.1800662414628	-1615909.2382535753	120341.28398484431	6887282.701593231	-7300.499700839025	-29.661834857478652	-1712.0127977844347	-1227847.9482057097	-1057380.9239580093	6887229.677626982	-5141.350319821282	-5183.117401003804	-1712.0857169351607	287853.69965095527	7063306.568083789	-54.397082113392514	-7508.005498020273	296.860176730484	-0.026559956487617515	294016.28973310534	4055687.994454743	5784986.471636867	-7498.76491080947	182.13640254662505	247.65271419586952	19259084.841548245	6314743.522889209	-1.3698526193132736	-1381.8394898233964	4214.155415078135	-0.0017071516291580025
827784101.383775	-153041.6339018821	123455.80615855631	7069159.466579708	-7499.197764052116	-2.6979936274448626	-164.58700419720094	-2050388.5186883349	118320.3114513178	6770715.471649128	-7177.274796859043	-37.68123480158751	-2172.2681151435195	-1533647.0895000338	-1366028.1789066745	6770657.86378895	-5048.527377967795	-5101.666022769739	-2172.34754540163	-162906.43227079976	7066744.983797131	-55.966324496484226	-7512.240398015875	-182.30343538772092	-0.025805541266587746	-156200.91706527543	4058406.661175125	5788105.078841201	-7503.416655967126	-91.54998655832605	-143.74150767778963	19174516.95506521	6567041.328780358	-1.4736161450241885	-1437.0495737181548	4195.650640617904	-0.0017512350950228477
827784161.383775	-602382.10008778	123044.8774368353	7044992.199439783	-7473.7810027447495	-10.994951180530217	-640.7245368146716	-2476602.820291578	115822.57721499461	6626784.169557134	-7025.089897958831	-45.54862365569367	-2623.8438099061104	-1833263.6216958794	-1669169.0031927156	6626721.694075142	-4935.330733272255	-4999.629417193164	-2623.92584707184	-613003.8165347434	7041442.7847851645	-57.49778420336736	-7485.91912927765	-660.8354643671634	-0.025244199020431596	-605786.4033552532	4044708.6861628913	5767748.158847485	-7477.713245553148	-364.9017631938333	-534.6021744960882	19086643.84616192	6818207.1347626	-1.5799529084413995	-1492.0119881084042	4176.422626530508	-0.0017929225126528002
827784221.383775	-1049291.8916984866	122137.30748368449	6992323.271952761	-7418.201196492703	-19.247145422607346	-1114.3250912386097	-2892831.7864982313	112858.14084604025	6456064.118031892	-6844.538570002649	-53.23287324957714	-3064.927377051267	-2125488.0592017863	-1965579.8466984713	6455996.757676941	-4802.204849454341	-4877.406476534615	-3065.007526029126	-1060607.269316215	6987496.32455311	-58.9919344262453	-7429.135291193022	-1136.7882024577107	-0.024513539771771262	-1052921.0846052896	4014647.1272149016	5723995.009903137	-7421.748988261042	-636.8199023662223	-923.3536265147217	18995480.65941246	7068197.6452192515	-1.6887184873511543	-1546.7172601102359	4156.474685568841	-0.0018321920369539924
827784281.383775	-1491967.0795660592	120736.78021512201	6911361.914836932	-7332.673176895555	-27.421350494968763	-1583.490477389564	-3297394.0497975596	109438.89743428843	6259238.302440192	-6636.326711935679	-60.70395115072113	-3493.743691257906	-2409139.938923241	-2254063.4888925967	6259166.265556177	-4649.6722962561	-4735.4756164013015	-3493.8191396602465	-1503894.9400753514	6905118.581641593	-60.4339114780079	-7342.1062200134265	-1608.2230155958284	-0.02351442158167203	-1495795.184149174	3968340.873144577	5657019.3003089335	-7335.739943623713	-906.2099801421955	-1308.4272824225081	18901043.106443897	7316969.767022956	-1.7997671727460935	-1601.1559611120806	4135.81025452757	-0.0018690226217328914
827784341.383775	-1928620.1570619352	118848.96356195056	6802430.781552926	-7217.5292515995625	-35.48468447268764	-2046.339260850837	-3688653.936126136	105578.5105029561	6037094.919343004	-6401.271256675485	-67.9329040605433	-3908.56207419532	-2683072.4619002654	-2533453.7605935214	6037018.518552091	-4478.332528183911	-4574.393278321633	-3908.6321404098576	-1941061.7221625238	6794638.4082814185	-61.80959581052719	-7225.172749772495	-2073.2174026092093	-0.02230798920190064	-1932615.4955292423	3905974.1960122054	5567088.393586469	-7220.021754571931	-1171.9877335370234	-1688.2694870868056	18803347.463231232	7564480.61696057	-1.912952017087231	-1655.3187083981547	4114.432893652218	-0.0019033940305953091
827784401.383775	-2357487.0392848235	116481.4834643558	6665964.74675675	-7073.217569744667	-43.4048025143506	-2501.0131961651305	-4065028.061986941	101292.35747846359	5790524.483689247	-6140.297788138369	-74.89148944232807	-4307.703810846668	-2946177.0742852907	-2802620.189945424	5790444.013491096	-4288.860560596882	-4394.792665743028	-4307.769751248891	-2370326.652564701	6656499.304554709	-63.10666195763722	-7078.798509534254	-2529.8737269742633	-0.02088958959928732	-2361612.472484428	3827796.033772078	5454562.318579828	-7075.047350048951	-1433.0823918098913	-2061.3458091544753	18702410.56729512	7810687.529121957	-2.028124883213886	-1709.1961667640355	4092.3462860270283	-0.0019352868476450289
827784461.383775	-2776833.9680438875	113643.88368678396	6502509.3332843045	-6900.300673486835	-51.15016874185301	-2945.6832591469542	-4424991.758891602	96597.49608069945	5520516.498884697	-5854.437343586593	-81.55192525470903	-4689.54913929755	-3197387.9242669605	-3060472.552208597	5520432.1289362265	-4082.0043491453453	-4197.381791405294	-4689.6137107262075	-2789940.2098265034	6491257.682652793	-64.3111730132916	-6903.567535888686	-2976.3270946563744	-0.019209983706772963	-2781047.2491432177	3734119.07923675	5319892.454835753	-6901.386275073606	-1688.440232271158	-2426.1466706578913	18598249.814802933	8055548.062251417	-2.1451364938893915	-1762.7790501240902	4069.5542369417053	-0.0019646824879766627
827784521.383775	-3184964.344912709	110347.5693798469	6312718.77347167	-6699.45453259169	-58.69030605465763	-3378.5559246304824	-4767085.298765418	91512.63620861221	5228155.714720632	-5544.822949085403	-87.88696577106589	-5052.544074304516	-3435686.1704667816	-3305965.2970674215	5228067.435429559	-3858.5826541583747	-3982.9414756044794	-5052.610238258594	-3198191.4731925055	6299580.68468308	-65.40449546448711	-6700.182116623168	-3410.7526483616134	-0.017162210133662297	-3189218.591684873	3625318.6346054673	5163619.864014114	-6699.723083422604	-1937.0286636081387	-2781.19317593325	18490883.15757363	8299020.007060492	-2.2638364819700025	-1816.0581231104834	4046.06067323714	-0.001991563207954343
827784581.383775	-3580225.507396485	106605.7399863329	6097353.67438916	-6471.467487737752	-65.99586050703736	-3797.8801171271143	-5089919.894884604	86058.09558624832	4914617.978187679	-5212.685541182576	-93.87034699817694	-5395.207092019374	-3660104.176597978	-3538101.8581455816	4914525.631036905	-3619.4831948745896	-3752.3232891038074	-5395.276750127246	-3593415.1459937277	6082243.552987866	-66.3612378446968	-6469.460286235743	-3831.373175005565	-0.014648957730010256	-3584469.7456993996	3501831.2289242093	4986373.282564644	-6470.855606981498	-2177.84000700379	-3125.0427075772723	18380329.09998692	8541061.393500887	-2.3840734411839253	-1869.0242026634883	4021.869642630237	-0.002015912115270185
827784641.383775	-3961015.419468744	102433.329910082	5857278.242193757	-6217.238289924243	-73.03828391550807	-4201.954901793309	-5392183.441477825	80255.7297569573	4581165.706068426	-4859.349549242137	-99.47708201964443	-5716.135001439234	-3869729.5704062446	-3755938.8113732473	4581069.045404126	-3365.659787877387	-3506.4464671207224	-5716.209290998637	-3973998.4072254463	5840126.546512784	-67.15249356125118	-6212.332631479253	-4236.466544593188	-0.011638370032157437	-3965195.179985569	3364153.0014939625	4788866.757184055	-6215.69300077766	-2409.8957184375367	-3456.2953053839046	18266606.69579729	8781630.497996252	-2.5056949775071087	-1921.6681596128292	3996.985313017956	-0.002037713178775931
827784701.383775	-4325789.203543895	97846.97103980096	5593457.049483168	-5937.77290961069	-79.7895150303182	-4589.136835030382	-5672646.006072459	74128.85445997893	4229143.000731308	-4486.228860216399	-104.68351720230528	-6014.009311018663	-4063709.0947921453	-3958589.82466838	4229041.724798014	-3098.1284616537087	-3246.294257187904	-6014.088903696375	-4338387.5577366315	5574211.418770082	-67.74624268566423	-5929.8386279490915	-4624.372916476864	-0.008049290899709662	-4329847.167796097	3212837.8108456098	4571896.896575281	-5935.252268018409	-2632.2511093547737	-3773.599802403897	18149735.544853445	9020685.850631595	-2.6285477611219306	-1973.980920249785	3971.4119717606804	-0.0020569512380805527
827784761.383775	-4673065.470561556	92864.96493962184	5306951.376283325	-5634.181040786167	-86.2219901043364	-4957.846928300352	-5930165.029428342	67702.15570710614	3859970.365554374	-4094.8209639460492	-109.46770766743346	-6287.602719833004	-4241252.221546554	-4145229.3961519646	3859864.158353433	-2817.9634696833755	-2972.910512931391	-6287.687425905665	-4685094.429186037	5285577.473125898	-68.10571042235912	-5623.122449121875	-4993.501578712895	-0.003831026292429795	-4676942.137420276	3048495.0784259285	4336339.779449221	-5630.654223223861	-2843.99939414342	-4075.659253285816	18029735.789723672	9258186.242299067	-2.7524775789445655	-2025.953467889782	3945.1540249450477	-0.002073612012907395
827784821.383775	-5001432.426803868	87507.24328158976	4998915.138474307	-5307.672118412625	-92.30902333722773	-5306.577402798082	-6163690.161489427	61001.57557977502	3475139.0860044924	-3686.70114952084	-113.80975226760583	-6535.783925413333	-4401634.518000126	-4315096.381406499	3475027.6529522813	-2526.2929919119238	-2687.3959145594363	-6535.873391990102	-5012702.535077153	4975397.215025887	-68.19425713852932	-5293.428528622385	-5342.337618160893	0.0009756595534934961	-5005066.776073032	2871787.4048454906	4083147.542710463	-5303.119304042875	-3044.275313249044	-4361.2361946779	17906628.11222776	9494090.73179892	-2.8773293877064017	-2077.5768444252117	3918.215996626353	-0.002087682112204186
827784881.383775	-5309553.724709207	81795.30139459357	4670590.426850161	-4959.550862294237	-98.0252052635136	-5633.897833325999	-6372267.773478851	54054.189077595234	3076205.31223604	-3263.517176691686	-117.69177158253332	-6757.523052055883	-4544200.7463684315	-4467497.264197142	3076088.368268993	-2224.294609934734	-2390.903235257327	-6757.617291939101	-5319872.937277494	4644931.607118919	-67.97688501146781	-4942.096481443001	-5669.448414832792	0.006370034048569468	-5312883.876471923	2683427.9714669264	3813344.657951477	-4953.963157192786	-3232.258688482287	-4629.157772644627	17780433.729876056	9728358.652894387	-3.002947367574477	-2128.842151868204	3890.6025280506665	-0.0020991490429994424
827784941.383775	-5596174.058130726	75752.12017786744	4323302.686875119	-4591.213212505312	-103.3464414200957	-5938.461294120927	-6555045.110370859	46888.08515482497	2664783.8034837274	-2826.9825543964093	-121.097841539392	-6951.897152682174	-4668367.697807944	-4601809.137553995	2664661.0621852726	-1913.1909585980607	-2084.632562834325	-6951.996129425077	-5605349.791983744	4295524.950644211	-67.4177490510442	-4570.555570437028	-5973.489580075348	0.012366258683736118	-5599137.908965262	2484177.7320527127	3528023.9066259125	-4584.591930185454	-3407.1778390461573	-4878.320656160015	17651174.392216247	9960949.621319283	-3.129174976295534	-2179.7405538830917	3862.318376856791	-0.0021080012189987865
827785001.383775	-5860124.482491916	69402.07999020041	3958455.501116015	-4204.140889158705	-108.25025163495255	-6219.011149579511	-6711274.02313358	39532.2501632669	2242541.3745805537	-2378.8694516527594	-124.01396855966327	-7118.094716014227	-4773626.751279297	-4717482.401243613	2242412.5612053466	-1594.2447535531176	-1769.8265692052858	-7118.198014417688	-5867965.560144257	3928599.423958285	-66.4819660845569	-4180.319064215268	-6253.210518212313	0.018904366335824783	-5862660.305726642	2274842.4025834333	3228342.0605958323	-4196.4973296195585	-3568.3129347841727	-5107.696004956826	17518872.377088517	10191823.541737135	-3.255855003847891	-2230.263277308306	3833.3684162581967	-0.002114227968914679
827785061.383775	-6100327.374538209	62770.85156369938	3577525.0120139066	-3799.8953096383066	-112.71613920793085	-6474.386153924472	-6840314.267068227	32016.45251115831	1811190.0815406428	-1921.001209957999	-126.42808536349531	-7255.419850812094	-4859546.111577788	-4814043.171029622	1811054.972921966	-1268.7532728210601	-1447.76564581592	-7255.5260028818675	-6106645.869310549	3545649.291141898	-65.14235693848616	-3772.9781972342694	-6507.459832203165	0.025780051445138494	-6102374.429682614	2056269.2501993647	2915515.261242264	-3791.251013619854	-3714.9993018816	-5316.334504923841	17383550.486789722	10420940.61465062	-3.382829627584925	-2280.401613667438	3803.7576342050756	-0.002117819544523105
827785121.383775	-6315801.057356104	55885.27409024467	3182054.04682443	-3380.1123335309903	-116.7256447001118	-6703.525703234966	-6941636.336733536	24371.12388972408	1372480.1784562236	-1455.2444885782181	-128.33018115752003	-7363.295694011717	-4925772.739052345	-4891095.4040729925	1372338.6914024346	-938.0436419536148	-1119.7633448115469	-7363.401525026594	-6320413.999972891	3148234.799383449	-63.38793067012731	-3350.195739375312	-6735.190289772834	0.032681562991932686	-6317300.184622529	1829343.6890777566	2590814.101746485	-3370.4982239642586	-3846.630556016703	-5503.371159331467	17245232.044147216	10648261.343260132	-3.509940467853628	-2330.1469206692122	3773.4911325266526	-0.0021187671284411385
827785181.383775	-6505664.080391482	48773.23429485711	2773645.902528692	-2946.495786645931	-120.26230425381969	-6905.47562724684	-7014823.828492351	16627.231345955006	928192.8876035747	-983.5013592463591	-129.71242324580845	-7441.267270107219	-4972033.980782365	-4948322.727059129	928045.1618459835	-603.4672585544164	-787.1606242295904	-7441.368672763733	-6508394.974058726	2737975.7852373496	-61.22483601048481	-2913.6990892012163	-6935.46355252431	0.03937559963189558	-6506558.220864102	1594985.693515552	2255558.4416192556	-2935.950730785499	-3962.6615406441097	-5668.029364282421	17103940.88850303	10873746.540270306	-3.63702864407129	-2379.490623696107	3742.5741260539057	-0.0021170628416195035
827785241.383775	-6669139.080804322	41463.548080533685	2353957.8134978535	-2500.8102346986598	-123.31159908427587	-7079.392920506273	-7059575.325404181	8816.147807301822	480133.01285526424	-507.7012995099945	-130.56910822700914	-7489.003873088934	-4998138.849440184	-4985489.876864003	479979.44241539866	-266.3939767045846	-451.31915384443397	-7489.096675480749	-6669819.211417129	2316545.016757301	-58.669224214381394	-2465.2728821335886	-7107.454183671764	0.04575191842289074	-6669373.709030153	1354146.044884776	1911111.999706931	-2489.379562791623	-4062.6109061641873	-5809.624262892377	16959701.371609084	11097357.334643321	-3.7639348312430063	-2428.4242172813742	3711.0119417228416	-0.0021126997505431675
827785301.383775	-6805556.207142133	33985.84491620278	1924694.1502694366	-2044.873521138806	-125.86093575712025	-7224.550056583816	-7075705.796166841	969.5238858514904	30121.418008658628	-29.792918365104413	-130.89670190204353	-7506.301203555595	-5003978.941624136	-5002443.751455713	29962.615203697118	71.79451982531214	-113.61483763880432	-7506.382430749834	-6804025.742408878	1885661.3136976766	-55.74272915253615	-2006.7515853707266	-7250.45311017476	0.0517207231480428	-6805079.678513508	1107802.4354228617	1558876.7595866774	-2032.6077936539846	-4146.063323283976	-5927.565706949698	16812538.353434116	11319055.178297812	-3.890499316902344	-2476.9392665742025	3678.8100176584776	-0.0021056718741349636
827785361.383775	-6914356.078081653	26370.449614726953	1487599.3795326757	-1580.54882139555	-127.89975925022112	-7340.338550369571	-7063147.478084549	-6880.845750802753	-420012.6072487506	448.26494807720445	-130.6939451854325	-7493.082856923539	-4989528.931090089	-4999114.067884343	-420175.8898306388	409.71167782934845	224.568557738494	-7493.1507466578305	-6910464.97034755	1447082.471308429	-52.473185932106766	-1540.0118665120071	-7363.870694159529	0.05716787128213251	-6913119.923076481	856955.4439198917	1200287.1965541937	-1567.5031924011805	-4212.67157927519	-6021.361304063197	16662477.197883079	11538801.852752257	-4.016562058457128	-2525.0274087927664	3645.9739022396916	-0.0020959741903551336
827785421.383775	-6995092.265438344	18648.254864551513	1044450.8305292435	-1109.7367302636799	-129.41970556728305	-7426.271934536729	-7021950.219788714	-14703.158505444522	-868439.0408320636	924.5122647012247	-129.9618163024274	-7449.400853011576	-4954846.683588164	-4975513.6620512875	-868605.9741770034	745.9720462272774	561.8451846244162	-7449.454568354746	-6988700.967623551	1002598.0148737656	-48.8950886924414	-1066.9646985262816	-7447.239285305169	0.06199200817365749	-6993051.436090992	602624.3920419523	836804.3271654972	-1095.9698838675336	-4262.158365055752	-6090.6190787063915	16509543.768429717	11756559.475711675	-4.141962740922007	-2572.680354664922	3612.509253145093	-0.002083602642493016
827785481.383775	-7047433.296361324	10850.590402183532	597051.295666659	-634.3671334413524	-130.41455568447066	-7481.988278552063	-6952281.280316853	-22465.73534580668	-1313334.830111612	1396.9968926411018	-128.70344687795432	-7375.4353508664035	-4900072.996295968	-4931738.425309728	-1313504.5498494492	1079.197720199402	896.8334133032331	-7375.474430443349	-7038413.293055875	554021.8174664859	-45.04779546422043	-589.5473002640406	-7500.215220559253	0.06613541108791332	-7044546.340284755	345843.1119355413	469909.6320383509	-619.940046074035	-4294.317481131644	-6135.049117286263	16353764.42366308	11972290.507596517	-4.2665408350190255	-2619.8898898562948	3578.4218363800846	-0.0020685541451420427
827785541.383775	-7071164.163979981	3009.0953930944834	147221.4937314777	-156.3909319604038	-130.88022958234356	-7507.252298928559	-6854424.590297286	-30137.148426695545	-1752891.5473667018	1863.7833281504277	-126.92406451436834	-7271.493457970039	-4825430.968256326	-4867966.871864269	-1753063.1562209656	1408.024153972773	1228.1617269435137	-7271.517184293283	-7059398.322716589	103184.61739496078	-40.97289645342612	-109.71501729150606	-7522.5801640884965	0.06957677182012986	-7067393.329488973	87655.65037705802	101098.88725957833	-141.3658357792308	-4309.014784359988	-6154.465061589568	16195166.012748731	12185957.758012617	-4.390135655627183	-2666.6478763855143	3543.717525285271	-0.0020508265898562168
827785601.383775	-7066187.327137525	-4844.413551730346	-303207.5829689025	322.22876137100116	-130.8149084249064	-7501.9570322212785	-6728779.499742831	-37686.34408712919	-2185322.9634104455	2322.9612005226236	-124.63090449699463	-7138.007721143131	-4731225.026824193	-4784459.358401591	-2185495.503430033	1731.1059303811005	1554.4745606865904	-7138.014745541963	-7051570.096137532	-348073.52936276095	-36.71266249818175	370.5667272079825	-7514.241983688808	0.0723159383247731	-7061498.61514418	-170888.07941438278	-268124.0891019371	337.7891156279957	-4306.18897904849	-6148.785358236757	16033775.870805439	12397524.392161096	-4.512586420561578	-2712.9462540263576	3508.4022995263954	-0.002030418850478867
827785661.383775	-7032523.169943168	-12678.079030611829	-752402.3944670153	799.5257403082761	-130.2190389263376	-7466.124572124963	-6575859.010607367	-45082.76320606149	-2608872.5102273906	2772.6538871190746	-121.8332344504732	-6975.533835789529	-4617839.602153487	-4681556.947522903	-2609044.9200213263	2047.12268446344	1874.4382431357194	-6975.522072996271	-7014960.675628467	-797910.8394020426	-32.308365408338034	849.3306608271089	-7475.235265349229	0.07438850303699862	-7026886.347788327	-428736.68332695484	-636253.7444837326	815.5586298670494	-4285.852017106602	-6118.033760899027	15869621.814198138	12606953.937187111	-4.633732309662399	-2758.7770416965545	3472.482244065964	-0.002007330788141366
827785721.383775	-6970309.911757672	-20460.136395644753	-1198534.5976698447	1273.539903089267	-129.09525800368758	-7399.905948664381	-6396287.506030951	-52296.46681795224	-3021820.5805770643	3211.0266034759916	-118.54246642640784	-6784.747601905448	-4485737.451196833	-4559679.923475174	-3021991.6581060975	2354.784825857846	2186.7466797831025	-6784.714523086414	-6949720.005204815	-1244491.4027409323	-27.79755153411793	1324.616047945578	-7405.7211067221015	0.07588936529595416	-6963698.502118937	-684841.6788918055	-1001789.1064311245	1289.9828774360317	-4248.088932982921	-6062.339090481188	15702732.135747965	12814210.288466355	-4.753412524173742	-2804.1323388330206	3435.9635481167456	-0.001981563255924512
827785781.383775	-6879802.969427687	-28159.043833434218	-1639788.7534107203	1742.3262093229846	-127.44834242205242	-7303.580028026459	-6190798.007243913	-59298.26376233821	-3422491.637089475	3636.2941721626803	-114.7720958630496	-6566.441618849028	-4335457.641712845	-4419325.962667105	-3422660.0264341957	2652.8391955738743	2490.1272070300615	-6566.384701593086	-6856115.271988216	-1685992.750587477	-23.209723802688405	1794.4768680714699	-7305.986266202703	0.0769871009785502	-6872194.235914345	-938161.8650060615	-1363240.0629445638	1759.116986888373	-4193.057294206652	-5981.934347256516	15533135.599860197	13019257.715828227	-4.871466346391887	-2849.004326753279	3398.852504077313	-0.0019531181031782988
827785841.383775	-6761373.796754738	-35743.60730553007	-2074369.9524071915	2203.9632381701927	-125.28508943475234	-7177.551985992269	-5960228.96348014	-66059.83351828656	-3809261.1012856294	4046.7287103322815	-110.53765171715253	-6321.521150645674	-4167613.1984465634	-4261067.953170846	-3809425.3097609906	2940.074615203806	2783.3463749940383	-6321.438456691897	-6734529.782373466	-2120613.3569104765	-18.563189750888043	2256.989811961859	-7176.441813669629	0.07788089623010312	-6752748.744030101	-1187667.6515486576	-1719133.5751338848	2221.039279225409	-4120.986411124758	-5877.155404128757	15360861.437570918	13222060.869714603	-4.98773319956239	-2893.385270002838	3361.1555064498175	-0.0019219981794947846
827785901.383775	-6615508.206915092	-43183.100414424865	-2500511.3329235613	2656.561854700886	-122.61430762297735	-7022.35111623714	-5705520.608669631	-72553.84832783125	-4180561.9765290795	4440.6663669448235	-105.85668295440975	-6050.999615146534	-3982888.4283692595	-4085551.4775036126	-4180720.419218376	3215.3269825339257	3065.215310422579	-6050.889938625009	-6585461.365758463	-2546580.0465919366	-13.863874610374003	2710.2620396701595	-7017.621407868316	0.07878157018564175	-6605851.622525782	-1432345.33280774	-2068019.8062470243	2673.859428076083	-4032.1762390913855	-5748.439508254092	15185939.341513282	13422584.787273144	-5.102052708005037	-2937.26751768829	3322.8790507401754	-0.0018882073383302061
827785961.383775	-6442804.185956062	-50447.38934106899	-2916481.440337568	3098.273412630039	-119.44695629446133	-6838.627835765352	-5427710.917654465	-78754.09075707846	-4534891.207352484	4816.514130798236	-100.74862667737321	-5755.994149748133	-3782035.9597208207	-3893491.998562304	-4535042.2315347195	3477.4837345663955	3334.5942440529802	-5755.856320205923	-6409520.312611465	-2962155.2934169243	-9.105140184813154	3152.439013649035	-6830.1793056591105	0.07989268992716199	-6432104.742797536	-1671201.2845260683	-2408478.1471776506	3115.726586053217	-3926.995954448462	-5596.323297507705	15008399.46080421	13620794.898384092	-5.214264757445411	-2980.6435047959085	3284.029732340856	-0.001851750440269077
827786021.383775	-6243969.2287735045	-57507.06177796141	-3320591.398201447	3527.2975756024225	-115.79610366779966	-6627.150419729748	-5127931.1504938435	-84635.5624069884	-4870815.742376995	5172.756535481147	-95.2346513955286	-5437.720098254728	-3565873.523307107	-3685671.789157613	-4870957.615679544	3725.4880246378243	3590.396623460329	-5437.552646125642	-6207426.838338966	-3365644.379662165	-4.269542248641277	3581.7124106943315	-6614.887698140899	0.08135929946915137	-6232219.641692343	-1903266.0703342531	-2739123.108595385	3544.83742930018	-3805.8823435212403	-5421.440329039482	14828272.395852422	13816657.031619515	-5.324209555531529	-3023.50575349551	3244.6142453964603	-0.0018126333559284325
827786081.383775	-6019817.20423342	-64333.5504456091	-3711201.8648875183	3941.8901290173017	-111.6768536031726	-6388.800997623857	-4807401.025303154	-90174.5824263383	-5186978.248312732	5507.961332321113	-89.33747815986362	-5097.485076685811	-3335280.490091253	-3462936.6156375334	-5187109.151243778	3958.3426941384146	3831.5932687232253	-5097.286677052062	-5980008.078050637	-3755402.374955782	0.665825188843443	3996.327814712192	-6372.633360186704	0.08321198197321547	-6007014.430416368	-2127598.438910137	-3058610.045371222	3959.44408968268	-3669.337733443905	-5224.517942234995	14645589.193088688	14010137.420133978	-5.4317276925137925	-3065.8468744293596	3204.6393816522877	-0.0017708629684962342
827786141.383775	-5771264.7755852165	-70899.25616202434	-4086729.725973547	4340.369896231385	-107.10635896495992	-6124.570940600795	-4467423.568690509	-95348.87579648122	-5482102.470845847	5820.78466196869	-83.08122448683669	-4736.683115076664	-3091194.1675770744	-3226192.166089857	-5482220.522501668	4175.1143481659365	4057.216638863385	-4736.4530793364465	-5728194.631422419	-4129840.89660108	5.721583546845068	4394.592011103418	-6104.413761043357	0.0853448229602895	-5757410.241774075	-2343289.1816326734	-3365640.674226624	4357.861553964796	-3517.9274260568673	-5006.373541073924	14460381.339619182	14201202.707485618	-5.536660202066155	-3107.6595679858965	3164.1120292860805	-0.0017264471759000904
827786201.383775	-5499327.419274036	-77177.66652461494	-4445654.517674166	4721.1254391267	-102.10366522470198	-5835.556450440438	-4109379.6638517934	-100137.65402275667	-5754998.238186429	6109.9759274595035	-76.49132275708726	-4356.788559475295	-2834605.8626628183	-2976400.2391499355	-5755101.535246905	4374.93692372508	4266.364474976732	-4356.526786646502	-5453016.678522446	-4487434.624693199	10.908625015910317	4774.880020947835	-5811.332762177356	0.08754473696339413	-5484427.2543274835	-2549464.82631541	-3658968.358856787	4738.47439667971	-3352.276855539905	-4767.910612039209	14272680.757802889	14389819.953386633	-5.638848622226208	-3148.9366255580644	3123.0391717231523	-0.001679394892601087
827786261.383775	-5205115.032748466	-83143.46533639054	-4786524.563047344	5082.621907401558	-96.68957906938898	-5522.953241150921	-3734722.3236789433	-104521.69546860587	-6004566.095435675	6374.382131838536	-69.59458113360171	-3959.3499804557573	-2566556.7529181694	-2714574.7328235283	-6004652.733397596	4557.014585049009	4458.202864647603	-3959.056380640528	-5155599.6826086575	-4826727.542417828	16.222363471445036	5135.641779293378	-5494.595762904081	0.08951307548635293	-5189180.324183495	-2745291.1584964013	-3937403.15015895	5099.743157502834	-3173.0686852057593	-4510.114508218477	14082519.799753977	14575956.639382172	-5.738135056431574	-3189.670930786023	3081.427886435097	-0.0016297160510104585
827786321.383775	-4889827.157154789	-88772.63373627242	-5107962.762599932	5423.406930320784	-90.88650882835721	-5188.050512969829	-3344970.6950772284	-108483.42761584358	-6229801.575230517	6612.952601866863	-62.41913008769234	-3545.983871628661	-2288133.592626294	-2441777.460313306	-6229869.622876485	4720.624369526033	4631.969006252336	-3545.657587673277	-4837159.707872492	-5146338.87580155	21.638497915319995	5475.408351553549	-5155.504582343912	0.09089605106240695	-4872874.246111995	-2929976.564488714	-4199816.563160525	5440.210294410243	-2981.0397513190537	-4234.0479086800015	13889931.241770076	14759580.674456673	-5.834362234629884	-3229.8554607840324	3039.2853437222893	-0.0015774216025239989
827786381.383775	-4554747.870773023	-94042.54115048419	-5408672.024689488	5742.11581457953	-84.71829696152325	-4832.225000811519	-2941703.791914007	-112006.99994454856	-6429799.043790027	6824.742928538723	-54.994208483786174	-3118.3668703433773	-2000464.2676004756	-2159113.8014186798	-6429846.499305319	4865.118530648205	4786.973900326632	-3118.006519809388	-4498998.367446998	-5444968.713039346	27.110593943000367	5792.797993225094	-4795.451798719516	0.09131250994459558	-4536798.670245766	-3102775.1847494757	-4445146.075932979	5758.505734697713	-2776.977789341032	-3940.84609519055	13694948.278687423	14940660.40056666	-5.927373574439223	-3269.483287351297	2996.618805480376	-0.0015225235181700921
827786441.383775	-4201240.3796697045	-98932.027495112	-5687440.336207937	6037.476436738115	-78.21011014381472	-4456.934876514913	-2526554.0467520533	-115078.3448167802	-6603755.08320785	7008.917236434229	-47.349963651748965	-2678.228417252485	-1704713.2250994055	-1867728.2041266481	-6603779.8649139395	4989.926389944951	4922.604617104494	-2677.832818484517	-4142497.432996639	-5721403.2660657205	32.56892133484968	6086.521236157535	-4415.914643258247	0.09038905725728126	-4182322.69694584	-3262989.8635940733	-4672399.337510026	6053.35202477476	-2561.7179328795783	-3631.7119713088587	13497604.518163852	15119164.598099062	-6.01701324233582	-3308.547578166559	2953.43562395098	-0.0014650347888692287
827786501.383775	-3830741.3314557704	-103421.48298492862	-5943145.461214574	6308.3135601124395	-71.38846889475268	-4063.7135494707427	-2101200.733037447	-117685.22333176684	-6750971.462849395	7164.750427973434	-39.517158437688	-2227.344182804304	-1402076.8003178574	-1568799.5631972684	-6750971.436439126	5094.55594505623	5038.326117306266	-2226.9128945321713	-3769113.1697994815	-5974519.787906022	37.92721898406494	6355.385260045634	-4018.449829623218	0.08795093724512412	-3810889.1769907232	-3409974.8863480687	-4880658.071508145	6323.569031146379	-2336.1391476374347	-3307.9109106059022	13297933.97489059	15295062.4912541	-6.103126214845546	-3347.0415979662384	2909.7432404568162	-0.00140496942530034
827786561.383775	-3444754.8698620377	-107492.92961777217	-6174759.277199404	6553.553362303802	-64.28122018348033	-3654.1636167708593	-1667363.2592325988	-119817.25457715525	-6870857.703667091	7291.629952491628	-31.526938032387065	-1767.5291202098065	-1093778.4467100452	-1263536.5024040793	-6870830.759462404	5178.595600401954	5133.682752943808	-1767.0635672739127	-3380370.361641424	-6203291.191959434	43.08592776877387	6598.300038259837	-3604.6881674636834	0.08366674618993772	-3424008.738881649	-3543138.497908307	-5069081.663039394	6568.078308085187	-2101.160462604253	-2970.7653253246076	13095971.064733868	15468323.753351822	-6.185558339715516	-3384.9587097059116	2865.549184121451	-0.0013423424573711555
827786621.383775	-3044846.412418012	-111130.09508469424	-6381351.706754819	6772.227766175301	-56.91734639919715	-3229.949305653684	-1226794.376450204	-121465.93725915164	-6962933.2563836025	7389.057376025056	-23.410835264638113	-1300.6316392021397	-781063.8480342815	-953172.5556501715	-6962877.427574945	5241.7162284119795	5208.3001196158075	-1300.1349597443116	-2977855.966599308	-6406790.265875704	47.927884600686404	6814.28384116801	-3176.326644290775	0.07745928049545014	-3023253.573279102	-3661945.186645363	-5236910.413295702	6785.906799956269	-1857.7369665988454	-2621.6490854763338	12891750.598807352	15638918.51206137	-6.264156397041944	-3422.2923757049325	2820.8610705739106	-0.0012771699332891427
827786681.383775	-2632636.2243325184	-114318.47650580607	-6562094.180425495	6963.476921772517	-49.32681038335819	-2792.788815752751	-781273.2437855443	-122624.67678732343	-7026829.304859089	7456.651170377131	-15.200865417053285	-828.5263408396822	-465195.93440409517	-638961.2555819446	-7026742.833610042	5283.672091380536	5261.886042478832	-828.0022569134342	-2563212.4982130015	-6584193.405961601	52.357148193168236	7002.467152751641	-2735.12056097234	0.07005347114738965	-2610251.009034017	-3765917.728470495	-5383468.460343679	6976.190139886542	-1606.8558157022653	-2261.98192541673	12685307.777476398	15806817.354552072	-6.338768160330252	-3459.036158773998	2775.6866006383643	-0.0012094689182315169
827786741.383775	-2209792.863894809	-117045.39089643712	-6716262.673219439	7126.551287217542	-41.54025770694952	-2344.44765855263	-332598.39435881044	-123288.81067139703	-7062290.090934246	7494.146993370594	-6.929415245285851	-353.10616501190975	-147449.88808320975	-322171.19590716215	-7062171.4519544365	5304.3004394586915	5294.230713401926	-352.5586388260389	-2138131.19761462	-6734783.871619338	56.32512918323344	7162.095609528414	-2282.8754123882773	0.06216655550560081	-2186676.9073174396	-3854638.9893250028	-5508166.357702292	7138.175339625433	-1349.532200242667	-1893.2237095942685	12476678.184295183	15971991.332565464	-6.409242457463197	-3495.1837233254596	2730.0335590091113	-0.0011392574926092204
827786801.383775	-1778026.5005992563	-119300.00725610758	-6843240.336874915	7260.813579198714	-33.588742627125065	-1886.7317226040627	117419.30571309128	-123455.63453735865	-7069173.842521625	7501.398393652459	1.3706229647635002	123.72337772512105	170891.8339056794	-4081.0710244844668	-7069021.741268407	5303.521673087034	5305.207418558686	124.29067190865953	-1704345.0605226285	-6857954.574753812	59.81311863938133	7292.5321541088	-1821.4396335582333	0.054075037667332806	-1754248.9056935203	-3927753.4937242083	-5610503.322880722	7271.223334604831	-1086.805607799272	-1516.8691151985854	12265897.779877722	16134411.9674074	-6.47542923155266	-3530.7288364661936	2683.909812911089	-0.0010665547499243346
827786861.383775	-1339082.1472481	-121073.36772033574	-6942519.731654843	7365.739948113118	-25.503663135226986	-1421.4811625157572	566963.7714681412	-123124.42537157937	-7047453.296258215	7478.377705945658	9.666179882572386	600.0522244141387	488544.5112720811	314025.3332579362	-7047266.653561592	5281.339901454048	5294.7731579388255	600.6357051484001	-1263621.7217454414	-6953210.439905361	62.8128825913857	7393.259600303089	-1352.697206030621	0.04592487827145403	-1314719.4950160307	-3984968.7678515175	-5690069.14080791	7374.8117333877835	-819.7358983277917	-1134.4412049077077	12053002.895703863	16294051.254859338	-6.537179601650614	-3565.665369072838	2637.3233107461374	-0.0009913807942180212
827786921.383775	-894732.7759003397	-122358.4122337718	-7013704.700843601	7440.922702602342	-17.316892147300166	-950.5639194748115	1014220.7828542008	-122296.44638719091	-6997215.761292595	7425.1746968026655	17.92404712131175	1073.9721765478298	804226.1612471398	630864.1564572335	-6996993.714908986	5237.84217539677	5262.968437629656	1074.5682075665209	-817756.2076902797	-7020170.292312667	65.32718941394411	7463.88224233511	-878.559540849093	0.037928057625012064	-869868.9820634116	-4026056.4345472404	-5746545.666473105	7448.535867796241	-549.3991064004057	-747.4849904309815	11838030.227861276	16450881.670007993	-6.594345923294595	-3599.987296849213	2590.2820807252483	-0.000913756737106249
827786981.383775	-446772.30490637	-123150.00559183938	-7056511.78703365	7486.071247912923	-9.060699087025613	-475.8674885908649	1457385.0497686667	-120974.96361513072	-6918662.846380837	7341.997480219009	26.110753073797813	1543.5826294295016	1116662.5183012453	945156.4818269117	-6918404.757341578	5173.198874589746	5209.917657439855	1544.1873319858291	-368563.61973554775	-7058568.280288799	67.37140634572276	7504.1268181712785	-400.9581327256	0.030287312440872138	-421498.38938363583	-4050853.0667703934	-5779707.978349277	7492.11014506399	-276.8835191125848	-357.5619194420823	11621016.83072456	16604876.171992512	-6.646781848862945	-3633.6887013657397	2542.794229487035	-0.000833704694402389
827787041.383775	2991.4206200341578	-123444.96157500017	-7070771.219944553	7501.012177433617	-0.7678056830212387	0.7069990662506598	1894667.3316221382	-119165.23862082222	-6812109.771399051	7229.172759971832	34.193380604187304	2006.9984861747791	1424592.0640313257	1255633.385385636	-6811815.244426083	5087.6644757783715	5135.829405488673	2007.6077349363704	82128.251826388	-7068254.856994049	68.97192919702503	7513.84381032887	78.16304691210206	0.023152836771013777	28577.725828428112	-4059260.793647752	-5789425.178248247	7505.369054866525	-3.2852943195127295	33.75637617529901	11402000.110572511	16756008.208668344	-6.694342387714922	-3666.7637710806757	2494.8679407026557	-0.0007512477823233561
827787101.383775	452743.70799056895	-123242.06859016199	-7056427.5291105015	7485.690657423088	7.528769256614135	477.2521162987278	2324301.511010176	-116874.48190648004	-6677984.2139054015	7087.144411872265	42.13983091878986	2462.357351005918	1726771.0356210773	1561040.9462454466	-6677653.083273747	4981.576001885032	5040.994910867186	2462.9676944584457	532486.3699251032	-7049197.277494139	70.16040668423332	7493.007760890614	556.8559300551196	0.016552540038013347	478538.47785378253	-4051247.637479657	-5775660.824755758	7488.267136977683	270.2959912997622	424.8938941576486	11181017.81914468	16904251.721187003	-6.736883966090707	-3699.2068023429993	2446.511473667433	-0.0006664101132796655
827787161.383775	900670.098828758	-122542.09674890047	-7013539.687316901	7440.1691198591725	15.79594618173684	951.8614102419665	2744551.5979224117	-114111.82152345651	-6516824.739400688	6916.472604928387	49.91817332027932	2907.8266685410863	2021978.3322928874	1860145.1745819598	-6516457.037801288	4855.351786737677	4925.787326129101	2908.4347432527316	980679.8746314717	-7001479.614522002	70.96990450496811	7441.716637732218	1033.1758292727839	0.010543440974722585	926563.8538770399	-4026847.59677354	-5738473.027297957	7440.878948300846	542.7613488888342	814.2759101291302	10958108.047138294	17049581.14849095	-6.774264486746241	-3731.0122003767565	2397.7331618794074	-0.0005792167912465552
827787221.383775	1344963.401019747	-121347.81180007098	-6942280.898164898	7364.62755990075	24.00030756429227	1422.6346872972626	3153718.651687189	-110888.30073281386	-6329278.7727542715	6717.831669171483	57.496609938148836	3341.611577857937	2309020.384745717	2151736.9217465683	-6328874.7533022845	4709.490969376051	4790.661307024304	3342.213402435279	1424887.4861921864	-6925302.341859931	71.44144334576153	7360.19182111734	1505.1886863471068	0.005320318497339056	1370841.9160882477	-3986160.4937183866	-5678014.192045305	7363.39909056803	813.0163850279262	1200.3349661633406	10733309.217646709	17191971.431722783	-6.806343388297769	-3762.1744802467088	2348.5414116050665	-0.0004896939067158719
827787281.383775	1783830.7713129744	-119663.9784919844	-6842938.005567507	7259.364205664591	32.10878801086133	1887.6854708001651	3550147.5400369884	-107216.8441370189	-6116100.131338287	6492.007082160672	64.84434379085798	3761.9615140967817	2586735.935731612	2434636.711696232	-6115660.295728191	4544.570989128558	4636.150901072324	3762.5528350980767	1863304.9011246017	-6820981.4549489375	71.62597644070418	7248.777607737532	1970.9792208966871	0.0009627268109893465	1809575.986331345	-3929351.5546929664	-5594530.39426131	7256.141280780021	1079.9761238262367	1581.5172118684945	10506660.079540446	17331398.018547997	-6.8329817042508685	-3792.6882678051134	2298.9447004325025	-0.0003978685312268707
827787341.383775	2215500.7766035055	-117497.3196526009	-6715910.4404956065	7124.794266770242	40.089178520782504	2345.148444776034	3932233.5319153247	-103112.18646841665	-5878146.190235302	6239.893032750665	71.9318076264201	4167.1761539641075	2854000.663795707	2707699.4467361267	-5877671.303291001	4361.2453717054295	4462.867788270772	4167.752432118063	2294152.1202248144	-6688947.100200763	71.56961122913773	7107.939510945565	2428.6589765209887	-0.002768364599984633	2240991.7304100357	-3856650.7285527857	-5488360.400074203	7119.536415421014	1342.5686162967445	1956.2876237003134	10278199.700792031	17467836.867390577	-6.854042121688706	-3822.548300619467	2248.9515758122348	-0.00030376871147661606
827787401.383775	2638230.383056469	-114856.47625442118	-6561708.75052744	6961.44903474034	47.90962491733121	2793.1863032358197	4298428.749176382	-98590.80567495643	-5616374.6778729	5962.490027454465	78.73043206046083	4555.611761585027	3109731.7115208344	2969819.0224304805	-5615865.779809792	4160.242440547201	4271.499731733037	4556.1684882955815	2715680.658945176	-6529741.733578195	71.2986895025634	6938.2621060822985	2876.374047778076	-0.006250976293461771	2663344.1676276377	-3768351.8063938147	-5359934.376466023	6954.1318893823245	1599.7384255227626	2323.1355272346636	10047967.461745718	17601264.451580655	-6.869389039594269	-3851.7494288810594	2198.5706535859567	-0.0002074234630082488
827787461.383775	3050311.8764541913	-111752.00125506315	-6380952.681993074	6769.974081625684	55.53830627064453	3229.9976641010803	4647248.478613933	-93670.8655625986	-5331840.0842803335	5660.902642982289	85.21260865019612	4925.687966165633	3352892.108624889	3219932.8286545835	-5331298.468289066	3942.363006699501	4062.8084270841237	4926.221182735563	3126180.6119191856	-6344017.817037911	70.81776623193545	6740.446280850453	3312.312715477794	-0.00981590643983498	3074924.621202784	-3664811.305185018	-5209772.252585653	6760.590180033374	1850.4508039283899	2680.5805120864075	9816003.048333291	17731657.76341356	-6.878888626781236	-3880.286616294171	2147.810616503454	-0.00010886276347770703
827787521.383775	3450079.629258053	-108196.3367837096	-6174368.813151746	6551.126232004786	62.94421054384234	3653.823843668949	4977277.311779718	-88372.15200399236	-5025689.616705458	5336.335555209793	91.35193356664239	5275.895781975708	3582495.0431878306	3457026.120457979	-5025116.814921469	3708.4777447923616	3837.627240731961	5276.401406279566	3523987.535190261	-6132535.067846422	70.11449106104352	6515.305941097592	3734.7126878203903	-0.013686499568120607	3474067.5738556697	-3546447.101266673	-5038481.71737739	6539.687053343929	2093.695939284409	3027.178774646442	9582346.445237096	17858994.318119507	-6.882408879408186	-3908.1549409457675	2096.6802127279484	-8.117545497982441e-06
827787581.383775	3835916.6966574336	-104203.748818696	-5942787.818127534	6305.77106063271	70.09755388070664	4062.9546629463866	5287174.991235777	-82715.99193549706	-4699158.731401256	4990.088464775769	97.12345193914614	5604.803420255169	3797607.9626394156	3680136.2280147546	-4698556.516797225	3459.5240471592647	3596.8580754329587	5605.2776600490715	3907489.1193864667	-5896157.28973416	69.16856361472672	6263.764405095861	4141.867776870263	-0.017889187955518103	3859157.3723382973	-3413736.79865846	-4846755.828331141	6292.308217306421	2328.4934115996816	3361.5294569978346	9347037.929001482	17983252.157743286	-6.879819678050812	-3935.349596155537	2045.1882543301217	9.478031093811682e-05
827787641.383775	4206261.274483992	-99790.25800574406	-5687141.369432972	6034.880600803125	76.96959235466493	4455.734746347483	5575682.003191149	-76725.16889677262	-4353566.326205421	4623.552382597103	102.50352451992374	5911.062472811889	3997356.470356327	3888356.566788054	-4352936.675310755	3196.5024315611845	3341.4679680607937	5911.50232819174	4275131.64840137	-5635848.813970515	67.9643432648708	5986.8508566028	4532.1343489693245	-0.022266079670797384	4228634.70553605	-3267215.8507232256	-4635370.272807188	6019.445411788465	2553.8958922530246	3682.279931236789	9110118.06109383	18104409.854933254	-6.870992844306884	-3961.865891306119	1993.3436157710846	0.0001997979864555078
827787701.383775	4559613.015684077	-94973.58241560342	-5408458.658980772	5739.531020722459	83.53248995916594	4830.569996154569	5841624.896542781	-70423.84865171125	-3990309.526678333	4238.203998806459	107.46975257707118	6193.41478311646	4180927.9961471753	4080840.4387629903	-3989654.579336698	2920.472561834771	3072.4854499551398	6193.8177433576375	4625426.236402857	-5352670.545965671	66.4956450824208	5685.696402633716	4903.938027337389	-0.026702558236259125	4581002.855779818	-3107475.474705385	-4405180.32358039	5722.192745508674	2768.992476665258	3988.130791453804	8871627.680916362	18222446.51663898	-6.855802196908698	-3987.6992526533886	1941.15523237454	0.000306901730716569
827787761.383775	4894539.194097028	-89773.07871414242	-5107862.491145994	5420.89939270746	89.75952914502537	5185.935400059597	6083921.23608166	-63837.49305890238	-3610858.101646383	3835.5995162809936	112.00141219189885	6450.697913090667	4347575.219494449	4256804.603120519	-3610180.1430486664	2632.5491016509377	2790.996574592332	6451.061591390728	4956954.804848345	-5047775.609204814	64.75729223129214	5361.529320080613	5255.7803078933575	-0.031276404127581134	4914833.735110137	-2935160.3614212447	-4157117.499615035	5401.743175940198	2972.9122472290296	4277.840741940392	8631607.898769949	18337341.787716895	-6.834123607317785	-4012.8452241166465	1888.6320987884105	0.0004160568712589062
827787821.383775	5209680.602612973	-84209.66366523929	-4786564.933173108	5080.258531316857	95.62544186758986	5520.381396032651	6301584.200701381	-56992.747762843974	-3216748.5634859204	3417.3688325028406	116.07981117285277	6681.850429790396	4496619.251572473	4415532.609116848	-3216050.025251264	2333.897735059645	2498.1409149674914	6682.172302055212	5268375.752605605	-4722404.610649763	62.737724085199666	5015.669645613509	5586.2445052948615	-0.0360797054100695	5228773.702524806	-2750966.159662913	-3892185.9239315186	5059.384559409396	3164.8281693782637	4550.231830652572	8390100.088771101	18449075.85444335	-6.805835054776781	-4037.299468048582	1835.7832674361905	0.0005272278227524199
827787881.383775	5503757.183897889	-78305.72982631816	-4445862.624197582	4718.973304054289	101.10625520134896	5832.539626232991	6493726.804863257	-49917.31439336433	-2809577.951815989	2985.2087528235347	119.68842888154553	6885.916897848037	4627452.558515398	4556377.87195513	-2808861.4200932896	2025.7304353201475	2195.10695730694	6886.19441711833	5558429.2931930665	-4377880.572192572	60.42460309899515	4649.523584655305	5894.000973568781	-0.04103246853666826	5521549.110624359	-2555636.7321439344	-3611458.36771426	4696.494598395695	3343.9606705163783	4804.194511877753	8147145.881723373	18557629.447934415	-6.7708166807933745	-4061.057765984877	1782.6178469582874	0.0006403780966721737
827787941.383775	5775573.409896324	-72085.0734370785	-4087131.6902768645	4338.495451024733	106.17918295737522	6121.12996249022	6659565.718466206	-42639.82866233433	-2390997.349810498	2540.876613352591	122.81256998991542	7062.052099294319	4739541.5879262015	4678766.461425149	-2390265.5515636434	1709.3004539199437	1883.127206434472	7062.2831294015	5825942.460290803	-4015603.5579578537	57.81501571789207	4264.577978919271	6177.8121057702865	-0.045934169324853974	5791971.540789893	-2349961.2218800546	-3316072.013729612	4314.535782012146	3509.580438026719	5038.692001827963	7902787.15794441	18662983.847471923	-6.728950843031397	-4084.11601937331	1729.145000643622	0.0007554703113877213
827788001.383775	6024023.306884187	-65572.81206959106	-3711822.275710309	3940.3574065756134	110.82305408778062	6384.966092168915	6798424.690038041	-35189.761212071404	-1962705.1183928265	2086.1829592588756	125.43911635917881	7209.526087886047	4832429.093855062	4782199.589491872	-1961960.9028569427	1385.8971699891997	1563.4729808428292	7209.708634971569	6069833.769800996	-3637045.009634065	54.9143737754097	3862.3944083335123	6436.53700608744	-0.050755192857335193	6038942.752902331	-2134770.9437467447	-3007223.9519139826	3915.0506944622607	3661.0116858530846	5252.765036496911	7657066.040049865	18765120.88373506	-6.680122168584167	-4106.470250282248	1675.373944851755	0.000872466202664265
827788061.383775	6248095.128665604	-58795.27488435001	-3321452.7622954375	3526.166697323294	115.01869396979889	6622.96064527607	6909737.48262841	-27597.31294539418	-1526439.8661843955	1622.9830407398613	127.55693024051233	7327.727667414336	4905736.13322585	4866255.770905855	-1525686.202223478	1056.8403367750652	1237.4487935020584	7327.859744041761	6289117.5249595605	-3243741.808175507	51.72153107890357	3444.6031699169644	6669.1360048360075	-0.055713794058729296	6261459.312865232	-1910936.0589806694	-2686166.3738715257	3499.6557828053537	3797.6358841597425	5445.53694694615	7410024.885695423	18864022.94193706	-6.624217606605421	-4128.11660208839	1621.3139474258085	0.0009913266345756497
827788121.383775	6446875.676662634	-51779.87678580657	-2917603.671616299	3097.599582490481	118.74909117025598	6834.130455479773	6993050.31970917	-19893.285878135874	-1083973.2473291317	1153.1689964524373	129.15710844612914	7416.166950569544	4959163.718062719	4930592.64975222	-1083213.2193124762	723.4744421120133	906.3868428517401	7416.246722306979	6482907.751446343	-2837290.0690817833	48.22342506656574	3012.8969790449296	6874.675025605799	-0.06092240558230047	6458616.808048276	-1679362.0484983195	-2354201.4861100307	3070.0340902112694	3918.8946575851905	5616.217847219797	7161706.280278195	18959672.964866366	-6.561126480273225	-4149.051340143648	1566.97432609646	0.0011120116108242143
827788181.383775	6619554.225084365	-44554.993620284	-2501911.28072879	2656.3945244615543	121.99914470406216	7017.600928366306	7048023.858553246	-12108.948967167991	-637102.6041445062	678.661720696413	130.23303083182446	7474.477930463453	4992494.1308483295	4974948.48734215	-636339.3990558239	387.163047509321	571.6411574706538	7474.503847495011	6650421.738026575	-2419338.669948079	44.409315491724556	2569.023887649588	7052.330121755571	-0.06620493729827569	6629613.6237922525	-1440986.0340661597	-2012676.2032875007	2627.9279971146952	4024.292026466174	5764.107823227653	6912153.0295987185	19052054.4558318	-6.490740538062482	-4169.270852421047	1512.364446877276	0.001234480286467857
827788241.383775	6765426.053937567	-37149.86012473339	-2076060.9602059775	2204.3452517163932	124.75532407122186	7172.611017133418	7074434.657867525	-4275.893188700726	-187643.4805463829	201.4023369292662	130.78059201768977	7502.420071879283	5005591.890514386	4999143.286942037	-186880.35823297943	49.28277036883645	234.5814046801902	7502.391369121621	6790983.102562269	-1991582.537662733	40.2824419607523	2114.7787467794597	7201.3905351986205	-0.0713137580252385	6773754.296519618	-1196772.9729101872	-1662976.664722941	2175.1323250914998	4113.39649270364	5888.5998098442105	6661408.152484845	19141151.48151117	-6.412954004301743	-4188.77165013953	1457.4937224516666	0.0013586909800481757
827788301.383775	6883895.514450521	-29594.468560337227	-1641780.2374623292	1743.2923921475985	127.00598925269732	7298.517018939177	7072176.151394753	3574.11721247431	262577.93990525196	-276.65582488017486	130.79808682759173	7499.879483532731	4998404.3479979215	5003079.547111626	263337.70999673783	-288.7829830090427	-103.41325447360782	7499.796615184107	6904024.370452679	-1555755.8254482332	35.85719456677196	1651.9959294417454	7321.259621079594	-0.07615556168147503	6890452.438068692	-947711.7227234475	-1306522.5727561493	1713.4867595623136	4185.843162060841	5989.182523927172	6409514.873378768	19226948.67470288	-6.327663628990355	-4207.550368367567	1402.371610551734	0.0014846011861181345
827788361.383775	6974478.609077016	-21919.444472445193	-1200831.6742193366	1275.1157497985416	128.74167746029985	7394.795280011932	7041259.117140931	11409.280393309726	711732.46818905	-753.5561766999879	130.2859087434749	7466.869910849817	4970961.905675762	4986742.647858938	712485.6763854681	-625.6502806622557	-440.9602840062226	7466.734379015203	6989089.172663437	-1113625.0300880866	31.147811087840125	1182.5436917789298	7411.45624305832	-0.08078205510579158	6979233.189193976	-694811.0052138653	-944761.3813426717	1244.8680087093337	4241.334942686845	6065.442484706219	6156516.614888474	19309431.236980017	-6.234768736852083	-4225.603766605445	1347.0076123292936	0.0016121675881639829
827788421.383775	7036805.106558231	-14155.915280880316	-755005.5828712203	801.7263592659651	129.95515974180563	7461.044835611405	6981811.601622653	19197.875981206183	1157995.5561496771	-1227.3476928064867	129.24639037689215	7403.532143868906	4923377.863975889	4950200.876021998	1158739.1132863078	-959.9407771018796	-776.6795629368818	7403.346510476669	7045834.112908567	-666981.981133539	26.17085995593127	708.3183674941605	7471.617739465088	-0.0850336572720534	7039735.222678455	-439095.3063493504	-579162.374674024	771.1825175386916	4279.64371002679	6117.065806108771	5902456.990304907	19388584.941246472	-6.1341712756016005	-4242.928729346157	1291.4112707193497	0.0017413460719204884
827788481.383775	7070620.166255263	-6335.368231761979	-306112.6014314417	325.05816467033173	130.6416789202938	7496.989373966158	6894078.352193415	26908.383335119386	1599554.9004625701	-1696.0927644987983	127.68384714035612	7310.133549900889	4855847.904784491	4893605.113630748	1600285.9101742816	-1290.2878553138335	-1109.199108129364	7309.901654676052	7074030.2047220655	-217636.63330877328	20.95480496979788	231.2357334283796	7501.502783995608	-0.08874233743997385	7071712.291888481	-181600.69050804037	-211210.63978945988	294.3584882312486	4300.611840145839	6143.839819153763	5647379.796086106	19464396.134194653	-6.02577586340048	-4259.522266614771	1235.5921687963046	0.0018720917390716203
827788541.383775	7075785.469819827	1510.49454756474	144023.82484753785	-152.94004503683402	130.79879845854788	7502.478526486525	6778419.74150945	34509.59961452403	2034618.0267957686	-2157.8764222549016	125.60458593801101	7187.067452453121	4768649.188451418	4817188.1470288215	2035333.8441063291	-1615.343232280562	-1437.1618330151387	7186.793593092276	7073563.786364871	232590.22386374557	15.532692946309195	-246.77697585176554	7500.991656554654	-0.09190975002189437	7075034.295587154	76629.45774703045	157599.03879482037	-183.66208437101744	4304.1530945116365	6145.654138351517	5391329.00430965	19536851.738664363	-5.909489835479648	-4275.381514486208	1179.5599281231844	0.002004358921334049
827788601.383775	7052279.858206801	9349.891208342497	593575.0423570611	-630.3133064360595	130.426269401311	7477.4891905823815	6635310.131498356	41970.76641072281	2461419.7790509635	-2610.81539468132	123.01714770404841	7034.850632532658	4662139.08318052	4721263.603737129	2462117.9895782075	-1933.782345208042	-1759.2308355650555	7034.53801750908	7044436.985447351	681874.3010196906	9.933575158661045	-723.7888670301834	7470.087553527577	-0.09469747653875812	7049687.851109083	334548.74174342124	525768.3501644264	-660.9321560904375	4290.253331630163	6122.501645433515	5134348.755094666	19605939.25590242	-5.785223289905424	-4290.503735581315	1123.3242070941635	0.002138101194919221
827788661.383775	7000199.422067784	17151.085015678887	1040714.8282206941	-1105.1096660516678	129.52581741350468	7422.125324955122	6465335.730178038	49261.706798414416	2878229.6339551248	-3053.0660177301816	119.9323507761417	6854.120228135036	4536753.6085655065	4606224.607264951	2878907.9833154045	-2244.3089708023385	-2074.0941535749344	6853.771254296693	6986767.665540282	1128395.1739962732	4.166762965566814	-1197.8742804373355	7408.915825613897	-0.09759840237678145	6995776.32428603	591112.0685081601	891801.6408558653	-1135.508454342121	4258.970057369059	6074.4778872150555	4876483.348994745	19671646.767722655	-5.652889132466685	-4304.886319541154	1066.8946992706763	0.002273271395366966
827788721.383775	6919757.084481029	24882.500335420056	1483626.988498725	-1575.3879694205266	128.10108874961435	7336.6172537959665	6269191.984854807	56352.95461047583	3283358.8299643463	-3482.831946285838	116.36302544583378	6645.630587176398	4393005.530742865	4472542.063775681	3284015.2283707233	-2545.6624622069735	-2380.4724155192307	6645.248315212506	6900788.8927975185	1570343.5660060318	-1.7912004331576519	-1667.1199449880082	7317.722502264566	-0.10112484087060208	6913519.3761146525	845279.9382710471	1254212.0541992714	-1605.4590313497288	4210.4321672199785	6001.780471915961	4617777.23936304	19733962.938565858	-5.512403120660915	-4318.526783479438	1010.2811317113976	0.0024098216327475917
827788781.383775	6811281.697377148	32512.8394177571	1920512.9371297974	-2039.2266569799422	126.15773149364533	7221.321408372213	6047680.510405406	63215.8721875284	3675167.2901041056	-3898.3718912147137	112.32398691642322	6410.249487405527	4231482.041902672	4320762.494377003	3675799.783426432	-2836.6226789840307	-2677.1248206271375	6409.834773939918	6786847.987748761	2005928.5502718836	-7.981969667163658	-2129.6317115868437	7196.873016995911	-0.1053184541253878	6803252.04828452	1096022.7135975668	1611527.6391650527	-2068.871141195233	4144.839371826168	5904.708526822616	4358275.024690885	19792877.017459378	-5.363683906757283	-4331.422772413002	953.4932632963823	0.0025477033072249756
827788841.383775	6675216.586225883	40011.209731256866	2349599.210267959	-2494.7329409080885	123.70364203601014	7076.718320050489	5801705.558315238	69822.77184963667	4052070.2888973206	-4298.007046201721	107.83201969270601	6148.953277546712	4052842.3315315284	4151505.7040539356	4052676.9067766946	-3116.0106871066027	-2962.84989329144	6148.505736685132	6645405.1880640695	2433384.6867698133	-14.43502815112133	-2583.5409814345626	7046.851420907622	-0.10979585476988117	6665423.370616914	1342324.8432576272	1962297.4130630475	-2523.8592558151336	4062.461382867218	5783.66165049607	4098021.4409212447	19848378.83987599	-5.206653079915245	-4343.572059670269	896.5408830456502	0.002686867124974679
827788901.383775	6512117.57570828	47347.26284899297	2769144.8275875496	-2940.0509273168445	120.74904482565562	6903.40975720254	5532270.088463707	76147.01678763132	4412544.797837463	-4680.126690585495	102.90531555711618	5862.821357777249	3857814.8496225644	3965462.2212995985	4413123.691161759	-3382.698621258912	-3236.4934831301052	5862.346200658661	6477031.889769317	2850979.121429118	-21.15593336942742	-3027.0124738411573	6868.259627845693	-0.11420777959756197	6500594.48253887	1583189.0417689455	2305097.3526846766	-2968.573447771966	3963.637164000261	5639.138676464826	3837061.353738314	19900458.829491705	-5.041235207337516	-4354.972547277605	839.4338084325063	0.0028272631144525867
827788961.383775	6322650.542803641	54491.32778533318	3177448.4792623604	-3373.369422589699	117.30624423486056	6702.115762210733	5240471.54866335	82163.11003659104	4755135.558183472	-5043.193081434029	97.56378299643028	5553.033055614638	3647193.968867263	3763390.164819497	4755685.356203672	-3635.6175396894573	-3496.9574732000833	5552.539780348158	6282408.395900887	3257018.597508848	-28.136419254715804	-3458.2525612928503	6661.815127382381	-0.11844832971990492	6309436.20771112	1817640.394706109	2638536.288352743	-3401.2090453201413	3848.7730108430883	5471.735233362457	3575439.750834609	19949107.99984226	-4.867357874436613	-4365.62226632353	782.181883691887	0.0029688406430060615
827789021.383775	6107588.499814441	61414.52928677523	3572855.5165870837	-3792.9297007511223	113.38947097377712	6473.671015194095	4927497.224644593	87846.80798795259	5078460.993838883	-5385.751095412395	91.82926100727525	5220.863786738634	3421836.4178666705	3546111.8471578388	5078980.817765549	-3873.75762450087	-3743.1999848436753	5220.358718707448	6062321.190687571	3649856.2916045785	-35.3666769754815	-3875.51664414602	6428.347631469267	-0.12252821068000685	6092726.096170656	2044730.3138382263	2961261.576193005	-3820.01414800105	3718.339686681399	5282.139152740473	3313201.7341568638	19994317.955877937	-4.684951723994618	-4375.5193773006795	724.7949781240217	0.003111548433820873
827789081.383775	5867808.219805002	68088.9064097752	3953764.7070003515	-4197.033024252604	109.01493870094372	6219.020553853753	4594619.056620099	93175.23336476734	5381218.676942715	-5706.43432789299	85.72548934823085	4867.674913491181	3182657.7237491864	3314510.3615257707	5381707.947720852	-4096.169363595849	-3974.2377681545995	4867.162122099077	5817659.79561062	4027898.4455107423	-42.83381294343634	-4277.115886149951	6168.79571353425	-0.12629826454720425	5851345.097496885	2263540.3211579244	3271964.5148444017	-4223.294809301291	3572.869721478977	5071.126807536794	3050392.512132084	20036080.895416483	-4.4939504942962305	-4384.662170425492	667.2829843937031	0.003255334583197063
827789141.383775	5604286.431793178	74487.5169560801	4318634.693400009	-4584.047136343167	104.20029978435697	5939.214233749071	4243188.271381252	98126.99123887034	5662190.289704211	-6003.966914984485	79.2780426498041	4494.908069649974	2930628.4782730164	3069525.918101744	5662648.641850827	-4301.9674094177735	-4189.150739925086	4494.390773301974	5549413.213619401	4389610.789781313	-50.509282938839405	-4661.4242148722615	5884.20303213509	-0.12941441286165983	5586273.944919901	2473185.707647834	3569385.5649971743	-4609.419710298204	3412.9561897771196	4839.56024198439	2787057.3918750845	20074389.610493857	-4.29429105621556	-4393.049065935546	609.6558168254594	0.0034001465781467698
827789201.383775	5318095.698741671	80584.52197402413	4665990.138390511	-4952.410651603704	98.96480888879321	5635.402534332072	3874629.811469373	102682.2544089612	5920246.295145473	-6277.168297976701	72.51347803067749	4104.079930409895	2666770.3616901995	2812151.9481967427	5920673.558661807	-4490.334895817616	-4387.085554774196	4103.561541596469	5258665.970368454	4733524.714860851	-58.345179528213556	-5026.884610530156	5575.713887102675	-0.13162092826065758	5298589.1957294205	2672819.154790868	3852319.4495359655	-4976.827669765583	3239.251962112578	4588.3857756646985	2523241.771378862	20109237.488612577	-4.085913449237624	-4400.678614364497	551.9234096949194	0.0035459313143051114
827789261.383775	5010399.945228859	86355.30110572497	4994427.713077696	-5300.641437132652	93.32981972286098	5308.834382482049	3490436.4915652606	106822.8089980202	6154350.25082157	-6524.957287872151	65.45901636962098	3696.775945484506	2392151.9207284907	2543431.003239123	6154746.46980812	-4660.526902665392	-4567.258648535681	3696.26010441369	4946593.785283591	5058243.181511784	-66.28378444667266	-5372.015363559194	5244.568830967879	-0.132823852968546	4989458.736854707	2861634.208891313	4119620.093056782	-5324.036712700403	3052.465500070232	4318.629498669108	2258991.131689144	20140618.513887435	-3.868760916395936	-4407.549496794561	494.09571551666795	0.0036926351141484005
827789321.383775	4682449.411303199	91776.5726726945	5302621.750033618	-5627.345049874866	87.31859957777404	4960.8478121350545	3092162.9173251283	110532.0959421336	6363562.742388041	-6746.3559564760935	58.14262531501628	3274.643768327693	2107884.186333082	2264450.4952258263	6363928.17112203	-4811.872464441918	-4728.958575452303	3274.133794222083	4614458.872960741	5362446.335681255	-74.26100612169482	-5695.415849872348	4892.099232347845	-0.1328684944201945	4660136.852706014	3038868.479930683	4370205.238979025	-5649.649792438765	2853.3564883849804	4031.391679138028	1994351.0290644604	20168527.268088393	-3.642779938108048	-4413.660525086512	436.1827033288836	0.0038402037455091357
827789381.383775	4335575.334661906	96826.50938982137	5589329.34701201	-5931.216450100388	80.95630806061075	4592.8629527949215	2681419.198512539	113795.26257692956	6547044.907962919	-6940.4925233087615	50.59325334720429	2839.3864223906835	1815116.1903267768	1976338.3091629895	6547379.991778316	-4943.77617096238	-4871.548054366022	2838.8854006517495	4263604.935194706	5644896.8004263835	-82.19934412671277	-5995.7712241750505	4519.722166338644	-0.13148905051391788	4311958.98341238	3203806.6008541593	4603060.716522455	-5952.3592680926495	2642.7320973544097	3727.8406049062887	1729367.087123097	20192958.931580454	-3.407920264891486	-4419.010642087141	378.1943569750565	0.003988582440380073
827789441.383775	3971184.4608911653	101484.83364703218	5853395.161301452	-6211.044610650843	74.26930274635461	4206.377301102922	2259864.4976298264	116599.22688290871	6704061.570300244	-7106.60419096967	42.8410008488548	2392.7559187530123	1515030.3702781831	1680258.282711923	6704366.935363814	-5055.720240443206	-4994.466330772622	2392.266810939372	3895451.8723052423	5904444.678119361	-90.00927602577283	-6271.8572235446	4128.935770607308	-0.1286059661429665	3946336.276754869	3355782.9876019293	4817244.3871682435	-6230.949910695707	2421.444238391328	3409.208598068659	1464084.9889782714	20213909.28416038	-3.164134948942944	-4423.598921814132	320.140673383081	0.004137715913999724
827789501.383775	3590753.2669818127	105732.87075249133	6093755.858726269	-6465.716812243121	67.28463275217791	3802.9592824858764	1829200.4048992433	118932.74950800114	6833983.961821045	-7244.039820740208	34.91716112836574	1936.5459804288826	1208837.8564920754	1377405.549745843	6834260.414750245	-5147.266284723025	-5097.231235841452	1936.0718841108999	3511490.1869030553	6140032.272582603	-97.60683128454603	-6522.545684855604	3721.314369457428	-0.12445739529397741	3564749.879863795	3494184.4575740458	5011889.878833886	-6484.304645678445	2190.3871929390475	3076.7878991443886	1198550.4693629008	20231374.70579006	-2.9113803745641733	-4427.424569618343	262.03166084201985	0.004287548384209325
827789561.383775	3195821.9447749346	109553.58971760707	6309444.18288135	-6694.222585361169	60.030060739340726	3384.241936649093	1391164.1954964767	120786.49731571488	6936292.010895988	-7352.261230134358	26.853932856148376	1472.5850196189629	897773.6693022538	1069001.784571239	6936540.546904064	-5218.056483474041	-5179.440376449646	1472.129020208656	3113275.0468201083	6350698.4747546585	-104.92280084220288	-6746.810053653019	3298.5020387366053	-0.11923738888479894	3168744.894579772	3618452.659235999	5186209.986327339	-6711.40929558999	1950.4936610251987	2731.924078750062	932809.306745308	20245352.17722644	-2.6496162874185254	-4430.486922323441	203.8773372768377	0.004438023591072046
827789621.383775	2787988.1639561625	112931.6520704982	6499592.625371441	-6895.656921431093	52.534281031146506	2951.916059928138	947522.0149138828	122153.08981316183	7010576.238314737	-7430.844516375508	18.684158627206912	1002.7300230480603	583091.8697830872	756290.3984672998	7010798.018029974	-5267.814020865996	-5240.771662204519	1002.2944569999709	2702420.0596545488	6535582.74007593	-111.8968251532391	-6943.729540208435	2862.2057523696076	-0.11310554244831404	2759924.114393122	3728086.252340643	5339499.687136037	-6911.355376602209	1702.7306661595826	2376.010083290746	666907.3154372305	20255839.280547854	-2.3788058226027315	-4432.785448342871	145.68772852140006	0.004589084816744613
827789681.383775	2368900.661911507	115853.4734678921	6663436.70044406	-7069.223089538416	44.82709988039576	2507.7238782286577	500061.9730172205	123027.12765528896	7056539.284676534	-7479.481728440538	10.440962089349965	528.8602053784111	266060.68012922583	440531.7013335403	7056735.583721505	-5296.343924514699	-5280.984104542578	528.4466457544164	2280590.8113320125	6693928.666356076	-118.48389163532212	-7112.492961428643	2414.1888656148844	-0.1063766487730741	2339941.618123172	3822642.851340787	5471138.834328518	-7083.3422618428685	1448.0957411848296	2010.4814758558448	400890.3376954916	20262834.199576747	-2.0989155315189874	-4434.31974777415	87.47286659003697	0.0047406749055936065
827789741.383775	1940252.6531602389	118307.2957268837	6800317.82692488	-7214.235677884331	36.939579744883	2053.4520636747593	50587.13901717798	123405.19783099197	7073997.029867607	-7497.982333457369	2.1574050803343514	52.86972549374019	-52042.47487971169	122997.99276812596	7074169.208030752	-5303.53457909514	-5299.919234364958	52.47945646001915	1849498.1720050464	6825087.175003636	-124.6501108086457	-7252.4026679007	1956.2642137735515	-0.09903981843054896	1910496.2032429595	3901740.7488031285	5580594.58831746	-7226.680650747673	1187.6132882929658	1636.812015082097	134804.2358186954	20266335.720198587	-1.8099154075330648	-4435.08955247044	29.242787947968523	0.004892736284543667
827789801.383775	1503775.0910451182	120283.2566763904	6909685.770460138	-7330.12232750696	28.903802693899532	1590.9243688310723	-399091.52138024307	123285.86955940853	7062879.262741005	-7486.2736356158375	-6.1334756833774975	-423.33982161528706	-369935.98101395235	-195031.41243779223	7063028.753854105	-5289.357875064839	-5297.501701093177	-423.70555868062786	1410891.3828152113	6928519.241553477	-130.35057921045944	-7362.877653368151	1490.2861091986406	-0.09080248625631895	1473324.5990093192	3965060.398604401	5667423.520469252	-7340.795797980324	922.3302217207865	1256.5072214887216	-131305.11575969175	20266343.23057703	-1.5117789104047286	-4435.094726089417	-28.992468219109085	0.005045210983650284
827789861.383775	1061229.8484634687	121773.44212817992	6991100.675525912	-7416.424999497059	20.75257061236256	1121.9953198725002	-847162.2082380252	122669.69652733038	7023229.91931674	-7444.400504433584	-14.398573531784898	-897.8661735911232	-686339.0319477016	-512275.1733705671	7023358.241829142	-5253.868872552009	-5273.739357122816	-898.2057335265965	966550.9982218839	7003798.157587005	-135.52356252108777	-7443.455446891881	1018.1429512061382	-0.08143180653015117	1030194.5373390757	4012345.639220513	5731273.33109037	-7425.22928532065	653.3117395518293	871.0981482742884	-397391.83838050946	20262856.72126521	-1.2044829894773974	-4434.335264119401	-87.22286173597865	0.005198040656884161
827789921.383775	614402.8096783085	122771.91915230078	7044234.726111102	-7472.801653065046	12.519055043162057	648.5439479262401	-1291819.34748526	121559.21550466029	6955206.928524265	-7372.525621831922	-22.604962742065823	-1368.8130604123712	-999976.6312703807	-827454.9243955822	6955315.718033273	-5197.206203245754	-5228.723533913103	-1369.1241518939528	518281.7157399092	7050611.370339835	-140.09909012526026	-7493.794142136766	541.7503532307024	-0.07090913516622806	582897.7420956704	4043404.6645631148	5771884.190351804	-7479.639841641952	381.63718778547667	482.13514270691155	-663410.0570689575	20255876.785213187	-0.8880081056145703	-4432.811293882751	-145.4383531690991	0.0053511666031192465
827789981.383775	165096.85768212797	123274.74608096488	7068873.408122123	-7499.027923296811	4.236417962491419	172.46668956288988	-1731270.6452521202	119958.92327384364	6859081.626259939	-7270.928751865858	-30.720273772744324	-1834.2976876376742	-1309584.5961014866	-1139300.2763666492	6859172.680316282	-5119.591513165107	-5162.628685057056	-1834.5771946127336	67905.06974567287	7068761.889965953	-144.0140119936265	-7513.674733027863	63.04340552593948	-0.05944820334041568	133242.88502437505	4058110.7641093	5789089.744922579	-7503.804028060438	108.39647661895867	91.18294456005322	-929313.908444172	20245404.617671493	-0.5623382518712088	-4430.523074516529	-203.62890555774584	0.0055045297873114
827790041.383775	-284875.2141224055	123279.96886682427	7064916.324929946	-7494.9978674507165	-4.062228916575691	-304.3302219334404	-2163744.0751419608	117875.24047654541	6735237.746615028	-7140.005536260885	-38.712727850081706	-2292.4573618041786	-1613914.507426834	-1446553.7866477878	6735313.072307685	-5021.328463299807	-5075.711809521626	-2292.701424590433	-382747.98578924296	7058169.207973848	-147.21765475071555	-7503.002423204897	-416.0316383056116	-0.04723836523371602	-316951.52823182114	4056402.843407322	5782817.82659856	-7497.617693163028	-165.31378600630813	-300.1846631395839	-1195057.5486269586	20231442.015990857	-0.2274609728888835	-4427.470996930416	-261.7844861447963	0.005658070861858798
827790101.383775	-733697.805888583	122787.62214301967	7032377.567985248	-7460.723837640463	-12.34369797785426	-779.9378435960436	-2587494.788348101	115316.48057144025	6584170.009751835	-6980.265878452702	-46.55097683865605	-2741.456282945197	-1911738.6010595742	-1747975.8935347674	6584231.8671197025	-4902.801673853378	-4968.311829522839	-2741.6604478774434	-831844.5596712504	7018869.707708719	-149.67481007425906	-7461.807364739003	-893.526194543017	-0.03463517163873299	-765864.3431755034	4038285.7042907765	5753090.813947033	-7461.096782258478	-438.3943016524396	-690.3909110402006	-1460595.1611443188	20213991.379318066	0.11663261699580973	-4423.655583741903	-319.89506810686044	0.005811730188130752
827790161.383775	-1179559.6104339296	121799.73150163698	6971385.686002115	-7396.336639774168	-20.57487285795971	-1252.4510503271852	-3000811.9099706546	112292.83140345235	6406482.344740795	-6792.332260384202	-54.203851012827215	-3179.490773153171	-2201854.581049077	-2042349.8075091983	6406533.236779092	-4764.475185220037	-4840.848680049204	-3179.6518159044863	-1277557.2751985772	6951016.550581422	-151.37361092585928	-7390.242932925009	-1367.4971992169162	-0.022031700498961235	-1211678.9791475923	4003830.09081443	5700025.631394152	-7394.377909180783	-709.7470015360014	-1077.862067665628	-1725880.9648294062	20193055.70818807	0.46994781693940646	-4419.077489188758	-377.9506322834589	0.005965447858156145
827790221.383775	-1620660.7194747818	120320.29661297734	6882183.231230322	-7302.085240938782	-28.723123035314007	-1719.97609004049	-3402025.2949203583	108816.34684936858	6202885.786653183	-6576.939798999751	-61.64035811335265	-3604.7956101954505	-2483090.3388160598	-2328486.3277853164	6202928.321142484	-4606.891010224853	-4693.821793437277	-3604.9134373507254	-1718071.6526639457	6854879.18033333	-152.33055039603283	-7288.585886762792	-1836.0128758161577	-0.010019339274641787	-1652590.6800153563	3953172.4788324633	5623833.374395039	-7297.718520024059	-978.2797152918121	-1461.033956316735	-1990869.22171555	20168638.604012363	0.8324863240854943	-4413.73749901878	-435.94116890494877	0.006119163716458515
827790281.383775	-2055219.675892536	118355.25625859303	6765125.867862787	-7178.335546377274	-36.75643192702625	-2180.637418257263	-3789512.252269198	104900.92598827324	5974195.925538107	-6334.934791465958	-68.83008239169324	-4015.6522206522914	-2754308.5941742086	-2605228.5637036636	5974232.609326799	-4430.667782151827	-4527.808401666134	-4015.7302048217057	-2151593.532623441	6730842.384241572	-152.59744204938698	-7157.236579300519	-2297.161785553795	0.0009457636683378318	-2086813.731082756	3886514.579853982	5524818.53740282	-7171.495581729379	-1242.91077199613	-1838.3584708145104	-2255514.244922981	20140744.268463716	1.2042462193728471	-4407.636530356868	-493.8566793188994	0.006272817382026243
827790341.383775	-2481480.4564350243	115912.454781157	6620681.073293584	-7025.569123314219	-44.643270253842964	-2632.5846175582033	-4161704.128396512	100562.25758821535	5721329.866493814	-6067.271534139186	-75.74387108966924	-4410.396520350035	-3014411.434999239	-2871456.539437939	5721362.933196654	-4236.498867253773	-4343.461479079464	-4410.440095678943	-2576356.4342450765	6579404.810464761	-152.23646131823898	-6996.716904487715	-2749.061264139035	0.010943175632878027	-2512588.575153207	3804122.5977726923	5403377.876781184	-7016.203803433132	-1502.5726448294452	-2208.309159716454	-2519770.4065369037	20109377.50275742	1.5852219546655624	-4400.775631549412	-551.6871777146198	0.006426348270406965
827790401.383775	-2897719.347976621	113001.61986465775	6449426.446222817	-6844.381206718783	-52.352331710686535	-3073.9982149920866	-4517092.674289986	95817.73944523392	5445302.768280235	-5775.008732122063	-82.35385433171285	-4787.425142033155	-3262344.7570494507	-3126091.693009747	5445334.098524266	-4025.150876650061	-4141.508247287657	-4787.440487418653	-2990628.783732297	6401177.023427464	-151.29967755873326	-6807.668224208676	-3189.86462307232	0.020167467118740713	-2928188.8555460954	3706326.280284954	5259998.959789565	-6832.455196405849	-1756.2154712092597	-2569.3865032945705	-2783592.1454755506	20074543.706829082	1.975404341212278	-4393.155981986035	-609.4226928455387	0.006579695615914116
827790461.383775	-3302251.7564159445	109634.35608933253	6252047.688413693	-6635.480540397575	-59.85238587329303	-3503.095457425041	-4854236.224960284	90686.407533202	5147224.0022063255	-5459.306540439901	-88.6333218469685	-5145.202292041474	-3497102.5979831936	-3368101.27573785	5147255.110775026	-3797.46151337391	-3922.7482255308078	-5145.195172048632	-3392721.025186085	6196879.1234295	-149.8287629833153	-6590.849381691248	-3617.768659944471	0.02877612483029518	-3331928.4274749365	3593517.69878633	5095258.331812176	-6620.977471143478	-2002.8125909074754	-2920.1252580563582	-3046933.9753468637	20036248.87840919	2.3747805394408514	-4384.778891898731	-667.053269749141	0.006732798493933564
827790521.383775	-3693438.997691982	105824.13085391042	6029336.163853384	-6399.688375317051	-67.11266213148691	-3918.1384099053603	-5171765.655847903	85188.86154157456	4828292.875885985	-5121.421943761448	-94.55686255089383	-5482.266965476467	-3717731.3221381465	-3596502.6216095365	4828324.982156335	-3554.3367767729724	-3688.0509140270924	-5482.241291158715	-3780992.590044077	5967337.901554904	-147.85390401533533	-6347.13391537972	-4031.0215406040993	0.03702300882147687	-3722168.1700548846	3466149.7213759194	4909819.283201929	-6382.609889973176	-2241.364606498799	-3259.0999771160914	-3309750.4922924456	19994499.611994505	2.783334050094131	-4375.6458021384005	-724.5689714641622	0.006885595843318235
827790581.383775	-4069694.971737006	101586.22645520902	5782185.96471157	-6137.935670488069	-74.1035485544435	-4317.441991668931	-5468390.03767692	79347.18747519012	4489793.967922642	-4762.703682921196	-100.10035009743224	-5797.238696930953	-3923333.619807937	-3810367.2679082896	4489828.121768012	-3296.7476191897194	-3438.3530484010507	-5797.196296348544	-4153858.670730085	5713483.519895921	-145.38670837951818	-6077.506231755069	-4427.930610631651	0.045215031845069045	-4097322.6035106396	3324734.2779763485	4704429.300568784	-6118.3007177974905	-2470.90284350855	-3584.930535292073	-3571996.3828174267	19949303.097716577	3.2010447067117633	-4365.758283928854	-781.959880744744	0.007038026488859201
827790641.383775	-4429492.633791929	96937.65976832456	5511590.531858656	-5851.259427754559	-80.79678586412479	-4699.380685375162	-5742902.003938611	73184.87764588832	4133092.1304186317	-4384.587642600835	-105.24106066168116	-6088.823130690404	-4113072.2959252633	-4008824.8796342495	4133129.31212058	-3025.726235647411	-3174.6547759043465	-6088.764678147908	-4509796.736608506	5436345.764165853	-142.4294869131559	-5783.057203210289	-4806.868704101416	0.05333753714082367	-4455866.328768568	3169840.401976329	4479917.182211094	-5829.103819007549	-2690.4931314242226	-3896.2875292227873	-3833626.4316048957	19900667.120107464	3.6278886694622376	-4355.118038598295	-839.2161017712552	0.007190029163820565
827790701.383775	-4771370.266646906	91897.1102967076	5218638.887690768	-5540.799689266687	-87.16522516194888	-5062.3951824066935	-5994182.827624508	66726.7423394658	3759627.1508942097	-3988.5916921698504	-109.9578007769724	-6355.817674186204	-4286173.818076991	-4191066.926174511	3759668.308147141	-2742.3617961963546	-2898.0153974504046	-6355.7437627237	-4847352.821294938	5137049.92318756	-138.98934953798516	-5464.980780985302	-5166.280831976371	0.06130547292465726	-4796340.262034119	3002092.0491936086	4237189.838469192	-5516.175245589853	-2899.239534377664	-4191.897490882027	-4094595.529313548	19848600.056762923	4.063838420328645	-4343.726897288351	-896.3277618574812	0.007341542532526286
827790761.383775	-5093937.546182648	86484.84734329155	4904511.438326187	-5207.795334373102	-93.18304438278135	-5404.99984406703	-6221207.180449215	59998.81535772529	3370908.088286275	-3576.310376408749	-114.23099152447077	-6597.11676549633	-4441931.604702522	-4356350.103827741	3370954.1100577554	-2447.796103853933	-2609.549129834444	-6597.0288507577125	-5165147.562409012	4816812.2299868725	-135.07629797604505	-5124.568822067347	-5504.691586557725	0.06910205056546952	-5117357.656658194	2822165.687018503	3977228.780158119	-5180.76953211878	-3096.288255364667	-4470.548095744121	-4354858.6803572	19793110.876903288	4.508862759650892	-4331.586820640683	-953.2850131538875	0.007492505212986486
827790821.383775	-5395881.31361515	80722.64979943389	4570475.3595897965	-4853.578821997331	-98.82573826968775	-5725.7889056963595	-6423047.568798106	53028.255087651276	2968507.284403813	-3149.409271137609	-118.04275997349	-6811.7174812629555	-4579709.056276233	-4503999.505956968	2968558.9454620862	-2143.219422722372	-2310.4209965229134	-6811.617849825018	-5461881.903058843	4476934.910057146	-130.69995635939958	-4763.205438658527	-5820.7108770475015	0.07675896522811057	-5417609.887364648	2630787.649689652	3701086.285441254	-4824.235384012454	-3280.831499097085	-4731.093703056682	-4614371.010664832	19734209.13983228	4.962926804026376	-4318.6998984612355	-1010.078034346662	0.007642855799551235
827790881.383775	-5675971.046423964	74633.72664878392	4217879.639805135	-4479.5714509673335	-104.07016508633033	-6023.442004035285	-6598878.400590434	45843.23184234489	2554054.0424949923	-2709.6183855685913	-121.37732087603183	-6998.724866206248	-4698942.340282943	-4633411.54687849	2554111.9624513783	-1829.8662843259533	-2001.8425415023894	-6998.616397575782	-5736342.468328814	4118800.8935981253	-125.86620238613682	-4382.361655296826	-6113.03959945528	0.08436477688720889	-5695871.941971201	2428731.265299102	3409881.2331111105	-4448.010218206099	-3452.111182085213	-4972.460738804714	-4873087.775419811	19671904.993294004	5.4259919855704	-4305.068349362185	-1066.697032352242	0.007792532885579265
827790941.383775	-5933064.040142607	68242.63065140565	3848149.7817866923	-4087.2782897139928	-108.89469329935612	-6296.7299551495325	-6747979.643032438	38472.79386528519	2129228.0008313544	-2258.7251143246026	-124.22118195515841	-7157.356842526417	-4799142.895105643	-4744056.600805339	2129292.6103570187	-1509.010229369367	-1685.066669068004	-7157.242884922814	-5987406.605356514	3743868.184761472	-120.57612958229507	-3983.589474270797	-6380.475293152099	0.09197067149963693	-5951007.569406214	2216813.774477148	3104794.643336977	-4053.6143931765014	-3609.4221223400027	-5193.652104637357	-5130964.366776972	19606209.17172841	5.898016052536852	-4290.694520381633	-1123.1322440070333	0.007941475086109361
827791001.383775	-6166110.271299228	61575.16504970821	3462782.1694494616	-3678.282744838064	-113.27928122471693	-6544.520123295972	-6869740.031182327	30946.737327548442	1695752.220801897	-1798.5662175570765	-126.56282538763948	-7286.948712002815	-4879899.597466905	-4835481.328196527	1695823.7547012917	-1181.9580668072322	-1361.382506908068	-7286.832291204431	-6214047.051847222	3353663.907366503	-114.82956562128713	-3568.5154961338712	-6621.917246434082	0.09958839845630948	-6181974.090794511	1995893.0718495501	2787064.9599325145	-3642.645704980919	-3752.114834739302	-5393.751520749154	-5387956.321556208	19537132.99442554	6.378953071298951	-4275.580886581131	-1179.3739377520276	0.008089621060522512
827791061.383775	-6374156.93372167	54658.28630278291	3063338.1101292963	-3254.2409722728944	-117.2055596993492	-6765.781980305558	-6963659.764690376	23295.49935694036	1255386.0459945991	-1331.0190146797604	-128.39241427845164	-7386.9560859586545	-4940880.594286727	-4907310.692921512	1255464.5802758771	-850.0444138011933	-1032.1101069742595	-7386.839534006493	-6415336.211988793	2949778.0567069356	-108.62384037316146	-3138.8341809684234	-6836.371183886242	0.10728633009832762	-6387826.876084527	1766864.2759587187	2457983.064676989	-3216.7736200997433	-3879.598551873803	-5571.928111864604	-5644019.328911246	19464688.36357884	6.868753429689114	-4259.730050621081	-1235.4124153120285	0.00823690953518185
827791121.383775	-6556352.611548361	47519.99437942193	2651437.5432405034	-2816.875383891859	-120.65719030410406	-6959.592494646418	-7029352.706650257	15550.048340306565	809917.8306190624	-857.9937945686119	-129.70214937646975	-7456.956698575493	-4981834.801865319	-4959249.645447901	810003.3020824412	-514.6259684902294	-698.5946582199741	-7456.842469905706	-6590450.020106375	2533856.9878875082	-101.95350549943565	-2696.3009138312573	-7022.953385637304	0.11506580097842302	-6567723.445342714	1530656.1060757912	2118887.015013075	-2777.732419499678	-3991.3445471366704	-5727.440940584849	-5899109.237972292	19388887.76223791	7.36736384169628	-4243.144742314097	-1291.2380133691931	0.008383279326038934
827791181.383775	-6711951.052428038	40189.20035453374	2228752.4395494973	-2367.9678172905747	-123.6201463023027	-7125.141160482997	-7066548.144363135	7741.752697334842	361157.5360337861	-381.4264065944038	-130.48650278897642	-7496.653033933444	-5002593.048179843	-4991084.453813339	361249.7158380572	-177.07539006702598	-362.2005531986427	-7496.544206217148	-6738671.382940752	2107596.664438506	-94.8155789801555	-2242.7248132656423	-7180.894568955708	0.12286712533579057	-6720927.122010932	1288227.0729805282	1771156.5307655097	-2327.3132545037547	-4086.8888840891304	-5859.642714852361	-6153182.065461217	19309744.252160985	7.874727353518262	-4225.827818156406	-1346.8411052306012	0.00852866936119351
827791241.383775	-6840314.503897042	32695.59211544438	1796999.900510508	-1909.3516532893523	-126.08248661109116	-7261.734878530936	-7075092.070836871	-97.75463289194795	-89070.82941034721	96.7303046429659	-130.74216190054855	-7505.874687216097	-5003068.844944942	-5002683.673739035	-88972.36631791649	161.22487177138834	-24.305311814633228	-7505.77461201717	-6859393.175749838	1672735.6889936945	-87.2090798410405	-1779.9610884343979	-7309.543202307598	0.13068658764219399	-6846810.206583571	1040561.5265182656	1416207.292015513	-1867.356262092319	-4165.834523451565	-5967.982450093376	-6406194.003277966	19227271.471567582	8.390783350966013	-4207.782260837352	-1402.212102489562	0.00867301870339506
827791301.383775	-6940916.532533858	25069.5224529896	1357934.9993239334	-1442.902626870014	-128.03397012100143	-7368.801370490928	-7054947.930937951	-7936.704308529836	-538936.8823864518	574.5156705198178	-130.46787689148042	-7484.579700145628	-4983258.792908367	-4993998.753956002	-538832.7514276962	498.8886538516917	313.70651826452496	-7484.49123057877	-6952120.776460827	1231048.1566608737	-79.13290246315867	-1309.903350738103	-7408.3681377586445	0.1385163482791127	-6944856.686022457	788665.5861113752	1055485.0899459394	-1399.7428956000604	-4227.853117460133	-6052.007805481554	-6658101.426056882	19141483.632791646	8.915467568215924	-4189.011178727109	-1457.3414566803717	0.008816266572473901
827791361.383775	-7013344.31472591	17341.90208497346	913343.483583766	-970.5308318234465	-129.46631702256792	-7445.8907315156175	-7006196.810106855	-15743.314425371063	-986611.5857664078	1049.970577768644	-129.66450630363772	-7432.8548574603965	-4943242.620247458	-4965064.271041947	-986502.5369499823	834.5322188931564	650.4495849589705	-7432.7795107825295	-7016474.140870186	784336.3612034464	-70.58876665926023	-834.4759487618946	-7476.960933743716	0.14625671565379347	-7014664.478412584	533562.9758879051	690459.8434587484	-926.3881017929743	-4272.686395867807	-6111.367193586488	-6908860.8986916505	19052395.51983562	9.448712097905572	-4169.517805342666	-1512.219660926234	0.008958352367689833
827791421.383775	-7057300.487608158	9544.071186485771	465034.3635738771	-494.1735742450797	-130.37350709494442	-7492.677922226229	-6929037.061635784	-23485.922398880226	-1430274.9521567598	1521.1466960780863	-128.3351897501912	-7350.914799139597	-4883182.854949519	-4915997.793584364	-1430161.7762807878	1166.7803259500847	984.5438579533845	-7350.852426715294	-7052189.408684875	334423.37256846274	-61.588823397780146	-355.625990846411	-7515.037753582912	0.15365724435873904	-7055947.206421603	276290.78326708474	322619.49533924524	-449.23239455741566	-4300.147390820406	-6145.81171599461	-7158429.183827543	18960022.48582585	9.990445402567627	-4149.305498792194	-1566.8372515800584	0.00909921568998643
827791481.383775	-7072604.53490296	1707.6636511581828	14832.339134912414	-15.786939741120307	-130.75175169483362	-7508.965352849054	-6823783.399454846	-31133.124048868835	-1868123.666668987	1986.1150263813909	-126.48539876104898	-7239.100307963614	-4803324.132144279	-4846999.379783237	-1868007.104629692	1494.2723211343061	1314.6207299400407	-7239.049524979056	-7059120.027840513	-116854.48232112743	-52.163118871134444	124.68472625262734	-7522.44073717197	0.1604029190550954	-7068535.479850935	17895.14571097071	-46536.20033230953	29.76663276969265	-4310.121556984302	-6155.19677376	-7406763.24931968	18864380.450369764	10.540592327395878	-4128.377741197877	-1621.1848098578537	0.009238796364139474
827791541.383775	-7059193.6379389195	-6135.522536713025	-435429.8997837902	462.6634785473728	-130.59934796391164	-7494.684432356686	-6690865.502499673	-38653.91112118087	-2298378.5971483826	2442.973677662254	-124.12282529335795	-7097.876425900724	-4703992.137646067	-4758350.708501325	-2298259.290890189	1815.668174958679	1639.3291490594281	-7097.835414018784	-7037237.383865014	-567655.2077330283	-42.35767172490454	604.4881695975546	-7499.138844055083	0.16629377664933007	-7052377.654016788	-240573.11658147656	-415501.9656290229	508.64319816379094	-4302.56740496707	-6139.482910387222	-7653820.275656023	18765485.896815266	11.099074114336704	-4106.738138097314	-1675.2529634644302	0.009377034460787184
827791601.383775	-7017122.9622659	-13953.649093849595	-883919.4299430796	939.2120404181742	-129.91668016283683	-7449.895949920875	-6530826.146498407	-46017.800090882265	-2719292.203310465	2889.856124703917	-121.2572878071254	-6927.830809334785	-4585592.188727702	-4650413.840158758	-2719170.6791473636	2129.65454104599	1957.3418047736131	-6927.797543928763	-6986630.921305476	-1016138.7511893194	-32.22680873462325	1081.8184399176776	-7445.227849406515	0.17123703610120633	-7007540.058139939	-498062.8903385262	-782773.3156534438	985.4320759446573	-4277.516660239113	-6098.7360189774945	-7899557.663343807	18663355.86941285	11.665808417498527	-4084.3904178235885	-1729.0323882111313	0.009513870318331582
827791661.383775	-6946565.379149444	-21714.968436663792	-1328810.8416903755	1411.9023752290186	-128.70641592448882	-7374.789362805983	-6344318.818018017	-53194.96474606486	-3129155.808169588	3324.93988656103	-117.90087134674904	-6729.670615682216	-4448607.454760622	-4523629.610600364	-3129032.4690610175	2434.95064223553	2267.361130891096	-6729.643057085552	-6907507.76994309	-1460474.6014926115	-21.830016345226557	1554.719961217154	-7360.929912060923	0.1751403541645894	-6934206.697293219	-753527.1605337986	-1146852.8737085927	1458.1774511608362	-4235.074159307532	-6033.127024950634	-8143933.040258139	18558007.970380872	12.240709319871188	-4061.338430864114	-1782.513809625314	0.009649244564698936
827791721.383775	-6847810.6436083205	-29387.964173229062	-1768293.914215185	1878.7961256159529	-126.97359572552399	-7269.681190585846	-6132104.838282756	-60156.365348426145	-3526306.6524685486	3746.4541874300703	-114.06764761944883	-6504.218622924052	-4293596.837215714	-4378515.676556912	-3526181.785609438	2730.3137408585762	2568.124896138395	-6504.1949997527	-6800191.878887858	-1898849.3468706065	-11.232926414230562	2021.2557026572558	-7246.592650407707	0.17789699283718044	-6832678.421442731	-1005927.3834850225	-1506256.642733094	1924.9417456355177	-4175.4173032847175	-5942.930740514381	-8386904.268951499	18449460.356874526	12.823687351346447	-4037.586149198362	-1835.6880045512983	0.009783098138948195
827791781.383775	-6721264.070520593	-36941.49142603183	-2200581.1799397226	2337.9809449118634	-124.72552322616485	-7135.013050185953	-5895050.042417144	-66873.8609490829	-3909134.7109102756	4152.687175609745	-109.77350962173271	-6252.409152401194	-4121192.5274598366	-4215664.23521905	-3909008.5104138763	3014.5444464630573	2858.4115117205265	-6252.388109851653	-6665122.658159918	-2329474.1600163486	-0.5069973387072633	2479.5153497128035	-7102.687631434609	0.17942530531130813	-6703371.579001116	-1254237.8111633991	-1859520.1889490613	2383.813920133538	-4098.795026547593	-5828.524156232491	-8628429.453922864	18337731.737859007	13.414649508030143	-4013.1376656145912	-1888.5458027425072	0.009915372312716542
827791841.383775	-6567444.735212132	-44344.90621295134	-2623915.3786621643	2787.5785980290048	-121.97159915242374	-6971.349900166602	-5634121.034939406	-73320.3211461545	-4276089.257114792	4541.992884787322	-105.03626376457586	-5975.2837538992135	-3932097.256158108	-4035739.436580336	-4275961.837974417	3286.4915962837736	3137.044907343526	-5975.263917806626	-6502853.133491379	-2750592.175466207	10.272871193898478	2927.6233462470454	-6929.80827987813	0.1796931835206845	-6546816.188616344	-1497449.749222106	-2205204.718196543	2832.9173236846345	-4005.5266377146136	-5690.384657160245	-8868466.94884522	18222841.370887432	14.013499272835944	-3987.9971930056904	-1941.0780884445248	0.010046008711491002
827791901.383775	-6386983.165671059	-51568.19621380197	-3036576.7818008163	3225.753633401756	-118.72349172074328	-6779.377253631425	-5350381.0307810595	-79469.74234794748	-4625685.152086227	4912.798005409183	-99.87565433537813	-5673.986253926062	-3727081.2665471775	-3839474.515706877	-4625556.5353231365	3545.0566561437918	3402.8990701129014	-5673.965806236099	-6314047.627037233	-3160485.7232448985	21.03095156340201	3363.74662938875	-6728.667211559276	0.1787007755691501	-6363653.631072596	-1734575.7348487757	-2541903.0461836015	3270.4179438995466	-3896.000220285815	-5529.088101643946	-9106975.363750197	18104809.058784056	14.620136637349875	-3962.169063644255	-1993.2758019687922	0.010174949335695037
827791961.383775	-6180618.532010889	-58582.11329587288	-3436890.313417017	3650.7213719917436	-114.99494789044407	-6559.897340651329	-5044985.307123832	-85297.35977001747	-4956508.82393493	5263.60815209769	-94.31318296060024	-5349.757491401225	-3506979.0283863703	-3627668.655518408	-4956378.89701056	3789.1979567660696	3654.902455964906	-5349.733722170115	-6099478.982072139	-3557483.3919146582	31.692266464276678	3786.1021425176014	-6500.0932340519275	0.17647541521049967	-6154633.845927341	-1964653.6007235555	-2868245.416727466	3694.532395220366	-3770.6705220525037	-5345.3056550602505	-9343913.572168577	17983655.14623334	15.234458124954275	-3935.657728437024	-2045.1299412566734	0.010302136581580471
827792021.383775	-5949195.376756052	-65358.290023003676	-3823232.4274829896	4060.7552488923175	-110.80156806310013	-6313.824871621659	-4719176.281663439	-90779.74432420201	-5267223.915306069	5593.013969491664	-88.3718361779425	-5003.929384311094	-3272685.7069535614	-3401183.5963148624	-5267092.371319407	4017.9346199182896	3892.042006901008	-5003.898569707858	-5860025.336690579	-3939966.8990848814	42.18465302854741	4192.964356505218	-6245.027864820416	0.17308602389913796	-5920612.079209353	-2186750.413110109	-3182905.1193439215	4103.535032949203	-3630.0568962007587	-5139.800475447473	-9579240.718225477	17859400.516275488	15.856356815199117	-3908.4677561588064	-2096.6315634336183	0.01042751326191337
827792081.383775	-5693659.920951723	-71869.35138626123	-4194037.7267835783	4454.193691636197	-106.16084424221731	-6042.182689616272	-4374278.251865954	-95894.88668810716	-5556576.556329215	5899.696292775933	-82.0759353107128	-4637.918538376895	-3025153.401769825	-3160940.011635073	-5556442.845813054	4230.350327902569	4113.366961945298	-4637.876414241751	-5596666.453413013	-4306377.731470675	52.44203818539358	4582.672477007305	-5964.521154756175	0.16867229751850701	-5662545.203437253	-2399966.279998947	-3484603.9090840365	4495.765138211496	-3474.740940108421	-4913.424301428909	-9812916.223688928	17732066.58670903	16.48572236940809	-3880.6038326660214	-2147.771786353151	0.010551022626444542
827792141.383775	-5415055.958505392	-78089.02971528572	-4547805.310027434	4829.446939723652	-101.0921910500709	-5746.0969532018535	-4011691.843608892	-100622.27497076918	-5823400.253662997	6182.430705017669	-75.45106352700618	-4253.219831693762	-2765387.167222981	-2907913.6618735758	-5823263.570793807	4425.596768067788	4317.9924141553865	-4253.162219125717	-5310479.630899212	-4655223.521061322	62.40893951339928	4953.637184958894	-5659.727101292098	0.16344016406856338	-5381487.614406693	-2603438.0020369063	-3772117.203329284	4869.633731532008	-3305.3636496325016	-4667.113433182123	-10044899.794970682	17601675.306401078	17.122441057506173	-3852.0707600899977	-2198.5417901304186	0.010672608382154326
827792201.383775	-5114520.355851715	-83992.27701046852	-4883104.813559289	5185.003383997091	-95.6168078273485	-5426.791860531098	-3632888.205308299	-104942.96755485208	-6066620.399113904	6440.091540270507	-68.52395098679762	-3851.40020995072	-2494440.8394356477	-2643131.343467335	-6066479.702240579	4602.896699179854	4505.102630983675	-3851.323455866318	-5002635.223036708	-4985084.135576116	72.04311909110656	5304.346979308918	-5331.898724621286	0.15762153007450183	-5078586.738995602	-2796342.546723595	-4044279.02649384	5223.629747983654	-3122.62242420815	-4401.884411965177	-10275151.430077996	17468249.151505884	17.7663957860549	-3822.87345601016	-2248.9328186650323	0.010792214713262208
827792261.383775	-4793278.174301566	-89555.36385041845	-5198582.1230587475	5519.4357829741975	-89.75740975892724	-5085.583797817858	-3239402.9605477224	-108839.6575672732	-6285258.406397625	6671.655956971917	-61.32236436123108	-3434.0923444803407	-2213412.6834834507	-2367666.6385431765	-6285112.446049561	4761.546814124131	4673.95429078063	-3433.9930631347147	-4674391.788889265	-5294617.467742551	81.31662485343239	5633.37418642398	-4982.38297485803	0.15145777125607357	-4755078.18271973	-2977900.3418764304	-4299986.693058897	5556.32595318486	-2927.2680124597987	-4118.829601891035	-10503631.425515214	17331811.121592365	18.417466127480903	-3793.0169526072527	-2298.936181152938	0.010909786300991778
827792321.383775	-4452637.444280704	-94755.96493725419	-5492964.710635573	5831.406548183039	-83.53806897087973	-4723.874853127217	-2832829.9243436856	-112296.73874025271	-6478435.449386747	6876.207663591597	-53.8752455166304	-3002.9877239015186	-1923440.8932514219	-2082635.499725142	-6478282.76246258	4900.91973774149	4823.878659063073	-3002.862103182634	-4327090.882923786	-5582564.91017903	90.21577167491475	5939.380946449482	-4612.615264690349	0.14517657141246365	-4412280.524247695	-3147378.377150303	-4538205.211942554	5866.384716360364	-2720.101137042137	-3819.112232747422	-10730300.38313395	17192384.735681254	19.075528350482774	-3762.5063957967395	-2348.5432535870527	0.011025268343081722
827792381.383775	-4093983.645411288	-99573.23837419854	-5765066.583572845	6119.672340991121	-76.98415182928005	-4343.146365602165	-2414814.6099070553	-115300.37594199533	-6645375.773834945	7052.940146738694	-46.21264518187941	-2559.829317232959	-1625698.9840205763	-1789191.7204609802	-6645214.654053181	5020.465766838129	4954.283431326105	-2559.6731397767203	-3962151.4944018805	-5847756.483456462	98.73863536800062	6221.124859925737	-4224.113392372496	0.13893132740281136	-4051589.7857477786	-3304093.0949868117	-4757971.375179851	6152.562969233102	-2501.9688974388678	-3503.9609340017255	-10955119.216930678	17049994.028192535	19.740455451600766	-3731.3470443425363	-2397.7454802464076	0.011138606573034195
827792441.383775	-3718773.9295686516	-103987.90055666602	-6013792.848411718	6383.0880768624465	-70.12220138960856	-3944.952613119932	-1987047.5713000323	-117838.56185190388	-6785409.555992589	7201.1588033910375	-38.36538985688087	-2106.403924543271	-1321391.083378371	-1488522.2950163519	-6785238.049386216	5119.714370900958	5064.654460437463	-2106.2133488096497	-3581064.1634414913	-6089115.584841143	106.88900770621218	6477.464095507271	-3818.471001041621	0.13275387897625196	-3674473.630342585	-3447413.0643723514	-4958397.520889563	6413.716419467553	-2273.761144242313	-3174.664418681009	-11178049.159790568	16904663.5448039	20.412117187933276	-3699.5442689512192	-2446.534375173537	0.011249747279091539
827792501.383775	-3328531.106366358	-107982.290821665	-6238143.90027395	6620.610905350026	-62.97976521741902	-3530.914506462519	-1551257.6562868846	-119901.15633645254	-6897975.315520868	7320.281866112854	-30.36486048798038	-1644.5351398960554	-1011747.1508628437	-1181842.6860873417	-6897791.288723309	5198.2752734669475	5154.557232197226	-1644.3082860620389	-3185384.808393671	-6305663.336800146	114.66855633881048	6707.361934431298	-3397.350808854372	0.1265453339596607	-3282465.3151228707	-3576761.4379088106	-5138674.9840697255	6648.803564425569	-2036.4068737731848	-2832.5663300162973	-11399051.770176379	16756418.338220924	21.090380110983595	-3667.1035513468723	-2494.90152363986	0.011358637322933348
827792561.383775	-2924837.395725384	-111540.4341595147	-6437219.218594511	6831.303914993201	-55.58551668108507	-3102.7127894134137	-1109205.2120819204	-121479.91380641038	-6982621.953830075	7409.841487544049	-22.24280808379766	-1176.0779029604555	-698018.1042439864	-870391.9902042032	-6982423.233880494	5255.840459020742	5223.638758789221	-1175.8151568599944	-2776728.2926170127	-6496522.521750556	122.06994305058423	6909.890906687589	-2962.477556668624	0.12010823849365339	-2877157.4037100384	-3691618.1882155268	-5298077.230830769	6856.88965642941	-1790.8704180380848	-2479.059773725999	-11618088.938761283	16605283.963859672	21.775107601619855	-3634.0304833267314	-2542.838583598799	0.011465224158085329
827792621.383775	-2509327.969452913	-114648.1117899493	-6610220.744716592	7014.339462501645	-47.96929401039804	-2662.0808611304665	-662675.1682562191	-122568.50461019462	-7039010.454876015	7469.486465008163	-14.031359724253972	-702.912044507633	-381470.84593932814	-555428.0057055044	-7038794.92677473	5292.185155061795	5271.628714510024	-702.6148010643815	-2356761.7607664447	-6660921.084376859	129.0715437220125	7084.236306583949	-2515.630698435677	0.11316910126799147	-2460195.254576618	-3791522.102588176	-5435962.649702136	7037.150096647817	-1538.1472124886511	-2115.5813858956794	-11835122.895004438	16451286.475442491	22.466159906130706	-3600.3307657977834	-2590.3372871263796	0.011569455848032605
827792681.383775	-2083684.316447602	-117292.92240802132	-6756455.810544216	7169.001565938613	-40.1617825371778	-2210.7970646787626	-213470.00597696193	-123162.5391333441	-7066915.142917423	7498.982951780187	-5.763043153587592	-226.93466892482797	-63383.26572009985	-238222.26923839038	-7066680.788498608	5307.167933755742	5298.339453901152	-226.60461134784077	-1927197.7787132873	-6798195.195494128	135.6337988108282	7229.699299108437	-2058.6370584380875	0.10540794081140482	-2033270.3347596508	-3876072.5216760733	-5551776.984094869	7188.872895724297	-1279.2596027236918	-1743.6053934831912	-12050116.21366821	16294452.420507766	23.163394173358697	-3566.0102077944907	-2637.3894418490686	0.011671281084029228
827792741.383775	-1649627.5056809832	-119464.32456979233	-6875339.61200151	7294.686960097872	-32.194264571193216	-1750.6774029728115	236597.3073747895	-123259.5871265433	-7066224.536504928	7498.215577023342	2.5293855981883393	249.94607289488886	254960.77493653935	79944.91144565138	-7065969.421403841	5300.7312489363285	5303.666421633904	250.30794667168743	-1489787.2991959995	-6907791.861916138	141.69714682592644	7345.699491271537	-1593.3630396055535	0.09647896691000246	-1598113.3980248177	-3944930.8371467358	-5645055.415032287	7311.460845010479	-1015.2529542676031	-1364.6378502819618	-12263031.821275875	16134808.835834375	23.86666449289296	-3531.0747254778107	-2683.986932358595	0.011770649202597364
827792801.383775	-1208911.4071388277	-121153.66718485356	-6966397.286682483	7390.905790626099	-24.09843858630555	-1283.5697576304115	685710.4579620019	-122859.1910600893	-7036941.763181759	7467.187965471461	10.812878545612634	725.8193484295642	572276.4725939878	397789.46600045013	-7036663.98719984	5272.901045057587	5287.58868278337	726.2128510167424	-1046312.5063155468	-6989271.073008366	147.181689108048	7431.776433902589	-1121.7071916375176	0.08608584210971297	-1156487.5375651405	-3997821.750853976	-5715424.29221657	7404.433429963246	-747.1915373546228	-980.2106505022948	-12473833.002508719	15972383.242781658	24.575821934302336	-3495.530341115677	-2730.1217216135133	0.011867510202708603
827792861.383775	-763315.8185776488	-122354.21086360776	-7029265.663024076	7457.284096322241	-15.90633505547516	-811.3480660914867	1132056.8927478944	-121962.88994605961	-6979184.519211562	7406.021886679452	19.05395938308383	1198.778010693189	887283.0630708336	714028.5583262537	-6978882.184865928	5223.786108986571	5250.168307196807	1199.2030079028555	-598579.5713574204	-7042307.537745879	151.9962403225531	7487.591478324841	-645.5938491289994	0.07411381943232041	-710181.1453098226	-4034534.28399291	-5762602.505588094	7467.428040027036	-476.15439220797094	-591.8756182340439	-12682483.406541413	15807203.642545708	25.290714587389704	-3459.383182045125	-2775.7858523272644	0.01196181476264116
827792921.383775	-314639.46139802365	-123061.1496155876	-7063694.590260389	7493.565044792927	-7.6503708120123335	-335.90456774992015	1573834.9176713647	-120574.23472952821	-6893184.652768889	7314.95745840782	27.219131389600996	1666.925356218082	1198708.8267552417	1027385.5856849896	-6892855.907929886	5153.579338720392	5191.551207036619	1667.3803378569312	-148411.25275502377	-7066692.001763739	156.03687233893953	7512.930714935668	-166.96498745365943	0.060244985550677116	-261000.80876272684	-4054922.544126337	-5786402.510667742	7500.200912305237	-203.23135695051258	-201.19884068618126	-12888947.053314568	15639298.511332765	26.01118760344782	-3422.639479616238	-2820.9714483424905	0.012053514256505941
827792981.383775	135307.05648260744	-123271.63137349334	-7069547.847835553	7499.609542174563	0.6367750642421797	140.85637966424054	2009260.7723156402	-118698.77294559868	-6779287.3271274585	7194.352197668621	35.275405918706795	2128.381955267007	1505296.1450491052	1336595.232258349	-6778930.441796571	5062.557600562122	5111.967590110727	2128.8647005932967	302360.6223465608	-7062332.022718036	159.19067884238638	7507.705768538596	312.22909698365777	0.04466114234898723	189235.84394478984	-4058906.2527895425	-5786731.014966102	7502.6279164706075	70.48091740180172	190.24498491757163	-13093188.339743383	15468696.795450596	26.73708323749667	-3385.3055681180913	-2865.670715991369	0.012142560770436338
827793041.383775	584708.349897521	-122984.77058025775	-7046803.643049305	7475.397348943919	8.922193634254278	617.0262888967038	2436575.664612558	-116344.01163014429	-6637949.799466767	7044.680985661588	43.19044115706344	2581.2920167487127	1805806.4751650302	1640408.486197636	-6637563.143379059	4951.079565574234	5011.730395854757	2581.801502744104	751902.6867416922	-7029252.2100678105	161.37890424229514	7471.95356029036	790.0384106546701	0.028201287796037054	638707.3465526906	-4046471.0415375475	-5763589.318556878	7474.7053648682595	343.88271635303784	580.8785187060378	-13295172.04586132	15295427.90631866	27.468240891481965	-3347.387883686888	-2909.8759454417277	0.012228907118435101
827793101.383775	1031751.3542960429	-122201.66963535803	-6995554.63759116	7421.025995033389	17.172532056326272	1090.699452594418	2854052.8108549393	-113519.38121524775	-6469739.739467579	6866.535357879002	50.932470267455955	3023.832505324235	2099025.2226143093	1937597.5622993712	-6469321.748883018	4819.584850960427	4891.234233484229	3024.3670109849427	1198387.5171591812	-6967593.955937459	162.57087319860545	7405.835052137195	1264.5214441320334	0.011521949858710807	1085595.6347491168	-4017668.514019719	-5717073.282572928	7416.550332224265	615.8754393897673	969.1280927560692	-13494863.340897733	15119521.715397952	28.20449715841402	-3308.89296319647	-2953.579512028707	0.01231250685787349
827793161.383775	1474632.3961987626	-120925.4383517431	-6916007.596561768	7336.710963124312	25.3543134305519	1559.9793241854597	3260004.308700968	-110236.19752785306	-6275333.023421782	6660.619196692602	58.47044737906165	3454.2203951215542	2383766.595371578	2226960.801130435	-6274882.303612078	4668.593662311219	4750.955114371189	3454.7761807009038	1640001.0387308872	-6877614.709001768	162.76196467777297	7309.634087416959	1733.752378003427	-0.005134254884146983	1528093.2853508394	-3972616.0404184326	-5647372.9245213475	7328.400341146926	885.3662426446718	1353.4298923240658	-13692227.789288403	14941008.549041372	28.945685867426015	-3269.827443131394	-2996.7738775717366	0.012393314304637056
827793221.383775	1911564.249745605	-119161.1854350067	-6808482.626412933	7222.78483406364	33.43446530331234	2022.9854697028222	3652787.803892145	-106507.61472981873	-6055511.191703872	6427.746753345089	65.7741275649272	3870.7175601584067	2658878.366434097	2507327.4824462454	-6055026.587151836	4498.70414228394	4591.447863538773	3871.2905980920746	2074949.8673769427	-6759686.801117879	161.95931242607662	7183.756206778777	2195.8289446687745	-0.021561541134671756	1964410.7110291913	-3911496.275854268	-5554771.633061425	7210.612080849037	1151.2725053050708	1732.2363933106094	-13887231.35661795	14759919.183265539	29.691638129730293	-3230.1980584427697	-3039.451591676602	0.012471284547913549
827793281.383775	2340783.1411632188	-116915.98424401485	-6673412.025942858	7079.696852593575	41.380571355685305	2477.8596726987635	4030813.0771483653	-102348.57999735611	-5811158.5474840645	6168.841137636173	72.81399798138816	4271.638003897504	2923246.478473112	2777562.4886360248	-5810639.148813008	4310.590204297103	4413.344206786341	4272.223990467694	2501468.543547568	-6614295.800364429	160.18415626722557	7028.726263950599	2648.8800353964516	-0.03751048017259985	2392783.2505548922	-3834556.426729474	-5439645.0159055935	7063.659444848191	1412.5257805117044	2104.0220312377323	-14079840.415493064	14576284.838444924	30.44218238545109	-3190.0116413870605	-3081.6052930223714	0.012546373464618742
827793341.383775	2760555.7614472928	-114198.83536360673	-6511338.716941354	6908.012949521837	49.16080355232468	2922.774345213551	4392548.47177879	-97775.7847334849	-5543258.814446794	5884.930797292528	79.56147196329512	4655.354652947673	3175799.5405530944	3036570.8806821685	-5542703.988872441	4104.9998135186615	4217.351424536148	4655.948762901627	2917826.620608965	-6442038.436574747	157.47240128044334	6845.186159758736	3091.0725347590896	-0.052745213774410556	2811478.1550839543	-3742107.2817580295	-5302459.421632674	6888.132024338282	1668.0757918313438	2467.288637155999	-14270021.751345579	14390137.173929226	31.197144451311818	-3149.275120348039	-3123.227710632957	0.012618537733454928
827793401.383775	3169186.1617533844	-111020.62946752556	-6322914.140422473	6708.411787736147	56.74401665082114	3355.94072517322	4736527.1421239795	-92807.60288220146	-5252891.422214942	5577.147273165496	85.98907059557729	5020.305670834644	3415513.204543315	3283302.3717437773	-5252300.827430578	3882.7526838154677	4004.250222552388	5020.9029840267285	3322335.6214876464	-6243620.101976727	153.8723894153928	6633.892482347191	3520.618765015878	-0.06710356005112837	3218801.4721452594	-3634521.9983948874	-5143770.117938971	6684.732986791186	1916.8945211572977	2820.5713775447275	-14457742.568164343	14201508.282584922	31.95634756915477	-3107.995518642108	-3164.311665133099	0.012687734848599724
